Time,Speed,Device Battery,Car Battery,Ignition,Address
"08-Sep-2026 16:44:30","0.03","4.11","13.18","Off","12.842335,77.683155",
"08-Sep-2026 16:44:30","0.81","4.11","13.18","Off","12.842328,77.683127",
"08-Sep-2026 16:44:53","0.81","4.11","13.13","Off","12.842328,77.683127",
"08-Sep-2026 16:45:53","0.82","4.1","13.11","Off","12.842282,77.6831",
"08-Sep-2026 16:46:53","0.26","4.1","13.11","Off","12.842298,77.68313",
"08-Sep-2026 16:47:22","0.26","4.1","13.11","On","12.842298,77.68313",
"08-Sep-2026 16:47:23","0.34","4.1","13.09","On","12.842308,77.683141",
"08-Sep-2026 16:47:53","8.89","4.1","13.86","On","12.842283,77.683209",
"08-Sep-2026 16:48:23","1.34","4.1","13.69","Off","12.84228,77.683377",
"08-Sep-2026 16:48:53","2.7","4.1","13.26","Off","12.842256,77.683402",
"08-Sep-2026 16:49:23","0.94","4.1","13.18","Off","12.842191,77.683458",
"08-Sep-2026 16:49:53","2.05","4.1","13.16","Off","12.842144,77.683467",
"08-Sep-2026 16:50:23","2.66","4.1","13.11","Off","12.842106,77.68346",
"08-Sep-2026 16:50:27","2.66","4.1","13.09","Off","12.842106,77.68346",
"08-Sep-2026 16:51:23","0.73","4.1","13.11","Off","12.842093,77.683382",
"08-Sep-2026 16:51:53","1.2","4.1","13.11","Off","12.842149,77.68335",
"08-Sep-2026 16:52:53","1.86","4.1","13.09","Off","12.842106,77.683395",
"08-Sep-2026 16:53:53","1.56","4.1","13.11","Off","12.842097,77.68342",
"08-Sep-2026 16:54:27","1.56","4.1","13.09","Off","12.842097,77.68342",
"08-Sep-2026 17:09:33","1.56","4.1","13.16","On","12.842097,77.68342",
"08-Sep-2026 17:09:33","1.56","4.1","13.16","On","12.842097,77.68342",
"08-Sep-2026 17:09:33","1.31","4.1","13.16","On","12.842086,77.683475",
"08-Sep-2026 17:09:53","1.31","4.1","13.64","On","12.842086,77.683475",
"08-Sep-2026 17:10:53","0","4.1","13.95","On","12.842291,77.683223",
"08-Sep-2026 17:11:23","0","4.1","13.95","On","12.842269,77.683206",
"08-Sep-2026 17:12:23","0","4.1","13.42","Off","12.842221,77.683205",
"08-Sep-2026 17:13:23","1.93","4.1","13.21","Off","12.842352,77.683885",
"08-Sep-2026 17:14:23","1.14","4.1","13.09","Off","12.84218,77.6834",
"08-Sep-2026 17:14:53","6.13","4.1","13.09","Off","12.841974,77.68347",
"08-Sep-2026 17:15:07","6.13","4.1","13.06","Off","12.841974,77.68347",
"08-Sep-2026 17:15:53","2.3","4.1","13.59","Off","12.842089,77.683514",
"08-Sep-2026 17:16:53","0.6","4.11","13.93","Off","12.842003,77.683516",
"08-Sep-2026 17:17:31","0.6","4.11","14","Off","12.842003,77.683516",
"08-Sep-2026 17:17:31","4.73","4.11","14","Off","12.842092,77.683549",
"08-Sep-2026 17:17:53","3.53","4.1","13.98","Off","12.84203,77.68352",
"08-Sep-2026 17:18:23","3.02","4.1","14","Off","12.84204,77.68359",
"08-Sep-2026 17:18:53","0.49","4.1","14.05","Off","12.84211,77.683592",
"08-Sep-2026 17:19:23","0.51","4.11","14.1","Off","12.842126,77.683481",
"08-Sep-2026 17:19:51","0.51","4.1","14.07","Off","12.842126,77.683481",
"08-Sep-2026 17:20:23","1.9","4.1","14.07","Off","12.842089,77.683395",
"08-Sep-2026 17:20:53","0.92","4.1","14.05","Off","12.842193,77.683427",
"08-Sep-2026 17:21:53","0.44","4.1","14","Off","12.842137,77.683424",
"08-Sep-2026 17:22:53","3.65","4.1","14.05","Off","12.842151,77.683402",
"08-Sep-2026 17:23:51","3.65","4.1","14.05","Off","12.842151,77.683402",
"08-Sep-2026 17:26:09","3.65","4.1","14.12","Off","12.842151,77.683402",
"08-Sep-2026 17:26:09","1.02","4.1","14.12","Off","12.84217,77.683303",
"08-Sep-2026 17:28:41","12","4.1","13.42","Off","12.842179,77.683356",
"08-Sep-2026 17:28:53","1.77","4.1","13.28","Off","12.842144,77.68349",
"08-Sep-2026 17:29:53","2.85","4.1","13.21","Off","12.84224,77.683298",
"08-Sep-2026 17:30:09","2.85","4.1","13.21","Off","12.84224,77.683298",
"08-Sep-2026 18:08:16","2.85","4.11","13.74","Off","12.84224,77.683298",
"08-Sep-2026 18:08:16","3.59","4.11","13.74","Off","12.842359,77.683521",
"08-Sep-2026 18:08:18","3.59","4.11","13.76","Off","12.842359,77.683521",
"08-Sep-2026 18:08:23","3.59","4.1","13.83","Off","12.842359,77.683521",
"08-Sep-2026 18:08:53","0","4.1","14","Off","12.842213,77.683225",
"08-Sep-2026 18:09:18","0","4.1","14","Off","12.842213,77.683225",
"08-Sep-2026 18:10:53","0","4.1","14.03","Off","12.842201,77.683318",
"08-Sep-2026 18:11:53","0","4.11","14.05","Off","12.842211,77.683294",
"08-Sep-2026 19:13:53","0","4.11","14.05","Off","12.842054,77.683257",
"08-Sep-2026 19:14:53","0","4.1","14","Off","12.842149,77.683201",
"08-Sep-2026 19:15:53","0","4.1","14.03","Off","12.842142,77.683205",
"08-Sep-2026 19:16:53","0","4.11","14.03","Off","12.84211,77.683279",
"08-Sep-2026 19:17:18","0","4.1","14.03","Off","12.84211,77.683279",
"08-Sep-2026 19:30:04","0","4.11","14.15","Off","12.84211,77.683279",
"08-Sep-2026 19:30:23","0","4.11","14.07","Off","12.842207,77.683266",
"08-Sep-2026 19:30:53","0","4.1","14.05","Off","12.842189,77.683252",
"08-Sep-2026 19:31:06","0","4.1","14.05","Off","12.842189,77.683252",
"08-Sep-2026 19:33:53","0","4.11","14.07","Off","12.842159,77.68327",
"08-Sep-2026 19:34:53","0","4.11","14.1","Off","12.842288,77.683155",
"08-Sep-2026 19:35:06","0","4.11","14.1","Off","12.842288,77.683155",
"08-Sep-2026 20:11:36","0","4.1","13.13","On","12.842288,77.683155",
"08-Sep-2026 20:11:36","0","4.1","13.13","On","12.842288,77.683155",
"08-Sep-2026 20:14:53","0","4.1","14.07","On","12.842204,77.683204",
"08-Sep-2026 20:16:23","0","4.1","14.05","On","12.84237,77.683091",
"08-Sep-2026 20:16:53","0","4.1","14.05","On","12.842198,77.683173",
"08-Sep-2026 20:28:23","0","4.1","14.03","On","12.842539,77.683028",
"08-Sep-2026 20:30:23","0","4.1","13.95","On","12.842246,77.683227",
"08-Sep-2026 20:32:53","0","4.1","14","On","12.842154,77.683197",
"08-Sep-2026 20:33:53","0","4.1","13.98","On","12.842449,77.683027",
"08-Sep-2026 20:34:23","0","4.1","14","On","12.842183,77.683196",
"08-Sep-2026 20:35:53","0","4.1","13.98","On","12.842116,77.683198",
"08-Sep-2026 20:36:23","0","4.1","13.95","On","12.841937,77.683412",
"08-Sep-2026 20:38:23","0","4.1","13.98","On","12.842345,77.683243",
"08-Sep-2026 20:38:53","0","4.1","13.98","On","12.842248,77.683193",
"08-Sep-2026 20:40:23","0","4.1","13.98","On","12.842276,77.683087",
"08-Sep-2026 20:41:53","0","4.11","14","On","12.842195,77.683157",
"08-Sep-2026 20:43:53","0","4.11","13.95","On","12.84219,77.683152",
"08-Sep-2026 20:44:53","0","4.11","13.91","On","12.842189,77.683155",
"08-Sep-2026 20:45:23","0","4.11","13.88","On","12.84218,77.683221",
"08-Sep-2026 20:45:53","0","4.1","13.83","On","12.842181,77.683221",
"08-Sep-2026 20:46:23","0","4.1","13.86","On","12.842192,77.683226",
"08-Sep-2026 20:46:53","0","4.1","13.4","Off","12.84219,77.683226",
"08-Sep-2026 20:47:23","0","4.1","13.21","Off","12.842274,77.683099",
"08-Sep-2026 21:52:53","0","4.1","13.01","Off","12.842051,77.683297",
"08-Sep-2026 21:53:53","0","4.1","12.99","Off","12.842217,77.683343",
"08-Sep-2026 21:54:53","0","4.1","12.99","Off","12.842095,77.683257",
"08-Sep-2026 21:55:53","0","4.1","12.99","Off","12.842325,77.683161",
"08-Sep-2026 21:56:01","0","4.1","12.97","Off","12.842325,77.683161",
"08-Sep-2026 22:11:23","0","4.1","13.06","On","12.842325,77.683161",
"08-Sep-2026 22:11:23","0","4.1","13.06","On","12.842325,77.683161",
"08-Sep-2026 22:11:53","0","4.1","13.01","Off","12.842304,77.683146",
"08-Sep-2026 22:12:23","0","4.1","12.99","Off","12.842354,77.683171",
"08-Sep-2026 22:12:27","0","4.1","12.99","Off","12.842354,77.683171",
"08-Sep-2026 22:13:53","0","4.1","12.97","Off","12.842168,77.683188",
"08-Sep-2026 22:14:53","0","4.1","12.97","Off","12.842215,77.683238",
"08-Sep-2026 22:15:53","3.43","4.1","12.97","Off","12.84202,77.683544",
"08-Sep-2026 22:16:27","3.43","4.1","12.94","Off","12.84202,77.683544",
"08-Sep-2026 23:16:27","3.43","4.1","13.01","Off","12.84202,77.683544",
"08-Sep-2026 23:16:53","0","4.1","12.97","Off","12.842349,77.683042",
"08-Sep-2026 23:17:53","0","4.1","12.92","Off","12.842353,77.683047",
"08-Sep-2026 23:18:53","0","4.1","12.94","Off","12.842152,77.683268",
"08-Sep-2026 23:19:53","0","4.1","12.94","Off","12.842196,77.683172",
"08-Sep-2026 23:20:27","0","4.1","12.92","Off","12.842196,77.683172",
"09-Sep-2026 00:20:27","0","4.1","12.99","Off","12.842196,77.683172",
"09-Sep-2026 00:20:27","5.44","4.1","12.99","Off","12.842242,77.683873",
"09-Sep-2026 00:20:53","5.44","4.1","12.97","Off","12.842242,77.683873",
"09-Sep-2026 00:21:53","0","4.1","12.92","Off","12.842162,77.683295",
"09-Sep-2026 00:22:53","0","4.1","12.92","Off","12.842141,77.683291",
"09-Sep-2026 00:23:53","0","4.1","12.92","Off","12.842146,77.683275",
"09-Sep-2026 00:24:27","0","4.1","12.92","Off","12.842146,77.683275",
"09-Sep-2026 01:24:28","0","4.1","12.94","Off","12.842146,77.683275",
"09-Sep-2026 01:24:53","0","4.1","12.92","Off","12.84214,77.683164",
"09-Sep-2026 01:27:53","0","4.1","12.87","Off","12.842199,77.683294",
"09-Sep-2026 01:28:28","0","4.1","12.87","Off","12.842199,77.683294",
"09-Sep-2026 02:28:28","0","4.1","12.89","Off","12.842199,77.683294",
"09-Sep-2026 02:28:28","1.39","4.1","12.89","Off","12.842311,77.683562",
"09-Sep-2026 02:28:53","1.39","4.1","12.87","Off","12.842311,77.683562",
"09-Sep-2026 02:30:53","0","4.1","12.82","Off","12.842146,77.683218",
"09-Sep-2026 02:31:53","0","4.1","12.82","Off","12.842128,77.683156",
"09-Sep-2026 02:32:28","0","4.1","12.82","Off","12.842128,77.683156",
"09-Sep-2026 03:32:28","0","4.1","12.87","Off","12.842128,77.683156",
"09-Sep-2026 03:32:53","0","4.1","12.85","Off","12.842505,77.683596",
"09-Sep-2026 03:33:53","0","4.1","12.77","Off","12.842519,77.683613",
"09-Sep-2026 03:34:53","0","4.1","12.77","Off","12.842484,77.6836",
"09-Sep-2026 04:37:53","0","4.1","12.8","Off","12.842572,77.683533",
"09-Sep-2026 04:38:53","0","4.1","12.77","Off","12.842532,77.683534",
"09-Sep-2026 06:45:53","0","4.1","12.7","Off","12.842089,77.683338",
"09-Sep-2026 06:46:53","0","4.1","12.68","Off","12.842104,77.683283",
"09-Sep-2026 06:47:53","0","4.1","12.7","Off","12.842123,77.683264",
"09-Sep-2026 06:48:28","0","4.1","12.7","Off","12.842123,77.683264",
"09-Sep-2026 07:48:28","0","4.1","12.75","Off","12.842123,77.683264",
"09-Sep-2026 09:50:23","0","4.1","13.66","On","12.842169,77.68332",
"09-Sep-2026 09:50:53","0","4.1","13.71","On","12.842064,77.683411",
"09-Sep-2026 09:51:53","0","4.12","13.93","On","12.842666,77.682834",
"09-Sep-2026 09:52:17","11.06","4.12","13.93","On","12.842325,77.683219",
"09-Sep-2026 09:52:23","30.05","4.12","13.95","On","12.842514,77.683093",
"09-Sep-2026 09:52:32","8.32","4.12","13.95","On","12.842778,77.682874",
"09-Sep-2026 09:52:37","36.25","4.12","13.95","On","12.843108,77.683206",
"09-Sep-2026 09:52:53","10.73","4.12","13.93","On","12.843816,77.683938",
"09-Sep-2026 09:52:57","27.18","4.12","13.93","On","12.843905,77.683887",
"09-Sep-2026 09:53:07","27.9","4.12","13.93","On","12.844134,77.683428",
"09-Sep-2026 09:53:12","43.89","4.12","13.93","On","12.844233,77.683063",
"09-Sep-2026 09:53:22","13.32","4.12","13.93","On","12.844464,77.682515",
"09-Sep-2026 09:53:23","13.32","4.11","13.95","On","12.844464,77.682515",
"09-Sep-2026 09:53:27","29.94","4.11","13.95","On","12.844589,77.68228",
"09-Sep-2026 09:53:32","30.62","4.11","13.95","On","12.84471,77.681968",
"09-Sep-2026 09:53:37","23.89","4.11","13.95","On","12.844782,77.681536",
"09-Sep-2026 09:53:42","25.33","4.11","13.95","On","12.844828,77.681286",
"09-Sep-2026 09:53:47","23","4.11","13.95","On","12.84485,77.68114",
"09-Sep-2026 09:53:53","26.26","4.11","13.95","On","12.845143,77.680973",
"09-Sep-2026 09:53:57","33.37","4.11","13.95","On","12.845489,77.680954",
"09-Sep-2026 09:54:02","35.71","4.11","13.95","On","12.845865,77.680975",
"09-Sep-2026 09:54:07","28.85","4.11","13.95","On","12.846216,77.680973",
"09-Sep-2026 09:54:22","8.73","4.11","13.95","On","12.8468,77.680911",
"09-Sep-2026 09:54:23","8.73","4.11","13.93","On","12.8468,77.680911",
"09-Sep-2026 09:54:27","16.64","4.11","13.93","On","12.846787,77.680745",
"09-Sep-2026 09:54:47","33.14","4.11","13.93","On","12.846777,77.679548",
"09-Sep-2026 09:54:52","19.57","4.11","13.93","On","12.846806,77.67931",
"09-Sep-2026 09:54:53","19.57","4.11","13.93","On","12.846806,77.67931",
"09-Sep-2026 09:55:02","7.49","4.11","13.93","On","12.846881,77.678681",
"09-Sep-2026 09:55:17","18.05","4.11","13.93","On","12.846918,77.678519",
"09-Sep-2026 09:55:23","18.37","4.11","13.93","On","12.846936,77.678072",
"09-Sep-2026 09:55:27","4.6","4.11","13.93","On","12.846968,77.67801",
"09-Sep-2026 09:55:32","10.29","4.11","13.93","On","12.847006,77.677954",
"09-Sep-2026 09:55:53","25.88","4.11","13.98","On","12.847385,77.676891",
"09-Sep-2026 09:56:22","2.04","4.11","13.98","On","12.84732,77.674888",
"09-Sep-2026 09:56:23","2.04","4.11","13.91","On","12.84732,77.674888",
"09-Sep-2026 09:56:53","0.69","4.11","13.91","On","12.847428,77.6749",
"09-Sep-2026 09:57:23","0.52","4.11","13.88","On","12.847429,77.6749",
"09-Sep-2026 09:57:53","0.09","4.11","13.88","On","12.847452,77.674905",
"09-Sep-2026 09:58:07","18.59","4.11","13.88","On","12.84757,77.674887",
"09-Sep-2026 09:58:22","1.56","4.11","13.88","On","12.847761,77.675315",
"09-Sep-2026 09:58:23","0.89","4.11","13.91","On","12.847764,77.675322",
"09-Sep-2026 09:58:53","0.44","4.11","13.98","On","12.848139,77.676291",
"09-Sep-2026 09:59:23","6.13","4.11","14","On","12.848209,77.676455",
"09-Sep-2026 09:59:53","7.41","4.11","13.95","On","12.848486,77.676865",
"09-Sep-2026 10:00:23","0.48","4.11","13.93","On","12.848599,77.677004",
"09-Sep-2026 10:00:53","11.84","4.11","13.98","On","12.848736,77.677378",
"09-Sep-2026 10:01:02","13.84","4.11","13.98","On","12.848848,77.677656",
"09-Sep-2026 10:01:07","38.43","4.11","13.98","On","12.849233,77.67746",
"09-Sep-2026 10:01:23","21.63","4.11","13.91","On","12.85047,77.676816",
"09-Sep-2026 10:01:53","22.36","4.11","13.93","On","12.852395,77.675852",
"09-Sep-2026 10:02:23","22.42","4.11","13.95","On","12.854347,77.674851",
"09-Sep-2026 10:02:47","20.46","4.11","13.95","On","12.855914,77.674093",
"09-Sep-2026 10:02:53","28.04","4.11","13.95","On","12.85616,77.674146",
"09-Sep-2026 10:02:57","17.55","4.11","13.95","On","12.85636,77.674104",
"09-Sep-2026 10:03:02","33.11","4.11","13.95","On","12.856536,77.673927",
"09-Sep-2026 10:03:07","23.19","4.11","13.95","On","12.856986,77.673624",
"09-Sep-2026 10:03:17","26.67","4.11","13.95","On","12.857308,77.673569",
"09-Sep-2026 10:03:23","45.75","4.11","13.98","On","12.857765,77.67295",
"09-Sep-2026 10:03:53","19.72","4.11","13.93","On","12.859808,77.669838",
"09-Sep-2026 10:04:17","31.15","4.11","13.93","On","12.860525,77.667914",
"09-Sep-2026 10:04:22","27.39","4.11","13.93","On","12.860371,77.667777",
"09-Sep-2026 10:04:23","38.73","4.11","13.95","On","12.860031,77.66781",
"09-Sep-2026 10:04:53","20.26","4.11","13.95","On","12.857449,77.668009",
"09-Sep-2026 10:04:57","19.54","4.11","13.95","On","12.85734,77.667909",
"09-Sep-2026 10:05:02","26.84","4.11","13.95","On","12.857274,77.667679",
"09-Sep-2026 10:05:12","15.69","4.11","13.95","On","12.857013,77.666947",
"09-Sep-2026 10:05:22","34","4.11","13.95","On","12.856992,77.666444",
"09-Sep-2026 10:05:23","32.48","4.11","13.98","On","12.857041,77.666103",
"09-Sep-2026 10:05:32","22.16","4.11","13.98","On","12.856997,77.665562",
"09-Sep-2026 10:05:47","4.99","4.11","13.98","On","12.856887,77.665028",
"09-Sep-2026 10:05:52","20.14","4.11","13.98","On","12.856823,77.664839",
"09-Sep-2026 10:05:53","20.14","4.11","13.95","On","12.856823,77.664839",
"09-Sep-2026 10:06:02","8.27","4.11","13.95","On","12.856822,77.664485",
"09-Sep-2026 10:06:07","13.15","4.11","13.95","On","12.856718,77.66447",
"09-Sep-2026 10:06:12","8.83","4.11","13.95","On","12.856458,77.664434",
"09-Sep-2026 10:06:23","25.11","4.11","13.98","On","12.856488,77.664249",
"09-Sep-2026 10:06:27","25.11","4.11","13.98","On","12.856488,77.664249",
"09-Sep-2026 10:06:53","12.89","4.11","13.93","On","12.858457,77.662639",
"09-Sep-2026 10:07:23","40.6","4.11","13.95","On","12.859827,77.661538",
"09-Sep-2026 10:07:32","18.02","4.11","13.95","On","12.860201,77.661371",
"09-Sep-2026 10:07:37","33.68","4.11","13.95","On","12.860346,77.66157",
"09-Sep-2026 10:07:53","26.95","4.11","13.93","On","12.861592,77.662239",
"09-Sep-2026 10:08:23","15.2","4.11","13.95","On","12.863525,77.662871",
"09-Sep-2026 10:08:27","15.2","4.11","13.95","On","12.863525,77.662871",
"09-Sep-2026 10:08:42","1.98","4.11","13.95","On","12.863667,77.662437",
"09-Sep-2026 10:08:53","2.99","4.11","13.98","On","12.863661,77.662477",
"09-Sep-2026 10:09:23","0.41","4.11","14","On","12.863739,77.662512",
"09-Sep-2026 10:09:53","0.16","4.11","14.03","On","12.863766,77.66252",
"09-Sep-2026 10:10:23","0.32","4.11","14","On","12.863789,77.662514",
"09-Sep-2026 10:10:53","0.78","4.11","14.03","On","12.863854,77.662546",
"09-Sep-2026 10:11:23","1.2","4.11","14.03","On","12.863895,77.662567",
"09-Sep-2026 10:11:53","0.45","4.11","14.05","On","12.863875,77.662571",
"09-Sep-2026 10:12:23","2.63","4.11","14.05","On","12.8639,77.662573",
"09-Sep-2026 10:12:53","0.22","4.11","14.05","On","12.863904,77.662553",
"09-Sep-2026 10:13:23","1.11","4.11","14.03","On","12.863868,77.662507",
"09-Sep-2026 10:13:53","1.29","4.11","14.05","On","12.863881,77.662507",
"09-Sep-2026 10:14:23","1.65","4.11","14.03","On","12.863879,77.662502",
"09-Sep-2026 10:14:53","0.99","4.11","14.05","On","12.863914,77.662507",
"09-Sep-2026 10:15:23","2.51","4.11","14.05","On","12.863906,77.662523",
"09-Sep-2026 10:15:53","0.41","4.11","14.07","On","12.863891,77.662514",
"09-Sep-2026 10:16:23","3.34","4.11","14.07","On","12.863869,77.662503",
"09-Sep-2026 10:16:53","2.63","4.11","14.07","On","12.863891,77.662528",
"09-Sep-2026 10:17:23","0.19","4.11","14.07","On","12.863888,77.662528",
"09-Sep-2026 10:17:53","1.71","4.11","14.05","On","12.863865,77.662532",
"09-Sep-2026 10:18:23","0.5","4.11","14.03","On","12.863875,77.662551",
"09-Sep-2026 10:18:53","2.21","4.11","13.98","On","12.863864,77.662543",
"09-Sep-2026 10:19:23","0.72","4.11","13.95","On","12.863847,77.662519",
"09-Sep-2026 10:19:53","0.67","4.11","14","On","12.863846,77.662516",
"09-Sep-2026 10:20:23","0.61","4.11","13.98","On","12.863869,77.662528",
"09-Sep-2026 10:20:53","1.96","4.11","13.98","On","12.863871,77.662523",
"09-Sep-2026 10:21:23","1.04","4.11","13.95","On","12.863851,77.662504",
"09-Sep-2026 10:21:53","1.84","4.11","13.98","On","12.863838,77.662525",
"09-Sep-2026 10:22:23","1.6","4.11","13.98","On","12.863825,77.662527",
"09-Sep-2026 10:22:53","1.96","4.11","14","On","12.863811,77.662526",
"09-Sep-2026 10:23:23","1.19","4.11","14","On","12.8638,77.662503",
"09-Sep-2026 10:23:53","0.48","4.11","13.98","On","12.863798,77.662483",
"09-Sep-2026 10:24:23","0.85","4.11","14.03","On","12.863813,77.662477",
"09-Sep-2026 10:24:53","3.74","4.11","14","On","12.863792,77.662485",
"09-Sep-2026 10:25:23","4.5","4.11","13.98","On","12.863809,77.662498",
"09-Sep-2026 10:25:53","0.17","4.11","14","On","12.863786,77.662497",
"09-Sep-2026 10:26:23","1.74","4.11","13.98","On","12.863801,77.662501",
"09-Sep-2026 10:26:53","0.12","4.11","14.03","On","12.863827,77.662514",
"09-Sep-2026 10:27:23","0.54","4.11","14","On","12.863831,77.662525",
"09-Sep-2026 10:27:53","0.24","4.11","14","On","12.863846,77.662555",
"09-Sep-2026 10:28:23","1.27","4.11","14","On","12.863864,77.662573",
"09-Sep-2026 10:28:53","0.19","4.11","14","On","12.863865,77.662575",
"09-Sep-2026 10:29:23","0.33","4.11","13.98","On","12.863848,77.662552",
"09-Sep-2026 10:29:53","3.15","4.11","14","On","12.863834,77.662563",
"09-Sep-2026 10:30:23","3.83","4.11","14.03","On","12.863825,77.66256",
"09-Sep-2026 10:30:53","0.5","4.11","14.03","On","12.863831,77.66255",
"09-Sep-2026 10:31:23","0.47","4.11","14.03","On","12.863813,77.662546",
"09-Sep-2026 10:31:53","1.57","4.11","14.03","On","12.86382,77.662555",
"09-Sep-2026 10:32:23","0.54","4.11","14","On","12.863831,77.662552",
"09-Sep-2026 10:32:47","15.67","4.11","14","On","12.863784,77.662711",
"09-Sep-2026 10:32:53","8.05","4.11","13.95","On","12.863663,77.66292",
"09-Sep-2026 10:32:57","8.05","4.11","13.95","On","12.863663,77.66292",
"09-Sep-2026 10:33:07","28.87","4.11","13.95","On","12.86325,77.662818",
"09-Sep-2026 10:33:23","14.45","4.11","13.93","On","12.862233,77.662558",
"09-Sep-2026 10:33:53","0.3","4.11","14","On","12.862085,77.662506",
"09-Sep-2026 10:34:23","0.34","4.11","14","On","12.862073,77.662507",
"09-Sep-2026 10:34:53","0.06","4.11","14","On","12.862061,77.662506",
"09-Sep-2026 10:35:23","0.16","4.11","14.03","On","12.862072,77.662507",
"09-Sep-2026 10:35:53","0.31","4.11","14.03","On","12.862074,77.662517",
"09-Sep-2026 10:36:23","0.17","4.11","14.03","On","12.862073,77.662516",
"09-Sep-2026 10:36:53","0.18","4.11","14.03","On","12.862067,77.662515",
"09-Sep-2026 10:37:23","0.18","4.11","14.03","On","12.862058,77.662515",
"09-Sep-2026 10:37:53","0.25","4.11","14.05","On","12.862054,77.662499",
"09-Sep-2026 10:38:23","0.55","4.11","14.03","On","12.862052,77.662498",
"09-Sep-2026 10:38:53","0.19","4.11","14.05","On","12.862051,77.662502",
"09-Sep-2026 10:39:23","0.07","4.11","14.05","On","12.862053,77.662504",
"09-Sep-2026 10:39:53","0.23","4.11","14.05","On","12.862046,77.662509",
"09-Sep-2026 10:40:23","0.37","4.11","14.05","On","12.862038,77.662526",
"09-Sep-2026 10:40:53","0.1","4.11","14.03","On","12.862039,77.662531",
"09-Sep-2026 10:41:07","0.77","4.11","14.03","On","12.862036,77.662528",
"09-Sep-2026 10:41:12","14.23","4.11","14.03","On","12.861987,77.662486",
"09-Sep-2026 10:41:23","33.02","4.11","13.98","On","12.861271,77.662126",
"09-Sep-2026 10:41:47","2.36","4.11","13.98","On","12.860225,77.661483",
"09-Sep-2026 10:41:53","8.1","4.11","14","On","12.860171,77.661455",
"09-Sep-2026 10:42:02","10.29","4.11","14","On","12.860033,77.661424",
"09-Sep-2026 10:42:07","40.03","4.11","14","On","12.859537,77.661808",
"09-Sep-2026 10:42:23","26.88","4.11","13.93","On","12.85868,77.66243",
"09-Sep-2026 10:42:53","9.92","4.11","13.95","On","12.857583,77.663329",
"09-Sep-2026 10:43:23","0.6","4.11","13.93","On","12.857323,77.663548",
"09-Sep-2026 10:43:32","2.07","4.11","13.93","On","12.857287,77.663572",
"09-Sep-2026 10:43:52","13.04","4.11","13.93","On","12.857104,77.663715",
"09-Sep-2026 10:43:53","13.04","4.11","14","On","12.857104,77.663715",
"09-Sep-2026 10:44:23","21.51","4.11","13.95","On","12.856548,77.664145",
"09-Sep-2026 10:44:47","29.25","4.11","13.95","On","12.856221,77.664145",
"09-Sep-2026 10:44:53","43.37","4.11","13.95","On","12.856453,77.663838",
"09-Sep-2026 10:45:23","22.64","4.11","13.98","On","12.859704,77.661371",
"09-Sep-2026 10:45:53","51.52","4.11","14.03","On","12.862129,77.659441",
"09-Sep-2026 10:46:23","51.33","4.11","14","On","12.86549,77.656729",
"09-Sep-2026 10:46:53","33.78","4.11","13.91","On","12.868129,77.654585",
"09-Sep-2026 10:47:17","2.43","4.11","13.91","On","12.868781,77.653969",
"09-Sep-2026 10:47:23","7.42","4.11","13.95","On","12.868844,77.653925",
"09-Sep-2026 10:47:32","42.95","4.11","13.95","On","12.869381,77.653474",
"09-Sep-2026 10:47:53","35.97","4.11","13.95","On","12.870347,77.652925",
"09-Sep-2026 10:48:23","46.87","4.11","13.93","On","12.873387,77.650382",
"09-Sep-2026 10:48:47","18.36","4.11","13.93","On","12.874812,77.648923",
"09-Sep-2026 10:48:52","19.72","4.11","13.93","On","12.874691,77.648618",
"09-Sep-2026 10:48:53","19.72","4.11","13.93","On","12.874691,77.648618",
"09-Sep-2026 10:49:23","34.31","4.11","13.98","On","12.874178,77.646288",
"09-Sep-2026 10:49:53","24.16","4.11","13.95","On","12.873801,77.644551",
"09-Sep-2026 10:50:23","15.64","4.11","13.95","On","12.873679,77.643088",
"09-Sep-2026 10:50:32","5.14","4.11","13.95","On","12.873577,77.642809",
"09-Sep-2026 10:50:53","0.56","4.11","13.98","On","12.873518,77.642789",
"09-Sep-2026 10:51:23","0.18","4.11","13.95","On","12.873512,77.642778",
"09-Sep-2026 10:51:53","5.41","4.11","14","On","12.873201,77.642737",
"09-Sep-2026 10:52:23","0.38","4.11","14.03","On","12.873118,77.642748",
"09-Sep-2026 10:52:53","1.04","4.11","14.03","On","12.873079,77.642736",
"09-Sep-2026 10:53:23","0.97","4.11","14.03","On","12.873054,77.642745",
"09-Sep-2026 10:53:53","0.6","4.11","14.05","On","12.873055,77.642723",
"09-Sep-2026 10:54:23","0.99","4.11","14","On","12.873074,77.642704",
"09-Sep-2026 10:54:53","0.66","4.11","14","On","12.873047,77.64273",
"09-Sep-2026 10:55:23","0.25","4.11","14.05","On","12.873051,77.642717",
"09-Sep-2026 10:55:53","0.46","4.11","14.05","On","12.873036,77.642714",
"09-Sep-2026 10:56:23","4.11","4.11","14.03","On","12.873163,77.642718",
"09-Sep-2026 10:56:47","16.63","4.11","14.03","On","12.873429,77.642705",
"09-Sep-2026 10:56:52","7.42","4.11","14.03","On","12.87355,77.642708",
"09-Sep-2026 10:56:53","10.34","4.11","13.98","On","12.873636,77.642738",
"09-Sep-2026 10:56:57","12.06","4.11","13.98","On","12.873699,77.642661",
"09-Sep-2026 10:57:23","21.99","4.11","14","On","12.874109,77.641591",
"09-Sep-2026 10:57:42","26.73","4.11","14","On","12.874358,77.640237",
"09-Sep-2026 10:57:53","28.08","4.11","13.98","On","12.875145,77.639963",
"09-Sep-2026 10:57:57","20.98","4.11","13.98","On","12.875372,77.63988",
"09-Sep-2026 10:58:17","15.25","4.11","13.98","On","12.87612,77.639837",
"09-Sep-2026 10:58:23","18.68","4.11","13.98","On","12.876128,77.639932",
"09-Sep-2026 10:58:42","9.07","4.11","13.98","On","12.876061,77.641176",
"09-Sep-2026 10:58:53","8.64","4.11","13.95","On","12.876174,77.64173",
"09-Sep-2026 10:59:02","10.03","4.11","13.95","On","12.876171,77.6421",
"09-Sep-2026 10:59:23","0.28","4.11","13.95","On","12.876159,77.642214",
"09-Sep-2026 10:59:53","0.19","4.11","14","On","12.876158,77.64222",
"09-Sep-2026 11:00:23","0.17","4.11","13.95","On","12.87616,77.642225",
"09-Sep-2026 11:00:53","0.23","4.11","13.95","On","12.876162,77.642236",
"09-Sep-2026 11:01:23","0.11","4.11","14","On","12.876161,77.64224",
"09-Sep-2026 11:01:53","0.06","4.11","14.03","On","12.876165,77.64224",
"09-Sep-2026 11:02:23","0.19","4.11","14","On","12.876164,77.642237",
"09-Sep-2026 11:02:53","0.05","4.11","13.98","On","12.876169,77.642233",
"09-Sep-2026 11:03:23","0.63","4.11","13.98","On","12.876175,77.642234",
"09-Sep-2026 11:03:27","0.7","4.11","13.98","On","12.876175,77.642227",
"09-Sep-2026 11:03:52","14.34","4.11","13.98","On","12.876116,77.642167",
"09-Sep-2026 11:03:53","21.9","4.11","13.95","On","12.87613,77.641981",
"09-Sep-2026 11:04:12","22.06","4.11","13.95","On","12.876084,77.641308",
"09-Sep-2026 11:04:17","7.06","4.11","13.95","On","12.876047,77.641189",
"09-Sep-2026 11:04:23","18.26","4.11","13.93","On","12.876071,77.640701",
"09-Sep-2026 11:04:52","11.55","4.11","13.93","On","12.876141,77.639618",
"09-Sep-2026 11:04:53","17.24","4.11","13.98","On","12.876275,77.639514",
"09-Sep-2026 11:05:02","7.48","4.11","13.98","On","12.876581,77.63932",
"09-Sep-2026 11:05:23","15.93","4.11","13.95","On","12.877288,77.638916",
"09-Sep-2026 11:05:32","37.23","4.11","13.95","On","12.877758,77.638573",
"09-Sep-2026 11:05:47","7.8","4.11","13.95","On","12.878393,77.637972",
"09-Sep-2026 11:05:52","19.41","4.11","13.95","On","12.878296,77.637926",
"09-Sep-2026 11:05:53","25.86","4.11","13.95","On","12.878045,77.637869",
"09-Sep-2026 11:06:02","8.47","4.11","13.95","On","12.877728,77.637753",
"09-Sep-2026 11:06:23","0.13","4.11","13.98","On","12.87773,77.637696",
"09-Sep-2026 11:06:53","0.1","4.11","14.03","On","12.877728,77.637711",
"09-Sep-2026 11:07:23","1.28","4.11","14.05","On","12.877726,77.637706",
"09-Sep-2026 11:07:53","0.81","4.11","14.07","On","12.877728,77.63771",
"09-Sep-2026 11:08:23","0.59","4.11","14.05","On","12.877701,77.637745",
"09-Sep-2026 11:08:53","0.7","4.11","14.07","On","12.877695,77.637758",
"09-Sep-2026 11:09:23","0.43","4.11","14.05","On","12.877688,77.63776",
"09-Sep-2026 11:09:53","0.4","4.11","14.07","On","12.877682,77.637762",
"09-Sep-2026 11:10:23","0.4","4.11","14","On","12.877701,77.637751",
"09-Sep-2026 11:10:53","0.44","4.11","13.98","On","12.877693,77.63776",
"09-Sep-2026 11:11:23","0.24","4.11","14","On","12.877691,77.637772",
"09-Sep-2026 11:11:53","0.32","4.11","14","On","12.877705,77.637764",
"09-Sep-2026 11:12:23","0.17","4.11","13.98","On","12.877716,77.637758",
"09-Sep-2026 11:12:53","0.05","4.11","14","On","12.877711,77.637741",
"09-Sep-2026 11:13:23","0.6","4.11","13.98","On","12.877714,77.637755",
"09-Sep-2026 11:13:53","0.55","4.11","14","On","12.877709,77.637784",
"09-Sep-2026 11:14:23","0.18","4.11","13.98","On","12.877691,77.63778",
"09-Sep-2026 11:14:53","0.24","4.11","14","On","12.877685,77.637771",
"09-Sep-2026 11:15:23","0.63","4.11","14","On","12.877699,77.637773",
"09-Sep-2026 11:15:53","0.6","4.11","14","On","12.877694,77.637773",
"09-Sep-2026 11:16:23","0.19","4.11","13.98","On","12.877695,77.637764",
"09-Sep-2026 11:16:53","0.86","4.11","14","On","12.877709,77.637731",
"09-Sep-2026 11:17:23","0.49","4.11","14","On","12.877688,77.637731",
"09-Sep-2026 11:17:53","0.54","4.11","14","On","12.877675,77.637747",
"09-Sep-2026 11:18:23","0.64","4.11","14.03","On","12.87768,77.637736",
"09-Sep-2026 11:18:47","11.98","4.11","14.03","On","12.877762,77.637832",
"09-Sep-2026 11:18:53","17.26","4.11","14.03","On","12.877911,77.637871",
"09-Sep-2026 11:19:02","12","4.11","14.03","On","12.878433,77.637946",
"09-Sep-2026 11:19:07","20.19","4.11","14.03","On","12.878577,77.637882",
"09-Sep-2026 11:19:22","15.1","4.11","14.03","On","12.878849,77.637511",
"09-Sep-2026 11:19:23","15.1","4.11","13.98","On","12.878849,77.637511",
"09-Sep-2026 11:19:42","7.15","4.11","13.98","On","12.87915,77.636504",
"09-Sep-2026 11:19:47","19.22","4.11","13.98","On","12.87903,77.636467",
"09-Sep-2026 11:19:53","26","4.11","13.98","On","12.878813,77.636443",
"09-Sep-2026 11:20:07","21.41","4.11","13.98","On","12.877691,77.636178",
"09-Sep-2026 11:20:23","2.02","4.11","13.93","On","12.877785,77.635651",
"09-Sep-2026 11:20:53","0.55","4.11","13.95","On","12.877808,77.635425",
"09-Sep-2026 11:21:23","0.16","4.11","13.98","On","12.877786,77.635396",
"09-Sep-2026 11:21:53","0.37","4.11","13.98","On","12.877774,77.635394",
"09-Sep-2026 11:22:23","0.53","4.11","13.98","On","12.877775,77.635389",
"09-Sep-2026 11:22:53","0.17","4.11","13.98","On","12.877772,77.635384",
"09-Sep-2026 11:23:23","0.52","4.11","13.95","On","12.877779,77.635391",
"09-Sep-2026 11:23:53","0.29","4.11","13.98","On","12.877784,77.635385",
"09-Sep-2026 11:24:23","0.25","4.11","14","On","12.877781,77.635378",
"09-Sep-2026 11:24:47","3.82","4.11","14","On","12.877772,77.635396",
"09-Sep-2026 11:24:53","3.69","4.11","13.98","On","12.877771,77.63544",
"09-Sep-2026 11:25:22","22.61","4.11","13.98","On","12.87774,77.635893",
"09-Sep-2026 11:25:23","21.1","4.11","14","On","12.877719,77.636135",
"09-Sep-2026 11:25:27","19.03","4.11","14","On","12.877808,77.636268",
"09-Sep-2026 11:25:52","8.61","4.11","14","On","12.87922,77.636505",
"09-Sep-2026 11:25:53","8.61","4.11","13.91","On","12.87922,77.636505",
"09-Sep-2026 11:25:57","25.67","4.11","13.91","On","12.879208,77.636665",
"09-Sep-2026 11:26:17","13.37","4.11","13.91","On","12.878875,77.637702",
"09-Sep-2026 11:26:23","21.9","4.11","13.98","On","12.87904,77.638166",
"09-Sep-2026 11:26:53","10.24","4.11","13.98","On","12.879503,77.639481",
"09-Sep-2026 11:27:23","6.05","4.11","13.98","On","12.880042,77.641066",
"09-Sep-2026 11:27:53","17.73","4.11","14","On","12.880288,77.641801",
"09-Sep-2026 11:28:07","16.61","4.11","14","On","12.880519,77.642209",
"09-Sep-2026 11:28:12","18.85","4.11","14","On","12.880679,77.642146",
"09-Sep-2026 11:28:23","41.34","4.11","14","On","12.881576,77.641615",
"09-Sep-2026 11:28:53","28.86","4.11","13.95","On","12.883125,77.640674",
"09-Sep-2026 11:29:07","5.63","4.11","13.95","On","12.883669,77.640597",
"09-Sep-2026 11:29:23","10.01","4.11","13.93","On","12.883976,77.640591",
"09-Sep-2026 11:29:27","13.56","4.11","13.93","On","12.884043,77.640681",
"09-Sep-2026 11:29:53","30.18","4.11","13.98","On","12.884403,77.641688",
"09-Sep-2026 11:30:02","23.59","4.11","13.98","On","12.884657,77.642172",
"09-Sep-2026 11:30:07","9.22","4.11","13.98","On","12.884866,77.64221",
"09-Sep-2026 11:30:23","34.63","4.11","13.98","On","12.885961,77.641563",
"09-Sep-2026 11:30:53","25.24","4.11","13.98","On","12.88721,77.640784",
"09-Sep-2026 11:31:23","23.19","4.11","13.98","On","12.888806,77.639723",
"09-Sep-2026 11:31:37","20.38","4.11","13.98","On","12.889188,77.6394",
"09-Sep-2026 11:31:42","8.54","4.11","13.98","On","12.889249,77.639273",
"09-Sep-2026 11:31:53","18.75","4.11","13.98","On","12.889692,77.638978",
"09-Sep-2026 11:32:07","16.88","4.11","13.98","On","12.890348,77.638545",
"09-Sep-2026 11:32:23","1.68","4.11","13.95","On","12.890382,77.638235",
"09-Sep-2026 11:32:53","0.25","4.11","13.93","On","12.890394,77.638221",
"09-Sep-2026 11:33:22","12.88","4.11","13.93","On","12.890429,77.638101",
"09-Sep-2026 11:33:23","8.59","4.11","14","On","12.890445,77.637986",
"09-Sep-2026 11:33:27","8.59","4.11","14","On","12.890445,77.637986",
"09-Sep-2026 11:33:32","13.74","4.11","14","On","12.890291,77.637921",
"09-Sep-2026 11:33:47","21.77","4.11","14","On","12.889921,77.637888",
"09-Sep-2026 11:33:52","10.62","4.11","14","On","12.889684,77.637867",
"09-Sep-2026 11:33:53","10.62","4.11","13.98","On","12.889684,77.637867",
"09-Sep-2026 11:33:57","15.31","4.11","13.98","On","12.889616,77.637762",
"09-Sep-2026 11:34:07","9.55","4.11","13.98","On","12.889666,77.637581",
"09-Sep-2026 11:34:22","17.11","4.11","13.98","On","12.889672,77.636989",
"09-Sep-2026 11:34:23","18.74","4.11","14","On","12.889713,77.636776",
"09-Sep-2026 11:34:42","16.99","4.11","14","On","12.889937,77.636289",
"09-Sep-2026 11:34:47","5.62","4.11","14","On","12.890104,77.63635",
"09-Sep-2026 11:34:52","11.9","4.11","14","On","12.890331,77.636448",
"09-Sep-2026 11:34:53","11.9","4.11","14","On","12.890331,77.636448",
"09-Sep-2026 11:35:12","10.3","4.11","14","On","12.890825,77.636614",
"09-Sep-2026 11:35:17","14.99","4.11","14","On","12.890814,77.636766",
"09-Sep-2026 11:35:23","15.49","4.11","14","On","12.890772,77.636951",
"09-Sep-2026 11:35:53","0.23","4.11","14","On","12.890638,77.637342",
"09-Sep-2026 11:36:23","0.1","4.11","14.05","On","12.890662,77.637352",
"09-Sep-2026 11:36:53","0.18","4.11","14.03","On","12.890666,77.637362",
"09-Sep-2026 11:37:23","0.35","4.11","14.05","On","12.890702,77.637379",
"09-Sep-2026 11:37:53","0.64","4.11","14.03","On","12.890702,77.63738",
"09-Sep-2026 11:38:23","0.68","4.11","14.05","On","12.8907,77.637371",
"09-Sep-2026 11:38:53","16.05","4.11","14.03","On","12.890646,77.637547",
"09-Sep-2026 11:39:07","16.58","4.11","14.03","On","12.890564,77.637986",
"09-Sep-2026 11:39:17","11.02","4.11","14.03","On","12.890535,77.638195",
"09-Sep-2026 11:39:23","0.33","4.11","13.95","On","12.890443,77.638423",
"09-Sep-2026 11:39:32","2.29","4.11","13.95","On","12.890441,77.638544",
"09-Sep-2026 11:39:42","10.01","4.11","13.95","On","12.890517,77.638632",
"09-Sep-2026 11:39:47","15.63","4.11","13.95","On","12.890657,77.638594",
"09-Sep-2026 11:39:53","27.28","4.11","14","On","12.890948,77.638449",
"09-Sep-2026 11:40:23","22.75","4.11","14","On","12.892997,77.63723",
"09-Sep-2026 11:40:53","5.93","4.11","13.98","On","12.894052,77.636659",
"09-Sep-2026 11:41:23","15.19","4.11","13.98","On","12.895107,77.635963",
"09-Sep-2026 11:41:53","7.13","4.11","13.98","On","12.896259,77.63514",
"09-Sep-2026 11:42:23","23.9","4.11","13.98","On","12.897756,77.634323",
"09-Sep-2026 11:42:53","21.02","4.11","14","On","12.899319,77.633298",
"09-Sep-2026 11:43:23","23.89","4.11","13.98","On","12.901006,77.632283",
"09-Sep-2026 11:43:32","9.33","4.11","13.98","On","12.901165,77.632144",
"09-Sep-2026 11:43:37","15.73","4.11","13.98","On","12.901307,77.632104",
"09-Sep-2026 11:43:42","17.92","4.11","13.98","On","12.901495,77.632083",
"09-Sep-2026 11:43:47","4.65","4.11","13.98","On","12.901648,77.631982",
"09-Sep-2026 11:43:52","15.64","4.11","13.98","On","12.902008,77.631558",
"09-Sep-2026 11:43:53","11.59","4.11","13.98","On","12.902328,77.631452",
"09-Sep-2026 11:44:02","9.84","4.11","13.98","On","12.902482,77.631322",
"09-Sep-2026 11:44:23","6.19","4.11","14","On","12.902498,77.630931",
"09-Sep-2026 11:44:53","0.44","4.11","14.05","On","12.902499,77.630849",
"09-Sep-2026 11:45:23","0.28","4.11","14.07","On","12.902515,77.630832",
"09-Sep-2026 11:45:53","0.1","4.11","14.07","On","12.902519,77.630827",
"09-Sep-2026 11:46:23","0.49","4.11","14","On","12.902512,77.630835",
"09-Sep-2026 11:46:53","3.28","4.11","14","On","12.902528,77.630832",
"09-Sep-2026 11:47:23","22.49","4.11","14","On","12.902707,77.629593",
"09-Sep-2026 11:47:53","17.43","4.11","14","On","12.902644,77.628543",
"09-Sep-2026 11:48:02","13.53","4.11","14","On","12.902494,77.628268",
"09-Sep-2026 11:48:07","3.89","4.11","14","On","12.902435,77.628227",
"09-Sep-2026 11:48:23","5.07","4.11","14","On","12.902278,77.62812",
"09-Sep-2026 11:48:53","0.07","4.11","13.98","On","12.90233,77.62817",
"09-Sep-2026 11:49:23","0.29","4.11","13.98","On","12.902321,77.628175",
"09-Sep-2026 11:49:53","0.5","4.11","14","On","12.902316,77.628213",
"09-Sep-2026 11:50:23","0.4","4.11","14","On","12.902331,77.628225",
"09-Sep-2026 11:50:53","0.36","4.11","13.98","On","12.902335,77.628242",
"09-Sep-2026 11:51:23","0.24","4.11","14","On","12.902329,77.62822",
"09-Sep-2026 11:51:53","0.37","4.11","14.03","On","12.902323,77.628233",
"09-Sep-2026 11:52:23","0.24","4.11","14","On","12.902328,77.628243",
"09-Sep-2026 11:52:53","0.41","4.11","14","On","12.902324,77.628229",
"09-Sep-2026 11:53:23","0.66","4.11","13.98","On","12.902323,77.628247",
"09-Sep-2026 11:53:53","6.82","4.11","13.98","On","12.902325,77.628319",
"09-Sep-2026 11:54:02","16.98","4.11","13.98","On","12.90247,77.628414",
"09-Sep-2026 11:54:12","16.62","4.11","13.98","On","12.902642,77.628628",
"09-Sep-2026 11:54:22","24.02","4.11","13.98","On","12.902831,77.628902",
"09-Sep-2026 11:54:23","24.02","4.11","14","On","12.902831,77.628902",
"09-Sep-2026 11:54:27","4.47","4.11","14","On","12.90278,77.629004",
"09-Sep-2026 11:54:32","25.4","4.11","14","On","12.902741,77.629171",
"09-Sep-2026 11:54:53","15.75","4.11","14","On","12.902676,77.630435",
"09-Sep-2026 11:55:17","13.36","4.11","14","On","12.902639,77.631259",
"09-Sep-2026 11:55:22","8.51","4.11","14","On","12.90292,77.631122",
"09-Sep-2026 11:55:23","8.51","4.11","13.98","On","12.90292,77.631122",
"09-Sep-2026 11:55:53","19.57","4.11","13.98","On","12.902958,77.631154",
"09-Sep-2026 11:55:57","19.57","4.11","13.98","On","12.902958,77.631154",
"09-Sep-2026 11:56:22","4.16","4.11","13.98","On","12.902235,77.631653",
"09-Sep-2026 11:56:23","4.16","4.11","13.95","On","12.902235,77.631653",
"09-Sep-2026 11:56:37","14.92","4.11","13.95","On","12.902087,77.63187",
"09-Sep-2026 11:56:53","1.52","4.11","13.95","On","12.901367,77.632281",
"09-Sep-2026 11:57:23","30.51","4.11","13.98","On","12.900086,77.63298",
"09-Sep-2026 11:57:53","31.84","4.11","13.98","On","12.898362,77.633983",
"09-Sep-2026 11:58:23","28.29","4.11","14","On","12.896703,77.634991",
"09-Sep-2026 11:58:53","14.79","4.11","13.93","On","12.895205,77.635889",
"09-Sep-2026 11:58:54","18.05","4.11","13.93","On","12.895162,77.635777",
"09-Sep-2026 11:59:23","28.88","4.11","14","On","12.895008,77.635058",
"09-Sep-2026 11:59:34","16.13","4.11","14","On","12.894717,77.634446",
"09-Sep-2026 11:59:39","5.04","4.11","14","On","12.8946,77.634391",
"09-Sep-2026 11:59:53","28.02","4.11","14","On","12.894153,77.634162",
"09-Sep-2026 12:00:14","12.49","4.11","14","On","12.893685,77.633681",
"09-Sep-2026 12:00:23","15.11","4.11","13.98","On","12.893607,77.633456",
"09-Sep-2026 12:00:24","15.11","4.11","13.98","On","12.893607,77.633456",
"09-Sep-2026 12:00:44","2.97","4.11","13.98","On","12.892525,77.633129",
"09-Sep-2026 12:00:53","1.1","4.11","13.93","On","12.892447,77.633113",
"09-Sep-2026 12:00:59","11.4","4.11","13.93","On","12.892381,77.633184",
"09-Sep-2026 12:01:19","7.64","4.11","13.93","On","12.892283,77.633677",
"09-Sep-2026 12:01:23","7.11","4.11","13.98","On","12.89236,77.633685",
"09-Sep-2026 12:01:53","0.16","4.11","14.07","On","12.892424,77.633718",
"09-Sep-2026 12:02:23","0.02","4.11","14.07","On","12.892413,77.633704",
"09-Sep-2026 12:02:53","0.22","4.11","14.07","On","12.892411,77.633713",
"09-Sep-2026 12:03:23","0.15","4.11","14.03","On","12.892406,77.633722",
"09-Sep-2026 12:03:53","0.14","4.11","13.98","On","12.892422,77.633748",
"09-Sep-2026 12:04:23","0.12","4.11","13.98","On","12.892424,77.633777",
"09-Sep-2026 12:04:53","0.19","4.11","14.03","On","12.892425,77.633779",
"09-Sep-2026 12:05:23","0.08","4.11","13.98","On","12.892416,77.63379",
"09-Sep-2026 12:05:53","0.3","4.11","13.98","On","12.892417,77.633802",
"09-Sep-2026 12:06:23","0.27","4.11","14","On","12.892425,77.633805",
"09-Sep-2026 12:06:53","0.03","4.11","14","On","12.892436,77.633804",
"09-Sep-2026 12:07:23","0.33","4.11","14","On","12.892448,77.633793",
"09-Sep-2026 12:07:53","0.12","4.11","14.03","On","12.892446,77.633793",
"09-Sep-2026 12:08:23","0.11","4.11","14","On","12.892445,77.633805",
"09-Sep-2026 12:08:53","0.23","4.11","13.93","On","12.892387,77.633796",
"09-Sep-2026 12:09:23","0.21","4.11","13.93","On","12.892386,77.633797",
"09-Sep-2026 12:09:53","2.31","4.11","13.98","On","12.892421,77.633838",
"09-Sep-2026 12:10:23","0.57","4.11","14","On","12.892344,77.633788",
"09-Sep-2026 12:10:53","0.32","4.11","13.98","On","12.892336,77.633786",
"09-Sep-2026 12:11:23","0.22","4.11","13.91","On","12.892336,77.63377",
"09-Sep-2026 12:11:53","12.47","4.11","13.98","On","12.892202,77.63354",
"09-Sep-2026 12:11:54","12.47","4.11","13.98","On","12.892202,77.63354",
"09-Sep-2026 12:12:14","0.39","4.11","13.98","On","12.892266,77.63304",
"09-Sep-2026 12:12:23","0.07","4.11","13.93","On","12.892269,77.633028",
"09-Sep-2026 12:12:39","15.76","4.11","13.93","On","12.892257,77.632779",
"09-Sep-2026 12:12:53","8.13","4.11","14","On","12.892208,77.632454",
"09-Sep-2026 12:12:54","8.13","4.11","14","On","12.892208,77.632454",
"09-Sep-2026 12:13:09","13.08","4.11","14","On","12.8916,77.632466",
"09-Sep-2026 12:13:23","7.05","4.11","13.98","On","12.891292,77.631683",
"09-Sep-2026 12:13:39","21.18","4.11","13.98","On","12.890999,77.630795",
"09-Sep-2026 12:13:44","8.87","4.11","13.98","On","12.890932,77.630597",
"09-Sep-2026 12:13:49","14.28","4.11","13.98","On","12.890794,77.630561",
"09-Sep-2026 12:13:53","12.22","4.11","13.98","On","12.890648,77.63059",
"09-Sep-2026 12:13:59","14.55","4.11","13.98","On","12.890517,77.630289",
"09-Sep-2026 12:14:04","5.92","4.11","13.98","On","12.890479,77.630195",
"09-Sep-2026 12:14:09","10.42","4.11","13.98","On","12.890406,77.630194",
"09-Sep-2026 12:14:19","7.53","4.11","13.98","On","12.890014,77.630358",
"09-Sep-2026 12:14:23","8.33","4.11","13.95","On","12.88997,77.630299",
"09-Sep-2026 12:14:29","28.86","4.11","13.95","On","12.889904,77.63011",
"09-Sep-2026 12:14:53","25.46","4.11","13.98","On","12.889062,77.628186",
"09-Sep-2026 12:15:09","12.05","4.11","13.98","On","12.88885,77.627357",
"09-Sep-2026 12:15:14","10.35","4.11","13.98","On","12.888844,77.627271",
"09-Sep-2026 12:15:19","23.62","4.11","13.98","On","12.888861,77.626884",
"09-Sep-2026 12:15:23","23.37","4.11","13.98","On","12.888904,77.626626",
"09-Sep-2026 12:15:44","5.13","4.11","13.98","On","12.888994,77.625731",
"09-Sep-2026 12:15:53","23.12","4.11","13.98","On","12.888783,77.625681",
"09-Sep-2026 12:15:54","23.12","4.11","13.98","On","12.888783,77.625681",
"09-Sep-2026 12:16:23","21.95","4.11","14","On","12.887381,77.625586",
"09-Sep-2026 12:16:53","7.66","4.11","13.98","On","12.886062,77.625413",
"09-Sep-2026 12:17:19","11.17","4.11","13.98","On","12.885124,77.625158",
"09-Sep-2026 12:17:23","21.15","4.11","14","On","12.884974,77.625111",
"09-Sep-2026 12:17:34","23.06","4.11","14","On","12.884356,77.624938",
"09-Sep-2026 12:17:53","0.99","4.11","13.95","On","12.88349,77.624873",
"09-Sep-2026 12:18:23","29.91","4.11","14","On","12.882267,77.624801",
"09-Sep-2026 12:18:53","14.98","4.11","14","On","12.880621,77.624653",
"09-Sep-2026 12:19:19","3.64","4.11","14","On","12.879645,77.624575",
"09-Sep-2026 12:19:23","0.45","4.11","13.93","On","12.879632,77.624564",
"09-Sep-2026 12:19:34","14.11","4.11","13.93","On","12.879589,77.624358",
"09-Sep-2026 12:19:44","12.18","4.11","13.93","On","12.879405,77.624041",
"09-Sep-2026 12:19:49","12.3","4.11","13.93","On","12.879281,77.624042",
"09-Sep-2026 12:19:53","16.03","4.11","14","On","12.879223,77.623908",
"09-Sep-2026 12:19:54","16.03","4.11","14","On","12.879223,77.623908",
"09-Sep-2026 12:20:23","20.47","4.11","13.98","On","12.87925,77.622766",
"09-Sep-2026 12:20:53","8.74","4.11","13.98","On","12.879379,77.621156",
"09-Sep-2026 12:21:23","18.07","4.11","13.95","On","12.879527,77.619816",
"09-Sep-2026 12:21:24","7.15","4.11","13.95","On","12.879498,77.619719",
"09-Sep-2026 12:21:53","5.9","4.11","13.98","On","12.878013,77.619473",
"09-Sep-2026 12:22:23","11.62","4.11","13.95","On","12.877634,77.619105",
"09-Sep-2026 12:22:24","10.15","4.11","13.95","On","12.877576,77.619025",
"09-Sep-2026 12:22:44","7.91","4.11","13.95","On","12.877439,77.618476",
"09-Sep-2026 12:22:53","12.67","4.11","14","On","12.877368,77.618266",
"09-Sep-2026 12:22:54","12.67","4.11","14","On","12.877368,77.618266",
"09-Sep-2026 12:23:23","6.67","4.11","13.98","On","12.876354,77.617811",
"09-Sep-2026 12:23:24","9.23","4.11","13.98","On","12.876259,77.617807",
"09-Sep-2026 12:23:39","15.99","4.11","13.98","On","12.875927,77.617784",
"09-Sep-2026 12:23:44","11.37","4.11","13.98","On","12.875882,77.617912",
"09-Sep-2026 12:23:53","0.72","4.11","13.95","On","12.875966,77.617927",
"09-Sep-2026 12:24:09","4.06","4.11","13.95","On","12.875986,77.617927",
"09-Sep-2026 12:24:23","13.39","4.11","13.93","On","12.875878,77.617943",
"09-Sep-2026 12:24:24","20.87","4.11","13.93","On","12.875727,77.617971",
"09-Sep-2026 12:24:53","0.19","4.11","13.93","On","12.875228,77.618187",
"09-Sep-2026 12:25:23","0.17","4.11","13.98","On","12.875192,77.618169",
"09-Sep-2026 12:25:53","0.2","4.11","13.98","On","12.875171,77.618155",
"09-Sep-2026 12:26:14","2.28","4.11","13.98","On","12.875149,77.61815",
"09-Sep-2026 12:26:23","25.71","4.11","14","On","12.875228,77.617998",
"09-Sep-2026 12:26:24","37.95","4.11","14","On","12.875521,77.617844",
"09-Sep-2026 12:26:29","32","4.11","14","On","12.875825,77.617626",
"09-Sep-2026 12:26:34","31.69","4.11","14","On","12.875951,77.617333",
"09-Sep-2026 12:26:44","15.07","4.11","14","On","12.875858,77.616939",
"09-Sep-2026 12:26:53","15.42","4.11","13.98","On","12.875533,77.616906",
"09-Sep-2026 12:27:14","5.12","4.11","13.98","On","12.874612,77.61681",
"09-Sep-2026 12:27:23","0.05","4.11","13.95","On","12.87453,77.616793",
"09-Sep-2026 12:27:53","0.39","4.11","13.98","On","12.874531,77.616812",
"09-Sep-2026 12:28:23","0.14","4.11","14","On","12.87453,77.616805",
"09-Sep-2026 12:28:53","0.14","4.11","14","On","12.874527,77.616812",
"09-Sep-2026 12:29:23","0.28","4.11","14","On","12.874523,77.616822",
"09-Sep-2026 12:29:53","0.07","4.11","14.05","On","12.874524,77.616829",
"09-Sep-2026 12:30:23","0.57","4.11","14","On","12.874518,77.616832",
"09-Sep-2026 12:30:53","0.11","4.11","14","On","12.874508,77.61683",
"09-Sep-2026 12:31:23","0.25","4.11","13.98","On","12.874509,77.616829",
"09-Sep-2026 12:31:53","0.36","4.11","13.98","On","12.874514,77.61683",
"09-Sep-2026 12:32:23","0.31","4.11","14.03","On","12.874526,77.616842",
"09-Sep-2026 12:32:53","0.07","4.11","14","On","12.87454,77.616838",
"09-Sep-2026 12:33:23","0.09","4.11","14","On","12.874538,77.616835",
"09-Sep-2026 12:33:39","12.78","4.11","14","On","12.874646,77.616875",
"09-Sep-2026 12:33:53","22.29","4.11","13.98","On","12.875534,77.616925",
"09-Sep-2026 12:34:04","13.25","4.11","13.98","On","12.876037,77.617008",
"09-Sep-2026 12:34:14","8.75","4.11","13.98","On","12.87601,77.617384",
"09-Sep-2026 12:34:23","2.58","4.11","13.98","On","12.876004,77.617495",
"09-Sep-2026 12:34:53","0.92","4.11","13.95","On","12.875944,77.617884",
"09-Sep-2026 12:35:23","18.64","4.11","14","On","12.876488,77.617958",
"09-Sep-2026 12:35:24","18.64","4.11","14","On","12.876488,77.617958",
"09-Sep-2026 12:35:29","14.5","4.11","14","On","12.876602,77.618071",
"09-Sep-2026 12:35:34","8.09","4.11","14","On","12.876562,77.618249",
"09-Sep-2026 12:35:39","14.92","4.11","14","On","12.876486,77.618354",
"09-Sep-2026 12:35:44","4.93","4.11","14","On","12.876382,77.618343",
"09-Sep-2026 12:35:49","11.69","4.11","14","On","12.876346,77.618286",
"09-Sep-2026 12:35:53","7.39","4.11","14","On","12.876345,77.618189",
"09-Sep-2026 12:35:54","10.22","4.11","14","On","12.87626,77.618127",
"09-Sep-2026 12:36:23","0.71","4.11","14","On","12.876183,77.618206",
"09-Sep-2026 12:36:53","0.36","4.11","14","On","12.876172,77.618286",
"09-Sep-2026 12:37:23","2.41","4.11","14","On","12.876133,77.618291",
"09-Sep-2026 12:37:53","1.19","4.11","14","On","12.876151,77.618288",
"09-Sep-2026 12:38:23","0.53","4.11","13.98","On","12.87619,77.618326",
"09-Sep-2026 12:39:23","1.38","4.11","14","On","12.876195,77.618394",
"09-Sep-2026 12:39:53","1.1","4.11","14","On","12.876196,77.618412",
"09-Sep-2026 12:40:23","0.43","4.11","14.03","On","12.876197,77.618377",
"09-Sep-2026 12:40:53","2.69","4.11","14","On","12.876181,77.618407",
"09-Sep-2026 12:41:23","3.09","4.11","14","On","12.876198,77.618406",
"09-Sep-2026 12:41:53","1.9","4.11","14","On","12.876216,77.618456",
"09-Sep-2026 12:42:23","0.3","4.11","14","On","12.876207,77.618432",
"09-Sep-2026 12:42:53","0.52","4.11","14","On","12.8762,77.618457",
"09-Sep-2026 12:43:04","4.39","4.11","14","On","12.876198,77.618499",
"09-Sep-2026 12:43:23","0.37","4.11","14","On","12.876184,77.61848",
"09-Sep-2026 12:43:53","11.82","4.11","13.98","On","12.876126,77.618615",
"09-Sep-2026 12:43:54","11.82","4.11","13.98","On","12.876126,77.618615",
"09-Sep-2026 12:43:59","7","4.11","13.98","On","12.875997,77.618606",
"09-Sep-2026 12:44:04","10.44","4.11","13.98","On","12.875943,77.618503",
"09-Sep-2026 12:44:14","8.35","4.11","13.98","On","12.875928,77.618323",
"09-Sep-2026 12:44:19","17.05","4.11","13.98","On","12.875629,77.618262",
"09-Sep-2026 12:44:23","18.26","4.11","14","On","12.875476,77.618317",
"09-Sep-2026 12:44:29","16.01","4.11","14","On","12.875324,77.618364",
"09-Sep-2026 12:44:34","12.33","4.11","14","On","12.875306,77.618251",
"09-Sep-2026 12:44:44","22.5","4.11","14","On","12.875958,77.61777",
"09-Sep-2026 12:44:49","25.06","4.11","14","On","12.876018,77.617496",
"09-Sep-2026 12:44:53","21.8","4.11","13.95","On","12.876043,77.61727",
"09-Sep-2026 12:45:23","46.22","4.11","14","On","12.876297,77.615092",
"09-Sep-2026 12:45:53","35.45","4.11","13.95","On","12.876196,77.612782",
"09-Sep-2026 12:45:59","13.57","4.11","13.95","On","12.876241,77.612311",
"09-Sep-2026 12:46:19","16.43","4.11","13.95","On","12.875891,77.612178",
"09-Sep-2026 12:46:23","24.93","4.11","13.98","On","12.875673,77.612128",
"09-Sep-2026 12:46:39","1.06","4.11","13.98","On","12.875082,77.612217",
"09-Sep-2026 12:46:53","3.37","4.11","13.93","On","12.875166,77.612319",
"09-Sep-2026 12:47:23","0.24","4.11","14","On","12.875182,77.612303",
"09-Sep-2026 12:47:53","0.33","4.11","14.03","On","12.875181,77.612298",
"09-Sep-2026 12:48:19","11.3","4.11","14.03","On","12.875215,77.612297",
"09-Sep-2026 12:48:23","20.16","4.11","14.03","On","12.875383,77.612294",
"09-Sep-2026 12:48:34","16.04","4.11","14.03","On","12.875834,77.612287",
"09-Sep-2026 12:48:39","20.35","4.11","14.03","On","12.875984,77.612363",
"09-Sep-2026 12:48:49","7.47","4.11","14.03","On","12.875963,77.612612",
"09-Sep-2026 12:48:53","7.96","4.11","14","On","12.875894,77.612642",
"09-Sep-2026 12:49:23","0.33","4.11","13.95","On","12.875808,77.61264",
"09-Sep-2026 12:49:53","0.21","4.11","13.95","On","12.875808,77.612644",
"09-Sep-2026 12:50:23","0.08","4.11","14.03","On","12.87581,77.612639",
"09-Sep-2026 12:50:53","0.44","4.11","13.95","On","12.875812,77.61266",
"09-Sep-2026 12:51:23","0.25","4.11","13.98","On","12.875814,77.612656",
"09-Sep-2026 12:51:53","0.4","4.11","13.98","On","12.875819,77.612659",
"09-Sep-2026 12:52:23","0.57","4.11","14.03","On","12.875817,77.612661",
"09-Sep-2026 12:52:53","0.14","4.11","14","On","12.875818,77.612657",
"09-Sep-2026 12:53:23","0.12","4.11","14.03","On","12.875821,77.612644",
"09-Sep-2026 12:53:53","0.38","4.11","14.03","On","12.87582,77.612654",
"09-Sep-2026 12:54:23","0.19","4.11","14.03","On","12.875821,77.612652",
"09-Sep-2026 12:54:53","0.23","4.11","13.98","On","12.875821,77.612654",
"09-Sep-2026 12:55:23","0.45","4.11","14","On","12.875822,77.612652",
"09-Sep-2026 12:55:44","10.73","4.11","14","On","12.875655,77.612702",
"09-Sep-2026 12:55:53","16.04","4.11","13.95","On","12.875482,77.612697",
"09-Sep-2026 12:56:04","3.18","4.11","13.95","On","12.875107,77.612661",
"09-Sep-2026 12:56:09","20.25","4.11","13.95","On","12.875049,77.612566",
"09-Sep-2026 12:56:23","9.24","4.11","13.98","On","12.874985,77.612193",
"09-Sep-2026 12:56:24","9.24","4.11","13.98","On","12.874985,77.612193",
"09-Sep-2026 12:56:49","14.65","4.11","13.98","On","12.874253,77.611699",
"09-Sep-2026 12:56:53","13.96","4.11","13.98","On","12.874062,77.61166",
"09-Sep-2026 12:57:23","0.44","4.11","13.98","On","12.873838,77.611652",
"09-Sep-2026 12:57:53","0.51","4.11","14","On","12.873818,77.611684",
"09-Sep-2026 12:58:23","0.52","4.11","14","On","12.873808,77.611695",
"09-Sep-2026 12:58:53","0.73","4.11","14","On","12.873777,77.611679",
"09-Sep-2026 12:59:23","1.14","4.11","14","On","12.873762,77.611666",
"09-Sep-2026 12:59:53","0.11","4.11","14","On","12.873795,77.61169",
"09-Sep-2026 13:00:23","0.48","4.11","14","On","12.873817,77.611676",
"09-Sep-2026 13:00:53","1","4.11","14.03","On","12.873835,77.611667",
"09-Sep-2026 13:01:23","0.29","4.11","14","On","12.873812,77.611665",
"09-Sep-2026 13:01:53","0.21","4.11","14","On","12.873799,77.611683",
"09-Sep-2026 13:02:23","3.67","4.11","14.03","On","12.873764,77.611707",
"09-Sep-2026 13:02:24","3.67","4.11","14.03","On","12.873764,77.611707",
"09-Sep-2026 13:02:39","10.96","4.11","14.03","On","12.87385,77.611638",
"09-Sep-2026 13:02:49","31.3","4.11","14.03","On","12.874341,77.611682",
"09-Sep-2026 13:02:53","19.46","4.11","14","On","12.874629,77.611738",
"09-Sep-2026 13:02:54","19.46","4.11","14","On","12.874629,77.611738",
"09-Sep-2026 13:02:59","4.69","4.11","14","On","12.874669,77.611794",
"09-Sep-2026 13:03:14","20.24","4.11","14","On","12.875106,77.612127",
"09-Sep-2026 13:03:19","34.3","4.11","14","On","12.875388,77.61207",
"09-Sep-2026 13:03:23","29.37","4.11","13.98","On","12.875713,77.612029",
"09-Sep-2026 13:03:29","24.16","4.11","13.98","On","12.875974,77.612096",
"09-Sep-2026 13:03:44","3.41","4.11","13.98","On","12.876286,77.612189",
"09-Sep-2026 13:03:49","32.94","4.11","13.98","On","12.876304,77.612489",
"09-Sep-2026 13:03:53","39.83","4.11","13.98","On","12.876197,77.612858",
"09-Sep-2026 13:04:04","8.56","4.11","13.98","On","12.876043,77.613247",
"09-Sep-2026 13:04:09","34.26","4.11","13.98","On","12.87558,77.613296",
"09-Sep-2026 13:04:23","21.14","4.11","13.98","On","12.874675,77.613437",
"09-Sep-2026 13:04:53","15.92","4.11","13.98","On","12.873357,77.613746",
"09-Sep-2026 13:05:14","25.18","4.11","13.98","On","12.872826,77.613503",
"09-Sep-2026 13:05:23","21.15","4.11","14","On","12.872842,77.613019",
"09-Sep-2026 13:05:34","16.07","4.11","14","On","12.872789,77.61247",
"09-Sep-2026 13:05:53","22.11","4.11","13.98","On","12.871814,77.612386",
"09-Sep-2026 13:06:23","11.09","4.11","14","On","12.869929,77.612321",
"09-Sep-2026 13:06:34","12.12","4.11","14","On","12.869598,77.612251",
"09-Sep-2026 13:06:44","8.7","4.11","14","On","12.869605,77.611884",
"09-Sep-2026 13:06:49","18.12","4.11","14","On","12.869505,77.611871",
"09-Sep-2026 13:06:53","25.1","4.11","14","On","12.869286,77.611879",
"09-Sep-2026 13:07:14","8.72","4.11","14","On","12.868079,77.611873",
"09-Sep-2026 13:07:19","23.08","4.11","14","On","12.868058,77.611727",
"09-Sep-2026 13:07:23","13.58","4.11","14","On","12.868055,77.611523",
"09-Sep-2026 13:07:29","7.16","4.11","14","On","12.867987,77.611466",
"09-Sep-2026 13:07:53","14.07","4.11","14","On","12.866793,77.611506",
"09-Sep-2026 13:07:59","15.41","4.11","14","On","12.866632,77.611373",
"09-Sep-2026 13:08:04","13.12","4.11","14","On","12.86664,77.611229",
"09-Sep-2026 13:08:09","17.07","4.11","14","On","12.86676,77.611186",
"09-Sep-2026 13:08:14","0.36","4.11","14","On","12.86689,77.611178",
"09-Sep-2026 13:08:23","0.39","4.11","13.98","On","12.866891,77.611177",
"09-Sep-2026 13:08:53","0.05","4.11","14.03","On","12.866891,77.611181",
"09-Sep-2026 13:09:23","0.16","4.11","14.03","On","12.866886,77.611179",
"09-Sep-2026 13:09:53","0.18","4.11","14.03","On","12.866876,77.611176",
"09-Sep-2026 13:10:23","0.28","4.11","14.03","On","12.866873,77.611179",
"09-Sep-2026 13:10:53","0.48","4.11","14.07","On","12.866895,77.611188",
"09-Sep-2026 13:11:23","0.38","4.11","14.07","On","12.866901,77.611189",
"09-Sep-2026 13:11:53","0.51","4.11","14.05","On","12.866902,77.611185",
"09-Sep-2026 13:12:23","6.69","4.11","14.03","On","12.866852,77.611199",
"09-Sep-2026 13:12:49","10.9","4.11","14.03","On","12.866651,77.611265",
"09-Sep-2026 13:12:53","19.59","4.11","13.98","On","12.866651,77.61143",
"09-Sep-2026 13:12:54","13.91","4.11","13.98","On","12.866755,77.611523",
"09-Sep-2026 13:13:09","22.71","4.11","13.98","On","12.867441,77.611463",
"09-Sep-2026 13:13:14","23.19","4.11","13.98","On","12.867911,77.611425",
"09-Sep-2026 13:13:19","17.15","4.11","13.98","On","12.868046,77.611507",
"09-Sep-2026 13:13:23","27.41","4.11","13.98","On","12.868021,77.611741",
"09-Sep-2026 13:13:39","8.75","4.11","13.98","On","12.867986,77.612487",
"09-Sep-2026 13:13:53","1.47","4.11","13.98","On","12.867938,77.612522",
"09-Sep-2026 13:14:09","11.06","4.11","13.98","On","12.867987,77.612509",
"09-Sep-2026 13:14:23","13.66","4.11","14","On","12.868063,77.611924",
"09-Sep-2026 13:14:24","13.66","4.11","14","On","12.868063,77.611924",
"09-Sep-2026 13:14:29","15.77","4.11","14","On","12.868207,77.611901",
"09-Sep-2026 13:14:34","28.53","4.11","14","On","12.868654,77.611879",
"09-Sep-2026 13:14:39","29.29","4.11","14","On","12.868963,77.611886",
"09-Sep-2026 13:14:44","32.81","4.11","14","On","12.869291,77.61188",
"09-Sep-2026 13:14:49","11.5","4.11","14","On","12.869555,77.61186",
"09-Sep-2026 13:14:53","15.06","4.11","13.95","On","12.869608,77.611943",
"09-Sep-2026 13:14:54","33.82","4.11","13.95","On","12.869545,77.612198",
"09-Sep-2026 13:15:23","44.05","4.11","13.98","On","12.869226,77.614736",
"09-Sep-2026 13:15:49","5.24","4.11","13.98","On","12.868933,77.616209",
"09-Sep-2026 13:15:53","17.6","4.11","14","On","12.868823,77.616211",
"09-Sep-2026 13:15:54","31.93","4.11","14","On","12.868569,77.616189",
"09-Sep-2026 13:16:09","11","4.11","14","On","12.867914,77.616209",
"09-Sep-2026 13:16:23","3.57","4.11","13.93","On","12.867821,77.616585",
"09-Sep-2026 13:16:34","5.46","4.11","13.93","On","12.86779,77.616624",
"09-Sep-2026 13:16:39","21.53","4.11","13.93","On","12.867621,77.61655",
"09-Sep-2026 13:16:53","9.65","4.11","13.95","On","12.867019,77.616347",
"09-Sep-2026 13:16:54","9.65","4.11","13.95","On","12.867019,77.616347",
"09-Sep-2026 13:17:14","16.49","4.11","13.95","On","12.866504,77.616254",
"09-Sep-2026 13:17:23","21.08","4.11","14","On","12.866222,77.615751",
"09-Sep-2026 13:17:24","21.08","4.11","14","On","12.866222,77.615751",
"09-Sep-2026 13:17:53","17.36","4.11","13.98","On","12.865032,77.615417",
"09-Sep-2026 13:17:59","7.67","4.11","13.98","On","12.864842,77.615377",
"09-Sep-2026 13:18:23","24.22","4.11","14","On","12.863573,77.615082",
"09-Sep-2026 13:18:53","14.28","4.11","14","On","12.862606,77.614891",
"09-Sep-2026 13:18:54","14.28","4.11","14","On","12.862606,77.614891",
"09-Sep-2026 13:19:23","20.44","4.11","14.03","On","12.861597,77.613821",
"09-Sep-2026 13:19:49","23.1","4.11","14.03","On","12.860586,77.612887",
"09-Sep-2026 13:19:53","18.18","4.11","14","On","12.860382,77.612804",
"09-Sep-2026 13:20:09","10.61","4.11","14","On","12.859958,77.612703",
"09-Sep-2026 13:20:19","10.02","4.11","14","On","12.859817,77.613275",
"09-Sep-2026 13:20:23","12.7","4.11","13.98","On","12.859809,77.613394",
"09-Sep-2026 13:20:53","0.68","4.11","13.98","On","12.859786,77.613557",
"09-Sep-2026 13:21:23","0.31","4.11","13.95","On","12.859772,77.613535",
"09-Sep-2026 13:21:53","9.8","4.11","13.98","On","12.85973,77.613613",
"09-Sep-2026 13:21:59","13.35","4.11","13.98","On","12.859754,77.613778",
"09-Sep-2026 13:22:04","4.19","4.11","13.98","On","12.859734,77.613928",
"09-Sep-2026 13:22:23","7.59","4.11","14","On","12.859478,77.614574",
"09-Sep-2026 13:22:53","13.53","4.11","14","On","12.85912,77.61496",
"09-Sep-2026 13:22:54","13.53","4.11","14","On","12.85912,77.61496",
"09-Sep-2026 13:23:09","19.42","4.11","14","On","12.858647,77.615445",
"09-Sep-2026 13:23:19","25.96","4.11","14","On","12.858894,77.615696",
"09-Sep-2026 13:23:23","18.58","4.11","13.98","On","12.859132,77.615762",
"09-Sep-2026 13:23:24","18.58","4.11","13.98","On","12.859132,77.615762",
"09-Sep-2026 13:23:29","5.09","4.11","13.98","On","12.859192,77.615889",
"09-Sep-2026 13:23:39","13.45","4.11","13.98","On","12.85895,77.616119",
"09-Sep-2026 13:23:53","0.42","4.11","13.95","On","12.858955,77.616195",
"09-Sep-2026 13:24:23","0.39","4.11","14.03","On","12.858949,77.616176",
"09-Sep-2026 13:24:53","0.8","4.11","14.03","On","12.858951,77.616172",
"09-Sep-2026 13:25:23","0.6","4.11","14.05","On","12.858972,77.616186",
"09-Sep-2026 13:25:53","0.27","4.11","14.03","On","12.858979,77.61621",
"09-Sep-2026 13:26:23","0.54","4.11","14.05","On","12.85897,77.616229",
"09-Sep-2026 13:26:53","0.32","4.11","14.05","On","12.858948,77.616212",
"09-Sep-2026 13:27:23","0.34","4.11","14.05","On","12.858966,77.616214",
"09-Sep-2026 13:27:53","0.6","4.11","14.05","On","12.858982,77.616235",
"09-Sep-2026 13:28:23","0.34","4.11","14.05","On","12.858972,77.616219",
"09-Sep-2026 13:28:53","0.53","4.11","14.07","On","12.858956,77.616207",
"09-Sep-2026 13:29:23","9.23","4.11","14.03","On","12.858964,77.616271",
"09-Sep-2026 13:29:34","7.75","4.11","14.03","On","12.858793,77.616612",
"09-Sep-2026 13:29:39","19.46","4.11","14.03","On","12.858641,77.616553",
"09-Sep-2026 13:29:53","4.26","4.11","13.98","On","12.858298,77.616226",
"09-Sep-2026 13:29:59","10.15","4.11","13.98","On","12.858296,77.616161",
"09-Sep-2026 13:30:14","3.49","4.11","13.98","On","12.858378,77.615713",
"09-Sep-2026 13:30:23","7.52","4.11","13.98","On","12.858455,77.615581",
"09-Sep-2026 13:30:49","14.77","4.11","13.98","On","12.858379,77.615155",
"09-Sep-2026 13:30:53","19.68","4.11","14","On","12.858276,77.61498",
"09-Sep-2026 13:31:04","13.06","4.11","14","On","12.858074,77.614882",
"09-Sep-2026 13:31:19","12.26","4.11","14","On","12.857759,77.615028",
"09-Sep-2026 13:31:23","19.16","4.11","13.98","On","12.857652,77.614885",
"09-Sep-2026 13:31:53","1.45","4.11","14","On","12.857178,77.61402",
"09-Sep-2026 13:32:23","0.2","4.11","14.03","On","12.857203,77.613967",
"09-Sep-2026 13:32:53","0.64","4.11","14.05","On","12.857189,77.613966",
"09-Sep-2026 13:32:59","3.9","4.11","14.05","On","12.857182,77.613969",
"09-Sep-2026 13:33:23","0.15","4.11","14.03","On","12.857176,77.613963",
"09-Sep-2026 13:33:53","0.38","4.11","14.03","On","12.857189,77.613952",
"09-Sep-2026 13:34:23","0.27","4.11","14.03","On","12.857195,77.613933",
"09-Sep-2026 13:34:53","0.11","4.11","14.05","On","12.857197,77.613925",
"09-Sep-2026 13:35:23","0.3","4.11","14.03","On","12.857199,77.613923",
"09-Sep-2026 13:35:53","0.08","4.11","14.05","On","12.8572,77.613918",
"09-Sep-2026 13:36:23","1.63","4.11","14.03","On","12.857203,77.613932",
"09-Sep-2026 13:36:53","0.39","4.11","14.03","On","12.857197,77.613933",
"09-Sep-2026 13:37:23","0.18","4.11","14.05","On","12.857216,77.613918",
"09-Sep-2026 13:37:53","0.16","4.11","14.05","On","12.857219,77.61391",
"09-Sep-2026 13:38:23","0.22","4.11","14.03","On","12.857214,77.613913",
"09-Sep-2026 13:38:53","2.95","4.11","14.05","On","12.857202,77.613911",
"09-Sep-2026 13:39:23","1.9","4.11","14","On","12.857241,77.613914",
"09-Sep-2026 13:39:39","16.9","4.11","14","On","12.857287,77.614077",
"09-Sep-2026 13:39:53","19.2","4.11","14","On","12.857598,77.614688",
"09-Sep-2026 13:39:59","12.15","4.11","14","On","12.857816,77.614966",
"09-Sep-2026 13:40:04","11.05","4.11","14","On","12.857856,77.614958",
"09-Sep-2026 13:40:23","21.73","4.11","14.03","On","12.858429,77.614528",
"09-Sep-2026 13:40:24","21.73","4.11","14.03","On","12.858429,77.614528",
"09-Sep-2026 13:40:39","15.52","4.11","14.03","On","12.858695,77.614196",
"09-Sep-2026 13:40:44","24.23","4.11","14.03","On","12.858964,77.614039",
"09-Sep-2026 13:40:49","3.95","4.11","14.03","On","12.859105,77.614006",
"09-Sep-2026 13:40:53","20.56","4.11","14","On","12.859212,77.613912",
"09-Sep-2026 13:40:54","20.56","4.11","14","On","12.859212,77.613912",
"09-Sep-2026 13:41:04","17.73","4.11","14","On","12.859538,77.613625",
"09-Sep-2026 13:41:23","10.45","4.11","13.98","On","12.859912,77.6127",
"09-Sep-2026 13:41:24","10.45","4.11","13.98","On","12.859912,77.6127",
"09-Sep-2026 13:41:29","10.06","4.11","13.98","On","12.860001,77.612658",
"09-Sep-2026 13:41:34","24.98","4.11","13.98","On","12.860147,77.61269",
"09-Sep-2026 13:41:53","29.87","4.11","13.95","On","12.861218,77.61329",
"09-Sep-2026 13:41:54","29.87","4.11","13.95","On","12.861218,77.61329",
"09-Sep-2026 13:42:19","11.17","4.11","13.95","On","12.861913,77.614009",
"09-Sep-2026 13:42:23","8.65","4.11","13.98","On","12.861944,77.613924",
"09-Sep-2026 13:42:24","8.65","4.11","13.98","On","12.861944,77.613924",
"09-Sep-2026 13:42:53","2.91","4.11","13.98","On","12.861954,77.613535",
"09-Sep-2026 13:43:23","13.05","4.11","13.98","On","12.861931,77.613418",
"09-Sep-2026 13:43:49","20.03","4.11","13.98","On","12.862004,77.61239",
"09-Sep-2026 13:43:53","21.49","4.11","14","On","12.862092,77.612212",
"09-Sep-2026 13:43:54","21.49","4.11","14","On","12.862092,77.612212",
"09-Sep-2026 13:43:59","9.92","4.11","14","On","12.862065,77.611812",
"09-Sep-2026 13:44:23","0.67","4.11","13.95","On","12.862132,77.61162",
"09-Sep-2026 13:44:53","0.18","4.11","14","On","12.862146,77.611623",
"09-Sep-2026 13:45:23","0.38","4.11","14.05","On","12.862153,77.611624",
"09-Sep-2026 13:45:53","0.16","4.11","13.98","On","12.862161,77.611628",
"09-Sep-2026 13:46:23","0.04","4.11","14","On","12.862154,77.611636",
"09-Sep-2026 13:46:53","0.31","4.11","13.98","On","12.862156,77.61164",
"09-Sep-2026 13:47:23","0.52","4.11","14","On","12.862169,77.611644",
"09-Sep-2026 13:47:53","0.2","4.11","14","On","12.862158,77.611653",
"09-Sep-2026 13:48:23","0.76","4.11","13.98","On","12.862161,77.611653",
"09-Sep-2026 13:48:53","0.15","4.11","14","On","12.862146,77.611652",
"09-Sep-2026 13:49:23","0.2","4.11","14.05","On","12.862141,77.611646",
"09-Sep-2026 13:49:53","0.22","4.11","14.03","On","12.862158,77.611647",
"09-Sep-2026 13:50:23","0.15","4.11","14","On","12.862153,77.611647",
"09-Sep-2026 13:50:29","11.57","4.11","14","On","12.862108,77.611615",
"09-Sep-2026 13:50:34","20.66","4.11","14","On","12.862131,77.611442",
"09-Sep-2026 13:50:53","32.66","4.11","14","On","12.862573,77.610454",
"09-Sep-2026 13:50:59","14.22","4.11","14","On","12.862785,77.610019",
"09-Sep-2026 13:51:23","0.53","4.11","14","On","12.86291,77.609865",
"09-Sep-2026 13:51:53","0.27","4.11","14.05","On","12.862912,77.60986",
"09-Sep-2026 13:52:23","0.12","4.11","14.05","On","12.862924,77.609853",
"09-Sep-2026 13:52:53","0.58","4.11","14.07","On","12.862924,77.60986",
"09-Sep-2026 13:53:23","0.23","4.11","14.07","On","12.862918,77.609851",
"09-Sep-2026 13:53:53","0.25","4.11","14.07","On","12.862912,77.609848",
"09-Sep-2026 13:54:23","0.71","4.11","14.07","On","12.862899,77.609844",
"09-Sep-2026 13:54:53","0.13","4.11","14.07","On","12.862874,77.60983",
"09-Sep-2026 13:55:23","0.46","4.11","14.05","On","12.86289,77.609835",
"09-Sep-2026 13:55:53","0.11","4.11","14.05","On","12.862882,77.609825",
"09-Sep-2026 13:56:23","0.55","4.11","14.07","On","12.862896,77.60984",
"09-Sep-2026 13:56:53","0.23","4.11","14.05","On","12.862886,77.609846",
"09-Sep-2026 13:57:23","0.31","4.11","14.1","On","12.86286,77.609846",
"09-Sep-2026 13:57:53","0.63","4.11","14.05","On","12.862841,77.609836",
"09-Sep-2026 13:58:23","0.37","4.11","14.05","On","12.862845,77.609841",
"09-Sep-2026 13:58:53","0.66","4.11","14","On","12.862862,77.609837",
"09-Sep-2026 13:59:23","0.54","4.11","13.98","On","12.862891,77.609846",
"09-Sep-2026 13:59:53","0.77","4.11","13.95","On","12.862857,77.609836",
"09-Sep-2026 14:00:23","0.47","4.11","13.98","On","12.86282,77.609833",
"09-Sep-2026 14:00:53","0.2","4.11","13.95","On","12.862836,77.609835",
"09-Sep-2026 14:01:23","0.46","4.11","13.95","On","12.86285,77.60984",
"09-Sep-2026 14:01:53","0.58","4.11","13.98","On","12.862881,77.609848",
"09-Sep-2026 14:02:23","0.42","4.11","13.98","On","12.862861,77.609832",
"09-Sep-2026 14:02:53","0.87","4.11","13.98","On","12.862889,77.609824",
"09-Sep-2026 14:03:23","0.2","4.11","13.98","On","12.862884,77.609827",
"09-Sep-2026 14:03:53","0.58","4.11","13.98","On","12.862868,77.609816",
"09-Sep-2026 14:04:23","0.93","4.11","14","On","12.862865,77.609803",
"09-Sep-2026 14:04:53","0.23","4.11","13.98","On","12.862879,77.609807",
"09-Sep-2026 14:05:23","0.18","4.11","13.93","On","12.862906,77.609822",
"09-Sep-2026 14:05:40","4.59","4.11","13.93","On","12.862919,77.609814",
"09-Sep-2026 14:05:45","24.03","4.11","13.93","On","12.863221,77.60969",
"09-Sep-2026 14:05:53","29.69","4.11","13.95","On","12.863719,77.609705",
"09-Sep-2026 14:05:55","29.69","4.11","13.95","On","12.863719,77.609705",
"09-Sep-2026 14:06:00","13.57","4.11","13.95","On","12.863944,77.609707",
"09-Sep-2026 14:06:05","23.74","4.11","13.95","On","12.864353,77.609688",
"09-Sep-2026 14:06:15","18.88","4.11","13.95","On","12.864751,77.609612",
"09-Sep-2026 14:06:20","22.55","4.11","13.95","On","12.864805,77.609425",
"09-Sep-2026 14:06:23","21.12","4.11","14","On","12.864815,77.609212",
"09-Sep-2026 14:06:25","31.25","4.11","14","On","12.865052,77.609132",
"09-Sep-2026 14:06:35","15.57","4.11","14","On","12.865427,77.609141",
"09-Sep-2026 14:06:40","12.64","4.11","14","On","12.865482,77.609284",
"09-Sep-2026 14:06:45","0.23","4.11","14","On","12.865576,77.609357",
"09-Sep-2026 14:06:53","0.37","4.11","13.95","On","12.865561,77.609376",
"09-Sep-2026 14:07:23","0.44","4.11","14","On","12.865568,77.609352",
"09-Sep-2026 14:07:53","0.24","4.11","14.03","On","12.865573,77.609354",
"09-Sep-2026 14:08:23","0.39","4.11","14.03","On","12.86556,77.609369",
"09-Sep-2026 14:08:53","0.47","4.11","14.03","On","12.865564,77.609359",
"09-Sep-2026 14:09:23","0.32","4.11","14.03","On","12.865564,77.609353",
"09-Sep-2026 14:09:53","0.09","4.11","14.03","On","12.865566,77.609343",
"09-Sep-2026 14:10:23","0.52","4.11","14","On","12.86558,77.609344",
"09-Sep-2026 14:10:53","0.22","4.11","14.03","On","12.865592,77.609331",
"09-Sep-2026 14:11:15","28.02","4.11","14.03","On","12.865698,77.60946",
"09-Sep-2026 14:11:23","31.03","4.11","14","On","12.86559,77.61001",
"09-Sep-2026 14:11:25","31.03","4.11","14","On","12.86559,77.61001",
"09-Sep-2026 14:11:30","8.03","4.11","14","On","12.86531,77.609673",
"09-Sep-2026 14:11:35","20.35","4.11","14","On","12.865199,77.609648",
"09-Sep-2026 14:11:40","9.69","4.11","14","On","12.865132,77.609838",
"09-Sep-2026 14:11:53","36.93","4.11","13.98","On","12.865187,77.610917",
"09-Sep-2026 14:11:55","36.93","4.11","13.98","On","12.865187,77.610917",
"09-Sep-2026 14:12:05","30.83","4.11","13.98","On","12.865273,77.611436",
"09-Sep-2026 14:12:10","22.79","4.11","13.98","On","12.865901,77.61157",
"09-Sep-2026 14:12:15","32.39","4.11","13.98","On","12.865852,77.611889",
"09-Sep-2026 14:12:20","31.78","4.11","13.98","On","12.865549,77.611915",
"09-Sep-2026 14:12:23","33.5","4.11","13.98","On","12.865261,77.611882",
"09-Sep-2026 14:12:50","29.37","4.11","13.98","On","12.863251,77.611393",
"09-Sep-2026 14:12:53","29.78","4.11","13.95","On","12.863012,77.611258",
"09-Sep-2026 14:12:55","29.78","4.11","13.95","On","12.863012,77.611258",
"09-Sep-2026 14:13:00","15.25","4.11","13.95","On","12.86283,77.611388",
"09-Sep-2026 14:13:10","29.27","4.11","13.95","On","12.862485,77.612196",
"09-Sep-2026 14:13:20","33.24","4.11","13.95","On","12.862126,77.61262",
"09-Sep-2026 14:13:23","8.93","4.11","13.98","On","12.862096,77.612799",
"09-Sep-2026 14:13:53","0.13","4.11","14.03","On","12.862049,77.613952",
"09-Sep-2026 14:14:23","0.16","4.11","14.03","On","12.862059,77.613966",
"09-Sep-2026 14:14:53","0.32","4.11","14","On","12.862057,77.613992",
"09-Sep-2026 14:15:23","0.11","4.11","14.03","On","12.862058,77.614011",
"09-Sep-2026 14:15:53","0.38","4.11","14.03","On","12.862052,77.614011",
"09-Sep-2026 14:16:23","0.1","4.11","14.03","On","12.862045,77.614004",
"09-Sep-2026 14:16:53","0.21","4.11","14.03","On","12.862044,77.614001",
"09-Sep-2026 14:17:23","0.95","4.11","14.03","On","12.862044,77.614002",
"09-Sep-2026 14:17:35","17.82","4.11","14.03","On","12.862011,77.614179",
"09-Sep-2026 14:17:53","10.54","4.11","13.98","On","12.862818,77.615114",
"09-Sep-2026 14:18:23","30.82","4.11","13.98","On","12.863979,77.616866",
"09-Sep-2026 14:18:53","17.51","4.11","13.98","On","12.8654,77.618707",
"09-Sep-2026 14:19:20","12.37","4.11","13.98","On","12.866,77.61963",
"09-Sep-2026 14:19:23","15.19","4.11","14","On","12.866107,77.619734",
"09-Sep-2026 14:19:53","25.35","4.11","13.95","On","12.868372,77.621171",
"09-Sep-2026 14:20:00","5.61","4.11","13.95","On","12.868481,77.621221",
"09-Sep-2026 14:20:15","38.86","4.11","13.95","On","12.869479,77.621922",
"09-Sep-2026 14:20:23","35.03","4.11","14","On","12.869577,77.622486",
"09-Sep-2026 14:20:40","18.95","4.11","14","On","12.87018,77.623876",
"09-Sep-2026 14:20:50","10.7","4.11","14","On","12.870155,77.624104",
"09-Sep-2026 14:20:53","27.29","4.11","13.98","On","12.869978,77.624114",
"09-Sep-2026 14:21:00","31.19","4.11","13.98","On","12.869681,77.624086",
"09-Sep-2026 14:21:23","29.32","4.11","14","On","12.867421,77.623584",
"09-Sep-2026 14:21:35","15.57","4.11","14","On","12.866616,77.623454",
"09-Sep-2026 14:21:40","0.9","4.11","14","On","12.866542,77.623488",
"09-Sep-2026 14:21:53","9.36","4.11","14","On","12.866521,77.623632",
"09-Sep-2026 14:22:23","0.11","4.11","14.03","On","12.866481,77.623775",
"09-Sep-2026 14:22:53","0.1","4.11","14.03","On","12.866478,77.623775",
"09-Sep-2026 14:23:23","0.24","4.11","14.07","On","12.866473,77.623785",
"09-Sep-2026 14:23:53","0.15","4.11","14.07","On","12.866473,77.623788",
"09-Sep-2026 14:24:23","0.14","4.11","14.07","On","12.866471,77.623788",
"09-Sep-2026 14:24:53","0.06","4.11","14.07","On","12.866471,77.6238",
"09-Sep-2026 14:25:23","0.14","4.11","14.07","On","12.866477,77.623795",
"09-Sep-2026 14:25:53","0.17","4.11","14.07","On","12.866482,77.623792",
"09-Sep-2026 14:26:23","0.09","4.11","14.05","On","12.866481,77.62378",
"09-Sep-2026 14:26:53","0.32","4.11","14.07","On","12.866478,77.62378",
"09-Sep-2026 14:27:23","0.03","4.11","14.07","On","12.866479,77.623778",
"09-Sep-2026 14:27:53","0.19","4.11","14.07","On","12.866478,77.623782",
"09-Sep-2026 14:28:23","0.1","4.11","14.07","On","12.866481,77.623788",
"09-Sep-2026 14:28:53","0.02","4.11","14.1","On","12.866477,77.623792",
"09-Sep-2026 14:29:23","0.2","4.11","13.98","On","12.866481,77.623784",
"09-Sep-2026 14:29:53","2.18","4.11","14","On","12.86649,77.623813",
"09-Sep-2026 14:30:00","17.92","4.11","14","On","12.866499,77.62372",
"09-Sep-2026 14:30:10","11.09","4.11","14","On","12.866561,77.623433",
"09-Sep-2026 14:30:15","30.38","4.11","14","On","12.866965,77.62352",
"09-Sep-2026 14:30:23","21.53","4.11","13.98","On","12.867593,77.623592",
"09-Sep-2026 14:30:53","16.4","4.11","14","On","12.870127,77.624055",
"09-Sep-2026 14:30:55","4.85","4.11","14","On","12.870225,77.624022",
"09-Sep-2026 14:31:00","18.45","4.11","14","On","12.870326,77.62403",
"09-Sep-2026 14:31:05","28.82","4.11","14","On","12.870479,77.624231",
"09-Sep-2026 14:31:10","14.99","4.11","14","On","12.870591,77.624439",
"09-Sep-2026 14:31:15","29.04","4.11","14","On","12.870928,77.624454",
"09-Sep-2026 14:31:23","22.27","4.11","13.98","On","12.871389,77.624419",
"09-Sep-2026 14:31:30","21.94","4.11","13.98","On","12.871592,77.62442",
"09-Sep-2026 14:31:53","13.49","4.11","13.98","On","12.872986,77.62474",
"09-Sep-2026 14:31:55","12.04","4.11","13.98","On","12.873131,77.624804",
"09-Sep-2026 14:32:15","5.38","4.11","13.98","On","12.873465,77.625067",
"09-Sep-2026 14:32:20","12.36","4.11","13.98","On","12.873467,77.625131",
"09-Sep-2026 14:32:23","15.03","4.11","13.98","On","12.873381,77.625211",
"09-Sep-2026 14:32:25","15.03","4.11","13.98","On","12.873381,77.625211",
"09-Sep-2026 14:32:53","29.12","4.11","14","On","12.872056,77.625948",
"09-Sep-2026 14:33:23","8.97","4.11","13.95","On","12.87052,77.626869",
"09-Sep-2026 14:33:53","0.59","4.11","14","On","12.870463,77.626927",
"09-Sep-2026 14:34:23","0.77","4.11","13.98","On","12.870025,77.627206",
"09-Sep-2026 14:34:35","1.53","4.11","13.98","On","12.870042,77.627199",
"09-Sep-2026 14:34:53","0.39","4.11","14.03","On","12.870053,77.627193",
"09-Sep-2026 14:35:23","0.36","4.11","14.1","On","12.870028,77.627184",
"09-Sep-2026 14:35:53","0.17","4.11","14.07","On","12.869995,77.627172",
"09-Sep-2026 14:36:23","0.55","4.11","14.1","On","12.869983,77.627174",
"09-Sep-2026 14:36:53","0.17","4.11","14.12","On","12.869983,77.627168",
"09-Sep-2026 14:37:23","0.35","4.11","14.1","On","12.869986,77.627176",
"09-Sep-2026 14:37:53","0.33","4.11","14.07","On","12.869986,77.627183",
"09-Sep-2026 14:38:23","0.17","4.11","14.12","On","12.869975,77.627187",
"09-Sep-2026 14:38:53","0.49","4.11","14.1","On","12.869979,77.627173",
"09-Sep-2026 14:39:23","0.25","4.11","14.07","On","12.869967,77.627157",
"09-Sep-2026 14:39:53","0.52","4.11","14.07","On","12.869975,77.627179",
"09-Sep-2026 14:40:23","0.21","4.11","14.07","On","12.869965,77.627186",
"09-Sep-2026 14:40:53","0.06","4.11","14.1","On","12.869942,77.62719",
"09-Sep-2026 14:41:23","0.66","4.11","14.12","On","12.869939,77.627183",
"09-Sep-2026 14:41:53","0.29","4.11","14.1","On","12.869927,77.627163",
"09-Sep-2026 14:42:23","0.33","4.11","14.07","On","12.869938,77.627178",
"09-Sep-2026 14:42:40","14.14","4.11","14.07","On","12.869907,77.627198",
"09-Sep-2026 14:42:53","21.57","4.11","14.03","On","12.869438,77.627495",
"09-Sep-2026 14:43:23","20.99","4.11","14","On","12.868101,77.628098",
"09-Sep-2026 14:43:53","29.93","4.11","13.98","On","12.866361,77.628842",
"09-Sep-2026 14:44:00","26.87","4.11","13.98","On","12.86588,77.629256",
"09-Sep-2026 14:44:05","3.29","4.11","13.98","On","12.865761,77.629404",
"09-Sep-2026 14:44:23","10.17","4.11","13.98","On","12.865918,77.629776",
"09-Sep-2026 14:44:30","10.61","4.11","13.98","On","12.86594,77.62988",
"09-Sep-2026 14:44:45","11.37","4.11","13.98","On","12.866039,77.630278",
"09-Sep-2026 14:44:53","10.33","4.11","14","On","12.866009,77.630507",
"09-Sep-2026 14:45:23","11.36","4.11","14.05","On","12.865901,77.631171",
"09-Sep-2026 14:45:40","7.23","4.11","14.05","On","12.86575,77.631531",
"09-Sep-2026 14:45:53","8.63","4.11","14.03","On","12.865647,77.631755",
"09-Sep-2026 14:46:23","9.37","4.11","14.03","On","12.865507,77.632365",
"09-Sep-2026 14:46:53","7.54","4.11","14.03","On","12.865462,77.633021",
"09-Sep-2026 14:47:10","11.19","4.11","14.03","On","12.865687,77.63334",
"09-Sep-2026 14:47:20","13.41","4.11","14.03","On","12.865819,77.633586",
"09-Sep-2026 14:47:23","9.26","4.11","14","On","12.865834,77.633697",
"09-Sep-2026 14:47:35","16.74","4.11","14","On","12.865901,77.634023",
"09-Sep-2026 14:47:40","37.35","4.11","14","On","12.866188,77.634063",
"09-Sep-2026 14:47:53","23.9","4.11","13.98","On","12.867192,77.634217",
"09-Sep-2026 14:48:00","11.41","4.11","13.98","On","12.867383,77.634291",
"09-Sep-2026 14:48:05","31.82","4.11","13.98","On","12.867407,77.634618",
"09-Sep-2026 14:48:23","46.54","4.11","14.03","On","12.867286,77.636394",
"09-Sep-2026 14:48:53","10.28","4.11","13.98","On","12.867085,77.640105",
"09-Sep-2026 14:48:55","10.28","4.11","13.98","On","12.867085,77.640105",
"09-Sep-2026 14:49:23","9.99","4.11","13.98","On","12.867401,77.641983",
"09-Sep-2026 14:49:25","32.2","4.11","13.98","On","12.867412,77.642216",
"09-Sep-2026 14:49:53","17.96","4.11","13.95","On","12.867392,77.644592",
"09-Sep-2026 14:50:23","30.86","4.11","13.98","On","12.867163,77.646274",
"09-Sep-2026 14:50:45","23.43","4.11","13.98","On","12.867166,77.647374",
"09-Sep-2026 14:50:53","18.77","4.11","14","On","12.867564,77.647793",
"09-Sep-2026 14:50:55","18.77","4.11","14","On","12.867564,77.647793",
"09-Sep-2026 14:51:23","36.15","4.11","14","On","12.867539,77.649347",
"09-Sep-2026 14:51:53","43.26","4.11","14.03","On","12.867981,77.651553",
"09-Sep-2026 14:52:20","9.54","4.11","14.03","On","12.868259,77.652744",
"09-Sep-2026 14:52:23","17.28","4.11","13.98","On","12.868372,77.652806",
"09-Sep-2026 14:52:53","9.87","4.11","13.91","On","12.869472,77.65334",
"09-Sep-2026 14:53:00","25.88","4.11","13.91","On","12.869393,77.653451",
"09-Sep-2026 14:53:23","33.83","4.11","13.98","On","12.867649,77.654885",
"09-Sep-2026 14:53:35","12.26","4.11","13.98","On","12.867162,77.655282",
"09-Sep-2026 14:53:40","13.56","4.11","13.98","On","12.867173,77.65536",
"09-Sep-2026 14:53:45","41.74","4.11","13.98","On","12.867674,77.655023",
"09-Sep-2026 14:53:53","52.71","4.11","13.98","On","12.868412,77.654354",
"09-Sep-2026 14:54:23","0.73","4.11","13.91","On","12.869483,77.653562",
"09-Sep-2026 14:54:53","1.28","4.11","13.93","On","12.869469,77.653566",
"09-Sep-2026 14:55:23","3.36","4.11","13.95","On","12.869514,77.653508",
"09-Sep-2026 14:55:40","6.09","4.11","13.95","On","12.869677,77.653429",
"09-Sep-2026 14:55:45","10.47","4.11","13.95","On","12.869738,77.653488",
"09-Sep-2026 14:55:50","38.83","4.11","13.95","On","12.869347,77.653877",
"09-Sep-2026 14:55:53","45.14","4.11","13.95","On","12.869016,77.654137",
"09-Sep-2026 14:56:23","58.14","4.11","14.03","On","12.865975,77.656543",
"09-Sep-2026 14:56:53","33.15","4.11","13.95","On","12.863402,77.658726",
"09-Sep-2026 14:57:23","18.24","4.11","13.98","On","12.861292,77.660414",
"09-Sep-2026 14:57:50","19.55","4.11","13.98","On","12.860248,77.661521",
"09-Sep-2026 14:57:53","38.68","4.11","13.95","On","12.860501,77.661678",
"09-Sep-2026 14:58:10","41.97","4.11","13.95","On","12.861836,77.662406",
"09-Sep-2026 14:58:23","44.5","4.11","13.98","On","12.863153,77.66284",
"09-Sep-2026 14:58:30","15.08","4.11","13.98","On","12.863512,77.662944",
"09-Sep-2026 14:58:35","11.53","4.11","13.98","On","12.863573,77.662872",
"09-Sep-2026 14:58:53","0.24","4.11","14","On","12.863654,77.662505",
"09-Sep-2026 14:59:23","0.68","4.11","14","On","12.863668,77.662515",
"09-Sep-2026 14:59:53","0.16","4.11","14.03","On","12.863713,77.662498",
"09-Sep-2026 15:00:23","0.42","4.11","14.03","On","12.863743,77.662498",
"09-Sep-2026 15:00:53","0.94","4.11","14.05","On","12.86378,77.662513",
"09-Sep-2026 15:01:23","0.34","4.11","14.03","On","12.863752,77.662533",
"09-Sep-2026 15:01:53","0.63","4.11","14","On","12.863735,77.662564",
"09-Sep-2026 15:02:23","0.15","4.11","14","On","12.863743,77.662561",
"09-Sep-2026 15:02:53","0.91","4.11","14","On","12.863736,77.662555",
"09-Sep-2026 15:03:23","0.75","4.11","14","On","12.863715,77.662548",
"09-Sep-2026 15:03:53","1.77","4.11","13.98","On","12.863718,77.662518",
"09-Sep-2026 15:04:17","8.57","4.11","13.98","On","12.863835,77.662186",
"09-Sep-2026 15:04:21","1.54","4.11","13.93","On","12.863876,77.66217",
"09-Sep-2026 15:04:51","0.04","4.11","13.88","On","12.863891,77.662138",
"09-Sep-2026 15:05:21","0.23","4.11","13.93","On","12.863928,77.662144",
"09-Sep-2026 15:05:51","0.27","4.11","13.93","On","12.863925,77.662136",
"09-Sep-2026 15:06:21","0.07","4.11","13.98","On","12.863922,77.662114",
"09-Sep-2026 15:06:51","0.36","4.11","13.98","On","12.86393,77.662099",
"09-Sep-2026 15:07:21","0.28","4.11","13.98","On","12.863944,77.662102",
"09-Sep-2026 15:07:51","0.02","4.11","13.98","On","12.86394,77.662111",
"09-Sep-2026 15:08:21","0.05","4.11","14","On","12.863944,77.662104",
"09-Sep-2026 15:08:51","0.37","4.11","14","On","12.863941,77.662107",
"09-Sep-2026 15:09:21","0.28","4.11","13.98","On","12.863945,77.662104",
"09-Sep-2026 15:09:51","0.14","4.11","13.95","On","12.863957,77.662106",
"09-Sep-2026 15:10:12","12.35","4.11","13.95","On","12.863781,77.662301",
"09-Sep-2026 15:10:21","1.62","4.11","14","On","12.86371,77.66244",
"09-Sep-2026 15:10:27","0.87","4.11","14","On","12.863699,77.662468",
"09-Sep-2026 15:10:51","0.3","4.11","14","On","12.863696,77.662511",
"09-Sep-2026 15:11:21","1.2","4.11","14.03","On","12.863687,77.662522",
"09-Sep-2026 15:11:51","0.49","4.11","14.03","On","12.863682,77.662544",
"09-Sep-2026 15:12:21","0.22","4.11","14.05","On","12.863668,77.662546",
"09-Sep-2026 15:12:51","0.54","4.11","14.03","On","12.863648,77.662549",
"09-Sep-2026 15:13:21","0.55","4.11","14.03","On","12.863641,77.662562",
"09-Sep-2026 15:13:51","0.59","4.11","14.03","On","12.863646,77.662569",
"09-Sep-2026 15:14:21","0.24","4.11","14.03","On","12.863649,77.662536",
"09-Sep-2026 15:14:51","0.1","4.11","14.03","On","12.863628,77.662536",
"09-Sep-2026 15:15:21","0.07","4.11","14.03","On","12.863629,77.662524",
"09-Sep-2026 15:15:51","0.21","4.11","14.03","On","12.863642,77.662527",
"09-Sep-2026 15:16:21","17.01","4.11","14.05","On","12.863573,77.662785",
"09-Sep-2026 15:16:32","10.94","4.11","14.05","On","12.863489,77.662971",
"09-Sep-2026 15:16:37","3.57","4.11","14.05","On","12.863273,77.662941",
"09-Sep-2026 15:16:51","37.35","4.11","14.05","On","12.862696,77.662755",
"09-Sep-2026 15:17:21","12.72","4.11","14.03","On","12.861228,77.662145",
"09-Sep-2026 15:17:51","14.48","4.11","14","On","12.860572,77.6617",
"09-Sep-2026 15:18:17","11.19","4.11","14","On","12.859899,77.661554",
"09-Sep-2026 15:18:21","10.55","4.11","14","On","12.859807,77.661627",
"09-Sep-2026 15:18:51","6.54","4.11","14","On","12.859417,77.661953",
"09-Sep-2026 15:19:21","0.37","4.11","13.93","On","12.85928,77.662042",
"09-Sep-2026 15:19:51","0.1","4.11","13.95","On","12.859269,77.662037",
"09-Sep-2026 15:20:21","20.95","4.11","14","On","12.858945,77.662291",
"09-Sep-2026 15:20:51","47.32","4.11","14","On","12.857162,77.663746",
"09-Sep-2026 15:21:21","21.18","4.11","13.98","On","12.855079,77.665363",
"09-Sep-2026 15:21:51","56.77","4.11","13.98","On","12.852706,77.6671",
"09-Sep-2026 15:22:21","56.77","4.11","14","On","12.849574,77.669765",
"09-Sep-2026 15:22:51","13.15","4.11","13.91","On","12.846851,77.671986",
"09-Sep-2026 15:23:21","27.16","4.11","13.93","On","12.844762,77.673563",
"09-Sep-2026 15:23:22","16.12","4.11","13.93","On","12.844634,77.673696",
"09-Sep-2026 15:23:51","34.65","4.11","13.98","On","12.844732,77.674779",
"09-Sep-2026 15:23:52","34.65","4.11","13.98","On","12.844732,77.674779",
"09-Sep-2026 15:24:21","39.99","4.11","14.03","On","12.844992,77.677763",
"09-Sep-2026 15:24:51","24.61","4.11","14","On","12.844964,77.680963",
"09-Sep-2026 15:24:57","19.86","4.11","14","On","12.84496,77.681175",
"09-Sep-2026 15:25:21","19.81","4.11","14","On","12.844468,77.682631",
"09-Sep-2026 15:25:42","10.6","4.11","14","On","12.843766,77.684011",
"09-Sep-2026 15:25:47","7.43","4.11","14","On","12.843689,77.683915",
"09-Sep-2026 15:25:51","23.84","4.11","13.98","On","12.843612,77.683817",
"09-Sep-2026 15:25:57","36.21","4.11","13.98","On","12.843374,77.683571",
"09-Sep-2026 15:26:07","7.9","4.11","13.98","On","12.842752,77.682836",
"09-Sep-2026 15:26:21","17","4.11","14.03","On","12.842455,77.683069",
"09-Sep-2026 15:26:51","0.48","4.11","13.86","On","12.842322,77.68322",
"09-Sep-2026 15:27:21","2.17","4.11","13.95","On","12.842327,77.683253",
"09-Sep-2026 15:27:51","5.43","4.11","13.98","On","12.842353,77.683369",
"09-Sep-2026 15:28:21","1.41","4.11","13.95","On","12.842309,77.683424",
"09-Sep-2026 15:28:51","0.74","4.11","13.45","Off","12.842293,77.683438",
"09-Sep-2026 15:29:21","1.07","4.11","13.26","Off","12.842281,77.68348",
"09-Sep-2026 15:29:51","0.62","4.11","13.21","Off","12.842309,77.683507",
"09-Sep-2026 15:29:57","0.62","4.11","13.23","Off","12.842309,77.683507",
"09-Sep-2026 15:30:13","0.62","4.11","13.21","On","12.842309,77.683507",
"09-Sep-2026 15:30:21","1.14","4.11","13.42","On","12.84233,77.683466",
"09-Sep-2026 15:30:51","1.42","4.11","13.93","On","12.842315,77.683391",
"09-Sep-2026 15:31:21","1.12","4.11","13.71","Off","12.84227,77.683434",
"09-Sep-2026 15:31:51","0.82","4.11","13.28","Off","12.842267,77.683399",
"09-Sep-2026 15:32:09","0.82","4.11","13.23","Off","12.842267,77.683399",
"09-Sep-2026 15:32:51","1.89","4.11","13.21","Off","12.842259,77.683463",
"09-Sep-2026 15:33:51","0.75","4.11","13.16","Off","12.842232,77.683474",
"09-Sep-2026 15:34:51","1.39","4.11","13.18","Off","12.842227,77.683462",
"09-Sep-2026 15:35:51","0.77","4.11","13.16","Off","12.842244,77.683411",
"09-Sep-2026 15:36:09","0.77","4.11","13.13","Off","12.842244,77.683411",
"09-Sep-2026 15:56:12","0.77","4.11","13.23","Off","12.842244,77.683411",
"09-Sep-2026 15:56:12","1.09","4.11","13.23","Off","12.842241,77.683395",
"09-Sep-2026 15:56:14","1.09","4.11","13.21","On","12.842241,77.683395",
"09-Sep-2026 15:56:21","1.09","4.11","13.23","On","12.842241,77.683395",
"09-Sep-2026 15:56:51","0","4.11","13.79","On","12.842296,77.682927",
"09-Sep-2026 15:57:21","0","4.11","13.38","Off","12.842424,77.683064",
"09-Sep-2026 15:58:21","0","4.11","13.18","Off","12.842263,77.683291",
"09-Sep-2026 15:58:35","0","4.11","13.16","Off","12.842263,77.683291",
"09-Sep-2026 15:59:21","0","4.11","13.16","Off","12.842379,77.683462",
"09-Sep-2026 15:59:51","0","4.11","13.16","Off","12.842346,77.683285",
"09-Sep-2026 16:00:51","0","4.11","13.13","Off","12.842368,77.68344",
"09-Sep-2026 16:01:19","12.5","4.11","13.13","Off","12.842206,77.683293",
"09-Sep-2026 16:01:29","3.81","4.11","13.13","Off","12.842275,77.683356",
"09-Sep-2026 16:01:51","2.89","4.11","13.13","Off","12.842312,77.683333",
"09-Sep-2026 16:02:35","2.89","4.11","13.11","Off","12.842312,77.683333",
"09-Sep-2026 16:26:54","2.89","4.11","13.16","On","12.842312,77.683333",
"09-Sep-2026 16:26:54","2.89","4.11","13.16","On","12.842312,77.683333",
"09-Sep-2026 16:27:21","0","4.11","13.69","Off","12.842214,77.683247",
"09-Sep-2026 16:28:51","2.28","4.11","13.13","Off","12.841998,77.683494",
"09-Sep-2026 16:29:51","0.79","4.11","13.09","Off","12.841983,77.68348",
"09-Sep-2026 16:31:51","3","4.11","13.06","Off","12.842134,77.683634",
"09-Sep-2026 16:32:17","3","4.11","13.09","Off","12.842134,77.683634",
"09-Sep-2026 16:35:40","3","4.11","13.18","On","12.842134,77.683634",
"09-Sep-2026 16:35:40","3","4.11","13.18","On","12.842134,77.683634",
"09-Sep-2026 16:35:40","0.71","4.11","13.18","On","12.842081,77.683676",
"09-Sep-2026 16:35:51","0.71","4.11","13.42","Off","12.842081,77.683676",
"09-Sep-2026 16:36:21","0","4.11","13.71","On","12.842187,77.683151",
"09-Sep-2026 16:36:51","0","4.11","13.83","On","12.842206,77.683138",
"09-Sep-2026 16:37:21","0","4.11","13.4","Off","12.842225,77.683178",
"09-Sep-2026 16:37:51","0","4.11","13.23","Off","12.842208,77.683185",
"09-Sep-2026 16:40:51","2.44","4.11","13.11","Off","12.84226,77.683481",
"09-Sep-2026 16:41:27","11.32","4.11","13.11","Off","12.84222,77.683477",
"09-Sep-2026 16:41:51","1.18","4.11","13.09","Off","12.842142,77.683614",
"09-Sep-2026 16:42:32","1.18","4.11","13.09","Off","12.842142,77.683614",
"09-Sep-2026 17:08:11","1.18","4.11","13.86","Off","12.842142,77.683614",
"09-Sep-2026 17:08:11","0.05","4.11","13.86","Off","12.842147,77.683592",
"09-Sep-2026 17:08:13","0.05","4.11","13.86","Off","12.842147,77.683592",
"09-Sep-2026 17:08:21","0.05","4.11","13.98","Off","12.842147,77.683592",
"09-Sep-2026 17:09:24","0","4.11","14.03","Off","12.842162,77.68315",
"09-Sep-2026 17:11:21","0","4.11","14.05","Off","12.842173,77.683236",
"09-Sep-2026 17:12:21","0","4.11","14.03","Off","12.842228,77.683237",
"09-Sep-2026 17:13:21","0","4.11","14.07","Off","12.842252,77.683169",
"09-Sep-2026 17:13:24","0","4.11","14.07","Off","12.842252,77.683169",
"09-Sep-2026 17:14:21","0","4.11","14.07","Off","12.842133,77.683223",
"09-Sep-2026 17:15:41","0","4.11","14.05","Off","12.842242,77.682702",
"09-Sep-2026 17:15:51","2.75","4.11","13.98","Off","12.841882,77.683385",
"09-Sep-2026 17:16:51","1.95","4.11","13.98","Off","12.842099,77.682988",
"09-Sep-2026 17:17:24","1.95","4.11","13.98","Off","12.842099,77.682988",
"09-Sep-2026 17:54:14","1.95","4.11","13.33","On","12.842099,77.682988",
"09-Sep-2026 17:54:14","1.95","4.11","13.33","On","12.842099,77.682988",
"09-Sep-2026 17:54:14","1.69","4.11","13.33","On","12.842159,77.683053",
"09-Sep-2026 17:54:21","1.69","4.11","13.21","Off","12.842159,77.683053",
"09-Sep-2026 17:54:51","0","4.11","13.13","Off","12.842228,77.683127",
"09-Sep-2026 17:55:18","0","4.11","13.11","Off","12.842228,77.683127",
"09-Sep-2026 17:58:51","0","4.11","14","Off","12.842141,77.683173",
"09-Sep-2026 17:59:18","0","4.11","14.03","Off","12.842141,77.683173",
"09-Sep-2026 18:40:52","0","4.11","13.21","On","12.842141,77.683173",
"09-Sep-2026 18:40:52","0","4.11","13.21","On","12.842141,77.683173",
"09-Sep-2026 18:42:21","0","4.11","13.93","On","12.842089,77.683372",
"09-Sep-2026 18:42:51","0","4.11","13.93","On","12.842087,77.683375",
"09-Sep-2026 18:43:51","0","4.11","13.23","Off","12.842079,77.683375",
"09-Sep-2026 18:44:21","1.1","4.11","13.18","Off","12.8422,77.683002",
"09-Sep-2026 18:44:36","1.1","4.11","13.13","Off","12.8422,77.683002",
"09-Sep-2026 18:45:21","3.96","4.11","13.13","Off","12.842136,77.683201",
"09-Sep-2026 18:45:51","2.18","4.11","13.16","Off","12.842222,77.683268",
"09-Sep-2026 18:46:51","1.38","4.11","13.13","Off","12.842193,77.68327",
"09-Sep-2026 18:47:51","1.8","4.11","13.11","Off","12.842081,77.683354",
"09-Sep-2026 18:48:36","1.8","4.11","13.11","Off","12.842081,77.683354",
"09-Sep-2026 19:48:36","1.8","4.11","13.09","Off","12.842081,77.683354",
"09-Sep-2026 19:48:36","0.93","4.11","13.09","Off","12.842063,77.683378",
"09-Sep-2026 19:48:51","0.93","4.11","13.09","Off","12.842063,77.683378",
"09-Sep-2026 19:49:51","0","4.11","13.01","Off","12.842273,77.683318",
"09-Sep-2026 19:50:51","0","4.11","12.99","Off","12.842332,77.683347",
"09-Sep-2026 19:51:51","0","4.11","13.01","Off","12.842216,77.683459",
"09-Sep-2026 19:52:36","0","4.11","12.99","Off","12.842216,77.683459",
"09-Sep-2026 20:52:36","0","4.11","13.06","Off","12.842216,77.683459",
"09-Sep-2026 20:53:51","0","4.11","12.99","Off","12.842151,77.683238",
"09-Sep-2026 20:55:51","0","4.11","12.99","Off","12.84217,77.683271",
"09-Sep-2026 20:56:36","0","4.11","12.99","Off","12.84217,77.683271",
"09-Sep-2026 21:56:36","0","4.11","13.01","Off","12.84217,77.683271",
"09-Sep-2026 21:56:51","0","4.11","13.01","Off","12.842226,77.683227",
"09-Sep-2026 21:58:51","0","4.11","12.94","Off","12.842154,77.683149",
"09-Sep-2026 23:01:51","0","4.11","12.92","Off","12.842066,77.68322",
"09-Sep-2026 23:02:51","0","4.11","12.89","Off","12.842004,77.683295",
"09-Sep-2026 23:03:51","0","4.11","12.87","Off","12.842315,77.683366",
"09-Sep-2026 23:04:36","0","4.1","12.89","Off","12.842315,77.683366",
"10-Sep-2026 00:04:36","0","4.11","12.94","Off","12.842315,77.683366",
"10-Sep-2026 00:05:51","0","4.11","12.87","Off","12.842396,77.68315",
"10-Sep-2026 00:06:51","0","4.11","12.85","Off","12.842499,77.683474",
"10-Sep-2026 00:07:51","0","4.1","12.82","Off","12.84256,77.683369",
"10-Sep-2026 00:08:36","0","4.1","12.82","Off","12.84256,77.683369",
"10-Sep-2026 01:08:36","0","4.11","12.89","Off","12.84256,77.683369",
"10-Sep-2026 03:16:51","0","4.11","12.8","Off","12.842169,77.683273",
"10-Sep-2026 03:17:51","0","4.11","12.75","Off","12.842109,77.683241",
"10-Sep-2026 03:18:51","0","4.11","12.75","Off","12.842168,77.68326",
"10-Sep-2026 03:19:51","0","4.1","12.75","Off","12.842212,77.683267",
"10-Sep-2026 03:20:36","0","4.11","12.77","Off","12.842212,77.683267",
"10-Sep-2026 04:20:36","0","4.11","12.82","Off","12.842212,77.683267",
"10-Sep-2026 04:20:51","0","4.11","12.8","Off","12.842079,77.683192",
"10-Sep-2026 04:21:51","0","4.1","12.75","Off","12.842251,77.683206",
"10-Sep-2026 04:22:51","0","4.1","12.7","Off","12.842289,77.683158",
"10-Sep-2026 04:23:51","0","4.11","12.72","Off","12.842244,77.683186",
"10-Sep-2026 04:24:36","0","4.11","12.7","Off","12.842244,77.683186",
"10-Sep-2026 05:24:36","0","4.1","12.77","Off","12.842244,77.683186",
"10-Sep-2026 06:29:51","0","4.1","12.7","Off","12.842097,77.6831",
"10-Sep-2026 07:32:51","0","4.1","12.7","Off","12.842218,77.68321",
"10-Sep-2026 07:33:51","0","4.1","12.65","Off","12.842123,77.683329",
"10-Sep-2026 07:34:51","0","4.1","12.65","Off","12.842127,77.683324",
"10-Sep-2026 07:35:51","0","4.11","12.65","Off","12.842138,77.68325",
"10-Sep-2026 07:36:37","0","4.11","12.68","Off","12.842138,77.68325",
"10-Sep-2026 08:36:37","0","4.11","12.72","Off","12.842138,77.68325",
"10-Sep-2026 08:39:51","0","4.1","12.63","Off","12.842289,77.683181",
"10-Sep-2026 08:40:37","0","4.11","12.63","Off","12.842289,77.683181",
"10-Sep-2026 09:14:06","0","4.11","12.72","On","12.842289,77.683181",
"10-Sep-2026 09:14:06","0","4.11","12.72","On","12.842289,77.683181",
"10-Sep-2026 09:14:21","0","4.1","13.3","On","12.842036,77.683559",
"10-Sep-2026 09:14:51","0","4.1","13.86","On","12.842026,77.683534",
"10-Sep-2026 09:15:21","0","4.1","13.98","On","12.842021,77.683518",
"10-Sep-2026 09:15:51","3.45","4.1","13.93","On","12.84214,77.683019",
"10-Sep-2026 09:16:14","14.2","4.1","13.93","On","12.842317,77.682989",
"10-Sep-2026 09:16:21","11.97","4.1","14","On","12.84241,77.682904",
"10-Sep-2026 09:16:39","20.56","4.1","14","On","12.842809,77.68282",
"10-Sep-2026 09:16:51","6.89","4.11","13.98","On","12.842992,77.683031",
"10-Sep-2026 09:17:17","6.78","4.11","13.98","On","12.843846,77.684067",
"10-Sep-2026 09:17:21","6.78","4.1","13.98","On","12.843846,77.684067",
"10-Sep-2026 09:17:41","22.35","4.1","13.98","On","12.844399,77.682556",
"10-Sep-2026 09:18:21","11.92","4.11","13.91","On","12.844911,77.681259",
"10-Sep-2026 09:18:33","20.97","4.11","13.91","On","12.84535,77.680938",
"10-Sep-2026 09:18:38","15.29","4.11","13.91","On","12.84552,77.680937",
"10-Sep-2026 09:18:48","19.54","4.11","13.91","On","12.845995,77.680945",
"10-Sep-2026 09:18:51","17.69","4.1","13.93","On","12.846143,77.680979",
"10-Sep-2026 09:18:58","15.42","4.1","13.93","On","12.846553,77.681025",
"10-Sep-2026 09:19:03","6.16","4.1","13.93","On","12.846688,77.681003",
"10-Sep-2026 09:19:13","19.86","4.1","13.93","On","12.846861,77.68078",
"10-Sep-2026 09:19:21","24.33","4.11","13.98","On","12.846882,77.680563",
"10-Sep-2026 09:19:51","21.41","4.11","13.98","On","12.847037,77.678187",
"10-Sep-2026 09:20:21","28.35","4.11","13.98","On","12.847605,77.675871",
"10-Sep-2026 09:20:28","36.68","4.11","13.98","On","12.847583,77.675138",
"10-Sep-2026 09:20:38","29.2","4.11","13.98","On","12.847634,77.675022",
"10-Sep-2026 09:20:51","5.46","4.11","13.95","On","12.847816,77.67536",
"10-Sep-2026 09:21:21","1.74","4.1","13.93","On","12.848387,77.676774",
"10-Sep-2026 09:21:51","0.87","4.11","14","On","12.848506,77.676658",
"10-Sep-2026 09:22:21","5.04","4.1","14","On","12.848517,77.676803",
"10-Sep-2026 09:22:43","14.82","4.1","14","On","12.848839,77.677559",
"10-Sep-2026 09:22:51","28.38","4.11","13.98","On","12.849193,77.677418",
"10-Sep-2026 09:23:21","31.29","4.1","13.93","On","12.851354,77.676369",
"10-Sep-2026 09:23:51","22.32","4.11","13.95","On","12.852958,77.675587",
"10-Sep-2026 09:24:21","14.94","4.11","13.93","On","12.854446,77.674845",
"10-Sep-2026 09:24:48","21.2","4.11","13.93","On","12.855879,77.674085",
"10-Sep-2026 09:24:51","21.61","4.11","13.98","On","12.856089,77.674135",
"10-Sep-2026 09:24:58","15.14","4.11","13.98","On","12.856421,77.674049",
"10-Sep-2026 09:25:13","18.12","4.11","13.98","On","12.856853,77.673621",
"10-Sep-2026 09:25:21","11.91","4.11","13.98","On","12.857231,77.673661",
"10-Sep-2026 09:25:23","31.38","4.11","13.98","On","12.857373,77.673487",
"10-Sep-2026 09:25:51","52.06","4.11","13.98","On","12.859048,77.67109",
"10-Sep-2026 09:26:21","20.11","4.11","13.98","On","12.860251,77.668854",
"10-Sep-2026 09:26:28","42.49","4.11","13.98","On","12.860486,77.6682",
"10-Sep-2026 09:26:33","22.38","4.11","13.98","On","12.860501,77.667839",
"10-Sep-2026 09:26:38","41.81","4.11","13.98","On","12.859879,77.66781",
"10-Sep-2026 09:26:51","20.04","4.11","13.95","On","12.85861,77.667938",
"10-Sep-2026 09:27:13","23.51","4.11","13.95","On","12.857309,77.667902",
"10-Sep-2026 09:27:21","20.6","4.11","13.95","On","12.857065,77.667497",
"10-Sep-2026 09:27:51","17.35","4.1","13.93","On","12.856914,77.665133",
"10-Sep-2026 09:28:03","6.29","4.1","13.93","On","12.856835,77.664956",
"10-Sep-2026 09:28:21","7.28","4.1","13.98","On","12.85683,77.664642",
"10-Sep-2026 09:28:51","7.14","4.11","13.98","On","12.856484,77.664407",
"10-Sep-2026 09:29:21","1.05","4.1","13.91","On","12.856438,77.664333",
"10-Sep-2026 09:29:23","13.46","4.1","13.91","On","12.856462,77.664289",
"10-Sep-2026 09:29:51","7.48","4.11","13.93","On","12.858483,77.662627",
"10-Sep-2026 09:30:21","36.7","4.11","13.93","On","12.859862,77.661505",
"10-Sep-2026 09:30:23","14.08","4.11","13.93","On","12.860113,77.661326",
"10-Sep-2026 09:30:28","9.2","4.11","13.93","On","12.860194,77.661336",
"10-Sep-2026 09:30:38","30.53","4.11","13.93","On","12.860502,77.661664",
"10-Sep-2026 09:30:51","33.67","4.11","13.98","On","12.86142,77.662168",
"10-Sep-2026 09:31:21","11.99","4.11","13.93","On","12.86335,77.662919",
"10-Sep-2026 09:31:23","14.36","4.11","13.93","On","12.86351,77.662933",
"10-Sep-2026 09:31:28","9.02","4.11","13.93","On","12.86353,77.662838",
"10-Sep-2026 09:31:51","5.24","4.11","13.95","On","12.863691,77.662436",
"10-Sep-2026 09:32:21","1.29","4.11","13.98","On","12.8637,77.66247",
"10-Sep-2026 09:32:51","0.98","4.11","13.95","On","12.863693,77.662466",
"10-Sep-2026 09:33:21","1.59","4.11","13.95","On","12.863684,77.66246",
"10-Sep-2026 09:33:51","0.31","4.11","13.98","On","12.863735,77.662454",
"10-Sep-2026 09:34:21","0.54","4.11","13.98","On","12.863758,77.662459",
"10-Sep-2026 09:34:51","0.74","4.1","13.98","On","12.863769,77.662465",
"10-Sep-2026 09:35:21","0.25","4.11","13.98","On","12.863777,77.662479",
"10-Sep-2026 09:35:51","0.49","4.11","13.95","On","12.863781,77.662486",
"10-Sep-2026 09:36:21","0.31","4.11","13.98","On","12.863792,77.662493",
"10-Sep-2026 09:36:51","0.83","4.11","13.95","On","12.863784,77.662488",
"10-Sep-2026 09:37:21","0.45","4.1","13.98","On","12.863796,77.662493",
"10-Sep-2026 09:37:51","0.31","4.11","13.98","On","12.863815,77.662502",
"10-Sep-2026 09:38:21","0.69","4.11","13.98","On","12.863808,77.662503",
"10-Sep-2026 09:38:51","1.56","4.11","13.98","On","12.863819,77.66251",
"10-Sep-2026 09:39:21","0.29","4.11","14","On","12.863872,77.662526",
"10-Sep-2026 09:39:51","0.28","4.1","13.98","On","12.863876,77.662528",
"10-Sep-2026 09:40:21","0.04","4.11","14.03","On","12.863856,77.662533",
"10-Sep-2026 09:40:51","0.27","4.11","14","On","12.863872,77.662539",
"10-Sep-2026 09:41:21","0.52","4.1","14.03","On","12.863874,77.66253",
"10-Sep-2026 09:41:51","0.21","4.1","13.98","On","12.863887,77.662537",
"10-Sep-2026 09:42:21","0.77","4.11","14","On","12.863881,77.662533",
"10-Sep-2026 09:42:51","0.82","4.11","13.98","On","12.863876,77.662532",
"10-Sep-2026 09:43:08","13.47","4.11","13.98","On","12.863784,77.662783",
"10-Sep-2026 09:43:18","11.24","4.11","13.98","On","12.863636,77.662975",
"10-Sep-2026 09:43:21","7.38","4.11","14","On","12.863521,77.662939",
"10-Sep-2026 09:43:51","17.27","4.11","13.95","On","12.863146,77.662845",
"10-Sep-2026 09:44:13","7.07","4.11","13.95","On","12.862014,77.662537",
"10-Sep-2026 09:44:21","1.05","4.11","13.95","On","12.862002,77.662542",
"10-Sep-2026 09:44:51","0.15","4.11","13.98","On","12.861977,77.662545",
"10-Sep-2026 09:45:21","0.32","4.11","14","On","12.86199,77.662553",
"10-Sep-2026 09:45:51","0.18","4.11","13.98","On","12.861984,77.662551",
"10-Sep-2026 09:46:21","0.27","4.11","14","On","12.861978,77.662542",
"10-Sep-2026 09:46:51","0.5","4.11","14.03","On","12.861986,77.662541",
"10-Sep-2026 09:47:21","0.33","4.11","14","On","12.861972,77.662538",
"10-Sep-2026 09:47:51","0.72","4.11","14","On","12.861971,77.662536",
"10-Sep-2026 09:48:21","0.86","4.11","13.98","On","12.861974,77.662516",
"10-Sep-2026 09:48:51","0.22","4.1","14","On","12.861977,77.662521",
"10-Sep-2026 09:49:21","0.05","4.11","14","On","12.861985,77.662506",
"10-Sep-2026 09:49:51","0.08","4.1","14","On","12.861984,77.662506",
"10-Sep-2026 09:50:21","0.43","4.1","14","On","12.861986,77.662511",
"10-Sep-2026 09:50:51","29.01","4.11","14","On","12.861431,77.662237",
"10-Sep-2026 09:51:21","7.95","4.1","13.98","On","12.860047,77.661462",
"10-Sep-2026 09:51:23","31.55","4.1","13.98","On","12.859868,77.661567",
"10-Sep-2026 09:51:48","23.24","4.1","13.98","On","12.858715,77.662445",
"10-Sep-2026 09:51:51","34.84","4.11","13.95","On","12.858459,77.662583",
"10-Sep-2026 09:52:13","2.63","4.11","13.95","On","12.856778,77.663861",
"10-Sep-2026 09:52:21","1.25","4.11","13.98","On","12.856772,77.663879",
"10-Sep-2026 09:52:51","0.15","4.11","13.93","On","12.85672,77.663931",
"10-Sep-2026 09:53:21","1.62","4.11","13.93","On","12.856684,77.663986",
"10-Sep-2026 09:53:51","2.73","4.11","13.95","On","12.856643,77.664029",
"10-Sep-2026 09:54:21","0.09","4.11","13.98","On","12.856635,77.664038",
"10-Sep-2026 09:54:51","0.24","4.11","13.98","On","12.856634,77.664028",
"10-Sep-2026 09:55:21","0.71","4.11","13.95","On","12.856657,77.664029",
"10-Sep-2026 09:55:51","0.38","4.11","13.98","On","12.85667,77.664032",
"10-Sep-2026 09:56:21","3.71","4.11","14.03","On","12.856613,77.6641",
"10-Sep-2026 09:56:51","10.5","4.11","14","On","12.856202,77.664376",
"10-Sep-2026 09:56:53","10.5","4.11","14","On","12.856202,77.664376",
"10-Sep-2026 09:56:58","37.43","4.11","14","On","12.856338,77.664005",
"10-Sep-2026 09:57:21","57.65","4.11","13.98","On","12.858382,77.662408",
"10-Sep-2026 09:57:51","47.56","4.11","13.98","On","12.861161,77.660216",
"10-Sep-2026 09:58:21","54.18","4.11","14","On","12.864054,77.657966",
"10-Sep-2026 09:58:51","54.45","4.11","13.98","On","12.867541,77.655058",
"10-Sep-2026 09:59:21","9.33","4.11","13.98","On","12.868595,77.654142",
"10-Sep-2026 09:59:51","7.64","4.11","13.98","On","12.869116,77.65372",
"10-Sep-2026 10:00:18","13.06","4.11","13.98","On","12.869739,77.653242",
"10-Sep-2026 10:00:21","13.06","4.11","13.93","On","12.869739,77.653242",
"10-Sep-2026 10:00:23","10.88","4.11","13.93","On","12.869892,77.6533",
"10-Sep-2026 10:00:33","10.29","4.11","13.93","On","12.870116,77.653454",
"10-Sep-2026 10:00:43","7.78","4.11","13.93","On","12.87037,77.653708",
"10-Sep-2026 10:00:51","7.19","4.1","13.95","On","12.870446,77.653829",
"10-Sep-2026 10:01:08","23.84","4.1","13.95","On","12.87074,77.654377",
"10-Sep-2026 10:01:21","27.26","4.11","13.95","On","12.870731,77.655204",
"10-Sep-2026 10:01:23","0.36","4.11","13.95","On","12.870712,77.655359",
"10-Sep-2026 10:01:51","23.86","4.11","13.98","On","12.870598,77.656405",
"10-Sep-2026 10:02:21","20.92","4.11","14","On","12.870494,77.657364",
"10-Sep-2026 10:02:43","31.59","4.11","14","On","12.870475,77.658695",
"10-Sep-2026 10:02:51","37.83","4.11","14.03","On","12.870726,77.65938",
"10-Sep-2026 10:03:21","40.8","4.11","14","On","12.871456,77.661246",
"10-Sep-2026 10:03:51","59.47","4.11","14.03","On","12.872956,77.664812",
"10-Sep-2026 10:04:21","26.98","4.11","13.95","On","12.873939,77.667002",
"10-Sep-2026 10:04:51","13.34","4.11","13.95","On","12.874533,77.668404",
"10-Sep-2026 10:05:21","7.35","4.11","13.98","On","12.87487,77.669354",
"10-Sep-2026 10:05:51","6.81","4.11","13.95","On","12.875383,77.670501",
"10-Sep-2026 10:05:53","6.81","4.11","13.95","On","12.875383,77.670501",
"10-Sep-2026 10:06:18","18.44","4.11","13.95","On","12.875692,77.670908",
"10-Sep-2026 10:06:21","18.44","4.1","13.93","On","12.875692,77.670908",
"10-Sep-2026 10:06:33","14.57","4.1","13.93","On","12.875836,77.671308",
"10-Sep-2026 10:06:51","31.63","4.11","14","On","12.87738,77.671646",
"10-Sep-2026 10:07:18","3","4.11","14","On","12.878984,77.671947",
"10-Sep-2026 10:07:21","3","4.11","13.95","On","12.878984,77.671947",
"10-Sep-2026 10:07:51","0.18","4.11","13.93","On","12.879034,77.671962",
"10-Sep-2026 10:08:18","11.43","4.11","13.93","On","12.879413,77.672016",
"10-Sep-2026 10:08:21","11.43","4.11","13.98","On","12.879413,77.672016",
"10-Sep-2026 10:08:51","16.5","4.11","14","On","12.88107,77.672235",
"10-Sep-2026 10:09:03","27.81","4.11","14","On","12.881742,77.672254",
"10-Sep-2026 10:09:13","17.97","4.11","14","On","12.882205,77.672249",
"10-Sep-2026 10:09:21","13.97","4.11","13.95","On","12.882573,77.672269",
"10-Sep-2026 10:09:23","14.1","4.11","13.95","On","12.882735,77.672251",
"10-Sep-2026 10:09:28","12.83","4.11","13.95","On","12.882897,77.672261",
"10-Sep-2026 10:09:51","29.25","4.11","13.95","On","12.884301,77.672324",
"10-Sep-2026 10:10:21","22.67","4.11","13.93","On","12.886517,77.67255",
"10-Sep-2026 10:10:33","0.65","4.11","13.93","On","12.886799,77.672601",
"10-Sep-2026 10:10:51","0.35","4.11","13.91","On","12.886822,77.672589",
"10-Sep-2026 10:11:21","0.45","4.11","13.93","On","12.886827,77.672576",
"10-Sep-2026 10:11:51","0.84","4.11","13.93","On","12.886845,77.672575",
"10-Sep-2026 10:11:58","14.11","4.11","13.93","On","12.887006,77.672612",
"10-Sep-2026 10:12:21","0.56","4.1","13.93","On","12.887178,77.672663",
"10-Sep-2026 10:12:43","0.56","4.1","13.93","On","12.887422,77.672733",
"10-Sep-2026 10:12:51","0.42","4.11","13.95","On","12.887487,77.672751",
"10-Sep-2026 10:13:21","0.21","4.11","13.95","On","12.887522,77.672758",
"10-Sep-2026 10:13:51","0.04","4.11","13.95","On","12.887531,77.672748",
"10-Sep-2026 10:14:18","11.06","4.11","13.95","On","12.887927,77.67284",
"10-Sep-2026 10:14:21","3.01","4.11","13.95","On","12.887983,77.672851",
"10-Sep-2026 10:14:51","6.5","4.11","13.98","On","12.888441,77.672951",
"10-Sep-2026 10:14:53","6.5","4.11","13.98","On","12.888441,77.672951",
"10-Sep-2026 10:15:03","19.3","4.11","13.98","On","12.888787,77.672999",
"10-Sep-2026 10:15:21","14.79","4.11","13.95","On","12.889807,77.673198",
"10-Sep-2026 10:15:51","12.41","4.11","13.98","On","12.892017,77.673609",
"10-Sep-2026 10:16:21","12.68","4.11","13.95","On","12.893712,77.674081",
"10-Sep-2026 10:16:51","19.72","4.11","14","On","12.895481,77.674682",
"10-Sep-2026 10:17:21","9.88","4.11","13.98","On","12.896724,77.6751",
"10-Sep-2026 10:17:51","15.55","4.11","13.93","On","12.898718,77.675425",
"10-Sep-2026 10:17:53","15.55","4.11","13.93","On","12.898718,77.675425",
"10-Sep-2026 10:17:58","8.46","4.11","13.93","On","12.898855,77.675397",
"10-Sep-2026 10:18:21","32.72","4.11","13.95","On","12.898888,77.674135",
"10-Sep-2026 10:18:51","25.54","4.11","13.98","On","12.899106,77.672499",
"10-Sep-2026 10:18:53","25.54","4.11","13.98","On","12.899106,77.672499",
"10-Sep-2026 10:19:12","30.13","4.11","13.98","On","12.900413,77.672283",
"10-Sep-2026 10:19:21","27.23","4.11","13.98","On","12.900726,77.672301",
"10-Sep-2026 10:19:32","12.9","4.11","13.98","On","12.90145,77.672297",
"10-Sep-2026 10:19:37","7.16","4.11","13.98","On","12.901529,77.672204",
"10-Sep-2026 10:19:51","8.21","4.11","13.98","On","12.901809,77.671211",
"10-Sep-2026 10:20:21","4.52","4.11","13.98","On","12.902324,77.66964",
"10-Sep-2026 10:20:51","0.69","4.11","13.98","On","12.902487,77.669728",
"10-Sep-2026 10:21:21","0.33","4.1","14","On","12.902485,77.669724",
"10-Sep-2026 10:21:51","0.41","4.11","14.03","On","12.902479,77.669754",
"10-Sep-2026 10:22:21","0.21","4.11","14.03","On","12.902486,77.669769",
"10-Sep-2026 10:22:51","0.33","4.11","14.05","On","12.902489,77.669775",
"10-Sep-2026 10:23:21","0.29","4.11","14.05","On","12.902497,77.66976",
"10-Sep-2026 10:23:51","0.45","4.11","14.03","On","12.902502,77.669762",
"10-Sep-2026 10:24:21","0.34","4.11","14.05","On","12.902488,77.669738",
"10-Sep-2026 10:24:51","0.22","4.11","14.05","On","12.902486,77.66971",
"10-Sep-2026 10:25:21","0.43","4.11","14.03","On","12.902492,77.669688",
"10-Sep-2026 10:25:51","0.2","4.11","14.05","On","12.902492,77.669702",
"10-Sep-2026 10:26:21","0.09","4.11","14.07","On","12.9025,77.669703",
"10-Sep-2026 10:26:51","0.24","4.11","14.05","On","12.902488,77.669693",
"10-Sep-2026 10:27:21","0.11","4.11","14.05","On","12.902483,77.669682",
"10-Sep-2026 10:27:51","0.42","4.11","14.05","On","12.902483,77.669679",
"10-Sep-2026 10:28:21","0.28","4.11","14.1","On","12.90247,77.669676",
"10-Sep-2026 10:28:51","0.21","4.11","14.07","On","12.902465,77.669669",
"10-Sep-2026 10:29:21","0.52","4.11","14.07","On","12.902468,77.669684",
"10-Sep-2026 10:29:51","0.62","4.11","14.05","On","12.902477,77.669694",
"10-Sep-2026 10:30:21","0.27","4.11","14.07","On","12.902464,77.66969",
"10-Sep-2026 10:30:51","5.22","4.11","14.03","On","12.902453,77.669673",
"10-Sep-2026 10:31:17","26.25","4.11","14.03","On","12.902155,77.670234",
"10-Sep-2026 10:31:21","30.05","4.11","13.98","On","12.902051,77.670521",
"10-Sep-2026 10:31:51","15.96","4.11","13.98","On","12.901513,77.672233",
"10-Sep-2026 10:31:52","6.29","4.11","13.98","On","12.90143,77.672228",
"10-Sep-2026 10:31:57","29.18","4.11","13.98","On","12.901263,77.67224",
"10-Sep-2026 10:32:21","3.56","4.11","13.93","On","12.899889,77.672309",
"10-Sep-2026 10:32:37","4.51","4.11","13.93","On","12.898994,77.672563",
"10-Sep-2026 10:32:42","18.17","4.11","13.93","On","12.898937,77.672695",
"10-Sep-2026 10:32:51","26.39","4.11","13.98","On","12.898937,77.673243",
"10-Sep-2026 10:33:21","18.24","4.11","13.98","On","12.898908,77.674646",
"10-Sep-2026 10:33:47","5.84","4.11","13.98","On","12.898926,77.675339",
"10-Sep-2026 10:33:51","10.39","4.11","13.98","On","12.898996,77.675375",
"10-Sep-2026 10:33:52","20.27","4.11","13.98","On","12.89919,77.675375",
"10-Sep-2026 10:33:57","24.3","4.11","13.98","On","12.899428,77.675379",
"10-Sep-2026 10:34:07","20.83","4.11","13.98","On","12.899868,77.675377",
"10-Sep-2026 10:34:21","34.16","4.11","14","On","12.901006,77.675517",
"10-Sep-2026 10:34:51","20.01","4.11","13.93","On","12.902916,77.675791",
"10-Sep-2026 10:34:52","5.75","4.11","13.93","On","12.902981,77.675818",
"10-Sep-2026 10:35:02","13.84","4.11","13.93","On","12.902968,77.675963",
"10-Sep-2026 10:35:12","2.79","4.11","13.93","On","12.902942,77.676197",
"10-Sep-2026 10:35:21","15.61","4.11","13.98","On","12.902931,77.676441",
"10-Sep-2026 10:35:22","15.61","4.11","13.98","On","12.902931,77.676441",
"10-Sep-2026 10:35:51","0.32","4.11","13.98","On","12.902906,77.676722",
"10-Sep-2026 10:36:21","0.98","4.11","14","On","12.902905,77.676731",
"10-Sep-2026 10:36:51","0.59","4.11","13.98","On","12.902932,77.676739",
"10-Sep-2026 10:37:21","0.28","4.11","14","On","12.902928,77.676741",
"10-Sep-2026 10:37:51","1.15","4.11","14.03","On","12.902917,77.676723",
"10-Sep-2026 10:38:21","0.52","4.11","14.05","On","12.902903,77.676698",
"10-Sep-2026 10:38:51","0.92","4.11","14.05","On","12.902908,77.676708",
"10-Sep-2026 10:39:21","0.63","4.11","14.05","On","12.902915,77.676712",
"10-Sep-2026 10:39:51","10.16","4.11","14","On","12.902926,77.677004",
"10-Sep-2026 10:39:57","12.23","4.11","14","On","12.902783,77.676982",
"10-Sep-2026 10:40:02","13.06","4.11","14","On","12.902626,77.676962",
"10-Sep-2026 10:40:07","14.95","4.11","14","On","12.902464,77.676958",
"10-Sep-2026 10:40:17","6.64","4.11","14","On","12.90215,77.676882",
"10-Sep-2026 10:40:21","4.84","4.11","14","On","12.902101,77.676987",
"10-Sep-2026 10:40:51","15.72","4.11","13.98","On","12.902126,77.677823",
"10-Sep-2026 10:40:52","15.72","4.11","13.98","On","12.902126,77.677823",
"10-Sep-2026 10:41:21","0.31","4.11","13.95","On","12.902542,77.677957",
"10-Sep-2026 10:41:51","0.19","4.11","13.98","On","12.902542,77.677947",
"10-Sep-2026 10:42:21","0.52","4.11","13.95","On","12.902556,77.677949",
"10-Sep-2026 10:42:51","0.86","4.1","13.95","On","12.902576,77.67795",
"10-Sep-2026 10:43:21","0.32","4.11","14","On","12.902565,77.677943",
"10-Sep-2026 10:43:51","0.21","4.11","14","On","12.902584,77.677943",
"10-Sep-2026 10:44:21","0.55","4.11","13.98","On","12.902592,77.677937",
"10-Sep-2026 10:44:51","22.78","4.11","13.98","On","12.903304,77.678087",
"10-Sep-2026 10:45:02","10.08","4.11","13.98","On","12.90377,77.678234",
"10-Sep-2026 10:45:07","24.02","4.11","13.98","On","12.903753,77.678414",
"10-Sep-2026 10:45:21","13.32","4.11","13.98","On","12.903639,77.67898",
"10-Sep-2026 10:45:42","6.43","4.11","13.98","On","12.903505,77.679778",
"10-Sep-2026 10:45:51","7.12","4.11","13.98","On","12.903555,77.679983",
"10-Sep-2026 10:46:21","6.36","4.11","13.98","On","12.903484,77.680417",
"10-Sep-2026 10:46:51","4.42","4.11","13.98","On","12.903467,77.68081",
"10-Sep-2026 10:47:21","3.63","4.11","13.98","On","12.903468,77.68116",
"10-Sep-2026 10:47:51","3.12","4.1","13.95","On","12.90351,77.681711",
"10-Sep-2026 10:48:21","6.51","4.11","13.95","On","12.903607,77.682092",
"10-Sep-2026 10:48:37","11.17","4.11","13.95","On","12.903629,77.682405",
"10-Sep-2026 10:48:51","4.24","4.11","13.98","On","12.903623,77.6827",
"10-Sep-2026 10:49:21","2.77","4.11","13.95","On","12.903667,77.682991",
"10-Sep-2026 10:49:22","2.77","4.11","13.95","On","12.903667,77.682991",
"10-Sep-2026 10:49:51","5.02","4.1","13.95","On","12.903224,77.683105",
"10-Sep-2026 10:50:02","12.11","4.1","13.95","On","12.90309,77.683122",
"10-Sep-2026 10:50:21","9.18","4.11","13.98","On","12.902512,77.683184",
"10-Sep-2026 10:50:27","12.56","4.11","13.98","On","12.90238,77.683226",
"10-Sep-2026 10:50:51","27.93","4.11","13.98","On","12.902394,77.684175",
"10-Sep-2026 10:51:21","38.31","4.11","14.03","On","12.902464,77.685795",
"10-Sep-2026 10:51:42","9.7","4.11","14.03","On","12.902349,77.687357",
"10-Sep-2026 10:51:51","30.78","4.11","14","On","12.901995,77.687573",
"10-Sep-2026 10:51:52","32.27","4.11","14","On","12.901805,77.687825",
"10-Sep-2026 10:52:02","12.84","4.11","14","On","12.901684,77.68824",
"10-Sep-2026 10:52:07","7.25","4.11","14","On","12.901632,77.688374",
"10-Sep-2026 10:52:17","10.21","4.11","14","On","12.901733,77.688586",
"10-Sep-2026 10:52:21","5.17","4.11","14","On","12.901713,77.688671",
"10-Sep-2026 10:52:27","5.04","4.11","14","On","12.901683,77.688739",
"10-Sep-2026 10:52:51","12.84","4.11","14.03","On","12.901346,77.689411",
"10-Sep-2026 10:52:57","14.53","4.11","14.03","On","12.901272,77.689673",
"10-Sep-2026 10:53:07","17.75","4.11","14.03","On","12.90129,77.690035",
"10-Sep-2026 10:53:21","12.36","4.11","14.05","On","12.901341,77.690565",
"10-Sep-2026 10:53:37","8.98","4.11","14.05","On","12.901353,77.691055",
"10-Sep-2026 10:53:47","10.19","4.11","14.05","On","12.901395,77.69125",
"10-Sep-2026 10:53:51","23.35","4.11","14.03","On","12.901536,77.691304",
"10-Sep-2026 10:53:52","23.25","4.11","14.03","On","12.901796,77.691282",
"10-Sep-2026 10:54:12","6.42","4.11","14.03","On","12.902307,77.691231",
"10-Sep-2026 10:54:17","10.58","4.11","14.03","On","12.902393,77.691242",
"10-Sep-2026 10:54:21","28.54","4.11","14","On","12.902596,77.691181",
"10-Sep-2026 10:54:27","27.24","4.11","14","On","12.902879,77.691139",
"10-Sep-2026 10:54:32","25.76","4.11","14","On","12.903376,77.691407",
"10-Sep-2026 10:54:51","23.82","4.11","13.98","On","12.904188,77.691626",
"10-Sep-2026 10:54:52","27.1","4.11","13.98","On","12.904461,77.691637",
"10-Sep-2026 10:55:12","18.42","4.11","13.98","On","12.906034,77.691138",
"10-Sep-2026 10:55:17","14.25","4.11","13.98","On","12.906138,77.691062",
"10-Sep-2026 10:55:21","24.32","4.11","13.98","On","12.906153,77.690872",
"10-Sep-2026 10:55:22","24.32","4.11","13.98","On","12.906153,77.690872",
"10-Sep-2026 10:55:27","17.69","4.11","13.98","On","12.906159,77.690666",
"10-Sep-2026 10:55:32","5.01","4.11","13.98","On","12.906336,77.690508",
"10-Sep-2026 10:55:51","10.83","4.11","13.98","On","12.906769,77.69031",
"10-Sep-2026 10:56:17","25.44","4.11","13.98","On","12.908303,77.689717",
"10-Sep-2026 10:56:21","17.81","4.11","14","On","12.908515,77.689776",
"10-Sep-2026 10:56:27","5.66","4.11","14","On","12.90863,77.689801",
"10-Sep-2026 10:56:32","29.87","4.11","14","On","12.908751,77.68951",
"10-Sep-2026 10:56:51","39.72","4.11","14","On","12.909332,77.687921",
"10-Sep-2026 10:57:21","8.31","4.11","13.98","On","12.909961,77.686092",
"10-Sep-2026 10:57:22","8.31","4.11","13.98","On","12.909961,77.686092",
"10-Sep-2026 10:57:51","4.36","4.11","14","On","12.909825,77.685997",
"10-Sep-2026 10:58:21","2.83","4.11","14","On","12.909816,77.686057",
"10-Sep-2026 10:58:51","0.08","4.11","14","On","12.909864,77.686053",
"10-Sep-2026 10:59:21","0.36","4.11","14.03","On","12.909876,77.686019",
"10-Sep-2026 10:59:51","0.76","4.11","14.03","On","12.909904,77.686015",
"10-Sep-2026 11:00:21","0.61","4.11","14.03","On","12.909919,77.686006",
"10-Sep-2026 11:00:51","0.92","4.11","14.05","On","12.909916,77.686024",
"10-Sep-2026 11:01:21","0.43","4.11","14.03","On","12.909913,77.686015",
"10-Sep-2026 11:01:51","0.51","4.11","14.03","On","12.909911,77.686016",
"10-Sep-2026 11:02:21","0.18","4.11","14.03","On","12.909918,77.686027",
"10-Sep-2026 11:02:51","0.65","4.11","14.05","On","12.909919,77.686024",
"10-Sep-2026 11:03:21","0.2","4.11","14.05","On","12.909912,77.686016",
"10-Sep-2026 11:03:51","0.15","4.11","14.03","On","12.909896,77.686001",
"10-Sep-2026 11:04:21","0.53","4.11","14.03","On","12.909903,77.686001",
"10-Sep-2026 11:04:51","0.54","4.11","14.05","On","12.909906,77.686007",
"10-Sep-2026 11:05:21","0.68","4.11","14.07","On","12.909892,77.686014",
"10-Sep-2026 11:05:51","0.28","4.11","14.07","On","12.909901,77.686026",
"10-Sep-2026 11:06:21","0.46","4.11","14.07","On","12.909892,77.686053",
"10-Sep-2026 11:06:51","0.11","4.11","14.03","On","12.909916,77.686039",
"10-Sep-2026 11:07:21","1.06","4.11","14.05","On","12.909932,77.686033",
"10-Sep-2026 11:07:51","0.74","4.11","14.07","On","12.909946,77.68602",
"10-Sep-2026 11:08:21","0.33","4.11","14.05","On","12.909952,77.686012",
"10-Sep-2026 11:08:51","0.25","4.11","14.07","On","12.909938,77.685994",
"10-Sep-2026 11:09:21","0.25","4.11","14.07","On","12.909937,77.685992",
"10-Sep-2026 11:09:51","0.32","4.11","14.05","On","12.909931,77.685993",
"10-Sep-2026 11:10:21","0.28","4.11","14.05","On","12.909925,77.685999",
"10-Sep-2026 11:10:51","0.19","4.11","14.05","On","12.909927,77.68599",
"10-Sep-2026 11:11:21","0.17","4.11","14.07","On","12.909933,77.68598",
"10-Sep-2026 11:11:51","7.16","4.11","14","On","12.910048,77.68605",
"10-Sep-2026 11:12:02","30.89","4.11","14","On","12.910215,77.685771",
"10-Sep-2026 11:12:21","4.55","4.11","13.98","On","12.910435,77.685236",
"10-Sep-2026 11:12:32","7.47","4.11","13.98","On","12.910506,77.68497",
"10-Sep-2026 11:12:51","0.21","4.11","13.98","On","12.910411,77.684928",
"10-Sep-2026 11:13:21","6.08","4.11","14","On","12.910377,77.684921",
"10-Sep-2026 11:13:37","12.01","4.11","14","On","12.910401,77.684687",
"10-Sep-2026 11:13:42","8.04","4.11","14","On","12.910433,77.684517",
"10-Sep-2026 11:13:51","10.08","4.11","13.95","On","12.910266,77.684395",
"10-Sep-2026 11:14:21","0.69","4.11","13.98","On","12.910005,77.68426",
"10-Sep-2026 11:14:51","0.24","4.11","14.03","On","12.910002,77.684229",
"10-Sep-2026 11:15:21","0.45","4.11","14","On","12.90998,77.684214",
"10-Sep-2026 11:15:51","0.17","4.11","13.98","On","12.909968,77.684207",
"10-Sep-2026 11:16:21","0.15","4.11","13.98","On","12.90996,77.684175",
"10-Sep-2026 11:16:51","0.36","4.11","14.03","On","12.909953,77.684158",
"10-Sep-2026 11:17:21","0.32","4.11","14","On","12.909946,77.684167",
"10-Sep-2026 11:17:51","0.32","4.11","13.98","On","12.90995,77.684173",
"10-Sep-2026 11:18:21","0.31","4.11","14.03","On","12.909942,77.684162",
"10-Sep-2026 11:18:51","0.3","4.11","14.03","On","12.909939,77.684153",
"10-Sep-2026 11:19:21","0.39","4.11","13.98","On","12.909946,77.684156",
"10-Sep-2026 11:19:37","18.31","4.11","13.98","On","12.910106,77.684269",
"10-Sep-2026 11:19:47","13.21","4.11","13.98","On","12.910446,77.684582",
"10-Sep-2026 11:19:51","7.18","4.11","13.98","On","12.910387,77.684707",
"10-Sep-2026 11:19:57","6.27","4.11","13.98","On","12.910368,77.684764",
"10-Sep-2026 11:20:07","23.79","4.11","13.98","On","12.910537,77.68471",
"10-Sep-2026 11:20:21","8.49","4.11","13.95","On","12.910663,77.684371",
"10-Sep-2026 11:20:51","6.34","4.11","14","On","12.91116,77.683098",
"10-Sep-2026 11:21:21","8.37","4.11","13.98","On","12.911233,77.682885",
"10-Sep-2026 11:21:27","0.14","4.11","13.98","On","12.911178,77.682823",
"10-Sep-2026 11:21:51","0.16","4.11","14","On","12.911167,77.68282",
"10-Sep-2026 11:22:21","0.19","4.11","14","On","12.911163,77.682813",
"10-Sep-2026 11:22:51","0.18","4.11","13.95","On","12.911143,77.682794",
"10-Sep-2026 11:23:21","8.07","4.11","13.98","On","12.911106,77.682763",
"10-Sep-2026 11:23:32","13.66","4.11","13.98","On","12.910848,77.68281",
"10-Sep-2026 11:23:42","11.14","4.11","13.98","On","12.910721,77.682998",
"10-Sep-2026 11:23:51","4.49","4.11","14","On","12.910514,77.68324",
"10-Sep-2026 11:24:21","3.19","4.11","13.98","On","12.910414,77.68349",
"10-Sep-2026 11:24:51","0.37","4.11","14","On","12.910445,77.683562",
"10-Sep-2026 11:25:21","0.02","4.11","14.03","On","12.910448,77.683572",
"10-Sep-2026 11:25:51","0.57","4.11","14","On","12.910462,77.683576",
"10-Sep-2026 11:26:21","0.12","4.11","14","On","12.910466,77.683563",
"10-Sep-2026 11:26:51","0.2","4.11","13.98","On","12.91046,77.683568",
"10-Sep-2026 11:27:21","0.39","4.11","14","On","12.910452,77.683596",
"10-Sep-2026 11:27:51","0.2","4.11","14.03","On","12.910452,77.683603",
"10-Sep-2026 11:28:21","0.62","4.11","14","On","12.910455,77.68363",
"10-Sep-2026 11:28:51","0.25","4.11","14","On","12.910445,77.68361",
"10-Sep-2026 11:29:12","13.67","4.11","14","On","12.91017,77.683591",
"10-Sep-2026 11:29:21","16.45","4.11","14","On","12.910115,77.683277",
"10-Sep-2026 11:29:37","6.72","4.11","14","On","12.910255,77.682883",
"10-Sep-2026 11:29:51","7.69","4.11","13.98","On","12.910074,77.682763",
"10-Sep-2026 11:29:52","13.21","4.11","13.98","On","12.910064,77.68265",
"10-Sep-2026 11:30:21","0.37","4.11","13.95","On","12.910098,77.682333",
"10-Sep-2026 11:30:32","12.21","4.11","13.95","On","12.910151,77.682175",
"10-Sep-2026 11:30:37","17.46","4.11","13.95","On","12.910304,77.682177",
"10-Sep-2026 11:30:51","20.88","4.11","14","On","12.910802,77.682254",
"10-Sep-2026 11:30:57","8.94","4.11","14","On","12.911128,77.682351",
"10-Sep-2026 11:31:02","18.52","4.11","14","On","12.911159,77.682507",
"10-Sep-2026 11:31:07","8.12","4.11","14","On","12.911155,77.682656",
"10-Sep-2026 11:31:21","0.33","4.11","13.98","On","12.911313,77.682739",
"10-Sep-2026 11:31:51","11.36","4.11","13.93","On","12.911465,77.682499",
"10-Sep-2026 11:32:21","3.52","4.11","13.98","On","12.91157,77.682256",
"10-Sep-2026 11:32:51","2.05","4.11","14","On","12.911602,77.682163",
"10-Sep-2026 11:33:21","0.21","4.11","13.98","On","12.911613,77.682134",
"10-Sep-2026 11:33:51","0.03","4.11","13.95","On","12.911616,77.682166",
"10-Sep-2026 11:34:21","0.36","4.11","13.95","On","12.911621,77.682167",
"10-Sep-2026 11:34:51","0.08","4.11","13.95","On","12.911625,77.682175",
"10-Sep-2026 11:35:21","5.83","4.11","13.98","On","12.911649,77.682104",
"10-Sep-2026 11:35:51","6.98","4.11","13.98","On","12.911869,77.681827",
"10-Sep-2026 11:36:02","11.31","4.11","13.98","On","12.911988,77.681589",
"10-Sep-2026 11:36:21","7.29","4.11","13.95","On","12.91218,77.681179",
"10-Sep-2026 11:36:22","7.29","4.11","13.95","On","12.91218,77.681179",
"10-Sep-2026 11:36:32","14.95","4.11","13.95","On","12.912026,77.681087",
"10-Sep-2026 11:36:51","0.87","4.11","13.98","On","12.911774,77.680977",
"10-Sep-2026 11:36:57","3.36","4.11","13.98","On","12.911754,77.680957",
"10-Sep-2026 11:37:21","1.21","4.11","13.98","On","12.911779,77.680777",
"10-Sep-2026 11:37:37","10.7","4.11","13.98","On","12.911862,77.680499",
"10-Sep-2026 11:37:42","13.4","4.11","13.98","On","12.911814,77.680421",
"10-Sep-2026 11:37:51","22.99","4.11","14","On","12.911561,77.680286",
"10-Sep-2026 11:38:07","5.91","4.11","14","On","12.910806,77.680107",
"10-Sep-2026 11:38:21","5","4.11","13.98","On","12.910627,77.68021",
"10-Sep-2026 11:38:51","2.72","4.11","13.95","On","12.910476,77.680202",
"10-Sep-2026 11:39:21","2.94","4.11","13.95","On","12.910577,77.680182",
"10-Sep-2026 11:39:51","0.99","4.11","14","On","12.910575,77.68018",
"10-Sep-2026 11:40:21","0.32","4.11","14","On","12.910572,77.680183",
"10-Sep-2026 11:40:51","0.19","4.11","13.98","On","12.910573,77.680192",
"10-Sep-2026 11:41:21","0.41","4.11","14","On","12.910581,77.68019",
"10-Sep-2026 11:41:51","0.28","4.11","14","On","12.910602,77.680184",
"10-Sep-2026 11:42:21","0.08","4.11","14.03","On","12.91062,77.680169",
"10-Sep-2026 11:42:51","0.59","4.11","14.03","On","12.910629,77.680159",
"10-Sep-2026 11:43:21","0.4","4.11","14.03","On","12.910633,77.680166",
"10-Sep-2026 11:43:51","0.63","4.11","14.03","On","12.910639,77.680165",
"10-Sep-2026 11:44:21","0.35","4.11","14","On","12.910644,77.680193",
"10-Sep-2026 11:44:51","0.34","4.11","13.98","On","12.910649,77.680198",
"10-Sep-2026 11:45:21","0.23","4.11","14","On","12.91064,77.680181",
"10-Sep-2026 11:45:51","0.3","4.11","14","On","12.910629,77.680182",
"10-Sep-2026 11:46:21","0.57","4.11","13.98","On","12.910627,77.680191",
"10-Sep-2026 11:46:51","0.11","4.11","14","On","12.910616,77.680183",
"10-Sep-2026 11:47:21","1.32","4.11","13.95","On","12.910606,77.680172",
"10-Sep-2026 11:47:22","15.26","4.11","13.95","On","12.910686,77.680185",
"10-Sep-2026 11:47:27","6.99","4.11","13.95","On","12.910783,77.680185",
"10-Sep-2026 11:47:37","14.29","4.11","13.95","On","12.910847,77.680054",
"10-Sep-2026 11:47:42","6.71","4.11","13.95","On","12.910985,77.680076",
"10-Sep-2026 11:47:51","24.4","4.11","14","On","12.911604,77.680212",
"10-Sep-2026 11:48:02","18.53","4.11","14","On","12.911903,77.680366",
"10-Sep-2026 11:48:07","23.08","4.11","14","On","12.911801,77.680769",
"10-Sep-2026 11:48:12","3.1","4.11","14","On","12.911762,77.680879",
"10-Sep-2026 11:48:21","8.84","4.11","14","On","12.911801,77.680965",
"10-Sep-2026 11:48:51","0.25","4.11","13.98","On","12.91205,77.681089",
"10-Sep-2026 11:49:21","0.08","4.11","13.95","On","12.912066,77.681101",
"10-Sep-2026 11:49:51","0.33","4.11","13.95","On","12.912093,77.681115",
"10-Sep-2026 11:50:21","0.14","4.11","13.95","On","12.912108,77.681105",
"10-Sep-2026 11:50:51","0.13","4.11","13.95","On","12.912114,77.681089",
"10-Sep-2026 11:51:21","0.09","4.11","13.91","On","12.912123,77.68109",
"10-Sep-2026 11:51:51","0.15","4.11","13.93","On","12.912131,77.681102",
"10-Sep-2026 11:52:21","2.92","4.11","13.95","On","12.912154,77.681111",
"10-Sep-2026 11:52:42","11.13","4.11","13.95","On","12.912272,77.681088",
"10-Sep-2026 11:52:51","7.96","4.11","13.95","On","12.912469,77.68068",
"10-Sep-2026 11:53:21","23.86","4.11","14","On","12.912776,77.680082",
"10-Sep-2026 11:53:51","4.72","4.11","13.95","On","12.91336,77.678924",
"10-Sep-2026 11:54:21","0.42","4.11","13.98","On","12.913367,77.678899",
"10-Sep-2026 11:54:51","0.09","4.11","13.95","On","12.91337,77.678893",
"10-Sep-2026 11:55:21","0.15","4.11","13.93","On","12.913375,77.678886",
"10-Sep-2026 11:55:51","5.1","4.11","13.95","On","12.913764,77.678087",
"10-Sep-2026 11:56:21","4.24","4.11","13.98","On","12.91408,77.677204",
"10-Sep-2026 11:56:37","2.32","4.11","13.98","On","12.914105,77.677066",
"10-Sep-2026 11:56:51","1.63","4.11","13.98","On","12.914154,77.676869",
"10-Sep-2026 11:57:21","7.84","4.11","13.98","On","12.914225,77.676543",
"10-Sep-2026 11:57:32","10.31","4.11","13.98","On","12.914303,77.676312",
"10-Sep-2026 11:57:51","10.65","4.11","14","On","12.914477,77.67585",
"10-Sep-2026 11:58:21","4.17","4.11","13.98","On","12.914742,77.675409",
"10-Sep-2026 11:58:51","15.49","4.11","13.95","On","12.915173,77.674727",
"10-Sep-2026 11:59:17","8.11","4.11","13.95","On","12.915532,77.674188",
"10-Sep-2026 11:59:21","10.99","4.11","13.98","On","12.915615,77.674111",
"10-Sep-2026 11:59:51","4.74","4.11","13.98","On","12.91604,77.673768",
"10-Sep-2026 12:00:21","1.58","4.11","13.95","On","12.916408,77.673579",
"10-Sep-2026 12:00:51","3.65","4.11","13.93","On","12.916661,77.673485",
"10-Sep-2026 12:01:02","25.16","4.11","13.93","On","12.91656,77.673608",
"10-Sep-2026 12:01:12","18.18","4.11","13.93","On","12.915908,77.674033",
"10-Sep-2026 12:01:21","11.68","4.11","13.93","On","12.915719,77.674257",
"10-Sep-2026 12:01:22","11.68","4.11","13.93","On","12.915719,77.674257",
"10-Sep-2026 12:01:27","19.44","4.11","13.93","On","12.915797,77.674369",
"10-Sep-2026 12:01:32","16.11","4.11","13.93","On","12.916113,77.674635",
"10-Sep-2026 12:01:37","24.04","4.11","13.93","On","12.916058,77.674845",
"10-Sep-2026 12:01:51","6.75","4.11","13.95","On","12.916029,77.675184",
"10-Sep-2026 12:01:52","3.75","4.11","13.95","On","12.916078,77.6752",
"10-Sep-2026 12:02:21","1.57","4.11","13.98","On","12.917143,77.675796",
"10-Sep-2026 12:02:42","13.49","4.11","13.98","On","12.917026,77.67599",
"10-Sep-2026 12:02:51","31.69","4.11","14","On","12.916866,77.676439",
"10-Sep-2026 12:02:52","31.83","4.11","14","On","12.916861,77.676767",
"10-Sep-2026 12:03:17","2.36","4.11","14","On","12.916939,77.677535",
"10-Sep-2026 12:03:21","0.48","4.11","13.98","On","12.916935,77.677539",
"10-Sep-2026 12:03:51","2.99","4.11","14","On","12.916906,77.677519",
"10-Sep-2026 12:04:21","0.3","4.11","13.98","On","12.916953,77.677469",
"10-Sep-2026 12:04:51","0.16","4.11","13.98","On","12.916956,77.677456",
"10-Sep-2026 12:05:21","0.08","4.11","13.98","On","12.916965,77.677457",
"10-Sep-2026 12:05:51","0.11","4.11","14","On","12.916971,77.677445",
"10-Sep-2026 12:06:21","0.05","4.11","13.98","On","12.916977,77.677443",
"10-Sep-2026 12:06:51","0.06","4.11","13.98","On","12.916962,77.677445",
"10-Sep-2026 12:07:21","0.19","4.11","13.98","On","12.916982,77.67745",
"10-Sep-2026 12:07:51","0.23","4.11","13.98","On","12.916992,77.677443",
"10-Sep-2026 12:08:21","0.12","4.11","13.98","On","12.916991,77.677445",
"10-Sep-2026 12:08:51","0.41","4.11","13.98","On","12.917,77.677446",
"10-Sep-2026 12:09:21","0.19","4.11","13.98","On","12.917,77.677449",
"10-Sep-2026 12:09:51","0.17","4.11","13.98","On","12.916999,77.677449",
"10-Sep-2026 12:10:21","0.32","4.11","14.03","On","12.916988,77.677452",
"10-Sep-2026 12:10:51","0.31","4.11","14","On","12.916978,77.677453",
"10-Sep-2026 12:11:21","0.43","4.11","14.03","On","12.91698,77.677433",
"10-Sep-2026 12:11:51","0.21","4.11","14","On","12.916982,77.677434",
"10-Sep-2026 12:12:21","0.07","4.11","14","On","12.916988,77.677442",
"10-Sep-2026 12:12:51","0.19","4.11","14","On","12.917002,77.677442",
"10-Sep-2026 12:13:21","0.14","4.11","14","On","12.917002,77.677443",
"10-Sep-2026 12:13:51","0.15","4.11","14","On","12.916996,77.677445",
"10-Sep-2026 12:14:21","0.24","4.11","14.03","On","12.916994,77.677436",
"10-Sep-2026 12:14:51","0.15","4.11","14.03","On","12.917001,77.677426",
"10-Sep-2026 12:15:21","0.06","4.11","14","On","12.917001,77.677423",
"10-Sep-2026 12:15:51","7.29","4.11","13.98","On","12.916977,77.677389",
"10-Sep-2026 12:15:57","11.42","4.11","13.98","On","12.916965,77.677327",
"10-Sep-2026 12:16:17","22.05","4.11","13.98","On","12.916928,77.676277",
"10-Sep-2026 12:16:21","20.68","4.11","13.95","On","12.917026,77.676073",
"10-Sep-2026 12:16:32","14.61","4.11","13.95","On","12.917025,77.675784",
"10-Sep-2026 12:16:51","4.27","4.11","13.98","On","12.916019,77.675294",
"10-Sep-2026 12:16:52","4.27","4.11","13.98","On","12.916019,77.675294",
"10-Sep-2026 12:16:57","26.23","4.11","13.98","On","12.915988,77.675144",
"10-Sep-2026 12:17:02","19.12","4.11","13.98","On","12.916075,77.674662",
"10-Sep-2026 12:17:17","4.48","4.11","13.98","On","12.915641,77.674293",
"10-Sep-2026 12:17:21","9.15","4.11","13.98","On","12.915597,77.674291",
"10-Sep-2026 12:17:22","30.03","4.11","13.98","On","12.915481,77.674438",
"10-Sep-2026 12:17:51","20.75","4.11","13.95","On","12.914258,77.676738",
"10-Sep-2026 12:17:52","20.75","4.11","13.95","On","12.914258,77.676738",
"10-Sep-2026 12:18:21","10.52","4.11","13.98","On","12.914054,77.677484",
"10-Sep-2026 12:18:51","1.03","4.11","14","On","12.91393,77.6779",
"10-Sep-2026 12:19:12","1.46","4.11","14","On","12.913882,77.678072",
"10-Sep-2026 12:19:21","1.39","4.11","14.03","On","12.913862,77.678127",
"10-Sep-2026 12:19:51","4.6","4.11","14","On","12.913785,77.678323",
"10-Sep-2026 12:20:21","26.09","4.11","14","On","12.913622,77.678722",
"10-Sep-2026 12:20:51","42.17","4.11","13.98","On","12.91248,77.681002",
"10-Sep-2026 12:21:12","33.98","4.11","13.98","On","12.911775,77.682379",
"10-Sep-2026 12:21:21","36.76","4.11","14","On","12.911523,77.682895",
"10-Sep-2026 12:21:51","22.72","4.11","13.93","On","12.910821,77.684489",
"10-Sep-2026 12:22:07","15.54","4.11","13.93","On","12.910634,77.685239",
"10-Sep-2026 12:22:21","3.51","4.11","13.95","On","12.911186,77.685459",
"10-Sep-2026 12:22:51","0.17","4.11","13.95","On","12.911287,77.685499",
"10-Sep-2026 12:23:21","29.94","4.11","14.03","On","12.912046,77.685846",
"10-Sep-2026 12:23:42","15.17","4.11","14.03","On","12.913123,77.686494",
"10-Sep-2026 12:23:51","10.28","4.11","14","On","12.912907,77.686915",
"10-Sep-2026 12:23:52","10.28","4.11","14","On","12.912907,77.686915",
"10-Sep-2026 12:24:21","5.86","4.11","13.98","On","12.912674,77.68741",
"10-Sep-2026 12:24:22","5.86","4.11","13.98","On","12.912674,77.68741",
"10-Sep-2026 12:24:42","10.34","4.11","13.98","On","12.912711,77.687307",
"10-Sep-2026 12:24:51","9.66","4.11","14","On","12.912885,77.68701",
"10-Sep-2026 12:25:07","0.26","4.11","14","On","12.912964,77.686848",
"10-Sep-2026 12:25:21","0.1","4.11","14.03","On","12.912961,77.686842",
"10-Sep-2026 12:25:51","0.08","4.11","14.07","On","12.912958,77.686832",
"10-Sep-2026 12:26:21","1.56","4.11","14.07","On","12.91297,77.686823",
"10-Sep-2026 12:26:28","19.75","4.11","14.07","On","12.913094,77.68665",
"10-Sep-2026 12:26:33","9.15","4.11","14.07","On","12.913163,77.686504",
"10-Sep-2026 12:26:43","31.16","4.11","14.07","On","12.912938,77.686338",
"10-Sep-2026 12:26:51","30.58","4.11","13.98","On","12.912314,77.686027",
"10-Sep-2026 12:27:21","6.66","4.11","13.95","On","12.911421,77.685565",
"10-Sep-2026 12:27:51","7.05","4.11","14","On","12.910974,77.68539",
"10-Sep-2026 12:28:13","7.54","4.11","14","On","12.91058,77.685244",
"10-Sep-2026 12:28:21","18.43","4.11","14.05","On","12.910466,77.685444",
"10-Sep-2026 12:28:28","40.44","4.11","14.05","On","12.910206,77.686069",
"10-Sep-2026 12:28:51","34.07","4.11","14.03","On","12.909617,77.687559",
"10-Sep-2026 12:29:21","36.74","4.11","14.03","On","12.908558,77.690749",
"10-Sep-2026 12:29:51","22.34","4.11","14","On","12.908144,77.692198",
"10-Sep-2026 12:30:21","3.56","4.11","13.98","On","12.907881,77.693382",
"10-Sep-2026 12:30:23","3.56","4.11","13.98","On","12.907881,77.693382",
"10-Sep-2026 12:30:33","22.69","4.11","13.98","On","12.908187,77.693289",
"10-Sep-2026 12:30:51","12.65","4.11","13.98","On","12.908772,77.693043",
"10-Sep-2026 12:31:21","0.66","4.11","13.91","On","12.909124,77.692904",
"10-Sep-2026 12:31:51","0.15","4.11","13.91","On","12.909116,77.692882",
"10-Sep-2026 12:32:08","2.43","4.11","13.91","On","12.909103,77.692881",
"10-Sep-2026 12:32:21","2.64","4.11","13.98","On","12.909037,77.692922",
"10-Sep-2026 12:32:51","0.66","4.11","14.05","On","12.909112,77.693076",
"10-Sep-2026 12:33:21","0.68","4.11","14.05","On","12.909111,77.693079",
"10-Sep-2026 12:33:51","1.55","4.11","13.95","On","12.909061,77.692962",
"10-Sep-2026 12:34:08","19.42","4.11","13.95","On","12.908865,77.693014",
"10-Sep-2026 12:34:21","0.26","4.11","13.98","On","12.908534,77.693188",
"10-Sep-2026 12:34:51","0.35","4.11","14","On","12.908549,77.693207",
"10-Sep-2026 12:35:21","0.28","4.11","14.05","On","12.908563,77.693221",
"10-Sep-2026 12:35:51","0.36","4.11","14.03","On","12.908578,77.69323",
"10-Sep-2026 12:36:21","0.53","4.11","14.05","On","12.908572,77.693245",
"10-Sep-2026 12:36:51","0.18","4.11","14.03","On","12.908576,77.693244",
"10-Sep-2026 12:37:13","8.26","4.11","14.03","On","12.908088,77.693443",
"10-Sep-2026 12:37:18","16.4","4.11","14.03","On","12.907904,77.693515",
"10-Sep-2026 12:37:21","16.4","4.11","14","On","12.907904,77.693515",
"10-Sep-2026 12:37:51","46.11","4.11","14","On","12.907054,77.69629",
"10-Sep-2026 12:38:21","36.69","4.11","14.03","On","12.906313,77.698819",
"10-Sep-2026 12:38:51","43.44","4.11","14.03","On","12.904764,77.701744",
"10-Sep-2026 12:39:21","30.12","4.11","13.93","On","12.903735,77.703699",
"10-Sep-2026 12:39:33","14.11","4.11","13.93","On","12.903617,77.704086",
"10-Sep-2026 12:39:51","32.27","4.11","14","On","12.905091,77.704694",
"10-Sep-2026 12:40:21","27.01","4.11","13.98","On","12.907534,77.705455",
"10-Sep-2026 12:40:28","10.49","4.11","13.98","On","12.907934,77.705519",
"10-Sep-2026 12:40:33","2.68","4.11","13.98","On","12.90799,77.705489",
"10-Sep-2026 12:40:51","0.66","4.11","14","On","12.908048,77.705355",
"10-Sep-2026 12:41:21","0.33","4.11","14.03","On","12.908034,77.705332",
"10-Sep-2026 12:41:51","0.3","4.11","14.03","On","12.908019,77.705314",
"10-Sep-2026 12:42:21","0.17","4.11","14.03","On","12.908012,77.705327",
"10-Sep-2026 12:42:51","12.44","4.11","14","On","12.908204,77.704756",
"10-Sep-2026 12:43:21","0.43","4.11","13.98","On","12.908381,77.704324",
"10-Sep-2026 12:43:51","0.26","4.11","14","On","12.908371,77.70431",
"10-Sep-2026 12:44:21","0.52","4.11","14","On","12.90838,77.7043",
"10-Sep-2026 12:44:51","0.14","4.11","14.03","On","12.908397,77.704297",
"10-Sep-2026 12:45:21","0.76","4.11","14","On","12.908415,77.704294",
"10-Sep-2026 12:45:51","0.37","4.11","13.98","On","12.908413,77.704277",
"10-Sep-2026 12:46:21","0.67","4.11","14.03","On","12.908415,77.704263",
"10-Sep-2026 12:46:51","0.63","4.11","14","On","12.908409,77.704259",
"10-Sep-2026 12:47:21","0.52","4.11","14","On","12.908386,77.704272",
"10-Sep-2026 12:47:51","0.63","4.11","14","On","12.908394,77.704268",
"10-Sep-2026 12:48:21","0.06","4.11","14","On","12.908393,77.70427",
"10-Sep-2026 12:48:51","7.72","4.11","13.98","On","12.908515,77.703966",
"10-Sep-2026 12:49:21","11.15","4.11","14","On","12.908216,77.704147",
"10-Sep-2026 12:49:23","11.68","4.11","14","On","12.908179,77.704266",
"10-Sep-2026 12:49:33","7.3","4.11","14","On","12.908101,77.704509",
"10-Sep-2026 12:49:38","12.17","4.11","14","On","12.908074,77.704598",
"10-Sep-2026 12:49:51","12.64","4.11","14","On","12.907894,77.705193",
"10-Sep-2026 12:49:58","6.23","4.11","14","On","12.907879,77.705283",
"10-Sep-2026 12:50:18","16.81","4.11","14","On","12.907831,77.705518",
"10-Sep-2026 12:50:21","19.27","4.11","14.03","On","12.907639,77.705491",
"10-Sep-2026 12:50:51","33.09","4.11","14","On","12.905361,77.704803",
"10-Sep-2026 12:51:21","14.61","4.11","13.95","On","12.903644,77.704123",
"10-Sep-2026 12:51:28","14.02","4.11","13.95","On","12.903478,77.704138",
"10-Sep-2026 12:51:51","27.86","4.11","14","On","12.902568,77.705737",
"10-Sep-2026 12:52:21","44.68","4.11","13.98","On","12.901462,77.707926",
"10-Sep-2026 12:52:51","19.92","4.11","14","On","12.900804,77.709459",
"10-Sep-2026 12:53:21","51.23","4.11","13.98","On","12.89992,77.711537",
"10-Sep-2026 12:53:51","12.67","4.11","13.95","On","12.89898,77.713786",
"10-Sep-2026 12:53:53","12.67","4.11","13.95","On","12.89898,77.713786",
"10-Sep-2026 12:53:58","27.89","4.11","13.95","On","12.899159,77.713864",
"10-Sep-2026 12:54:21","23.78","4.11","13.95","On","12.901088,77.714359",
"10-Sep-2026 12:54:43","34.57","4.11","13.95","On","12.902372,77.714986",
"10-Sep-2026 12:54:48","30.8","4.11","13.95","On","12.902596,77.715217",
"10-Sep-2026 12:54:51","4.49","4.11","13.98","On","12.902771,77.715277",
"10-Sep-2026 12:55:08","22.64","4.11","13.98","On","12.902877,77.715546",
"10-Sep-2026 12:55:21","21.21","4.11","14","On","12.902868,77.716177",
"10-Sep-2026 12:55:48","3.7","4.11","14","On","12.902858,77.716535",
"10-Sep-2026 12:55:51","9.42","4.11","14","On","12.902843,77.716607",
"10-Sep-2026 12:56:18","17.94","4.11","14","On","12.902782,77.71719",
"10-Sep-2026 12:56:21","13.26","4.11","14","On","12.902762,77.717356",
"10-Sep-2026 12:56:43","30.02","4.11","14","On","12.902806,77.718555",
"10-Sep-2026 12:56:51","8.86","4.11","13.93","On","12.903065,77.719073",
"10-Sep-2026 12:56:53","8.86","4.11","13.93","On","12.903065,77.719073",
"10-Sep-2026 12:57:21","0.42","4.11","13.93","On","12.902945,77.719021",
"10-Sep-2026 12:57:51","9.86","4.11","13.98","On","12.902915,77.718935",
"10-Sep-2026 12:58:21","0.33","4.11","13.98","On","12.902786,77.718928",
"10-Sep-2026 12:58:51","0.09","4.11","14","On","12.902796,77.718939",
"10-Sep-2026 12:59:21","0.24","4.11","14","On","12.902805,77.718953",
"10-Sep-2026 12:59:51","0.1","4.11","14","On","12.90282,77.718963",
"10-Sep-2026 13:00:21","0.15","4.11","14.03","On","12.902814,77.71896",
"10-Sep-2026 13:00:51","0","4.11","14.03","On","12.902812,77.718952",
"10-Sep-2026 13:01:21","0.12","4.11","14.05","On","12.902802,77.718956",
"10-Sep-2026 13:01:51","0.1","4.11","14","On","12.902797,77.718954",
"10-Sep-2026 13:02:21","0.2","4.11","14.03","On","12.9028,77.718967",
"10-Sep-2026 13:02:51","0.22","4.11","14","On","12.902802,77.718968",
"10-Sep-2026 13:03:21","3.63","4.11","14","On","12.902821,77.718952",
"10-Sep-2026 13:03:38","10.7","4.11","14","On","12.902908,77.718958",
"10-Sep-2026 13:03:48","12.61","4.11","14","On","12.903118,77.719069",
"10-Sep-2026 13:03:51","12.61","4.11","13.98","On","12.903118,77.719069",
"10-Sep-2026 13:03:53","23.02","4.11","13.98","On","12.903044,77.718945",
"10-Sep-2026 13:04:03","32.9","4.11","13.98","On","12.902756,77.718355",
"10-Sep-2026 13:04:13","22.43","4.11","13.98","On","12.902782,77.717457",
"10-Sep-2026 13:04:21","7.53","4.11","14","On","12.902824,77.717033",
"10-Sep-2026 13:04:48","2.71","4.11","14","On","12.902836,77.715403",
"10-Sep-2026 13:04:51","2.71","4.11","14.03","On","12.902836,77.715403",
"10-Sep-2026 13:04:58","26.39","4.11","14.03","On","12.902615,77.715279",
"10-Sep-2026 13:05:03","26.37","4.11","14.03","On","12.902423,77.715114",
"10-Sep-2026 13:05:08","29.35","4.11","14.03","On","12.902157,77.714704",
"10-Sep-2026 13:05:21","34.11","4.11","14.03","On","12.901229,77.714449",
"10-Sep-2026 13:05:51","12.16","4.11","14","On","12.899285,77.713881",
"10-Sep-2026 13:06:08","7.01","4.11","14","On","12.898934,77.713849",
"10-Sep-2026 13:06:21","43.49","4.11","13.98","On","12.898626,77.714736",
"10-Sep-2026 13:06:51","46.72","4.11","13.95","On","12.897633,77.717819",
"10-Sep-2026 13:07:21","0.75","4.11","13.98","On","12.897056,77.719263",
"10-Sep-2026 13:07:51","0.63","4.11","13.95","On","12.897035,77.719309",
"10-Sep-2026 13:08:21","0.27","4.11","13.93","On","12.896886,77.719649",
"10-Sep-2026 13:08:51","0.16","4.11","13.95","On","12.896888,77.719651",
"10-Sep-2026 13:09:21","0.65","4.11","13.95","On","12.896747,77.719988",
"10-Sep-2026 13:09:51","0.05","4.11","13.93","On","12.896691,77.720115",
"10-Sep-2026 13:10:21","1.38","4.11","13.88","On","12.896686,77.720129",
"10-Sep-2026 13:10:51","5.02","4.11","13.95","On","12.896325,77.720219",
"10-Sep-2026 13:11:21","6.59","4.11","13.95","On","12.896109,77.720114",
"10-Sep-2026 13:11:33","12.97","4.11","13.95","On","12.895789,77.720011",
"10-Sep-2026 13:11:51","23.4","4.11","14","On","12.895242,77.719849",
"10-Sep-2026 13:12:08","8.12","4.11","14","On","12.894306,77.719526",
"10-Sep-2026 13:12:21","8.3","4.11","13.93","On","12.893724,77.719181",
"10-Sep-2026 13:12:28","12.41","4.11","13.93","On","12.893682,77.719086",
"10-Sep-2026 13:12:43","11.74","4.11","13.93","On","12.893541,77.71839",
"10-Sep-2026 13:12:48","6.05","4.11","13.93","On","12.893596,77.718378",
"10-Sep-2026 13:12:51","0.16","4.11","13.95","On","12.893601,77.718382",
"10-Sep-2026 13:13:21","0.31","4.11","13.93","On","12.893618,77.718401",
"10-Sep-2026 13:13:51","0.6","4.11","13.95","On","12.893621,77.718375",
"10-Sep-2026 13:14:21","0.68","4.11","13.98","On","12.893612,77.718353",
"10-Sep-2026 13:14:51","0.13","4.11","14.03","On","12.893613,77.71835",
"10-Sep-2026 13:15:21","0.18","4.11","14","On","12.893605,77.718377",
"10-Sep-2026 13:15:51","0.12","4.11","13.98","On","12.893606,77.718367",
"10-Sep-2026 13:16:21","3.23","4.11","13.98","On","12.893548,77.718368",
"10-Sep-2026 13:16:28","18.2","4.11","13.98","On","12.893572,77.718514",
"10-Sep-2026 13:16:43","21.37","4.11","13.98","On","12.893817,77.719228",
"10-Sep-2026 13:16:51","12.13","4.11","13.95","On","12.894241,77.719479",
"10-Sep-2026 13:17:21","21.43","4.11","13.98","On","12.895154,77.719816",
"10-Sep-2026 13:17:51","0.56","4.11","13.93","On","12.896013,77.720059",
"10-Sep-2026 13:18:21","0.36","4.11","13.91","On","12.896026,77.720082",
"10-Sep-2026 13:18:51","2.21","4.11","13.98","On","12.896187,77.720143",
"10-Sep-2026 13:18:53","1.14","4.11","13.98","On","12.896207,77.720153",
"10-Sep-2026 13:19:18","12.38","4.11","13.98","On","12.896551,77.720247",
"10-Sep-2026 13:19:21","25.21","4.11","13.98","On","12.896657,77.720096",
"10-Sep-2026 13:19:23","25.21","4.11","13.98","On","12.896657,77.720096",
"10-Sep-2026 13:19:51","32.64","4.11","13.98","On","12.897326,77.718557",
"10-Sep-2026 13:20:21","44.46","4.11","14.03","On","12.898248,77.715608",
"10-Sep-2026 13:20:51","38.03","4.11","13.93","On","12.899095,77.713078",
"10-Sep-2026 13:21:21","52.14","4.11","14.03","On","12.900518,77.710006",
"10-Sep-2026 13:21:51","43.45","4.11","14.03","On","12.901604,77.707513",
"10-Sep-2026 13:22:21","34.68","4.11","13.95","On","12.902748,77.705257",
"10-Sep-2026 13:22:51","28.49","4.11","13.98","On","12.903905,77.703091",
"10-Sep-2026 13:22:58","26.04","4.11","13.98","On","12.90386,77.702813",
"10-Sep-2026 13:23:13","15.36","4.11","13.98","On","12.90317,77.702251",
"10-Sep-2026 13:23:21","41.1","4.11","14","On","12.90253,77.702197",
"10-Sep-2026 13:23:38","21.58","4.11","14","On","12.900795,77.702219",
"10-Sep-2026 13:23:51","32.64","4.11","13.98","On","12.900505,77.702891",
"10-Sep-2026 13:24:08","11.18","4.11","13.98","On","12.90015,77.703703",
"10-Sep-2026 13:24:13","8.68","4.11","13.98","On","12.900037,77.70366",
"10-Sep-2026 13:24:21","9.16","4.11","13.95","On","12.899636,77.703557",
"10-Sep-2026 13:24:51","0.39","4.11","13.95","On","12.899572,77.7037",
"10-Sep-2026 13:25:21","0.22","4.11","13.98","On","12.899582,77.703697",
"10-Sep-2026 13:25:33","13.94","4.11","13.98","On","12.899506,77.703821",
"10-Sep-2026 13:25:38","15.45","4.11","13.98","On","12.899679,77.704069",
"10-Sep-2026 13:25:43","23.03","4.11","13.98","On","12.899658,77.704254",
"10-Sep-2026 13:25:51","22.07","4.11","13.98","On","12.899468,77.704749",
"10-Sep-2026 13:25:58","11.11","4.11","13.98","On","12.899339,77.704951",
"10-Sep-2026 13:26:03","1.22","4.11","13.98","On","12.899256,77.704959",
"10-Sep-2026 13:26:21","0.57","4.11","13.98","On","12.899265,77.704953",
"10-Sep-2026 13:26:51","0.58","4.11","14.05","On","12.899227,77.704921",
"10-Sep-2026 13:27:21","1.19","4.11","14.03","On","12.89922,77.704909",
"10-Sep-2026 13:27:51","0.61","4.11","14.03","On","12.899214,77.704907",
"10-Sep-2026 13:28:21","2.26","4.11","14.03","On","12.899228,77.704883",
"10-Sep-2026 13:28:51","1.7","4.11","14.07","On","12.899188,77.704824",
"10-Sep-2026 13:29:21","0.23","4.11","14.03","On","12.899168,77.704795",
"10-Sep-2026 13:29:51","0.45","4.11","14.05","On","12.899193,77.704814",
"10-Sep-2026 13:30:21","0.45","4.11","14.07","On","12.899215,77.704823",
"10-Sep-2026 13:30:51","2.54","4.11","14.03","On","12.899212,77.70482",
"10-Sep-2026 13:31:08","16.11","4.11","14.03","On","12.899243,77.70478",
"10-Sep-2026 13:31:21","30.58","4.11","14.05","On","12.899458,77.704294",
"10-Sep-2026 13:31:23","22.6","4.11","14.05","On","12.89952,77.704039",
"10-Sep-2026 13:31:28","19.8","4.11","14.05","On","12.899443,77.70392",
"10-Sep-2026 13:31:51","17.99","4.11","14","On","12.898324,77.703469",
"10-Sep-2026 13:32:03","17.62","4.11","14","On","12.897938,77.703538",
"10-Sep-2026 13:32:21","20.04","4.11","13.98","On","12.897648,77.704356",
"10-Sep-2026 13:32:23","6.05","4.11","13.98","On","12.897594,77.704498",
"10-Sep-2026 13:32:51","0.21","4.11","14.05","On","12.897539,77.704621",
"10-Sep-2026 13:33:21","0.19","4.11","14.07","On","12.897552,77.704626",
"10-Sep-2026 13:33:51","0.15","4.11","14.07","On","12.897561,77.704619",
"10-Sep-2026 13:34:21","0.33","4.11","14.07","On","12.897557,77.704618",
"10-Sep-2026 13:34:51","0.11","4.11","14.07","On","12.897564,77.704609",
"10-Sep-2026 13:35:21","0.28","4.11","14.07","On","12.897559,77.704611",
"10-Sep-2026 13:35:51","0.28","4.11","14.07","On","12.897564,77.704605",
"10-Sep-2026 13:36:21","0.09","4.11","14.1","On","12.897588,77.7046",
"10-Sep-2026 13:36:51","0.11","4.11","14.07","On","12.897606,77.704601",
"10-Sep-2026 13:37:21","0.27","4.11","14.07","On","12.897608,77.704606",
"10-Sep-2026 13:37:51","0.19","4.11","14.05","On","12.897614,77.704606",
"10-Sep-2026 13:38:21","0.31","4.11","14.1","On","12.897626,77.704605",
"10-Sep-2026 13:38:51","0.15","4.11","14.05","On","12.897623,77.704604",
"10-Sep-2026 13:39:21","19.54","4.11","13.98","On","12.897715,77.704311",
"10-Sep-2026 13:39:23","19.54","4.11","13.98","On","12.897715,77.704311",
"10-Sep-2026 13:39:43","9.55","4.11","13.98","On","12.898044,77.70346",
"10-Sep-2026 13:39:51","26.76","4.11","14.03","On","12.898485,77.703546",
"10-Sep-2026 13:39:53","26.76","4.11","14.03","On","12.898485,77.703546",
"10-Sep-2026 13:40:13","11.48","4.11","14.03","On","12.899427,77.703882",
"10-Sep-2026 13:40:18","10.23","4.11","14.03","On","12.899473,77.70376",
"10-Sep-2026 13:40:21","9.2","4.11","14","On","12.899506,77.703664",
"10-Sep-2026 13:40:33","10.49","4.11","14","On","12.899512,77.703501",
"10-Sep-2026 13:40:51","36.57","4.11","13.93","On","12.898375,77.703023",
"10-Sep-2026 13:40:53","5.49","4.11","13.93","On","12.898202,77.702945",
"10-Sep-2026 13:40:58","32.11","4.11","13.93","On","12.898017,77.70287",
"10-Sep-2026 13:41:21","33.87","4.11","13.91","On","12.896491,77.702205",
"10-Sep-2026 13:41:33","25.53","4.11","13.91","On","12.895961,77.701828",
"10-Sep-2026 13:41:48","16.78","4.11","13.91","On","12.895117,77.701203",
"10-Sep-2026 13:41:51","16.78","4.11","13.88","On","12.895117,77.701203",
"10-Sep-2026 13:42:08","12.68","4.11","13.88","On","12.894904,77.701168",
"10-Sep-2026 13:42:21","37.76","4.11","13.98","On","12.894572,77.7021",
"10-Sep-2026 13:42:51","10.04","4.11","13.98","On","12.893569,77.704735",
"10-Sep-2026 13:42:53","31.56","4.11","13.98","On","12.89371,77.704911",
"10-Sep-2026 13:43:08","20.58","4.11","13.98","On","12.893991,77.705563",
"10-Sep-2026 13:43:21","13.8","4.11","13.95","On","12.893602,77.706046",
"10-Sep-2026 13:43:23","13.8","4.11","13.95","On","12.893602,77.706046",
"10-Sep-2026 13:43:51","11.18","4.11","13.95","On","12.892942,77.707605",
"10-Sep-2026 13:44:21","13.6","4.11","13.98","On","12.892316,77.708956",
"10-Sep-2026 13:44:51","35.76","4.11","14.03","On","12.891414,77.7108",
"10-Sep-2026 13:44:53","37.55","4.11","14.03","On","12.891086,77.710841",
"10-Sep-2026 13:45:13","32.11","4.11","14.03","On","12.89007,77.710629",
"10-Sep-2026 13:45:21","48.56","4.11","13.98","On","12.889251,77.710759",
"10-Sep-2026 13:45:28","52.57","4.11","13.98","On","12.888752,77.710716",
"10-Sep-2026 13:45:33","4.98","4.11","13.98","On","12.888233,77.710246",
"10-Sep-2026 13:45:43","28.23","4.11","13.98","On","12.887946,77.709814",
"10-Sep-2026 13:45:51","20.95","4.11","14","On","12.887828,77.709587",
"10-Sep-2026 13:45:53","33.95","4.11","14","On","12.887549,77.709483",
"10-Sep-2026 13:46:21","4.93","4.11","14","On","12.884871,77.709183",
"10-Sep-2026 13:46:51","45.84","4.11","14","On","12.882983,77.708524",
"10-Sep-2026 13:47:21","14.2","4.11","13.91","On","12.88057,77.708569",
"10-Sep-2026 13:47:23","14.2","4.11","13.91","On","12.88057,77.708569",
"10-Sep-2026 13:47:51","6.69","4.11","13.93","On","12.880117,77.708618",
"10-Sep-2026 13:47:53","1.9","4.11","13.93","On","12.880101,77.708565",
"10-Sep-2026 13:48:08","11.37","4.11","13.93","On","12.880115,77.708388",
"10-Sep-2026 13:48:21","33.71","4.11","13.98","On","12.881183,77.708256",
"10-Sep-2026 13:48:51","24.02","4.11","14.03","On","12.88359,77.707947",
"10-Sep-2026 13:48:53","20.46","4.11","14.03","On","12.883775,77.707834",
"10-Sep-2026 13:49:18","52.8","4.11","14.03","On","12.884762,77.705481",
"10-Sep-2026 13:49:21","48.87","4.11","14","On","12.884938,77.70499",
"10-Sep-2026 13:49:33","12.64","4.11","14","On","12.885189,77.704364",
"10-Sep-2026 13:49:38","10.13","4.11","14","On","12.885262,77.704409",
"10-Sep-2026 13:49:51","4.18","4.11","13.98","On","12.88572,77.704514",
"10-Sep-2026 13:50:21","7.52","4.11","13.98","On","12.886755,77.704851",
"10-Sep-2026 13:50:23","7.52","4.11","13.98","On","12.886755,77.704851",
"10-Sep-2026 13:50:51","3.83","4.11","13.95","On","12.886571,77.705945",
"10-Sep-2026 13:51:21","0.3","4.11","13.91","On","12.886604,77.705986",
"10-Sep-2026 13:51:51","0.04","4.11","13.88","On","12.886618,77.705984",
"10-Sep-2026 13:52:21","10.88","4.11","13.95","On","12.886613,77.706036",
"10-Sep-2026 13:52:51","0.31","4.11","14","On","12.886448,77.706425",
"10-Sep-2026 13:53:21","1.03","4.11","14.03","On","12.886447,77.706456",
"10-Sep-2026 13:53:51","1.15","4.11","14.03","On","12.88645,77.706451",
"10-Sep-2026 13:54:21","0.95","4.11","14.07","On","12.886457,77.706459",
"10-Sep-2026 13:54:51","0.6","4.11","14.07","On","12.886478,77.70646",
"10-Sep-2026 13:55:21","1.04","4.11","14.05","On","12.886462,77.706456",
"10-Sep-2026 13:55:51","1.01","4.11","14.1","On","12.886476,77.706461",
"10-Sep-2026 13:56:21","0.83","4.11","14.05","On","12.886486,77.706475",
"10-Sep-2026 13:56:51","0.18","4.11","14.07","On","12.886484,77.70648",
"10-Sep-2026 13:57:21","0.75","4.11","14.1","On","12.886493,77.706463",
"10-Sep-2026 13:57:51","0.86","4.11","14.12","On","12.88648,77.706484",
"10-Sep-2026 13:58:21","0.86","4.11","14.1","On","12.886461,77.706474",
"10-Sep-2026 13:58:51","0.01","4.11","14.1","On","12.88648,77.706492",
"10-Sep-2026 13:59:21","1.01","4.11","14.05","On","12.886508,77.706509",
"10-Sep-2026 13:59:51","0.67","4.11","14.12","On","12.88649,77.706502",
"10-Sep-2026 14:00:21","0.12","4.11","14.1","On","12.88649,77.706506",
"10-Sep-2026 14:00:51","0.3","4.11","14.03","On","12.88646,77.706507",
"10-Sep-2026 14:01:21","0.47","4.11","13.98","On","12.88646,77.706504",
"10-Sep-2026 14:01:51","0.53","4.11","14","On","12.886499,77.706509",
"10-Sep-2026 14:02:21","0.05","4.11","14","On","12.886503,77.706483",
"10-Sep-2026 14:02:51","0.19","4.11","13.98","On","12.886469,77.706476",
"10-Sep-2026 14:03:21","0.58","4.11","13.98","On","12.88647,77.706461",
"10-Sep-2026 14:03:51","0.98","4.11","14","On","12.886451,77.706473",
"10-Sep-2026 14:04:21","0.86","4.11","14","On","12.88646,77.706484",
"10-Sep-2026 14:04:51","0.57","4.11","14","On","12.886454,77.706468",
"10-Sep-2026 14:05:21","1.49","4.11","14","On","12.886452,77.706425",
"10-Sep-2026 14:05:51","1.05","4.11","13.98","On","12.886413,77.70641",
"10-Sep-2026 14:06:21","0.56","4.11","14","On","12.886443,77.706434",
"10-Sep-2026 14:06:51","1.27","4.11","14","On","12.886435,77.70642",
"10-Sep-2026 14:07:21","0.53","4.11","13.98","On","12.88643,77.706426",
"10-Sep-2026 14:07:51","0.59","4.11","13.98","On","12.886411,77.706458",
"10-Sep-2026 14:08:21","1.07","4.11","14","On","12.886409,77.706451",
"10-Sep-2026 14:08:51","1.39","4.11","13.98","On","12.8864,77.706452",
"10-Sep-2026 14:09:21","0.83","4.11","13.98","On","12.886406,77.706406",
"10-Sep-2026 14:09:33","12.45","4.11","13.98","On","12.886244,77.706632",
"10-Sep-2026 14:09:43","19.45","4.11","13.98","On","12.88605,77.706375",
"10-Sep-2026 14:09:51","9.89","4.11","14.03","On","12.886149,77.70617",
"10-Sep-2026 14:09:58","0.97","4.11","14.03","On","12.886389,77.706054",
"10-Sep-2026 14:10:03","11.22","4.11","14.03","On","12.88647,77.706027",
"10-Sep-2026 14:10:18","13.03","4.11","14.03","On","12.886605,77.705839",
"10-Sep-2026 14:10:21","13.03","4.11","14","On","12.886605,77.705839",
"10-Sep-2026 14:10:23","25.06","4.11","14","On","12.886644,77.705668",
"10-Sep-2026 14:10:28","19.39","4.11","14","On","12.886696,77.705418",
"10-Sep-2026 14:10:43","13.61","4.11","14","On","12.886806,77.704842",
"10-Sep-2026 14:10:51","1.16","4.11","13.98","On","12.886887,77.704723",
"10-Sep-2026 14:11:21","0.37","4.11","14.05","On","12.886943,77.704642",
"10-Sep-2026 14:11:51","1.13","4.11","14.07","On","12.886942,77.704639",
"10-Sep-2026 14:12:21","0.29","4.11","14.07","On","12.886935,77.704625",
"10-Sep-2026 14:12:51","0.71","4.11","14.1","On","12.886943,77.70463",
"10-Sep-2026 14:13:21","0.63","4.11","14.03","On","12.886944,77.704636",
"10-Sep-2026 14:13:51","0.24","4.11","14.07","On","12.886929,77.704655",
"10-Sep-2026 14:14:21","17.26","4.11","14.05","On","12.886969,77.704592",
"10-Sep-2026 14:14:38","0.85","4.11","14.05","On","12.887077,77.704079",
"10-Sep-2026 14:14:51","0.31","4.11","14","On","12.88707,77.703996",
"10-Sep-2026 14:15:21","0.24","4.11","14.07","On","12.887074,77.703974",
"10-Sep-2026 14:15:51","0.21","4.11","14.03","On","12.8871,77.703934",
"10-Sep-2026 14:16:21","0.41","4.11","14","On","12.88709,77.7039",
"10-Sep-2026 14:16:51","0.15","4.11","14.03","On","12.887093,77.703887",
"10-Sep-2026 14:17:21","0.32","4.11","14","On","12.887105,77.703881",
"10-Sep-2026 14:17:51","0.08","4.11","14.03","On","12.887096,77.703867",
"10-Sep-2026 14:18:21","0.42","4.11","14.03","On","12.887103,77.703853",
"10-Sep-2026 14:18:51","0.18","4.11","14.05","On","12.887105,77.703842",
"10-Sep-2026 14:19:21","0.92","4.11","14.03","On","12.887102,77.703836",
"10-Sep-2026 14:19:51","0.28","4.11","14.05","On","12.88708,77.703848",
"10-Sep-2026 14:20:21","0.09","4.11","14.05","On","12.887077,77.703845",
"10-Sep-2026 14:20:51","0.41","4.11","14.05","On","12.887063,77.703848",
"10-Sep-2026 14:21:21","0.24","4.11","14.03","On","12.887056,77.703848",
"10-Sep-2026 14:21:51","14.26","4.11","14.03","On","12.887075,77.703794",
"10-Sep-2026 14:21:58","14.11","4.11","14.03","On","12.887038,77.703631",
"10-Sep-2026 14:22:03","20.51","4.11","14.03","On","12.886838,77.703572",
"10-Sep-2026 14:22:08","18.1","4.11","14.03","On","12.886618,77.703541",
"10-Sep-2026 14:22:13","5.08","4.11","14.03","On","12.886546,77.703641",
"10-Sep-2026 14:22:21","15.69","4.11","13.95","On","12.88648,77.70395",
"10-Sep-2026 14:22:48","32.05","4.11","13.95","On","12.885964,77.704578",
"10-Sep-2026 14:22:51","11.65","4.11","14","On","12.885713,77.704517",
"10-Sep-2026 14:23:18","12.63","4.11","14","On","12.885106,77.704364",
"10-Sep-2026 14:23:21","31.01","4.11","14.03","On","12.885136,77.704125",
"10-Sep-2026 14:23:23","39.33","4.11","14.03","On","12.8852,77.703759",
"10-Sep-2026 14:23:38","38.83","4.11","14.03","On","12.885192,77.702817",
"10-Sep-2026 14:23:51","43.26","4.11","14.03","On","12.884902,77.701802",
"10-Sep-2026 14:24:21","31.45","4.11","13.98","On","12.88431,77.699336",
"10-Sep-2026 14:24:51","20.84","4.11","14","On","12.88387,77.697539",
"10-Sep-2026 14:25:21","39.82","4.11","14","On","12.882916,77.695204",
"10-Sep-2026 14:25:51","21.76","4.11","14","On","12.881858,77.692309",
"10-Sep-2026 14:25:53","21.76","4.11","14","On","12.881858,77.692309",
"10-Sep-2026 14:25:58","26.19","4.11","14","On","12.881615,77.692324",
"10-Sep-2026 14:26:03","23.83","4.11","14","On","12.881408,77.692067",
"10-Sep-2026 14:26:21","38.54","4.11","14.03","On","12.881683,77.690778",
"10-Sep-2026 14:26:43","24.09","4.11","14.03","On","12.881992,77.688868",
"10-Sep-2026 14:26:48","5.91","4.11","14.03","On","12.881914,77.688724",
"10-Sep-2026 14:26:51","6.96","4.11","13.95","On","12.881857,77.688731",
"10-Sep-2026 14:27:21","0.61","4.11","13.98","On","12.881677,77.688665",
"10-Sep-2026 14:27:51","0.07","4.11","13.93","On","12.881673,77.68867",
"10-Sep-2026 14:28:21","0.06","4.11","13.88","On","12.881666,77.688652",
"10-Sep-2026 14:28:51","3.45","4.11","13.91","On","12.881654,77.688651",
"10-Sep-2026 14:28:58","31.52","4.11","13.91","On","12.881466,77.688638",
"10-Sep-2026 14:29:08","14.48","4.11","13.91","On","12.880496,77.688494",
"10-Sep-2026 14:29:13","26.93","4.11","13.91","On","12.880458,77.688706",
"10-Sep-2026 14:29:18","12.87","4.11","13.91","On","12.880462,77.688887",
"10-Sep-2026 14:29:21","26.16","4.11","13.98","On","12.880633,77.688912",
"10-Sep-2026 14:29:38","8.84","4.11","13.98","On","12.881439,77.689101",
"10-Sep-2026 14:29:51","12.6","4.11","14.03","On","12.881125,77.689468",
"10-Sep-2026 14:29:53","12.6","4.11","14.03","On","12.881125,77.689468",
"10-Sep-2026 14:30:21","0.26","4.11","14.03","On","12.880861,77.689421",
"10-Sep-2026 14:30:51","0.12","4.11","14.03","On","12.880863,77.689431",
"10-Sep-2026 14:31:21","0.13","4.11","14.03","On","12.880866,77.689432",
"10-Sep-2026 14:31:51","0.4","4.11","14.05","On","12.880869,77.689431",
"10-Sep-2026 14:31:58","3.33","4.11","14.05","On","12.880873,77.689436",
"10-Sep-2026 14:32:21","23.72","4.11","14.03","On","12.881139,77.689572",
"10-Sep-2026 14:32:23","23.72","4.11","14.03","On","12.881139,77.689572",
"10-Sep-2026 14:32:43","3.23","4.11","14.03","On","12.880558,77.690365",
"10-Sep-2026 14:32:51","4.98","4.11","14.03","On","12.880558,77.690388",
"10-Sep-2026 14:32:53","23.99","4.11","14.03","On","12.880686,77.690412",
"10-Sep-2026 14:32:58","15.76","4.11","14.03","On","12.880859,77.690486",
"10-Sep-2026 14:33:03","24.98","4.11","14.03","On","12.880749,77.690647",
"10-Sep-2026 14:33:13","16.68","4.11","14.03","On","12.880452,77.691154",
"10-Sep-2026 14:33:21","11.77","4.11","14","On","12.880368,77.691529",
"10-Sep-2026 14:33:28","9.09","4.11","14","On","12.880508,77.691587",
"10-Sep-2026 14:33:51","0.28","4.11","14.03","On","12.880724,77.691626",
"10-Sep-2026 14:34:21","0.27","4.11","14","On","12.880748,77.691649",
"10-Sep-2026 14:34:51","0.26","4.11","14","On","12.880755,77.691653",
"10-Sep-2026 14:35:21","15.06","4.11","13.98","On","12.881069,77.691722",
"10-Sep-2026 14:35:48","18.12","4.11","13.98","On","12.880943,77.69171",
"10-Sep-2026 14:35:51","18.12","4.11","14","On","12.880943,77.69171",
"10-Sep-2026 14:36:21","0.39","4.11","14.05","On","12.880728,77.691634",
"10-Sep-2026 14:36:51","0.31","4.11","13.98","On","12.880727,77.691628",
"10-Sep-2026 14:37:08","15.72","4.11","13.98","On","12.880397,77.691507",
"10-Sep-2026 14:37:18","29.8","4.11","13.98","On","12.88073,77.690712",
"10-Sep-2026 14:37:21","13.15","4.11","13.98","On","12.88086,77.690519",
"10-Sep-2026 14:37:23","13.15","4.11","13.98","On","12.88086,77.690519",
"10-Sep-2026 14:37:28","25.64","4.11","13.98","On","12.880725,77.69046",
"10-Sep-2026 14:37:33","5.09","4.11","13.98","On","12.880617,77.690276",
"10-Sep-2026 14:37:51","9.99","4.11","13.98","On","12.881154,77.689543",
"10-Sep-2026 14:37:53","26.19","4.11","13.98","On","12.880996,77.689474",
"10-Sep-2026 14:38:08","17.08","4.11","13.98","On","12.880357,77.68926",
"10-Sep-2026 14:38:21","28.21","4.11","14","On","12.880683,77.68849",
"10-Sep-2026 14:38:23","28.21","4.11","14","On","12.880683,77.68849",
"10-Sep-2026 14:38:38","12.3","4.11","14","On","12.881755,77.688649",
"10-Sep-2026 14:38:43","5.95","4.11","14","On","12.881831,77.6886",
"10-Sep-2026 14:38:48","27.58","4.11","14","On","12.881793,77.688457",
"10-Sep-2026 14:38:51","39.95","4.11","13.98","On","12.881647,77.688134",
"10-Sep-2026 14:39:08","47.52","4.11","13.98","On","12.880961,77.686407",
"10-Sep-2026 14:39:21","19.43","4.11","13.93","On","12.881203,77.685022",
"10-Sep-2026 14:39:43","12.21","4.11","13.93","On","12.881414,77.684327",
"10-Sep-2026 14:39:51","10.19","4.11","13.98","On","12.881487,77.684122",
"10-Sep-2026 14:40:18","12.73","4.11","13.98","On","12.88168,77.68307",
"10-Sep-2026 14:40:21","26.01","4.11","13.98","On","12.881691,77.682844",
"10-Sep-2026 14:40:51","33.97","4.11","13.98","On","12.881763,77.681875",
"10-Sep-2026 14:41:21","7.84","4.11","13.98","On","12.881941,77.680393",
"10-Sep-2026 14:41:43","13.42","4.11","13.98","On","12.882095,77.679615",
"10-Sep-2026 14:41:48","7.69","4.11","13.98","On","12.881998,77.679548",
"10-Sep-2026 14:41:51","8.43","4.11","14","On","12.88193,77.67953",
"10-Sep-2026 14:42:21","9.18","4.11","14","On","12.881133,77.67933",
"10-Sep-2026 14:42:33","13.94","4.11","14","On","12.880923,77.679173",
"10-Sep-2026 14:42:51","25.65","4.11","13.98","On","12.881124,77.678699",
"10-Sep-2026 14:43:21","11.92","4.11","14","On","12.881199,77.677375",
"10-Sep-2026 14:43:33","4.18","4.11","14","On","12.881201,77.677034",
"10-Sep-2026 14:43:51","6.22","4.11","14","On","12.881205,77.676777",
"10-Sep-2026 14:43:53","10.6","4.11","14","On","12.881191,77.676682",
"10-Sep-2026 14:44:21","8.41","4.11","14.05","On","12.880869,77.675743",
"10-Sep-2026 14:44:51","8.14","4.11","14.07","On","12.880682,77.675116",
"10-Sep-2026 14:45:21","0.76","4.11","14.03","On","12.880605,77.674937",
"10-Sep-2026 14:45:51","0.31","4.11","14.03","On","12.880594,77.674889",
"10-Sep-2026 14:46:21","0.71","4.11","14","On","12.880551,77.67487",
"10-Sep-2026 14:46:51","2.82","4.11","14","On","12.880481,77.674714",
"10-Sep-2026 14:47:21","5.86","4.11","14.03","On","12.880308,77.674247",
"10-Sep-2026 14:47:28","5.05","4.11","14.03","On","12.880278,77.674194",
"10-Sep-2026 14:47:51","6.01","4.11","14","On","12.880019,77.673883",
"10-Sep-2026 14:48:13","20.66","4.11","14","On","12.879661,77.673766",
"10-Sep-2026 14:48:21","9.98","4.11","14","On","12.87941,77.673679",
"10-Sep-2026 14:48:28","12.73","4.11","14","On","12.879285,77.673615",
"10-Sep-2026 14:48:33","10.19","4.11","14","On","12.87924,77.673401",
"10-Sep-2026 14:48:51","28.53","4.11","14.03","On","12.879324,77.672824",
"10-Sep-2026 14:49:08","22.3","4.11","14.03","On","12.879303,77.672101",
"10-Sep-2026 14:49:21","34.23","4.11","13.98","On","12.878074,77.671858",
"10-Sep-2026 14:49:51","18.09","4.11","13.98","On","12.875994,77.671425",
"10-Sep-2026 14:49:58","12.69","4.11","13.98","On","12.875763,77.671345",
"10-Sep-2026 14:50:03","25.47","4.11","13.98","On","12.87573,77.671126",
"10-Sep-2026 14:50:13","17.61","4.11","13.98","On","12.875455,77.670634",
"10-Sep-2026 14:50:21","17.56","4.11","13.98","On","12.875172,77.670221",
"10-Sep-2026 14:50:23","17.56","4.11","13.98","On","12.875172,77.670221",
"10-Sep-2026 14:50:51","37.59","4.11","14","On","12.874725,77.668952",
"10-Sep-2026 14:51:21","15.24","4.11","13.98","On","12.873844,77.666763",
"10-Sep-2026 14:51:51","49.75","4.11","14","On","12.872824,77.664623",
"10-Sep-2026 14:52:21","10.51","4.11","13.95","On","12.871112,77.660615",
"10-Sep-2026 14:52:51","38.57","4.11","13.98","On","12.870309,77.658172",
"10-Sep-2026 14:52:53","38.57","4.11","13.98","On","12.870309,77.658172",
"10-Sep-2026 14:53:21","11.01","4.11","14","On","12.870498,77.656327",
"10-Sep-2026 14:53:43","25.4","4.11","14","On","12.870644,77.65452",
"10-Sep-2026 14:53:51","1.89","4.11","13.95","On","12.870601,77.654388",
"10-Sep-2026 14:54:08","16.13","4.11","13.95","On","12.870185,77.653665",
"10-Sep-2026 14:54:18","0.25","4.11","13.95","On","12.870118,77.653634",
"10-Sep-2026 14:54:21","0.25","4.11","13.98","On","12.870118,77.653634",
"10-Sep-2026 14:54:51","2.25","4.11","14","On","12.870082,77.653637",
"10-Sep-2026 14:54:58","11.07","4.11","14","On","12.86999,77.653599",
"10-Sep-2026 14:55:08","23.98","4.11","14","On","12.86973,77.653603",
"10-Sep-2026 14:55:21","33.9","4.11","14.03","On","12.868992,77.654242",
"10-Sep-2026 14:55:51","54.8","4.11","14","On","12.866264,77.656351",
"10-Sep-2026 14:56:21","12.89","4.11","13.93","On","12.863649,77.658503",
"10-Sep-2026 14:56:51","19.81","4.11","13.98","On","12.86126,77.660429",
"10-Sep-2026 14:57:13","23.57","4.11","13.98","On","12.860195,77.661478",
"10-Sep-2026 14:57:18","39.61","4.11","13.98","On","12.860795,77.661877",
"10-Sep-2026 14:57:21","39.61","4.11","14","On","12.860795,77.661877",
"10-Sep-2026 14:57:48","45.76","4.11","14","On","12.862834,77.662732",
"10-Sep-2026 14:57:51","24.99","4.11","13.98","On","12.863183,77.662839",
"10-Sep-2026 14:57:58","16.69","4.11","13.98","On","12.863545,77.662882",
"10-Sep-2026 14:58:21","0.48","4.11","14","On","12.863667,77.662479",
"10-Sep-2026 14:58:51","0.84","4.11","14.07","On","12.863668,77.662458",
"10-Sep-2026 14:59:21","0.65","4.11","14.1","On","12.863665,77.662462",
"10-Sep-2026 14:59:51","0.96","4.11","14.05","On","12.863683,77.662473",
"10-Sep-2026 15:00:21","0.6","4.11","13.98","On","12.863702,77.662447",
"10-Sep-2026 15:00:51","0.28","4.11","14","On","12.86371,77.662435",
"10-Sep-2026 15:01:21","0.43","4.11","14.03","On","12.863724,77.662454",
"10-Sep-2026 15:01:51","0.5","4.11","14","On","12.863727,77.662458",
"10-Sep-2026 15:02:21","0.07","4.11","14.03","On","12.863729,77.662473",
"10-Sep-2026 15:02:51","0.7","4.11","14.05","On","12.863755,77.662488",
"10-Sep-2026 15:03:21","0.9","4.11","14.03","On","12.863768,77.662483",
"10-Sep-2026 15:03:51","0.08","4.11","14.03","On","12.86378,77.662471",
"10-Sep-2026 15:04:21","7.27","4.11","14.05","On","12.863948,77.662086",
"10-Sep-2026 15:04:23","5.2","4.11","14.05","On","12.863922,77.662041",
"10-Sep-2026 15:04:51","12.61","4.11","14.03","On","12.863793,77.66229",
"10-Sep-2026 15:04:53","12.61","4.11","14.03","On","12.863793,77.66229",
"10-Sep-2026 15:05:21","0.26","4.11","14.03","On","12.86369,77.662496",
"10-Sep-2026 15:05:51","0.27","4.11","14.1","On","12.863645,77.662494",
"10-Sep-2026 15:06:21","0.2","4.11","14.1","On","12.86363,77.6625",
"10-Sep-2026 15:06:51","0.42","4.11","14.12","On","12.86362,77.662504",
"10-Sep-2026 15:07:21","0.4","4.11","14.07","On","12.863614,77.66251",
"10-Sep-2026 15:07:51","0.61","4.11","14.1","On","12.863603,77.662524",
"10-Sep-2026 15:08:21","0.42","4.11","14.05","On","12.8636,77.662523",
"10-Sep-2026 15:08:51","0.42","4.11","14.03","On","12.863576,77.662543",
"10-Sep-2026 15:09:21","0.43","4.11","13.98","On","12.863562,77.66254",
"10-Sep-2026 15:09:51","0.48","4.11","14","On","12.863546,77.662534",
"10-Sep-2026 15:10:21","0.45","4.11","13.98","On","12.863557,77.662531",
"10-Sep-2026 15:10:51","0.08","4.11","14","On","12.863574,77.662508",
"10-Sep-2026 15:11:21","0.32","4.11","14.03","On","12.863609,77.662496",
"10-Sep-2026 15:11:51","0.62","4.11","14","On","12.863632,77.662481",
"10-Sep-2026 15:12:21","0.15","4.11","14","On","12.863617,77.662483",
"10-Sep-2026 15:12:51","0.41","4.11","13.98","On","12.863603,77.662496",
"10-Sep-2026 15:13:21","0.41","4.11","14.03","On","12.863608,77.6625",
"10-Sep-2026 15:13:51","0.68","4.11","14","On","12.863629,77.662498",
"10-Sep-2026 15:14:21","0.35","4.11","13.95","On","12.863646,77.662521",
"10-Sep-2026 15:14:51","0.25","4.11","14","On","12.863662,77.662526",
"10-Sep-2026 15:15:21","0.04","4.11","14","On","12.86368,77.662528",
"10-Sep-2026 15:15:51","0.46","4.11","14","On","12.863699,77.662561",
"10-Sep-2026 15:16:21","0.18","4.11","13.98","On","12.863714,77.662548",
"10-Sep-2026 15:16:51","0.19","4.11","13.98","On","12.863709,77.662558",
"10-Sep-2026 15:17:21","0.51","4.11","13.98","On","12.863701,77.662563",
"10-Sep-2026 15:17:51","0.6","4.11","13.98","On","12.863704,77.662562",
"10-Sep-2026 15:18:21","0.36","4.11","14","On","12.863699,77.662558",
"10-Sep-2026 15:18:51","0.97","4.11","14","On","12.863694,77.662589",
"10-Sep-2026 15:19:21","0.24","4.11","14.03","On","12.863713,77.662599",
"10-Sep-2026 15:19:51","0.49","4.11","14","On","12.863689,77.662595",
"10-Sep-2026 15:20:21","0.64","4.11","14","On","12.863657,77.662585",
"10-Sep-2026 15:20:51","0.41","4.11","14.03","On","12.863685,77.662577",
"10-Sep-2026 15:21:21","0.29","4.11","14","On","12.863669,77.662595",
"10-Sep-2026 15:21:51","0.34","4.11","14","On","12.86363,77.662579",
"10-Sep-2026 15:22:21","0.23","4.11","14","On","12.863614,77.662582",
"10-Sep-2026 15:22:51","0.27","4.11","14.03","On","12.863632,77.662599",
"10-Sep-2026 15:23:21","0.17","4.11","14","On","12.863629,77.662616",
"10-Sep-2026 15:23:51","0.34","4.11","14","On","12.863638,77.662605",
"10-Sep-2026 15:23:58","2.77","4.11","14","On","12.863651,77.662585",
"10-Sep-2026 15:24:13","15.03","4.11","14","On","12.863555,77.662906",
"10-Sep-2026 15:24:21","11.39","4.11","14.03","On","12.86344,77.663067",
"10-Sep-2026 15:24:23","11.39","4.11","14.03","On","12.86344,77.663067",
"10-Sep-2026 15:24:28","15.84","4.11","14.03","On","12.863275,77.663016",
"10-Sep-2026 15:24:51","23.61","4.11","14.03","On","12.862008,77.662542",
"10-Sep-2026 15:25:21","29.24","4.11","14","On","12.860326,77.66162",
"10-Sep-2026 15:25:38","10.87","4.11","14","On","12.86,77.661479",
"10-Sep-2026 15:25:51","28.96","4.11","13.98","On","12.859259,77.66208",
"10-Sep-2026 15:25:53","9.9","4.11","13.98","On","12.859133,77.662182",
"10-Sep-2026 15:26:21","37.21","4.11","14","On","12.85773,77.663257",
"10-Sep-2026 15:26:51","20.85","4.11","14.03","On","12.855847,77.664757",
"10-Sep-2026 15:27:21","16.94","4.11","14","On","12.855052,77.665404",
"10-Sep-2026 15:27:33","11.31","4.11","14","On","12.854887,77.665654",
"10-Sep-2026 15:27:51","19.81","4.11","13.98","On","12.854821,77.666117",
"10-Sep-2026 15:28:03","0.38","4.11","13.98","On","12.854843,77.666462",
"10-Sep-2026 15:28:21","12.77","4.11","13.98","On","12.855189,77.666886",
"10-Sep-2026 15:28:23","12.77","4.11","13.98","On","12.855189,77.666886",
"10-Sep-2026 15:28:51","12.28","4.11","14.03","On","12.855102,77.668089",
"10-Sep-2026 15:29:13","3.15","4.11","14.03","On","12.85507,77.668678",
"10-Sep-2026 15:29:21","1.3","4.11","13.98","On","12.855068,77.668695",
"10-Sep-2026 15:29:51","24.46","4.11","13.98","On","12.855099,77.66857",
"10-Sep-2026 15:29:53","24.46","4.11","13.98","On","12.855099,77.66857",
"10-Sep-2026 15:30:03","3.05","4.11","13.98","On","12.8551,77.668189",
"10-Sep-2026 15:30:08","14.95","4.11","13.98","On","12.855102,77.668104",
"10-Sep-2026 15:30:21","19.14","4.11","13.95","On","12.855161,77.667445",
"10-Sep-2026 15:30:33","12.11","4.11","13.95","On","12.855166,77.666821",
"10-Sep-2026 15:30:38","20.08","4.11","13.95","On","12.854954,77.666575",
"10-Sep-2026 15:30:43","23","4.11","13.95","On","12.854843,77.6664",
"10-Sep-2026 15:30:48","23.46","4.11","13.95","On","12.854867,77.666155",
"10-Sep-2026 15:30:51","18.67","4.11","14","On","12.854895,77.665946",
"10-Sep-2026 15:31:08","22.48","4.11","14","On","12.854931,77.665427",
"10-Sep-2026 15:31:13","8.82","4.11","14","On","12.855059,77.66531",
"10-Sep-2026 15:31:21","12.82","4.11","14","On","12.855214,77.665247",
"10-Sep-2026 15:31:51","9.39","4.11","13.98","On","12.855897,77.664909",
"10-Sep-2026 15:32:21","7.53","4.11","14","On","12.85595,77.664989",
"10-Sep-2026 15:32:51","0.35","4.11","13.54","Off","12.855911,77.664802",
"10-Sep-2026 15:33:21","0.06","4.11","13.28","Off","12.855911,77.6648",
"10-Sep-2026 15:33:51","0.22","4.11","13.23","Off","12.855907,77.664807",
"10-Sep-2026 15:34:17","0.22","4.11","13.21","Off","12.855907,77.664807",
"10-Sep-2026 15:34:51","0.19","4.11","13.18","Off","12.855918,77.66481",
"10-Sep-2026 15:35:51","0.09","4.11","13.16","Off","12.855919,77.6648",
"10-Sep-2026 15:36:01","0.09","4.11","13.16","Off","12.855919,77.6648",
"10-Sep-2026 15:36:21","0.22","4.11","13.35","On","12.855916,77.664792",
"10-Sep-2026 15:36:51","45.54","4.11","13.93","On","12.856786,77.663973",
"10-Sep-2026 15:37:21","26.99","4.11","14","On","12.858607,77.662454",
"10-Sep-2026 15:37:51","4.81","4.11","13.98","On","12.860048,77.661362",
"10-Sep-2026 15:38:21","0.08","4.11","13.98","On","12.860221,77.661503",
"10-Sep-2026 15:38:51","0.24","4.11","14","On","12.86023,77.661499",
"10-Sep-2026 15:39:21","0.16","4.11","14.05","On","12.860233,77.661508",
"10-Sep-2026 15:39:51","0.51","4.11","14.03","On","12.860235,77.661515",
"10-Sep-2026 15:40:21","0.69","4.11","14.03","On","12.860227,77.661519",
"10-Sep-2026 15:40:51","0.17","4.11","14.05","On","12.860223,77.661514",
"10-Sep-2026 15:41:21","0.33","4.11","14.05","On","12.860222,77.661514",
"10-Sep-2026 15:41:51","0.54","4.11","14.03","On","12.86024,77.661519",
"10-Sep-2026 15:42:21","0.57","4.11","14.05","On","12.860245,77.661513",
"10-Sep-2026 15:42:51","0.21","4.11","14.05","On","12.860245,77.661513",
"10-Sep-2026 15:43:21","0.36","4.11","14.03","On","12.860258,77.661502",
"10-Sep-2026 15:43:51","0.09","4.11","14.05","On","12.860256,77.6615",
"10-Sep-2026 15:44:21","0.22","4.11","14.05","On","12.860255,77.661503",
"10-Sep-2026 15:44:51","0.23","4.11","14.03","On","12.860261,77.661496",
"10-Sep-2026 15:45:21","0.33","4.11","14.05","On","12.86026,77.661492",
"10-Sep-2026 15:45:51","0.45","4.11","14.05","On","12.860252,77.661493",
"10-Sep-2026 15:46:21","0.26","4.11","14.05","On","12.860241,77.661494",
"10-Sep-2026 15:46:51","0.21","4.11","14.05","On","12.860222,77.661486",
"10-Sep-2026 15:47:21","0.2","4.11","14.03","On","12.860225,77.661487",
"10-Sep-2026 15:47:43","14.91","4.11","14.03","On","12.860292,77.66157",
"10-Sep-2026 15:47:51","18.44","4.11","14","On","12.860625,77.661765",
"10-Sep-2026 15:48:13","10.69","4.11","14","On","12.861239,77.662096",
"10-Sep-2026 15:48:18","18.48","4.11","14","On","12.861358,77.662172",
"10-Sep-2026 15:48:21","19.52","4.11","14","On","12.861537,77.66227",
"10-Sep-2026 15:48:51","29.89","4.11","14","On","12.86298,77.662789",
"10-Sep-2026 15:49:08","10.28","4.11","14","On","12.863566,77.662806",
"10-Sep-2026 15:49:21","13.38","4.11","14","On","12.863665,77.662372",
"10-Sep-2026 15:49:38","3.72","4.11","14","On","12.863857,77.661958",
"10-Sep-2026 15:49:51","0.8","4.11","14","Off","12.86393,77.661961",
"10-Sep-2026 15:50:21","0.16","4.11","13.35","Off","12.863941,77.661945",
"10-Sep-2026 15:50:51","0.64","4.11","13.23","Off","12.863924,77.661918",
"10-Sep-2026 15:51:21","0.27","4.11","13.21","Off","12.863932,77.661923",
"10-Sep-2026 15:51:35","0.27","4.11","13.21","Off","12.863932,77.661923",
"10-Sep-2026 15:52:21","0.07","4.11","13.18","Off","12.86393,77.661933",
"10-Sep-2026 15:52:51","0.02","4.11","13.16","Off","12.863938,77.661946",
"10-Sep-2026 15:53:51","0.07","4.11","13.16","Off","12.86394,77.661954",
"10-Sep-2026 15:54:51","0.26","4.11","13.13","Off","12.863948,77.661949",
"10-Sep-2026 15:55:35","0.26","4.11","13.13","Off","12.863948,77.661949",
"10-Sep-2026 16:41:42","0.26","4.11","13.16","Off","12.863948,77.661949",
"10-Sep-2026 16:41:42","0.45","4.11","13.16","Off","12.863952,77.661957",
"10-Sep-2026 16:41:44","0.45","4.11","13.16","Off","12.863952,77.661957",
"10-Sep-2026 16:41:44","0.45","4.11","13.16","Off","12.863952,77.661957",
"10-Sep-2026 16:41:51","0.45","4.11","13.16","Off","12.863952,77.661957",
"10-Sep-2026 16:43:21","1.28","4.11","13.04","Off","12.863961,77.661959",
"10-Sep-2026 16:43:51","0.3","4.11","13.04","Off","12.86397,77.66192",
"10-Sep-2026 16:44:51","0.11","4.11","13.06","Off","12.863931,77.661886",
"10-Sep-2026 16:45:51","0.53","4.11","13.06","Off","12.863935,77.661912",
"10-Sep-2026 16:46:44","0.53","4.11","13.09","Off","12.863935,77.661912",
"10-Sep-2026 16:56:58","0.53","4.11","13.13","Off","12.863935,77.661912",
"10-Sep-2026 16:56:58","0.51","4.11","13.13","Off","12.863944,77.66193",
"10-Sep-2026 16:57:51","0.11","4.11","13.09","Off","12.863961,77.661933",
"10-Sep-2026 16:58:51","0.74","4.11","13.06","Off","12.863974,77.66196",
"10-Sep-2026 16:59:51","0.58","4.11","13.04","Off","12.863965,77.661979",
"10-Sep-2026 17:00:20","0.58","4.11","13.04","Off","12.863965,77.661979",
"10-Sep-2026 17:00:21","0.15","4.11","13.01","Off","12.863979,77.661993",
"10-Sep-2026 17:00:51","0.61","4.11","13.01","Off","12.863952,77.661989",
"10-Sep-2026 17:01:21","0.55","4.11","13.04","Off","12.863968,77.662001",
"10-Sep-2026 17:01:51","0.68","4.11","13.04","Off","12.86397,77.662002",
"10-Sep-2026 17:02:08","0.68","4.11","13.01","Off","12.86397,77.662002",
"10-Sep-2026 17:02:51","0.57","4.11","13.04","Off","12.863935,77.661974",
"10-Sep-2026 17:02:56","0.57","4.11","13.01","Off","12.863935,77.661974",
"10-Sep-2026 17:03:21","0.34","4.11","13.04","Off","12.863945,77.661963",
"10-Sep-2026 17:03:51","0.26","4.11","13.01","Off","12.863956,77.661959",
"10-Sep-2026 17:04:21","0.3","4.11","13.01","Off","12.863964,77.661979",
"10-Sep-2026 17:04:38","0.3","4.11","13.01","Off","12.863964,77.661979",
"10-Sep-2026 17:05:21","0.74","4.11","12.99","Off","12.863979,77.662007",
"10-Sep-2026 17:05:51","0.08","4.11","13.01","Off","12.863986,77.662",
"10-Sep-2026 17:06:51","0.38","4.11","13.01","Off","12.863955,77.662009",
"10-Sep-2026 17:07:51","0.41","4.11","13.01","Off","12.863981,77.662008",
"10-Sep-2026 17:08:38","0.41","4.11","13.01","Off","12.863981,77.662008",
"10-Sep-2026 17:38:58","0.41","4.11","13.11","Off","12.863981,77.662008",
"10-Sep-2026 17:38:58","0.65","4.11","13.11","Off","12.864007,77.662005",
"10-Sep-2026 17:39:51","0.62","4.11","13.06","Off","12.86398,77.661839",
"10-Sep-2026 17:40:25","0.62","4.11","13.04","Off","12.86398,77.661839",
"10-Sep-2026 17:40:25","0.44","4.11","13.04","Off","12.863999,77.6619",
"10-Sep-2026 17:40:51","1.43","4.11","13.66","On","12.863986,77.661944",
"10-Sep-2026 17:41:21","4.32","4.11","13.93","On","12.863953,77.661882",
"10-Sep-2026 17:41:24","10.32","4.11","13.93","On","12.863915,77.661942",
"10-Sep-2026 17:41:29","11.29","4.11","13.93","On","12.863904,77.662043",
"10-Sep-2026 17:41:39","7.93","4.11","13.93","On","12.863822,77.662322",
"10-Sep-2026 17:41:51","2.73","4.11","14","On","12.863792,77.662437",
"10-Sep-2026 17:42:21","5.51","4.11","14","On","12.863535,77.662918",
"10-Sep-2026 17:42:24","13.66","4.11","14","On","12.863442,77.662943",
"10-Sep-2026 17:42:51","6.44","4.11","13.95","On","12.862894,77.662816",
"10-Sep-2026 17:42:54","8.55","4.11","13.95","On","12.8628,77.662791",
"10-Sep-2026 17:43:09","10.38","4.11","13.95","On","12.862446,77.662672",
"10-Sep-2026 17:43:14","4.38","4.11","13.95","On","12.862301,77.662636",
"10-Sep-2026 17:43:21","2.45","4.11","14","On","12.862278,77.662616",
"10-Sep-2026 17:43:51","0.14","4.11","14.03","On","12.862226,77.66262",
"10-Sep-2026 17:44:21","1.65","4.1","14","On","12.862196,77.6626",
"10-Sep-2026 17:44:44","11.91","4.1","14","On","12.861855,77.662442",
"10-Sep-2026 17:44:51","10.36","4.11","13.98","On","12.861668,77.662381",
"10-Sep-2026 17:45:21","10.25","4.11","14.03","On","12.860795,77.661904",
"10-Sep-2026 17:45:49","6.5","4.11","14.03","On","12.860096,77.66146",
"10-Sep-2026 17:45:51","4.99","4.11","14","On","12.860043,77.66146",
"10-Sep-2026 17:46:21","0.27","4.11","13.95","On","12.859949,77.66152",
"10-Sep-2026 17:46:44","21.74","4.11","13.95","On","12.860033,77.661368",
"10-Sep-2026 17:46:51","37.99","4.11","13.98","On","12.860537,77.660964",
"10-Sep-2026 17:47:21","37.26","4.11","13.98","On","12.86222,77.659604",
"10-Sep-2026 17:47:44","6.99","4.11","13.98","On","12.863509,77.658729",
"10-Sep-2026 17:47:51","3.6","4.11","13.95","On","12.863445,77.658783",
"10-Sep-2026 17:48:21","0.38","4.11","13.98","On","12.86339,77.658781",
"10-Sep-2026 17:48:51","1.26","4.11","14","On","12.863388,77.658821",
"10-Sep-2026 17:49:21","1.46","4.11","14","On","12.863403,77.658837",
"10-Sep-2026 17:49:51","0.22","4.11","14.03","On","12.863401,77.658807",
"10-Sep-2026 17:50:21","0.48","4.11","14.03","On","12.863373,77.658822",
"10-Sep-2026 17:50:51","0.12","4.11","14.03","On","12.863363,77.658808",
"10-Sep-2026 17:51:21","0.3","4.11","14.05","On","12.863347,77.658787",
"10-Sep-2026 17:51:51","0.15","4.11","14.05","On","12.863354,77.658771",
"10-Sep-2026 17:52:21","0.11","4.11","14.05","On","12.863365,77.658769",
"10-Sep-2026 17:52:51","0.36","4.11","14.05","On","12.863365,77.658771",
"10-Sep-2026 17:53:21","0.47","4.11","14.07","On","12.863375,77.658777",
"10-Sep-2026 17:53:51","0.17","4.11","14.05","On","12.863382,77.658775",
"10-Sep-2026 17:54:21","0.24","4.11","14.07","On","12.863395,77.658787",
"10-Sep-2026 17:54:51","0.43","4.11","14.05","On","12.863395,77.658813",
"10-Sep-2026 17:55:21","0.87","4.11","14.07","On","12.863393,77.658799",
"10-Sep-2026 17:55:51","0.45","4.11","14.07","On","12.863393,77.658775",
"10-Sep-2026 17:56:21","0.5","4.11","14.05","On","12.863406,77.658789",
"10-Sep-2026 17:56:51","0.2","4.11","14.07","On","12.863403,77.658792",
"10-Sep-2026 17:57:21","0.02","4.11","14.07","On","12.863397,77.658788",
"10-Sep-2026 17:57:51","0.76","4.11","14.1","On","12.863392,77.658783",
"10-Sep-2026 17:58:21","0.54","4.11","14.07","On","12.863396,77.658808",
"10-Sep-2026 17:58:51","0.23","4.11","14.1","On","12.863382,77.658784",
"10-Sep-2026 17:59:04","12.51","4.11","14.1","On","12.863271,77.658829",
"10-Sep-2026 17:59:21","40.58","4.11","14.05","On","12.86227,77.659633",
"10-Sep-2026 17:59:51","25.95","4.11","13.91","On","12.860469,77.661056",
"10-Sep-2026 18:00:21","0.41","4.11","14","On","12.860203,77.661312",
"10-Sep-2026 18:00:51","0.3","4.11","14.03","On","12.8602,77.661337",
"10-Sep-2026 18:01:21","0.7","4.11","14.05","On","12.860191,77.661343",
"10-Sep-2026 18:01:51","0.54","4.11","14.05","On","12.860183,77.661361",
"10-Sep-2026 18:02:21","0.94","4.11","13.98","On","12.860173,77.661361",
"10-Sep-2026 18:02:51","0.5","4.11","13.95","On","12.860172,77.66134",
"10-Sep-2026 18:03:21","0.16","4.11","13.95","On","12.860177,77.661341",
"10-Sep-2026 18:03:51","0.34","4.11","13.95","On","12.860181,77.661344",
"10-Sep-2026 18:04:21","0.1","4.11","14","On","12.860178,77.661354",
"10-Sep-2026 18:04:51","0.21","4.11","13.98","On","12.860183,77.661362",
"10-Sep-2026 18:05:21","0.43","4.11","13.95","On","12.860193,77.661347",
"10-Sep-2026 18:05:51","0.46","4.11","13.95","On","12.860192,77.661344",
"10-Sep-2026 18:06:21","0.46","4.11","13.98","On","12.86019,77.661331",
"10-Sep-2026 18:06:51","0.05","4.11","13.95","On","12.860188,77.661335",
"10-Sep-2026 18:07:21","0.24","4.11","13.98","On","12.860184,77.661343",
"10-Sep-2026 18:07:51","0.15","4.11","13.95","On","12.860189,77.661333",
"10-Sep-2026 18:08:21","0.4","4.11","13.98","On","12.860172,77.661339",
"10-Sep-2026 18:08:51","0.24","4.11","13.98","On","12.860173,77.661333",
"10-Sep-2026 18:09:21","0.81","4.11","13.95","On","12.860171,77.661352",
"10-Sep-2026 18:09:51","0.92","4.11","13.95","On","12.860174,77.661373",
"10-Sep-2026 18:10:21","0.19","4.11","13.95","On","12.86017,77.661359",
"10-Sep-2026 18:10:51","0.14","4.11","13.95","On","12.860169,77.66134",
"10-Sep-2026 18:11:21","0.37","4.11","13.95","On","12.860169,77.661348",
"10-Sep-2026 18:11:51","0.18","4.11","13.98","On","12.860176,77.661361",
"10-Sep-2026 18:12:21","0.66","4.11","13.98","On","12.860169,77.661365",
"10-Sep-2026 18:12:51","0.28","4.11","14","On","12.860167,77.661351",
"10-Sep-2026 18:13:21","0.17","4.11","13.98","On","12.860166,77.661346",
"10-Sep-2026 18:13:51","0.19","4.11","13.95","On","12.860198,77.661352",
"10-Sep-2026 18:14:21","0.35","4.11","13.98","On","12.860195,77.661358",
"10-Sep-2026 18:14:51","0.1","4.11","13.98","On","12.860203,77.66135",
"10-Sep-2026 18:15:21","0.6","4.11","13.95","On","12.860209,77.66135",
"10-Sep-2026 18:15:51","0.48","4.11","13.95","On","12.86022,77.661344",
"10-Sep-2026 18:16:21","0.42","4.11","13.95","On","12.860241,77.661337",
"10-Sep-2026 18:16:51","0.6","4.11","13.93","On","12.860247,77.661325",
"10-Sep-2026 18:17:21","0.51","4.11","13.98","On","12.860246,77.661313",
"10-Sep-2026 18:17:51","0.37","4.11","14","On","12.860225,77.661301",
"10-Sep-2026 18:18:21","0.12","4.11","13.98","On","12.860209,77.661306",
"10-Sep-2026 18:18:51","0.17","4.11","13.98","On","12.86021,77.661304",
"10-Sep-2026 18:19:21","0.18","4.11","13.95","On","12.860204,77.66131",
"10-Sep-2026 18:19:51","0.15","4.11","13.98","On","12.860207,77.661328",
"10-Sep-2026 18:20:21","0.4","4.11","13.95","On","12.860202,77.66132",
"10-Sep-2026 18:20:51","0.28","4.11","13.95","On","12.860211,77.661306",
"10-Sep-2026 18:21:21","0.26","4.11","13.91","On","12.860225,77.661306",
"10-Sep-2026 18:21:29","0.57","4.11","13.91","On","12.860201,77.661335",
"10-Sep-2026 18:21:49","14.76","4.11","13.91","On","12.860026,77.66144",
"10-Sep-2026 18:21:51","14.76","4.11","14","On","12.860026,77.66144",
"10-Sep-2026 18:22:21","17.6","4.11","13.98","On","12.858879,77.662338",
"10-Sep-2026 18:22:51","23.95","4.11","13.98","On","12.857966,77.663064",
"10-Sep-2026 18:23:21","3.19","4.11","13.98","On","12.856871,77.663963",
"10-Sep-2026 18:23:51","0.07","4.11","14.05","On","12.856861,77.663981",
"10-Sep-2026 18:24:21","0.14","4.11","14.03","On","12.85686,77.663983",
"10-Sep-2026 18:24:51","0.22","4.11","14","On","12.856858,77.663981",
"10-Sep-2026 18:25:21","0.26","4.11","14.03","On","12.856858,77.663992",
"10-Sep-2026 18:25:51","0.07","4.11","14.03","On","12.856856,77.664001",
"10-Sep-2026 18:26:21","0.14","4.11","14.07","On","12.856841,77.664008",
"10-Sep-2026 18:26:51","0.8","4.11","14.07","On","12.856846,77.664012",
"10-Sep-2026 18:27:21","0.33","4.11","14.05","On","12.85685,77.664013",
"10-Sep-2026 18:27:51","24.62","4.11","14","On","12.85635,77.664358",
"10-Sep-2026 18:28:21","9.8","4.11","13.98","On","12.855984,77.664652",
"10-Sep-2026 18:28:34","1.75","4.11","13.98","On","12.855818,77.664786",
"10-Sep-2026 18:28:51","5.45","4.11","13.95","On","12.855728,77.664856",
"10-Sep-2026 18:29:04","15.29","4.11","13.95","On","12.855567,77.664978",
"10-Sep-2026 18:29:21","19.85","4.11","13.93","On","12.855049,77.665285",
"10-Sep-2026 18:29:51","34.61","4.11","13.98","On","12.85338,77.666627",
"10-Sep-2026 18:30:21","55.86","4.11","14.03","On","12.850343,77.669054",
"10-Sep-2026 18:30:51","36.75","4.11","13.98","On","12.84817,77.670776",
"10-Sep-2026 18:31:21","9.52","4.11","13.95","On","12.846825,77.671949",
"10-Sep-2026 18:31:51","30.84","4.11","13.98","On","12.845866,77.672681",
"10-Sep-2026 18:32:09","23.29","4.11","13.98","On","12.844647,77.673727",
"10-Sep-2026 18:32:21","14.51","4.11","13.95","On","12.844645,77.673971",
"10-Sep-2026 18:32:39","38","4.11","13.95","On","12.844789,77.674957",
"10-Sep-2026 18:32:49","25.85","4.11","13.95","On","12.844976,77.675722",
"10-Sep-2026 18:32:51","25.85","4.11","13.95","On","12.844976,77.675722",
"10-Sep-2026 18:33:21","15.75","4.11","13.95","On","12.844981,77.678921",
"10-Sep-2026 18:33:51","24.07","4.11","13.95","On","12.844974,77.680959",
"10-Sep-2026 18:34:21","25.41","4.11","13.95","On","12.844624,77.682163",
"10-Sep-2026 18:34:29","17.23","4.11","13.95","On","12.844458,77.682573",
"10-Sep-2026 18:34:51","24.57","4.11","13.93","On","12.844075,77.683623",
"10-Sep-2026 18:35:04","3.57","4.11","13.93","On","12.843897,77.684117",
"10-Sep-2026 18:35:09","22.22","4.11","13.93","On","12.843723,77.683974",
"10-Sep-2026 18:35:21","43.66","4.11","13.93","On","12.842968,77.682977",
"10-Sep-2026 18:35:29","16.5","4.11","13.93","On","12.842678,77.682869",
"10-Sep-2026 18:35:44","3.86","4.11","13.93","On","12.842305,77.683221",
"10-Sep-2026 18:35:51","5.81","4.11","13.95","On","12.842245,77.683432",
"10-Sep-2026 18:36:21","1.57","4.11","13.42","Off","12.84229,77.683506",
"10-Sep-2026 18:36:51","1.8","4.11","13.26","Off","12.842323,77.683513",
"10-Sep-2026 18:37:21","2.88","4.11","13.21","Off","12.842262,77.683518",
"10-Sep-2026 18:37:25","2.88","4.11","13.21","Off","12.842262,77.683518",
"10-Sep-2026 18:37:46","2.88","4.1","13.18","Off","12.842262,77.683518",
"10-Sep-2026 18:37:51","0.63","4.11","13.18","Off","12.842252,77.683549",
"10-Sep-2026 18:38:21","0.99","4.11","13.18","Off","12.842232,77.683553",
"10-Sep-2026 18:38:46","0.99","4.11","13.18","Off","12.842232,77.683553",
"10-Sep-2026 18:39:21","0.61","4.11","13.16","Off","12.842188,77.683582",
"10-Sep-2026 18:39:51","0.16","4.11","13.16","Off","12.842209,77.683587",
"10-Sep-2026 18:40:51","0.7","4.11","13.18","Off","12.842224,77.683596",
"10-Sep-2026 18:41:51","0.96","4.11","13.16","Off","12.842209,77.683579",
"10-Sep-2026 18:42:46","0.96","4.11","13.13","Off","12.842209,77.683579",
"10-Sep-2026 19:42:46","0.96","4.11","13.09","Off","12.842209,77.683579",
"10-Sep-2026 19:42:46","1.38","4.11","13.09","Off","12.842208,77.683568",
"10-Sep-2026 19:42:51","1.38","4.11","13.09","Off","12.842208,77.683568",
"10-Sep-2026 19:44:51","0.6","4.1","13.01","Off","12.842157,77.683917",
"10-Sep-2026 19:45:51","3.56","4.1","12.97","Off","12.842196,77.68373",
"10-Sep-2026 19:46:46","3.56","4.1","12.99","Off","12.842196,77.68373",
"10-Sep-2026 19:54:43","3.56","4.1","13.11","On","12.842196,77.68373",
"10-Sep-2026 19:54:43","3.56","4.1","13.11","On","12.842196,77.68373",
"10-Sep-2026 19:54:51","0.86","4.1","13.21","On","12.84223,77.683637",
"10-Sep-2026 19:58:51","0.66","4.1","13.01","Off","12.84227,77.683892",
"10-Sep-2026 21:00:46","2.38","4.1","13.01","Off","12.84219,77.683847",
"10-Sep-2026 21:00:51","2.38","4.1","13.01","Off","12.84219,77.683847",
"10-Sep-2026 21:01:51","0","4.1","12.97","Off","12.842157,77.683464",
"10-Sep-2026 21:02:51","0","4.1","12.97","Off","12.84221,77.683413",
"10-Sep-2026 21:03:51","0","4.1","12.97","Off","12.842084,77.683329",
"10-Sep-2026 21:04:46","0","4.1","12.97","Off","12.842084,77.683329",
"10-Sep-2026 21:07:22","0","4.1","13.01","On","12.842084,77.683329",
"10-Sep-2026 21:07:22","0","4.1","13.01","On","12.842084,77.683329",
"10-Sep-2026 21:07:22","0.38","4.1","13.01","On","12.842265,77.683784",
"10-Sep-2026 21:07:51","0","4.1","12.99","Off","12.842237,77.683177",
"10-Sep-2026 21:08:21","0","4.1","12.97","Off","12.842152,77.683236",
"10-Sep-2026 21:08:51","3.49","4.11","12.97","Off","12.842344,77.68366",
"10-Sep-2026 21:09:18","3.49","4.1","12.94","Off","12.842344,77.68366",
"10-Sep-2026 21:09:51","1.03","4.1","12.92","Off","12.842176,77.683609",
"10-Sep-2026 21:10:51","0.14","4.1","12.94","Off","12.842199,77.683675",
"10-Sep-2026 21:11:51","1.47","4.1","12.92","Off","12.842239,77.683648",
"10-Sep-2026 21:12:51","0.58","4.11","12.94","Off","12.842192,77.683556",
"10-Sep-2026 21:13:18","0.58","4.1","12.92","Off","12.842192,77.683556",
"10-Sep-2026 22:13:18","0.58","4.11","12.99","Off","12.842192,77.683556",
"10-Sep-2026 22:13:18","0.83","4.11","12.99","Off","12.84219,77.683535",
"10-Sep-2026 22:15:51","0.42","4.11","12.89","Off","12.841931,77.683897",
"10-Sep-2026 22:16:51","0.56","4.11","12.92","Off","12.841992,77.68361",
"10-Sep-2026 22:17:18","0.56","4.11","12.89","Off","12.841992,77.68361",
"10-Sep-2026 23:17:18","0.56","4.11","12.97","Off","12.841992,77.68361",
"10-Sep-2026 23:17:18","1.43","4.11","12.97","Off","12.842038,77.683594",
"10-Sep-2026 23:18:51","3.79","4.11","12.92","Off","12.842042,77.683647",
"10-Sep-2026 23:19:51","3.15","4.11","12.87","Off","12.842151,77.683712",
"10-Sep-2026 23:20:51","3.55","4.11","12.89","Off","12.842053,77.683656",
"10-Sep-2026 23:21:18","3.55","4.11","12.89","Off","12.842053,77.683656",
"11-Sep-2026 00:21:19","3.55","4.11","12.94","Off","12.842053,77.683656",
"11-Sep-2026 00:21:19","0.48","4.11","12.94","Off","12.842035,77.683701",
"11-Sep-2026 00:22:51","0","4.11","12.85","Off","12.842144,77.683238",
"11-Sep-2026 00:23:51","2.12","4.11","12.85","Off","12.842344,77.683265",
"11-Sep-2026 00:24:51","3.09","4.11","12.87","Off","12.842304,77.683379",
"11-Sep-2026 00:25:19","3.09","4.11","12.87","Off","12.842304,77.683379",
"11-Sep-2026 01:25:19","3.09","4.1","12.87","Off","12.842304,77.683379",
"11-Sep-2026 01:25:19","2.9","4.1","12.87","Off","12.842335,77.683439",
"11-Sep-2026 01:26:51","2.45","4.1","12.85","Off","12.842069,77.683587",
"11-Sep-2026 01:27:51","3.66","4.11","12.82","Off","12.842103,77.683524",
"11-Sep-2026 01:28:51","5.18","4.1","12.8","Off","12.842052,77.683561",
"11-Sep-2026 01:28:56","5.18","4.1","12.82","On","12.842052,77.683561",
"11-Sep-2026 01:29:51","2.9","4.1","13.86","On","12.842214,77.683537",
"11-Sep-2026 01:30:21","0.89","4.1","13.91","On","12.842287,77.68347",
"11-Sep-2026 01:30:51","1.16","4.1","13.95","On","12.84214,77.683444",
"11-Sep-2026 01:31:21","2.16","4.11","13.98","Off","12.842185,77.683434",
"11-Sep-2026 01:31:51","1.64","4.1","13.42","Off","12.842221,77.683406",
"11-Sep-2026 01:32:21","1.77","4.1","13.23","Off","12.842152,77.683394",
"11-Sep-2026 01:32:49","1.77","4.1","13.18","Off","12.842152,77.683394",
"11-Sep-2026 01:33:21","0.36","4.11","13.18","Off","12.842081,77.683349",
"11-Sep-2026 01:33:51","0.21","4.1","13.16","Off","12.842075,77.683326",
"11-Sep-2026 01:34:51","1.54","4.11","13.11","Off","12.842028,77.683283",
"11-Sep-2026 01:35:51","1.2","4.1","13.06","Off","12.842022,77.683157",
"11-Sep-2026 01:36:49","1.2","4.11","13.06","Off","12.842022,77.683157",
"11-Sep-2026 02:36:49","1.2","4.11","12.87","Off","12.842022,77.683157",
"11-Sep-2026 02:36:49","3.6","4.11","12.87","Off","12.842015,77.683177",
"11-Sep-2026 02:36:51","3.6","4.1","12.87","Off","12.842015,77.683177",
"11-Sep-2026 02:51:54","2.59","4.1","12.87","On","12.842136,77.68313",
"11-Sep-2026 02:52:21","0","4.1","13.74","On","12.842132,77.683225",
"11-Sep-2026 02:53:21","0","4.1","13.16","Off","12.842126,77.68319",
"11-Sep-2026 02:53:51","0","4.1","13.01","Off","12.842139,77.683267",
"11-Sep-2026 02:54:15","0","4.1","13.38","Off","12.842139,77.683267",
"11-Sep-2026 02:54:51","0","4.1","13.71","Off","12.842172,77.683227",
"11-Sep-2026 02:55:51","0","4.11","13.93","Off","12.842249,77.683142",
"11-Sep-2026 02:56:51","0","4.11","14","Off","12.842225,77.683217",
"11-Sep-2026 02:57:51","0","4.1","14.05","Off","12.84215,77.683359",
"11-Sep-2026 02:58:15","0","4.11","14.05","Off","12.84215,77.683359",
"11-Sep-2026 03:40:45","0","4.11","14.05","Off","12.84215,77.683359",
"11-Sep-2026 03:44:21","2.86","4.1","13.98","Off","12.842063,77.683208",
"11-Sep-2026 03:44:51","2","4.11","13.86","Off","12.842301,77.683087",
"11-Sep-2026 03:45:51","6.55","4.11","13.52","Off","12.842358,77.68309",
"11-Sep-2026 03:46:51","1.23","4.1","13.38","Off","12.842299,77.683068",
"11-Sep-2026 03:47:37","1.23","4.1","13.3","Off","12.842299,77.683068",
"11-Sep-2026 04:13:16","1.23","4.11","13.21","On","12.842299,77.683068",
"11-Sep-2026 04:13:16","1.23","4.11","13.21","On","12.842299,77.683068",
"11-Sep-2026 04:13:16","2","4.11","13.21","On","12.842258,77.683101",
"11-Sep-2026 04:13:21","2","4.11","13.18","Off","12.842258,77.683101",
"11-Sep-2026 04:14:45","3.2","4.11","13.35","Off","12.842166,77.683314",
"11-Sep-2026 04:14:51","1.6","4.1","13.57","Off","12.842168,77.683337",
"11-Sep-2026 04:16:21","0.82","4.1","14.03","Off","12.842079,77.683319",
"11-Sep-2026 04:16:51","1.97","4.1","14.03","Off","12.842071,77.683321",
"11-Sep-2026 04:17:05","1.97","4.11","14","Off","12.842071,77.683321",
"11-Sep-2026 04:17:51","2.18","4.11","14","Off","12.842059,77.683307",
"11-Sep-2026 04:18:21","0.53","4.11","14","Off","12.842103,77.683331",
"11-Sep-2026 04:18:51","2.13","4.1","14.03","Off","12.842111,77.683321",
"11-Sep-2026 04:19:21","2.56","4.11","14","Off","12.842172,77.683214",
"11-Sep-2026 04:19:22","2.56","4.11","14","Off","12.842172,77.683214",
"11-Sep-2026 04:20:21","0.3","4.11","14","Off","12.842104,77.683208",
"11-Sep-2026 04:21:51","0.56","4.11","14.03","Off","12.842171,77.683273",
"11-Sep-2026 04:22:51","4.65","4.11","14.03","Off","12.842108,77.683278",
"11-Sep-2026 04:23:22","4.65","4.11","14.03","Off","12.842108,77.683278",
"11-Sep-2026 04:40:06","4.65","4.11","14.17","Off","12.842108,77.683278",
"11-Sep-2026 04:40:06","1.09","4.11","14.17","Off","12.842162,77.683375",
"11-Sep-2026 04:40:08","1.09","4.11","14.17","Off","12.842162,77.683375",
"11-Sep-2026 04:40:21","1.09","4.11","14.15","Off","12.842162,77.683375",
"11-Sep-2026 04:40:51","0.23","4.1","14.12","Off","12.842161,77.683313",
"11-Sep-2026 04:41:08","0.23","4.11","14.07","Off","12.842161,77.683313",
"11-Sep-2026 04:41:51","0.34","4.1","14","Off","12.842087,77.683323",
"11-Sep-2026 04:42:51","0.71","4.11","14.03","Off","12.842127,77.683284",
"11-Sep-2026 04:43:51","0.93","4.1","14.03","Off","12.842116,77.68334",
"11-Sep-2026 04:44:51","1.45","4.1","14.03","Off","12.842168,77.683236",
"11-Sep-2026 04:45:08","1.45","4.1","14.03","Off","12.842168,77.683236",
"11-Sep-2026 04:48:09","1.45","4.1","14.12","Off","12.842168,77.683236",
"11-Sep-2026 04:48:09","0.16","4.1","14.12","Off","12.842153,77.68327",
"11-Sep-2026 04:49:51","0.92","4.11","14.07","Off","12.842103,77.683286",
"11-Sep-2026 04:50:51","1.09","4.1","14.05","Off","12.842159,77.683189",
"11-Sep-2026 04:51:51","0.39","4.1","14.05","Off","12.84214,77.68324",
"11-Sep-2026 04:52:09","0.39","4.11","14.07","Off","12.84214,77.68324",
"11-Sep-2026 04:53:09","0.39","4.11","14.15","Off","12.84214,77.68324",
"11-Sep-2026 04:53:09","1.06","4.11","14.15","Off","12.842144,77.683223",
"11-Sep-2026 04:53:51","0","4.11","14.07","Off","12.84225,77.683551",
"11-Sep-2026 04:54:51","3.24","4.11","14.1","Off","12.842222,77.683277",
"11-Sep-2026 04:55:31","3.24","4.11","14.07","Off","12.842222,77.683277",
"11-Sep-2026 04:55:31","1.92","4.11","14.07","Off","12.842279,77.683295",
"11-Sep-2026 04:55:51","3.97","4.11","14.07","Off","12.84228,77.683383",
"11-Sep-2026 04:57:21","0.91","4.1","14.07","Off","12.842353,77.683375",
"11-Sep-2026 04:57:28","0.91","4.1","14.05","Off","12.842353,77.683375",
"11-Sep-2026 04:58:21","3.43","4.11","14.07","Off","12.842156,77.683359",
"11-Sep-2026 04:58:51","0.52","4.1","14.07","Off","12.842156,77.683378",
"11-Sep-2026 04:59:51","2.74","4.1","14.07","Off","12.842194,77.683313",
"11-Sep-2026 05:00:51","2","4.1","14.07","Off","12.842208,77.683351",
"11-Sep-2026 05:01:28","2","4.11","14.1","Off","12.842208,77.683351",
"11-Sep-2026 05:04:25","2","4.11","14.07","Off","12.842208,77.683351",
"11-Sep-2026 05:04:25","4.36","4.11","14.07","Off","12.842151,77.683299",
"11-Sep-2026 05:04:51","4.36","4.1","14.05","Off","12.842151,77.683299",
"11-Sep-2026 05:05:51","0","4.11","14.03","Off","12.842019,77.683344",
"11-Sep-2026 05:06:51","0","4.11","14.03","Off","12.842072,77.683363",
"11-Sep-2026 05:07:51","3.46","4.1","14.03","Off","12.8421,77.682758",
"11-Sep-2026 05:08:25","3.46","4.1","14","Off","12.8421,77.682758",
"11-Sep-2026 05:15:28","3.46","4.1","14.12","Off","12.8421,77.682758",
"11-Sep-2026 05:15:28","2.28","4.1","14.12","Off","12.842149,77.683242",
"11-Sep-2026 05:15:51","2.28","4.11","14.12","Off","12.842149,77.683242",
"11-Sep-2026 05:17:35","0","4.11","14.07","Off","12.842133,77.683382",
"11-Sep-2026 05:17:51","0","4.11","14.05","Off","12.842148,77.683373",
"11-Sep-2026 05:18:21","0","4.11","14.07","Off","12.842143,77.683359",
"11-Sep-2026 05:18:51","0","4.11","14.07","Off","12.842098,77.683385",
"11-Sep-2026 05:19:07","0","4.11","14.1","Off","12.842098,77.683385",
"11-Sep-2026 05:19:51","0.77","4.11","14.1","Off","12.842203,77.683541",
"11-Sep-2026 05:20:51","2.88","4.11","14","Off","12.842223,77.683282",
"11-Sep-2026 05:21:50","2.88","4.1","13.98","Off","12.842223,77.683282",
"11-Sep-2026 05:21:50","2.9","4.1","13.98","Off","12.84223,77.683274",
"11-Sep-2026 05:21:51","2.9","4.1","13.98","Off","12.84223,77.683274",
"11-Sep-2026 05:22:21","1.59","4.1","13.95","Off","12.842258,77.683263",
"11-Sep-2026 05:22:50","1.59","4.1","13.95","Off","12.842258,77.683263",
"11-Sep-2026 05:23:21","0.14","4.11","13.95","Off","12.842224,77.683267",
"11-Sep-2026 05:23:51","0.56","4.11","13.95","Off","12.842241,77.683258",
"11-Sep-2026 05:24:51","1.5","4.1","13.95","Off","12.842225,77.683189",
"11-Sep-2026 05:25:51","5.31","4.11","13.98","Off","12.84218,77.683246",
"11-Sep-2026 05:26:50","5.31","4.11","13.98","Off","12.84218,77.683246",
"11-Sep-2026 05:36:44","5.31","4.11","14.15","Off","12.84218,77.683246",
"11-Sep-2026 05:36:44","0.94","4.11","14.15","Off","12.842167,77.683209",
"11-Sep-2026 05:36:51","0.94","4.1","14.12","Off","12.842167,77.683209",
"11-Sep-2026 05:37:51","0","4.1","13.57","Off","12.842231,77.683216",
"11-Sep-2026 05:38:08","0","4.1","13.5","On","12.842231,77.683216",
"11-Sep-2026 05:38:21","0","4.1","13.66","Off","12.842353,77.683033",
"11-Sep-2026 05:38:51","0","4.1","13.35","Off","12.842335,77.683109",
"11-Sep-2026 05:39:20","0","4.1","13.26","Off","12.842335,77.683109",
"11-Sep-2026 05:39:51","0","4.11","13.26","Off","12.842445,77.683093",
"11-Sep-2026 05:40:51","5.47","4.11","13.23","Off","12.842075,77.683365",
"11-Sep-2026 05:41:51","2.69","4.11","13.21","Off","12.84222,77.68322",
"11-Sep-2026 05:42:51","3.62","4.1","13.18","Off","12.842172,77.682918",
"11-Sep-2026 05:43:20","3.62","4.1","13.16","Off","12.842172,77.682918",
"11-Sep-2026 06:43:20","3.62","4.11","13.11","Off","12.842172,77.682918",
"11-Sep-2026 06:43:20","1.03","4.11","13.11","Off","12.842205,77.682916",
"11-Sep-2026 06:43:51","0","4.1","13.04","Off","12.842107,77.683268",
"11-Sep-2026 06:44:51","0","4.1","13.04","Off","12.842221,77.683304",
"11-Sep-2026 06:45:51","0","4.1","13.01","Off","12.842077,77.68327",
"11-Sep-2026 07:47:51","0","4.1","13.01","Off","12.842271,77.683278",
"11-Sep-2026 07:48:51","0","4.1","12.97","Off","12.84204,77.683362",
"11-Sep-2026 07:49:51","6.04","4.1","12.97","Off","12.842118,77.683096",
"11-Sep-2026 07:50:51","6.31","4.1","12.97","Off","12.84212,77.68306",
"11-Sep-2026 07:51:20","6.31","4.1","12.97","Off","12.84212,77.68306",
"11-Sep-2026 08:51:21","6.31","4.11","12.99","Off","12.84212,77.68306",
"11-Sep-2026 08:51:21","11.12","4.11","12.99","Off","12.842007,77.683025",
"11-Sep-2026 08:51:21","11.12","4.11","12.99","Off","12.842007,77.683025",
"11-Sep-2026 08:51:51","0","4.11","12.97","Off","12.842517,77.683495",
"11-Sep-2026 08:52:51","0","4.11","12.94","Off","12.842541,77.683495",
"11-Sep-2026 08:53:51","0","4.1","12.89","Off","12.842081,77.68323",
"11-Sep-2026 08:54:51","0","4.1","12.87","Off","12.842131,77.683321",
"11-Sep-2026 08:55:21","0","4.1","12.89","Off","12.842131,77.683321",
"11-Sep-2026 09:06:07","0","4.1","12.99","Off","12.842131,77.683321",
"11-Sep-2026 09:06:07","4.04","4.1","12.99","Off","12.842146,77.683182",
"11-Sep-2026 09:06:07","4.04","4.1","12.99","On","12.842146,77.683182",
"11-Sep-2026 09:06:21","4.04","4.11","13.11","Off","12.842146,77.683182",
"11-Sep-2026 09:07:21","0","4.1","12.87","Off","12.84234,77.682973",
"11-Sep-2026 09:07:50","0","4.1","12.89","Off","12.84234,77.682973",
"11-Sep-2026 09:08:21","2.55","4.1","12.89","Off","12.842135,77.683181",
"11-Sep-2026 09:08:51","3.09","4.1","12.89","Off","12.842299,77.683061",
"11-Sep-2026 09:10:51","4.55","4.1","12.87","Off","12.842026,77.682971",
"11-Sep-2026 09:11:50","4.55","4.1","12.85","Off","12.842026,77.682971",
"11-Sep-2026 10:06:06","4.55","4.1","12.89","Off","12.842026,77.682971",
"11-Sep-2026 10:06:06","7.43","4.1","12.89","Off","12.841772,77.682619",
"11-Sep-2026 10:06:07","7.43","4.1","12.89","On","12.841772,77.682619",
"11-Sep-2026 10:06:21","7.43","4.1","13.42","On","12.841772,77.682619",
"11-Sep-2026 10:06:51","0","4.1","13.88","On","12.842187,77.683332",
"11-Sep-2026 10:07:21","0.4","4.1","13.98","On","12.842452,77.683001",
"11-Sep-2026 10:07:51","0.43","4.1","14.03","On","12.842391,77.682966",
"11-Sep-2026 10:08:51","0.19","4.1","14.07","On","12.842398,77.682951",
"11-Sep-2026 10:09:21","0.41","4.1","14.05","On","12.842377,77.682968",
"11-Sep-2026 10:09:51","0.19","4.1","14.03","On","12.842364,77.682998",
"11-Sep-2026 10:10:21","0.27","4.1","14.05","On","12.842355,77.682995",
"11-Sep-2026 10:10:51","8.52","4.1","13.98","On","12.842431,77.682997",
"11-Sep-2026 10:10:52","8.52","4.1","13.98","On","12.842431,77.682997",
"11-Sep-2026 10:10:57","14.47","4.1","13.98","On","12.842526,77.682959",
"11-Sep-2026 10:11:02","3.36","4.1","13.98","On","12.842752,77.682799",
"11-Sep-2026 10:11:07","10.55","4.1","13.98","On","12.842816,77.68282",
"11-Sep-2026 10:11:21","34.28","4.1","14","On","12.843205,77.683386",
"11-Sep-2026 10:11:37","13.53","4.1","14","On","12.843879,77.684147",
"11-Sep-2026 10:11:42","30.4","4.1","14","On","12.844088,77.683632",
"11-Sep-2026 10:11:51","30.47","4.1","13.95","On","12.844295,77.683098",
"11-Sep-2026 10:12:21","18.17","4.1","13.95","On","12.844816,77.681711",
"11-Sep-2026 10:12:37","21.81","4.1","13.95","On","12.845082,77.680933",
"11-Sep-2026 10:12:51","32.73","4.1","13.95","On","12.845954,77.680968",
"11-Sep-2026 10:12:52","32.73","4.1","13.95","On","12.845954,77.680968",
"11-Sep-2026 10:12:57","36.63","4.1","13.95","On","12.846336,77.680978",
"11-Sep-2026 10:13:02","12.49","4.1","13.95","On","12.846756,77.680982",
"11-Sep-2026 10:13:07","9.13","4.1","13.95","On","12.846813,77.680887",
"11-Sep-2026 10:13:21","25.42","4.1","13.98","On","12.846894,77.68029",
"11-Sep-2026 10:13:51","32.87","4.1","13.98","On","12.847159,77.677836",
"11-Sep-2026 10:14:21","25.72","4.1","13.95","On","12.847638,77.675622",
"11-Sep-2026 10:14:27","24.82","4.1","13.95","On","12.847526,77.675072",
"11-Sep-2026 10:14:37","10.8","4.1","13.95","On","12.847546,77.674857",
"11-Sep-2026 10:14:42","19.75","4.1","13.95","On","12.847738,77.67528",
"11-Sep-2026 10:14:51","22.17","4.1","13.95","On","12.847875,77.675682",
"11-Sep-2026 10:15:21","20.3","4.1","13.95","On","12.848636,77.677454",
"11-Sep-2026 10:15:27","15.61","4.1","13.95","On","12.848856,77.677635",
"11-Sep-2026 10:15:51","25.23","4.1","13.95","On","12.85051,77.676827",
"11-Sep-2026 10:16:21","23.23","4.1","13.98","On","12.852336,77.675892",
"11-Sep-2026 10:16:51","15.62","4.1","13.98","On","12.853833,77.675128",
"11-Sep-2026 10:17:21","14.93","4.1","13.95","On","12.854959,77.674542",
"11-Sep-2026 10:17:51","8.47","4.1","13.98","On","12.855826,77.674098",
"11-Sep-2026 10:17:57","8","4.1","13.98","On","12.855901,77.674097",
"11-Sep-2026 10:18:07","15.06","4.1","13.98","On","12.856316,77.674148",
"11-Sep-2026 10:18:12","14.18","4.1","13.98","On","12.856428,77.67409",
"11-Sep-2026 10:18:21","22.62","4.1","13.95","On","12.856693,77.673745",
"11-Sep-2026 10:18:27","20.31","4.1","13.95","On","12.85706,77.673654",
"11-Sep-2026 10:18:32","11.48","4.1","13.95","On","12.857212,77.673686",
"11-Sep-2026 10:18:37","25.2","4.1","13.95","On","12.857318,77.673567",
"11-Sep-2026 10:18:51","34.67","4.1","13.95","On","12.857874,77.672763",
"11-Sep-2026 10:19:21","21.55","4.11","14","On","12.859141,77.671019",
"11-Sep-2026 10:19:51","30.13","4.1","13.98","On","12.860121,77.669093",
"11-Sep-2026 10:20:07","19.71","4.1","13.98","On","12.860498,77.66785",
"11-Sep-2026 10:20:12","29.98","4.1","13.98","On","12.860294,77.667793",
"11-Sep-2026 10:20:21","39.96","4.1","13.95","On","12.859544,77.66787",
"11-Sep-2026 10:20:51","17.28","4.1","13.95","On","12.85748,77.668042",
"11-Sep-2026 10:20:52","11.67","4.1","13.95","On","12.857349,77.668022",
"11-Sep-2026 10:20:57","20.26","4.1","13.95","On","12.85731,77.66786",
"11-Sep-2026 10:21:02","25.29","4.1","13.95","On","12.857201,77.66765",
"11-Sep-2026 10:21:07","19.87","4.1","13.95","On","12.857065,77.667476",
"11-Sep-2026 10:21:21","23.47","4.1","13.98","On","12.856943,77.666666",
"11-Sep-2026 10:21:27","21.38","4.1","13.98","On","12.856978,77.666425",
"11-Sep-2026 10:21:32","20.43","4.1","13.98","On","12.857032,77.665939",
"11-Sep-2026 10:21:51","11.51","4.1","13.95","On","12.856874,77.665028",
"11-Sep-2026 10:21:52","8.91","4.1","13.95","On","12.856801,77.664959",
"11-Sep-2026 10:21:57","18.45","4.1","13.95","On","12.85681,77.664833",
"11-Sep-2026 10:22:07","10.31","4.1","13.95","On","12.856833,77.664504",
"11-Sep-2026 10:22:12","12.95","4.1","13.95","On","12.85665,77.664469",
"11-Sep-2026 10:22:21","4.01","4.1","14","On","12.856451,77.664401",
"11-Sep-2026 10:22:22","4.01","4.1","14","On","12.856451,77.664401",
"11-Sep-2026 10:22:51","33.62","4.1","13.98","On","12.856621,77.664142",
"11-Sep-2026 10:22:52","43.93","4.1","13.98","On","12.856935,77.663894",
"11-Sep-2026 10:23:21","34.39","4.1","13.95","On","12.858939,77.662273",
"11-Sep-2026 10:23:47","10.92","4.1","13.95","On","12.860179,77.661328",
"11-Sep-2026 10:23:51","8.32","4.11","13.98","On","12.860229,77.661407",
"11-Sep-2026 10:23:52","19.84","4.11","13.98","On","12.860264,77.661514",
"11-Sep-2026 10:24:21","18.3","4.11","14","On","12.861353,77.662182",
"11-Sep-2026 10:24:42","19.11","4.11","14","On","12.862215,77.662583",
"11-Sep-2026 10:24:51","23.97","4.11","13.98","On","12.86268,77.662719",
"11-Sep-2026 10:25:12","11.59","4.11","13.98","On","12.863528,77.662888",
"11-Sep-2026 10:25:21","15.6","4.11","13.98","On","12.86361,77.662596",
"11-Sep-2026 10:25:42","7.35","4.11","13.98","On","12.863905,77.662048",
"11-Sep-2026 10:25:51","3.08","4.11","13.95","On","12.863859,77.662028",
"11-Sep-2026 10:26:21","0.09","4.11","13.95","On","12.863853,77.662029",
"11-Sep-2026 10:26:51","0.49","4.11","13.98","On","12.863853,77.662032",
"11-Sep-2026 10:27:21","0.1","4.11","14.03","On","12.863832,77.662038",
"11-Sep-2026 10:27:51","0.18","4.11","14.03","On","12.863835,77.662033",
"11-Sep-2026 10:28:21","0.16","4.11","13.98","On","12.863835,77.662028",
"11-Sep-2026 10:28:51","0.07","4.11","14","On","12.863827,77.662033",
"11-Sep-2026 10:29:21","0.25","4.11","14.03","On","12.863838,77.662032",
"11-Sep-2026 10:29:51","0.11","4.1","14","On","12.863831,77.662031",
"11-Sep-2026 10:30:21","0.06","4.1","13.95","On","12.863822,77.662021",
"11-Sep-2026 10:30:51","0.12","4.1","13.98","On","12.863824,77.662021",
"11-Sep-2026 10:30:57","11.74","4.1","13.98","On","12.863777,77.662152",
"11-Sep-2026 10:31:12","0.36","4.1","13.98","On","12.863684,77.662426",
"11-Sep-2026 10:31:21","1.08","4.1","13.91","On","12.863672,77.662434",
"11-Sep-2026 10:31:51","0.56","4.1","13.98","On","12.863631,77.66246",
"11-Sep-2026 10:32:21","0.85","4.11","13.95","On","12.863621,77.66248",
"11-Sep-2026 10:32:51","0.29","4.11","13.98","On","12.863603,77.662475",
"11-Sep-2026 10:33:21","0.23","4.11","13.98","On","12.863597,77.662462",
"11-Sep-2026 10:33:51","1.33","4.11","13.95","On","12.863599,77.662444",
"11-Sep-2026 10:34:21","0.42","4.11","13.98","On","12.863649,77.662464",
"11-Sep-2026 10:34:51","0.91","4.1","13.95","On","12.86364,77.662463",
"11-Sep-2026 10:35:21","1.41","4.11","13.98","On","12.863665,77.662457",
"11-Sep-2026 10:35:51","1.23","4.11","13.95","On","12.863655,77.662484",
"11-Sep-2026 10:36:21","0.55","4.1","13.93","On","12.863625,77.662481",
"11-Sep-2026 10:36:51","11.11","4.1","13.95","On","12.863577,77.662661",
"11-Sep-2026 10:37:07","10.49","4.1","13.95","On","12.863459,77.662974",
"11-Sep-2026 10:37:12","15.48","4.1","13.95","On","12.863351,77.662958",
"11-Sep-2026 10:37:21","6.36","4.1","13.98","On","12.86322,77.66291",
"11-Sep-2026 10:37:51","8.54","4.11","14","On","12.862165,77.66257",
"11-Sep-2026 10:38:21","0.28","4.1","13.98","On","12.862029,77.662502",
"11-Sep-2026 10:38:51","1.12","4.11","13.95","On","12.862043,77.662484",
"11-Sep-2026 10:38:52","1.12","4.11","13.95","On","12.862043,77.662484",
"11-Sep-2026 10:38:57","11.1","4.11","13.95","On","12.862011,77.662447",
"11-Sep-2026 10:39:21","28.63","4.11","14","On","12.861052,77.661982",
"11-Sep-2026 10:39:42","4.48","4.11","14","On","12.860027,77.661449",
"11-Sep-2026 10:39:51","18.19","4.11","14","On","12.859856,77.661552",
"11-Sep-2026 10:39:52","18.19","4.11","14","On","12.859856,77.661552",
"11-Sep-2026 10:40:21","27","4.11","14","On","12.858616,77.662548",
"11-Sep-2026 10:40:51","16.57","4.11","13.98","On","12.856661,77.664096",
"11-Sep-2026 10:40:57","3.12","4.11","13.98","On","12.856537,77.664178",
"11-Sep-2026 10:41:21","2.83","4.11","13.98","On","12.856488,77.664221",
"11-Sep-2026 10:41:51","0.93","4.11","13.98","On","12.856386,77.664343",
"11-Sep-2026 10:42:12","11.14","4.11","13.98","On","12.856167,77.664528",
"11-Sep-2026 10:42:21","6.7","4.11","13.98","On","12.856032,77.664637",
"11-Sep-2026 10:42:51","4.19","4.11","14","On","12.855586,77.664974",
"11-Sep-2026 10:42:57","0.3","4.11","14","On","12.855566,77.664978",
"11-Sep-2026 10:43:12","11.1","4.11","14","On","12.855462,77.665021",
"11-Sep-2026 10:43:21","22.72","4.11","13.98","On","12.855231,77.665209",
"11-Sep-2026 10:43:27","7.85","4.11","13.98","On","12.854933,77.665443",
"11-Sep-2026 10:43:37","18.36","4.11","13.98","On","12.854909,77.665739",
"11-Sep-2026 10:43:51","12.5","4.11","14","On","12.854935,77.666521",
"11-Sep-2026 10:43:52","12.5","4.11","14","On","12.854935,77.666521",
"11-Sep-2026 10:44:02","17.49","4.11","14","On","12.855204,77.666903",
"11-Sep-2026 10:44:07","19.86","4.11","14","On","12.8552,77.667098",
"11-Sep-2026 10:44:21","10.43","4.11","13.98","On","12.855153,77.667449",
"11-Sep-2026 10:44:51","4.22","4.11","14","On","12.855097,77.668457",
"11-Sep-2026 10:45:21","9.05","4.11","14","On","12.855041,77.669138",
"11-Sep-2026 10:45:51","17.73","4.11","13.98","On","12.85479,77.670583",
"11-Sep-2026 10:46:12","14.68","4.11","13.98","On","12.854541,77.671471",
"11-Sep-2026 10:46:21","16.96","4.11","14.03","On","12.854342,77.671729",
"11-Sep-2026 10:46:22","13.43","4.11","14.03","On","12.854184,77.67184",
"11-Sep-2026 10:46:37","12.44","4.11","14.03","On","12.853958,77.671976",
"11-Sep-2026 10:46:42","15.17","4.11","14.03","On","12.854212,77.672104",
"11-Sep-2026 10:46:47","17.16","4.11","14.03","On","12.854345,77.672196",
"11-Sep-2026 10:46:51","15.99","4.11","14","On","12.854441,77.672326",
"11-Sep-2026 10:46:57","11.38","4.11","14","On","12.854544,77.672388",
"11-Sep-2026 10:47:02","4.82","4.11","14","On","12.854735,77.672408",
"11-Sep-2026 10:47:17","20.41","4.11","14","On","12.855186,77.672374",
"11-Sep-2026 10:47:21","22.97","4.1","14","On","12.855387,77.672438",
"11-Sep-2026 10:47:32","12.52","4.1","14","On","12.855767,77.672606",
"11-Sep-2026 10:47:51","26.59","4.11","14.03","On","12.855706,77.673729",
"11-Sep-2026 10:47:57","18.15","4.11","14.03","On","12.855721,77.673965",
"11-Sep-2026 10:48:02","12.42","4.11","14.03","On","12.855887,77.674075",
"11-Sep-2026 10:48:12","23.17","4.11","14.03","On","12.856289,77.674136",
"11-Sep-2026 10:48:17","19.58","4.11","14.03","On","12.856453,77.674044",
"11-Sep-2026 10:48:21","29.26","4.11","14","On","12.856612,77.673832",
"11-Sep-2026 10:48:22","26.33","4.11","14","On","12.856817,77.673643",
"11-Sep-2026 10:48:27","30.06","4.11","14","On","12.857082,77.67368",
"11-Sep-2026 10:48:51","20.09","4.1","14","On","12.858447,77.674256",
"11-Sep-2026 10:49:21","18.41","4.1","14","On","12.859339,77.674403",
"11-Sep-2026 10:49:51","23.53","4.1","13.95","On","12.860703,77.674707",
"11-Sep-2026 10:50:02","16.58","4.1","13.95","On","12.861068,77.674569",
"11-Sep-2026 10:50:07","16.22","4.1","13.95","On","12.861162,77.674423",
"11-Sep-2026 10:50:12","21.01","4.1","13.95","On","12.86137,77.674452",
"11-Sep-2026 10:50:17","18.14","4.1","13.95","On","12.86154,77.67441",
"11-Sep-2026 10:50:21","7.74","4.11","13.98","On","12.861596,77.674279",
"11-Sep-2026 10:50:51","23.22","4.11","14","On","12.862118,77.673147",
"11-Sep-2026 10:51:21","23.6","4.1","13.98","On","12.862668,77.672021",
"11-Sep-2026 10:51:27","12.13","4.1","13.98","On","12.862851,77.67169",
"11-Sep-2026 10:51:32","24.08","4.1","13.98","On","12.863018,77.671757",
"11-Sep-2026 10:51:47","7.18","4.1","13.98","On","12.86358,77.671971",
"11-Sep-2026 10:51:51","18.31","4.1","13.93","On","12.863655,77.671872",
"11-Sep-2026 10:51:52","18.31","4.1","13.93","On","12.863655,77.671872",
"11-Sep-2026 10:52:21","22.04","4.1","13.95","On","12.864156,77.670469",
"11-Sep-2026 10:52:32","34.06","4.1","13.95","On","12.864292,77.66974",
"11-Sep-2026 10:52:47","14.48","4.1","13.95","On","12.864484,77.668801",
"11-Sep-2026 10:52:51","5.3","4.1","13.98","On","12.864521,77.668721",
"11-Sep-2026 10:53:21","30.7","4.1","14","On","12.865601,77.667095",
"11-Sep-2026 10:53:51","24.98","4.11","13.98","On","12.866366,77.66535",
"11-Sep-2026 10:54:21","19.73","4.11","14","On","12.867097,77.66392",
"11-Sep-2026 10:54:51","3.32","4.1","14","On","12.867838,77.662518",
"11-Sep-2026 10:55:21","32.48","4.1","14.03","On","12.868331,77.661548",
"11-Sep-2026 10:55:51","24.34","4.1","13.98","On","12.869449,77.659987",
"11-Sep-2026 10:56:21","16.69","4.11","14.03","On","12.870223,77.6588",
"11-Sep-2026 10:56:32","6.32","4.11","14.03","On","12.870368,77.658469",
"11-Sep-2026 10:56:51","16.96","4.11","14","On","12.870485,77.658272",
"11-Sep-2026 10:56:52","16.96","4.11","14","On","12.870485,77.658272",
"11-Sep-2026 10:57:07","4.53","4.11","14","On","12.870499,77.657671",
"11-Sep-2026 10:57:12","11.7","4.11","14","On","12.870541,77.65761",
"11-Sep-2026 10:57:21","25.12","4.11","14","On","12.870595,77.657193",
"11-Sep-2026 10:57:37","7.09","4.11","14","On","12.8707,77.656377",
"11-Sep-2026 10:57:51","7.13","4.1","13.98","On","12.870713,77.656055",
"11-Sep-2026 10:58:21","16.03","4.11","14.03","On","12.870814,77.655029",
"11-Sep-2026 10:58:47","15.83","4.11","14.03","On","12.87088,77.654151",
"11-Sep-2026 10:58:51","15.83","4.11","14","On","12.87088,77.654151",
"11-Sep-2026 10:58:52","27.45","4.11","14","On","12.871112,77.65412",
"11-Sep-2026 10:58:57","18.88","4.11","14","On","12.871326,77.654117",
"11-Sep-2026 10:59:21","0.3","4.11","13.98","On","12.872186,77.65407",
"11-Sep-2026 10:59:37","14.52","4.11","13.98","On","12.872486,77.65405",
"11-Sep-2026 10:59:51","14.38","4.11","14","On","12.872803,77.65406",
"11-Sep-2026 11:00:02","4.93","4.11","14","On","12.873385,77.654077",
"11-Sep-2026 11:00:07","26.92","4.11","14","On","12.873838,77.654144",
"11-Sep-2026 11:00:21","35.28","4.11","14.05","On","12.874771,77.654415",
"11-Sep-2026 11:00:32","3.02","4.11","14.05","On","12.875585,77.654677",
"11-Sep-2026 11:00:47","19.06","4.11","14.05","On","12.875881,77.654737",
"11-Sep-2026 11:00:51","19.06","4.11","14","On","12.875881,77.654737",
"11-Sep-2026 11:01:21","22.57","4.11","14","On","12.878185,77.654873",
"11-Sep-2026 11:01:32","2.09","4.11","14","On","12.878637,77.654884",
"11-Sep-2026 11:01:42","11.85","4.11","14","On","12.878745,77.654893",
"11-Sep-2026 11:01:51","33.66","4.11","13.98","On","12.87913,77.654896",
"11-Sep-2026 11:02:21","24.35","4.11","13.98","On","12.881076,77.655216",
"11-Sep-2026 11:02:51","6.63","4.11","13.98","On","12.882901,77.655676",
"11-Sep-2026 11:03:17","32.62","4.11","13.98","On","12.884509,77.655872",
"11-Sep-2026 11:03:21","22.71","4.11","13.91","On","12.884807,77.655858",
"11-Sep-2026 11:03:27","12.4","4.11","13.91","On","12.884977,77.655857",
"11-Sep-2026 11:03:51","7.16","4.1","13.93","On","12.885932,77.656004",
"11-Sep-2026 11:04:21","3.97","4.1","13.98","On","12.886891,77.656216",
"11-Sep-2026 11:04:42","24.45","4.1","13.98","On","12.887672,77.65638",
"11-Sep-2026 11:04:51","12.58","4.11","13.95","On","12.887932,77.656518",
"11-Sep-2026 11:05:17","6.73","4.11","13.95","On","12.888752,77.656944",
"11-Sep-2026 11:05:21","7.12","4.11","13.98","On","12.888821,77.656936",
"11-Sep-2026 11:05:51","0.6","4.11","13.98","On","12.888902,77.656915",
"11-Sep-2026 11:06:21","8","4.11","13.98","On","12.889242,77.656822",
"11-Sep-2026 11:06:51","0.69","4.11","13.95","On","12.889413,77.656758",
"11-Sep-2026 11:07:07","12.5","4.11","13.95","On","12.889512,77.656642",
"11-Sep-2026 11:07:12","14.6","4.11","13.95","On","12.889786,77.656451",
"11-Sep-2026 11:07:21","24.48","4.11","13.98","On","12.890147,77.656331",
"11-Sep-2026 11:07:51","26.78","4.11","13.98","On","12.891791,77.655833",
"11-Sep-2026 11:08:02","19.5","4.11","13.98","On","12.892227,77.655788",
"11-Sep-2026 11:08:07","21.73","4.11","13.98","On","12.892475,77.655831",
"11-Sep-2026 11:08:12","31.58","4.11","13.98","On","12.893032,77.656178",
"11-Sep-2026 11:08:21","29.06","4.11","13.98","On","12.893577,77.656599",
"11-Sep-2026 11:08:51","13.3","4.11","14","On","12.894388,77.657292",
"11-Sep-2026 11:09:07","2.64","4.11","14","On","12.895014,77.657575",
"11-Sep-2026 11:09:21","0.45","4.11","13.98","On","12.895186,77.657656",
"11-Sep-2026 11:09:51","0.53","4.11","13.98","On","12.895358,77.657718",
"11-Sep-2026 11:10:21","0.47","4.11","13.95","On","12.89535,77.657704",
"11-Sep-2026 11:10:51","6.99","4.11","14.03","On","12.895531,77.657788",
"11-Sep-2026 11:11:21","10.41","4.11","13.95","On","12.896183,77.658085",
"11-Sep-2026 11:11:51","13.56","4.11","14","On","12.896987,77.658392",
"11-Sep-2026 11:11:52","13.9","4.11","14","On","12.897113,77.658405",
"11-Sep-2026 11:12:07","7.19","4.11","14","On","12.897445,77.658302",
"11-Sep-2026 11:12:21","7.46","4.1","14","On","12.897716,77.65824",
"11-Sep-2026 11:12:32","19.06","4.1","14","On","12.897979,77.658242",
"11-Sep-2026 11:12:51","12.37","4.1","13.98","On","12.898491,77.658351",
"11-Sep-2026 11:13:07","16.91","4.1","13.98","On","12.899045,77.658574",
"11-Sep-2026 11:13:12","13.04","4.1","13.98","On","12.89916,77.658686",
"11-Sep-2026 11:13:21","6.92","4.11","14.05","On","12.899249,77.658951",
"11-Sep-2026 11:13:32","8.75","4.11","14.05","On","12.899328,77.65911",
"11-Sep-2026 11:13:37","13.48","4.11","14.05","On","12.899487,77.659222",
"11-Sep-2026 11:13:51","18.15","4.11","14.05","On","12.899949,77.659411",
"11-Sep-2026 11:13:57","23.66","4.11","14.05","On","12.900279,77.659719",
"11-Sep-2026 11:14:07","16.16","4.11","14.05","On","12.90064,77.659927",
"11-Sep-2026 11:14:21","5.08","4.11","14.03","On","12.900849,77.659985",
"11-Sep-2026 11:14:42","9.85","4.11","14.03","On","12.901168,77.660156",
"11-Sep-2026 11:14:51","9.28","4.11","13.98","On","12.901326,77.660294",
"11-Sep-2026 11:15:21","11.52","4.1","13.98","On","12.901735,77.660482",
"11-Sep-2026 11:15:22","11.52","4.1","13.98","On","12.901735,77.660482",
"11-Sep-2026 11:15:42","11.16","4.1","13.98","On","12.902399,77.660744",
"11-Sep-2026 11:15:51","16.46","4.11","14","On","12.902615,77.660915",
"11-Sep-2026 11:16:21","14.42","4.11","14","On","12.903476,77.661796",
"11-Sep-2026 11:16:37","32.75","4.11","14","On","12.904351,77.662213",
"11-Sep-2026 11:16:51","29.16","4.11","14","On","12.905,77.662514",
"11-Sep-2026 11:16:52","29.16","4.11","14","On","12.905,77.662514",
"11-Sep-2026 11:17:17","28.69","4.11","14","On","12.907208,77.663584",
"11-Sep-2026 11:17:21","28.69","4.11","13.95","On","12.907208,77.663584",
"11-Sep-2026 11:17:51","12.6","4.11","13.98","On","12.909113,77.663788",
"11-Sep-2026 11:17:57","17.11","4.11","13.98","On","12.909473,77.663776",
"11-Sep-2026 11:18:02","22.96","4.11","13.98","On","12.909588,77.663625",
"11-Sep-2026 11:18:17","13.15","4.11","13.98","On","12.909952,77.662977",
"11-Sep-2026 11:18:21","13.15","4.11","14","On","12.909952,77.662977",
"11-Sep-2026 11:18:22","17.85","4.11","14","On","12.910108,77.663027",
"11-Sep-2026 11:18:51","13.76","4.11","14","On","12.911133,77.664051",
"11-Sep-2026 11:19:21","13.31","4.11","14","On","12.912149,77.665093",
"11-Sep-2026 11:19:51","0.17","4.11","13.95","On","12.912561,77.66552",
"11-Sep-2026 11:20:21","0.49","4.11","13.95","On","12.912683,77.665613",
"11-Sep-2026 11:20:51","0.47","4.11","13.98","On","12.912686,77.665621",
"11-Sep-2026 11:21:21","0.93","4.11","14","On","12.912708,77.665639",
"11-Sep-2026 11:21:32","5.41","4.11","14","On","12.912766,77.665713",
"11-Sep-2026 11:21:51","4.43","4.11","13.98","On","12.912957,77.665933",
"11-Sep-2026 11:22:21","6.02","4.1","14","On","12.913173,77.666179",
"11-Sep-2026 11:22:32","10.36","4.1","14","On","12.913343,77.666322",
"11-Sep-2026 11:22:51","16.52","4.11","14","On","12.914186,77.666756",
"11-Sep-2026 11:23:21","7.46","4.11","14","On","12.915113,77.667192",
"11-Sep-2026 11:23:22","1.28","4.11","14","On","12.915146,77.667208",
"11-Sep-2026 11:23:51","13.15","4.11","14","On","12.915528,77.667372",
"11-Sep-2026 11:24:21","26.13","4.11","14","On","12.916429,77.667776",
"11-Sep-2026 11:24:51","11.14","4.11","13.98","On","12.91734,77.668174",
"11-Sep-2026 11:25:21","0.53","4.11","13.95","On","12.917647,77.668283",
"11-Sep-2026 11:25:51","0.24","4.11","13.98","On","12.917793,77.668344",
"11-Sep-2026 11:26:21","5.09","4.11","13.98","On","12.917846,77.668373",
"11-Sep-2026 11:26:51","0.32","4.1","13.95","On","12.917919,77.668382",
"11-Sep-2026 11:27:21","5.22","4.1","13.98","On","12.918207,77.668501",
"11-Sep-2026 11:27:51","12.39","4.11","13.95","On","12.91861,77.668667",
"11-Sep-2026 11:28:02","17.88","4.11","13.95","On","12.918855,77.668659",
"11-Sep-2026 11:28:21","19.09","4.11","13.95","On","12.919223,77.667986",
"11-Sep-2026 11:28:51","10.75","4.11","13.93","On","12.919724,77.667039",
"11-Sep-2026 11:29:21","1.58","4.11","13.95","On","12.920146,77.666015",
"11-Sep-2026 11:29:22","2.16","4.11","13.95","On","12.920153,77.666003",
"11-Sep-2026 11:29:51","0.35","4.11","13.93","On","12.920171,77.665892",
"11-Sep-2026 11:30:21","0.14","4.11","13.93","On","12.920178,77.665804",
"11-Sep-2026 11:30:51","0.65","4.11","13.93","On","12.920196,77.665769",
"11-Sep-2026 11:31:21","0.08","4.11","13.93","On","12.9202,77.665759",
"11-Sep-2026 11:31:51","8.29","4.11","13.93","On","12.920287,77.665537",
"11-Sep-2026 11:32:07","13.05","4.11","13.93","On","12.920462,77.66527",
"11-Sep-2026 11:32:12","2.4","4.11","13.93","On","12.920525,77.665276",
"11-Sep-2026 11:32:21","6.88","4.11","13.93","On","12.920621,77.665292",
"11-Sep-2026 11:32:51","13.01","4.11","13.95","On","12.921009,77.665705",
"11-Sep-2026 11:32:52","13.01","4.11","13.95","On","12.921009,77.665705",
"11-Sep-2026 11:33:21","35.92","4.11","13.95","On","12.921692,77.666992",
"11-Sep-2026 11:33:32","12.42","4.11","13.95","On","12.922106,77.667805",
"11-Sep-2026 11:33:47","18.74","4.11","13.95","On","12.923069,77.667995",
"11-Sep-2026 11:33:51","9.67","4.11","13.95","On","12.923082,77.667847",
"11-Sep-2026 11:33:52","9.67","4.11","13.95","On","12.923082,77.667847",
"11-Sep-2026 11:34:07","19.27","4.11","13.95","On","12.923434,77.667374",
"11-Sep-2026 11:34:21","25.17","4.11","13.98","On","12.923981,77.667158",
"11-Sep-2026 11:34:32","7.29","4.11","13.98","On","12.924635,77.667016",
"11-Sep-2026 11:34:51","0.81","4.11","13.95","On","12.924693,77.667037",
"11-Sep-2026 11:35:21","0.32","4.11","13.95","On","12.924692,77.667052",
"11-Sep-2026 11:35:51","0.31","4.11","13.98","On","12.924679,77.667052",
"11-Sep-2026 11:36:21","0.7","4.11","13.98","On","12.924701,77.667051",
"11-Sep-2026 11:36:51","8.2","4.11","13.98","On","12.924782,77.667149",
"11-Sep-2026 11:37:21","0.35","4.11","13.98","On","12.924749,77.667478",
"11-Sep-2026 11:37:51","0.2","4.11","13.98","On","12.924717,77.667485",
"11-Sep-2026 11:38:21","0.33","4.11","14.03","On","12.924694,77.667497",
"11-Sep-2026 11:38:51","0.8","4.11","14.03","On","12.92465,77.667507",
"11-Sep-2026 11:39:21","1.61","4.1","13.98","On","12.924649,77.667495",
"11-Sep-2026 11:39:51","0.63","4.11","14.03","On","12.92466,77.667523",
"11-Sep-2026 11:40:21","0.78","4.11","14.03","On","12.924656,77.667559",
"11-Sep-2026 11:40:51","0.71","4.11","14.03","On","12.92466,77.667577",
"11-Sep-2026 11:41:21","1.37","4.11","14.05","On","12.924653,77.667577",
"11-Sep-2026 11:41:51","7.89","4.11","13.98","On","12.924674,77.6674",
"11-Sep-2026 11:42:21","0.48","4.11","13.93","On","12.92471,77.667157",
"11-Sep-2026 11:42:37","18.34","4.11","13.93","On","12.924407,77.667153",
"11-Sep-2026 11:42:51","27.67","4.11","14","On","12.923896,77.667226",
"11-Sep-2026 11:43:07","13.92","4.11","14","On","12.9231,77.667512",
"11-Sep-2026 11:43:17","18.3","4.11","14","On","12.923006,77.668061",
"11-Sep-2026 11:43:21","17.51","4.11","14","On","12.922839,77.668075",
"11-Sep-2026 11:43:22","17.51","4.11","14","On","12.922839,77.668075",
"11-Sep-2026 11:43:42","7.72","4.11","14","On","12.922183,77.667883",
"11-Sep-2026 11:43:51","12.95","4.11","14","On","12.922144,77.667992",
"11-Sep-2026 11:43:52","29.39","4.11","14","On","12.922259,77.668196",
"11-Sep-2026 11:44:12","13.45","4.11","14","On","12.922898,77.669497",
"11-Sep-2026 11:44:17","17.46","4.11","14","On","12.923052,77.669525",
"11-Sep-2026 11:44:21","18.82","4.11","14.03","On","12.923261,77.669548",
"11-Sep-2026 11:44:42","24.26","4.11","14.03","On","12.924508,77.669598",
"11-Sep-2026 11:44:47","6.95","4.11","14.03","On","12.924672,77.669574",
"11-Sep-2026 11:44:51","0.94","4.1","13.95","On","12.924701,77.669567",
"11-Sep-2026 11:45:21","0.75","4.11","14.07","On","12.924744,77.669519",
"11-Sep-2026 11:45:51","0.82","4.11","14.03","On","12.924739,77.669516",
"11-Sep-2026 11:46:21","0.09","4.11","14","On","12.924744,77.669504",
"11-Sep-2026 11:46:51","0.18","4.11","13.98","On","12.924765,77.669522",
"11-Sep-2026 11:47:21","0.1","4.11","14","On","12.924787,77.669507",
"11-Sep-2026 11:47:51","0.16","4.11","14.03","On","12.924795,77.669499",
"11-Sep-2026 11:48:21","0.43","4.11","14.03","On","12.924807,77.669481",
"11-Sep-2026 11:48:51","0.16","4.11","14","On","12.924832,77.669477",
"11-Sep-2026 11:49:21","0.12","4.11","14","On","12.924864,77.669451",
"11-Sep-2026 11:49:51","0.75","4.11","14","On","12.924884,77.669444",
"11-Sep-2026 11:50:21","0.39","4.1","14","On","12.924877,77.669441",
"11-Sep-2026 11:50:51","0.39","4.11","14.03","On","12.924881,77.669442",
"11-Sep-2026 11:51:21","0.77","4.11","14.03","On","12.924888,77.66946",
"11-Sep-2026 11:51:51","0.46","4.11","14.03","On","12.924886,77.669473",
"11-Sep-2026 11:52:21","0.38","4.11","14","On","12.924898,77.669479",
"11-Sep-2026 11:52:51","19.17","4.11","14","On","12.925658,77.669649",
"11-Sep-2026 11:53:02","18.55","4.11","14","On","12.926161,77.669673",
"11-Sep-2026 11:53:12","11.02","4.11","14","On","12.926526,77.669678",
"11-Sep-2026 11:53:17","15.79","4.11","14","On","12.926642,77.669685",
"11-Sep-2026 11:53:21","23.47","4.11","14","On","12.926861,77.669691",
"11-Sep-2026 11:53:27","14.76","4.11","14","On","12.927048,77.669689",
"11-Sep-2026 11:53:32","10","4.11","14","On","12.927308,77.669681",
"11-Sep-2026 11:53:37","13.42","4.11","14","On","12.927337,77.669597",
"11-Sep-2026 11:53:47","13.3","4.11","14","On","12.927286,77.669385",
"11-Sep-2026 11:53:51","17.23","4.11","13.93","On","12.927404,77.669341",
"11-Sep-2026 11:53:52","16.39","4.11","13.93","On","12.927549,77.669344",
"11-Sep-2026 11:54:21","12.38","4.11","13.98","On","12.928901,77.669408",
"11-Sep-2026 11:54:37","6.46","4.11","13.98","On","12.929008,77.669378",
"11-Sep-2026 11:54:51","0.28","4.11","13.98","On","12.929095,77.669309",
"11-Sep-2026 11:55:21","0.69","4.11","14","On","12.929085,77.669308",
"11-Sep-2026 11:55:51","0.53","4.1","14","On","12.929093,77.669298",
"11-Sep-2026 11:56:21","0.54","4.11","14","On","12.929083,77.669301",
"11-Sep-2026 11:56:51","0.16","4.11","14","On","12.929105,77.669324",
"11-Sep-2026 11:57:21","1.26","4.11","14","On","12.929099,77.669309",
"11-Sep-2026 11:57:51","1.13","4.11","14","On","12.929082,77.669288",
"11-Sep-2026 11:58:21","0.74","4.11","14","On","12.929065,77.669286",
"11-Sep-2026 11:58:51","0.08","4.11","14","On","12.929084,77.669278",
"11-Sep-2026 11:59:21","0.33","4.11","14.05","On","12.929096,77.669285",
"11-Sep-2026 11:59:51","0.12","4.11","14","On","12.929096,77.669305",
"11-Sep-2026 12:00:21","0.29","4.11","14.03","On","12.929095,77.669306",
"11-Sep-2026 12:00:51","0.62","4.11","14.03","On","12.929101,77.669301",
"11-Sep-2026 12:01:21","0.3","4.11","14","On","12.929114,77.669309",
"11-Sep-2026 12:01:47","14.03","4.11","14","On","12.929012,77.669504",
"11-Sep-2026 12:01:51","17.39","4.11","14","On","12.928991,77.669686",
"11-Sep-2026 12:01:57","5.05","4.11","14","On","12.928983,77.669841",
"11-Sep-2026 12:02:21","33.59","4.11","14.03","On","12.92894,77.670417",
"11-Sep-2026 12:02:47","10.04","4.11","14.03","On","12.928717,77.671963",
"11-Sep-2026 12:02:51","17.4","4.11","13.95","On","12.928572,77.671953",
"11-Sep-2026 12:03:17","4.24","4.11","13.95","On","12.927444,77.671704",
"11-Sep-2026 12:03:21","14.07","4.11","14","On","12.927435,77.6718",
"11-Sep-2026 12:03:27","11.71","4.11","14","On","12.927369,77.672028",
"11-Sep-2026 12:03:32","12.89","4.11","14","On","12.927263,77.672012",
"11-Sep-2026 12:03:51","14.27","4.11","13.98","On","12.926028,77.671646",
"11-Sep-2026 12:04:02","8.87","4.11","13.98","On","12.925365,77.67141",
"11-Sep-2026 12:04:21","18.75","4.1","13.98","On","12.924951,77.671686",
"11-Sep-2026 12:04:32","19.01","4.1","13.98","On","12.924658,77.671876",
"11-Sep-2026 12:04:42","5.44","4.1","13.98","On","12.923976,77.671793",
"11-Sep-2026 12:04:47","17.89","4.1","13.98","On","12.92399,77.671902",
"11-Sep-2026 12:04:51","30.99","4.11","13.98","On","12.924098,77.672145",
"11-Sep-2026 12:05:21","23.75","4.11","14.03","On","12.924928,77.674009",
"11-Sep-2026 12:05:51","15.98","4.11","13.95","On","12.925945,77.675979",
"11-Sep-2026 12:06:21","24.79","4.11","14","On","12.926517,77.677144",
"11-Sep-2026 12:06:51","36.28","4.11","14","On","12.927435,77.679169",
"11-Sep-2026 12:07:21","17.4","4.11","13.95","On","12.928258,77.680941",
"11-Sep-2026 12:07:51","16.32","4.11","14","On","12.928971,77.682515",
"11-Sep-2026 12:08:21","9.8","4.11","14","On","12.929259,77.68308",
"11-Sep-2026 12:08:51","2.67","4.11","13.98","On","12.929472,77.683474",
"11-Sep-2026 12:09:21","9.53","4.11","13.98","On","12.929669,77.683856",
"11-Sep-2026 12:09:51","15.14","4.1","14","On","12.93003,77.684558",
"11-Sep-2026 12:10:21","14.87","4.11","13.98","On","12.930884,77.685714",
"11-Sep-2026 12:10:51","12.76","4.11","13.93","On","12.931546,77.686391",
"11-Sep-2026 12:10:52","12.76","4.11","13.93","On","12.931546,77.686391",
"11-Sep-2026 12:10:57","10.44","4.11","13.93","On","12.931629,77.686361",
"11-Sep-2026 12:11:02","13.1","4.11","13.93","On","12.931651,77.686243",
"11-Sep-2026 12:11:21","23.86","4.11","14","On","12.931789,77.68536",
"11-Sep-2026 12:11:37","4.18","4.11","14","On","12.931818,77.684813",
"11-Sep-2026 12:11:47","22.8","4.11","14","On","12.932099,77.684675",
"11-Sep-2026 12:11:51","22.8","4.11","13.95","On","12.932099,77.684675",
"11-Sep-2026 12:11:52","26.47","4.11","13.95","On","12.932306,77.684679",
"11-Sep-2026 12:12:07","3.63","4.11","13.95","On","12.93279,77.684672",
"11-Sep-2026 12:12:21","1.39","4.11","13.95","On","12.932802,77.68465",
"11-Sep-2026 12:12:51","0.63","4.11","13.98","On","12.932804,77.684629",
"11-Sep-2026 12:13:21","1.21","4.11","14","On","12.932826,77.684625",
"11-Sep-2026 12:13:51","0.36","4.11","14","On","12.932791,77.68461",
"11-Sep-2026 12:14:21","0.87","4.11","14.03","On","12.932788,77.684584",
"11-Sep-2026 12:14:51","0.22","4.11","14","On","12.932812,77.68459",
"11-Sep-2026 12:15:21","0.51","4.11","14.03","On","12.932824,77.684583",
"11-Sep-2026 12:15:51","0.79","4.11","13.98","On","12.932822,77.684597",
"11-Sep-2026 12:16:17","11.42","4.11","13.98","On","12.932675,77.684685",
"11-Sep-2026 12:16:21","9.32","4.11","14","On","12.932577,77.68469",
"11-Sep-2026 12:16:42","8.5","4.11","14","On","12.93189,77.684753",
"11-Sep-2026 12:16:51","19.83","4.11","13.98","On","12.931849,77.684901",
"11-Sep-2026 12:16:52","23.6","4.11","13.98","On","12.931854,77.685144",
"11-Sep-2026 12:17:12","7.88","4.11","13.98","On","12.931809,77.6857",
"11-Sep-2026 12:17:21","17.21","4.1","13.95","On","12.931738,77.686004",
"11-Sep-2026 12:17:51","9.1","4.1","13.98","On","12.931564,77.686573",
"11-Sep-2026 12:17:52","29.02","4.1","13.98","On","12.931692,77.686724",
"11-Sep-2026 12:18:21","34.36","4.11","14.03","On","12.933223,77.688438",
"11-Sep-2026 12:18:51","27.85","4.1","13.98","On","12.934573,77.689915",
"11-Sep-2026 12:19:21","36.91","4.11","14","On","12.935678,77.691139",
"11-Sep-2026 12:19:51","27.21","4.11","13.98","On","12.937413,77.692971",
"11-Sep-2026 12:20:21","24.14","4.11","14","On","12.938887,77.69454",
"11-Sep-2026 12:20:37","7.03","4.11","14","On","12.939369,77.695071",
"11-Sep-2026 12:20:51","9.84","4.11","13.95","On","12.93936,77.695403",
"11-Sep-2026 12:21:02","14.12","4.11","13.95","On","12.939299,77.695592",
"11-Sep-2026 12:21:21","4.23","4.11","13.98","On","12.93902,77.696329",
"11-Sep-2026 12:21:51","0.36","4.11","13.95","On","12.938942,77.696563",
"11-Sep-2026 12:22:21","18.09","4.11","14","On","12.938627,77.697266",
"11-Sep-2026 12:22:51","0.3","4.11","13.98","On","12.938476,77.697606",
"11-Sep-2026 12:23:21","0.27","4.11","14","On","12.938477,77.697596",
"11-Sep-2026 12:23:51","0.05","4.11","13.98","On","12.93847,77.697603",
"11-Sep-2026 12:24:21","0.03","4.11","13.95","On","12.938482,77.697615",
"11-Sep-2026 12:24:37","18.09","4.11","13.95","On","12.938191,77.697826",
"11-Sep-2026 12:24:51","18.63","4.11","13.98","On","12.937636,77.697665",
"11-Sep-2026 12:25:21","0.46","4.11","13.93","On","12.936917,77.697541",
"11-Sep-2026 12:25:51","4.99","4.11","14","On","12.936842,77.697519",
"11-Sep-2026 12:26:21","26.35","4.11","14.03","On","12.935602,77.69721",
"11-Sep-2026 12:26:51","37.08","4.11","13.98","On","12.933212,77.696653",
"11-Sep-2026 12:27:07","24.88","4.11","13.98","On","12.932069,77.696315",
"11-Sep-2026 12:27:21","22.3","4.11","13.98","On","12.931795,77.695626",
"11-Sep-2026 12:27:32","17.21","4.11","13.98","On","12.931375,77.695172",
"11-Sep-2026 12:27:42","31.36","4.11","13.98","On","12.930617,77.694952",
"11-Sep-2026 12:27:51","25.34","4.11","14","On","12.93001,77.694868",
"11-Sep-2026 12:28:21","19.04","4.11","14.03","On","12.928418,77.694773",
"11-Sep-2026 12:28:22","14.28","4.11","14.03","On","12.928233,77.694789",
"11-Sep-2026 12:28:27","6.99","4.11","14.03","On","12.928177,77.694868",
"11-Sep-2026 12:28:51","0.32","4.11","13.98","On","12.928129,77.695008",
"11-Sep-2026 12:29:21","0.48","4.11","14","On","12.928111,77.695031",
"11-Sep-2026 12:29:51","4.47","4.11","14.03","On","12.9281,77.695085",
"11-Sep-2026 12:30:21","0.17","4.11","14","On","12.928117,77.695116",
"11-Sep-2026 12:30:51","0.68","4.11","14","On","12.928083,77.695122",
"11-Sep-2026 12:31:21","0.12","4.11","13.98","On","12.928089,77.69512",
"11-Sep-2026 12:31:51","0.69","4.11","14","On","12.928111,77.695152",
"11-Sep-2026 12:32:21","0.7","4.11","14.03","On","12.928102,77.695142",
"11-Sep-2026 12:32:51","0.4","4.11","14.03","On","12.928143,77.695141",
"11-Sep-2026 12:33:21","0.79","4.11","14.03","On","12.928175,77.695131",
"11-Sep-2026 12:33:51","0.53","4.11","14.03","On","12.928158,77.695129",
"11-Sep-2026 12:34:21","0.67","4.11","14","On","12.928165,77.695121",
"11-Sep-2026 12:34:27","11.85","4.11","14","On","12.928176,77.694999",
"11-Sep-2026 12:34:32","4.98","4.11","14","On","12.928168,77.69486",
"11-Sep-2026 12:34:47","28.77","4.11","14","On","12.927726,77.694771",
"11-Sep-2026 12:34:51","21.57","4.1","13.98","On","12.927462,77.694782",
"11-Sep-2026 12:35:21","5.77","4.11","14","On","12.92655,77.694834",
"11-Sep-2026 12:35:51","12.53","4.1","13.98","On","12.925626,77.694822",
"11-Sep-2026 12:36:21","20.49","4.11","14","On","12.923877,77.695109",
"11-Sep-2026 12:36:51","4.78","4.11","14","On","12.922145,77.695372",
"11-Sep-2026 12:37:07","24.62","4.11","14","On","12.921246,77.695557",
"11-Sep-2026 12:37:21","11.04","4.11","13.95","On","12.920827,77.695832",
"11-Sep-2026 12:37:32","4.57","4.11","13.95","On","12.920602,77.695992",
"11-Sep-2026 12:37:51","2.81","4.11","14.03","On","12.920554,77.695982",
"11-Sep-2026 12:38:21","0.49","4.11","13.98","On","12.920524,77.695917",
"11-Sep-2026 12:38:51","0.58","4.1","14.05","On","12.920449,77.695977",
"11-Sep-2026 12:39:21","0.59","4.1","14.05","On","12.920435,77.695964",
"11-Sep-2026 12:39:51","13.12","4.1","14.03","On","12.92023,77.696108",
"11-Sep-2026 12:39:57","16.83","4.1","14.03","On","12.920086,77.696211",
"11-Sep-2026 12:40:02","4.51","4.1","14.03","On","12.91997,77.696214",
"11-Sep-2026 12:40:21","8.43","4.11","14.05","On","12.919595,77.696039",
"11-Sep-2026 12:40:51","0.65","4.1","14.07","On","12.919592,77.695881",
"11-Sep-2026 12:41:21","0.52","4.11","14.07","On","12.919588,77.695846",
"11-Sep-2026 12:41:51","0.77","4.11","14.1","On","12.919631,77.695825",
"11-Sep-2026 12:42:21","1.06","4.11","14.1","On","12.919644,77.695814",
"11-Sep-2026 12:42:51","0.46","4.11","14.1","On","12.91964,77.695814",
"11-Sep-2026 12:43:21","1.3","4.11","14.07","On","12.919591,77.695815",
"11-Sep-2026 12:43:51","1.25","4.11","14.03","On","12.919569,77.69581",
"11-Sep-2026 12:44:13","16.6","4.11","14.03","On","12.919743,77.695478",
"11-Sep-2026 12:44:21","15.33","4.11","14","On","12.91972,77.694965",
"11-Sep-2026 12:44:28","15.28","4.11","14","On","12.91972,77.694794",
"11-Sep-2026 12:44:33","24.68","4.11","14","On","12.919906,77.69478",
"11-Sep-2026 12:44:43","3.63","4.11","14","On","12.920229,77.694786",
"11-Sep-2026 12:44:48","15.85","4.11","14","On","12.920309,77.694797",
"11-Sep-2026 12:44:51","22.37","4.11","13.98","On","12.920516,77.694841",
"11-Sep-2026 12:45:03","15.59","4.11","13.98","On","12.920858,77.69493",
"11-Sep-2026 12:45:08","3.33","4.11","13.98","On","12.920838,77.695029",
"11-Sep-2026 12:45:13","17.09","4.11","13.98","On","12.920823,77.695242",
"11-Sep-2026 12:45:21","5.55","4.11","13.98","On","12.92085,77.695397",
"11-Sep-2026 12:45:28","2.7","4.11","13.98","On","12.920851,77.695452",
"11-Sep-2026 12:45:33","16.61","4.11","13.98","On","12.92068,77.695649",
"11-Sep-2026 12:45:38","8.7","4.11","13.98","On","12.920628,77.69576",
"11-Sep-2026 12:45:51","1.08","4.11","14","On","12.920683,77.695825",
"11-Sep-2026 12:46:08","24.16","4.11","14","On","12.920872,77.695822",
"11-Sep-2026 12:46:13","16.66","4.11","14","On","12.92141,77.695498",
"11-Sep-2026 12:46:21","23.76","4.11","13.95","On","12.921735,77.695428",
"11-Sep-2026 12:46:28","12.4","4.11","13.95","On","12.921913,77.695395",
"11-Sep-2026 12:46:33","7.18","4.11","13.95","On","12.921935,77.695115",
"11-Sep-2026 12:46:51","0.63","4.11","13.98","On","12.921936,77.69508",
"11-Sep-2026 12:47:21","10.06","4.11","14","On","12.921832,77.694764",
"11-Sep-2026 12:47:23","10.06","4.11","14","On","12.921832,77.694764",
"11-Sep-2026 12:47:51","11.77","4.11","14.03","On","12.920742,77.694688",
"11-Sep-2026 12:48:21","17.07","4.11","14.05","On","12.919572,77.694608",
"11-Sep-2026 12:48:23","17.07","4.11","14.05","On","12.919572,77.694608",
"11-Sep-2026 12:48:28","12.1","4.11","14.05","On","12.919514,77.694493",
"11-Sep-2026 12:48:33","15.06","4.11","14.05","On","12.919269,77.694449",
"11-Sep-2026 12:48:51","18.42","4.11","14.03","On","12.918555,77.694407",
"11-Sep-2026 12:49:08","16.24","4.11","14.03","On","12.917745,77.69435",
"11-Sep-2026 12:49:13","17.8","4.11","14.03","On","12.917727,77.693949",
"11-Sep-2026 12:49:21","9.41","4.1","13.95","On","12.917739,77.693583",
"11-Sep-2026 12:49:48","12.39","4.1","13.95","On","12.917663,77.692802",
"11-Sep-2026 12:49:51","17.66","4.11","13.98","On","12.917522,77.69281",
"11-Sep-2026 12:50:21","0.11","4.11","13.98","On","12.917374,77.692789",
"11-Sep-2026 12:50:51","0.13","4.11","14","On","12.917378,77.692773",
"11-Sep-2026 12:51:21","0.34","4.11","14","On","12.917371,77.692775",
"11-Sep-2026 12:51:51","0.3","4.11","14","On","12.917366,77.692774",
"11-Sep-2026 12:52:21","0.02","4.11","14","On","12.917354,77.692783",
"11-Sep-2026 12:52:51","0.3","4.11","14","On","12.917358,77.692779",
"11-Sep-2026 12:52:58","2.1","4.11","14","On","12.917357,77.692773",
"11-Sep-2026 12:53:18","12.14","4.11","14","On","12.91739,77.692739",
"11-Sep-2026 12:53:21","18.59","4.11","14.03","On","12.917554,77.692746",
"11-Sep-2026 12:53:28","8.78","4.11","14.03","On","12.917706,77.692768",
"11-Sep-2026 12:53:33","11.15","4.11","14.03","On","12.917743,77.69295",
"11-Sep-2026 12:53:51","20.21","4.11","14.05","On","12.917714,77.693685",
"11-Sep-2026 12:54:03","16.27","4.11","14.05","On","12.917702,77.694309",
"11-Sep-2026 12:54:08","16.52","4.11","14.05","On","12.917844,77.694376",
"11-Sep-2026 12:54:13","21.76","4.11","14.05","On","12.91803,77.694384",
"11-Sep-2026 12:54:18","21.64","4.11","14.05","On","12.918518,77.694402",
"11-Sep-2026 12:54:21","22.57","4.11","14.03","On","12.918733,77.694416",
"11-Sep-2026 12:54:38","13.34","4.11","14.03","On","12.919524,77.694486",
"11-Sep-2026 12:54:48","16.73","4.11","14.03","On","12.919721,77.694637",
"11-Sep-2026 12:54:51","14.89","4.11","14","On","12.919897,77.694636",
"11-Sep-2026 12:54:53","14.89","4.11","14","On","12.919897,77.694636",
"11-Sep-2026 12:55:08","19.25","4.11","14","On","12.920564,77.694667",
"11-Sep-2026 12:55:13","6.99","4.11","14","On","12.92069,77.694675",
"11-Sep-2026 12:55:21","19.98","4.11","13.98","On","12.921139,77.694694",
"11-Sep-2026 12:55:43","10.53","4.11","13.98","On","12.921898,77.694645",
"11-Sep-2026 12:55:51","20.09","4.11","14.03","On","12.921909,77.694294",
"11-Sep-2026 12:56:21","15.47","4.11","14","On","12.921984,77.692591",
"11-Sep-2026 12:56:51","14.97","4.11","14.03","On","12.92204,77.69115",
"11-Sep-2026 12:57:21","29.61","4.11","13.98","On","12.922113,77.68905",
"11-Sep-2026 12:57:43","16.98","4.11","13.98","On","12.922034,77.688012",
"11-Sep-2026 12:57:51","37.83","4.11","14","On","12.921493,77.687949",
"11-Sep-2026 12:58:13","13.57","4.11","14","On","12.920153,77.687793",
"11-Sep-2026 12:58:18","19.87","4.11","14","On","12.920065,77.688249",
"11-Sep-2026 12:58:21","19.87","4.11","14.03","On","12.920065,77.688249",
"11-Sep-2026 12:58:33","17.76","4.11","14.03","On","12.919916,77.688801",
"11-Sep-2026 12:58:38","6.49","4.11","14.03","On","12.919756,77.68907",
"11-Sep-2026 12:58:51","18.72","4.11","14","On","12.919728,77.689368",
"11-Sep-2026 12:59:21","26.9","4.11","13.98","On","12.919626,77.691064",
"11-Sep-2026 12:59:51","0.16","4.11","13.95","On","12.919547,77.692064",
"11-Sep-2026 13:00:21","0.03","4.11","13.98","On","12.919554,77.692054",
"11-Sep-2026 13:00:51","0.12","4.11","13.95","On","12.919547,77.692068",
"11-Sep-2026 13:01:21","0.3","4.11","14","On","12.919551,77.692076",
"11-Sep-2026 13:01:51","0.66","4.11","13.98","On","12.919554,77.692064",
"11-Sep-2026 13:02:21","0.31","4.11","13.98","On","12.919547,77.692063",
"11-Sep-2026 13:02:51","1.98","4.11","13.98","On","12.919513,77.692052",
"11-Sep-2026 13:03:13","12.51","4.11","13.98","On","12.919334,77.692047",
"11-Sep-2026 13:03:18","4.26","4.11","13.98","On","12.919184,77.692008",
"11-Sep-2026 13:03:21","4.26","4.11","14","On","12.919184,77.692008",
"11-Sep-2026 13:03:51","9.17","4.1","14.05","On","12.919171,77.691357",
"11-Sep-2026 13:04:03","11.6","4.1","14.05","On","12.91917,77.691069",
"11-Sep-2026 13:04:21","9.78","4.11","14","On","12.91918,77.690677",
"11-Sep-2026 13:04:51","9.16","4.11","14.05","On","12.919155,77.68974",
"11-Sep-2026 13:05:03","8.35","4.11","14.05","On","12.919156,77.689553",
"11-Sep-2026 13:05:21","0.78","4.11","14","On","12.918906,77.689598",
"11-Sep-2026 13:05:51","0.38","4.11","14.05","On","12.918901,77.689592",
"11-Sep-2026 13:06:21","0.31","4.11","14.05","On","12.9189,77.689563",
"11-Sep-2026 13:06:51","0.52","4.11","14.05","On","12.918903,77.689566",
"11-Sep-2026 13:07:21","0.46","4.11","14.07","On","12.918897,77.689556",
"11-Sep-2026 13:07:51","0.36","4.11","14.05","On","12.918891,77.689553",
"11-Sep-2026 13:08:21","0.87","4.11","14.05","On","12.918889,77.689566",
"11-Sep-2026 13:08:51","0.41","4.11","14.07","On","12.918877,77.689566",
"11-Sep-2026 13:09:21","0.34","4.11","14.05","On","12.918864,77.689566",
"11-Sep-2026 13:09:51","0.42","4.11","14.07","On","12.918843,77.689575",
"11-Sep-2026 13:10:21","0.44","4.11","14.05","On","12.918843,77.689544",
"11-Sep-2026 13:10:51","10.14","4.11","13.98","On","12.918483,77.68976",
"11-Sep-2026 13:10:53","10.14","4.11","13.98","On","12.918483,77.68976",
"11-Sep-2026 13:11:03","10.48","4.11","13.98","On","12.918437,77.68995",
"11-Sep-2026 13:11:08","10.38","4.11","13.98","On","12.918182,77.689961",
"11-Sep-2026 13:11:21","11.64","4.11","13.95","On","12.917869,77.689926",
"11-Sep-2026 13:11:43","9.17","4.11","13.95","On","12.917498,77.689853",
"11-Sep-2026 13:11:51","5.27","4.11","13.98","On","12.917461,77.6895",
"11-Sep-2026 13:12:21","0.21","4.11","13.98","On","12.91758,77.689461",
"11-Sep-2026 13:12:51","0.25","4.11","14.03","On","12.917578,77.689479",
"11-Sep-2026 13:13:21","0.47","4.11","14","On","12.917578,77.68947",
"11-Sep-2026 13:13:51","0.58","4.11","13.98","On","12.917572,77.689466",
"11-Sep-2026 13:14:21","0.4","4.11","14","On","12.917576,77.689481",
"11-Sep-2026 13:14:51","0.21","4.11","14.03","On","12.917573,77.689502",
"11-Sep-2026 13:15:21","0.33","4.11","14.05","On","12.917565,77.689494",
"11-Sep-2026 13:15:51","0.39","4.11","14.07","On","12.917549,77.689483",
"11-Sep-2026 13:16:21","0.95","4.11","14.1","On","12.917551,77.689504",
"11-Sep-2026 13:16:51","1.18","4.11","14.03","On","12.917537,77.68948",
"11-Sep-2026 13:17:13","11.09","4.11","14.03","On","12.917442,77.689528",
"11-Sep-2026 13:17:21","9.08","4.1","14.03","On","12.917412,77.689764",
"11-Sep-2026 13:17:33","6.83","4.1","14.03","On","12.917438,77.689937",
"11-Sep-2026 13:17:43","12.45","4.1","14.03","On","12.917632,77.690065",
"11-Sep-2026 13:17:51","13.65","4.11","14.05","On","12.917604,77.690374",
"11-Sep-2026 13:18:21","11.64","4.11","14.03","On","12.917575,77.691408",
"11-Sep-2026 13:18:38","9.55","4.11","14.03","On","12.917594,77.691867",
"11-Sep-2026 13:18:43","10.69","4.11","14.03","On","12.917639,77.691921",
"11-Sep-2026 13:18:48","9.55","4.11","14.03","On","12.917743,77.691916",
"11-Sep-2026 13:18:51","9.91","4.11","14.03","On","12.917844,77.691926",
"11-Sep-2026 13:18:58","12.51","4.11","14.03","On","12.918052,77.691936",
"11-Sep-2026 13:19:08","16.48","4.11","14.03","On","12.91839,77.691937",
"11-Sep-2026 13:19:13","15.2","4.11","14.03","On","12.918551,77.691946",
"11-Sep-2026 13:19:18","11.86","4.11","14.03","On","12.918821,77.691955",
"11-Sep-2026 13:19:21","11.86","4.11","14.03","On","12.918821,77.691955",
"11-Sep-2026 13:19:28","12.16","4.11","14.03","On","12.919047,77.691954",
"11-Sep-2026 13:19:43","9.93","4.11","14.03","On","12.919579,77.692039",
"11-Sep-2026 13:19:48","25.79","4.11","14.03","On","12.919625,77.691907",
"11-Sep-2026 13:19:51","30.47","4.11","14","On","12.919633,77.691589",
"11-Sep-2026 13:20:21","32.99","4.11","13.98","On","12.919659,77.690356",
"11-Sep-2026 13:20:48","13.61","4.11","13.98","On","12.919701,77.689075",
"11-Sep-2026 13:20:51","11.77","4.11","13.98","On","12.919759,77.688979",
"11-Sep-2026 13:21:03","16.53","4.11","13.98","On","12.920013,77.688516",
"11-Sep-2026 13:21:21","41.23","4.1","13.98","On","12.920014,77.687283",
"11-Sep-2026 13:21:51","13.35","4.11","13.98","On","12.920074,77.685586",
"11-Sep-2026 13:21:53","13.35","4.11","13.98","On","12.920074,77.685586",
"11-Sep-2026 13:21:58","19.77","4.11","13.98","On","12.919938,77.68552",
"11-Sep-2026 13:22:08","0.26","4.11","13.98","On","12.919602,77.685495",
"11-Sep-2026 13:22:18","24.73","4.11","13.98","On","12.919786,77.685469",
"11-Sep-2026 13:22:21","14.92","4.11","13.98","On","12.920005,77.685475",
"11-Sep-2026 13:22:51","20.99","4.11","13.95","On","12.921837,77.685573",
"11-Sep-2026 13:22:53","20.99","4.11","13.95","On","12.921837,77.685573",
"11-Sep-2026 13:22:58","11.54","4.11","13.95","On","12.922017,77.685575",
"11-Sep-2026 13:23:03","3.79","4.11","13.95","On","12.922144,77.685579",
"11-Sep-2026 13:23:18","24.57","4.11","13.95","On","12.922447,77.685604",
"11-Sep-2026 13:23:21","35.54","4.1","13.98","On","12.922738,77.685706",
"11-Sep-2026 13:23:33","44.69","4.1","13.98","On","12.923975,77.685895",
"11-Sep-2026 13:23:38","44.04","4.1","13.98","On","12.924416,77.685884",
"11-Sep-2026 13:23:51","13.44","4.11","13.95","On","12.925773,77.685762",
"11-Sep-2026 13:24:03","31.3","4.11","13.95","On","12.926316,77.685731",
"11-Sep-2026 13:24:08","34.77","4.11","13.95","On","12.926645,77.68574",
"11-Sep-2026 13:24:18","39.99","4.11","13.95","On","12.927345,77.685474",
"11-Sep-2026 13:24:21","42.66","4.11","14.05","On","12.927522,77.68509",
"11-Sep-2026 13:24:28","44.12","4.11","14.05","On","12.928153,77.684682",
"11-Sep-2026 13:24:33","34.59","4.11","14.05","On","12.928569,77.684679",
"11-Sep-2026 13:24:38","32.63","4.11","14.05","On","12.92888,77.684679",
"11-Sep-2026 13:24:43","15.78","4.11","14.05","On","12.929441,77.684657",
"11-Sep-2026 13:24:48","17.53","4.11","14.05","On","12.929456,77.6845",
"11-Sep-2026 13:24:51","16.78","4.1","13.98","On","12.929392,77.684341",
"11-Sep-2026 13:25:21","24.32","4.11","14","On","12.928651,77.682717",
"11-Sep-2026 13:25:51","10.04","4.11","13.98","On","12.928052,77.681374",
"11-Sep-2026 13:26:21","39.33","4.11","14","On","12.927063,77.679301",
"11-Sep-2026 13:26:51","14.89","4.11","13.95","On","12.926198,77.677503",
"11-Sep-2026 13:26:58","5.95","4.11","13.95","On","12.926145,77.677456",
"11-Sep-2026 13:27:21","0.38","4.11","14.03","On","12.925986,77.677588",
"11-Sep-2026 13:27:51","0.58","4.11","14.03","On","12.925956,77.677616",
"11-Sep-2026 13:28:21","0.51","4.11","14.05","On","12.92596,77.677654",
"11-Sep-2026 13:28:51","0.47","4.11","14.07","On","12.92596,77.67766",
"11-Sep-2026 13:29:21","0.3","4.11","14.05","On","12.925949,77.677667",
"11-Sep-2026 13:29:51","0.9","4.11","14.05","On","12.925957,77.67765",
"11-Sep-2026 13:30:21","0.09","4.11","14.05","On","12.925954,77.677644",
"11-Sep-2026 13:30:51","0.48","4.1","14.03","On","12.925968,77.677644",
"11-Sep-2026 13:31:21","0.48","4.11","14.07","On","12.925965,77.677659",
"11-Sep-2026 13:31:51","0.68","4.11","14.05","On","12.92597,77.677691",
"11-Sep-2026 13:32:21","0.91","4.11","14.07","On","12.925942,77.677673",
"11-Sep-2026 13:32:51","1.19","4.11","14.05","On","12.925925,77.677688",
"11-Sep-2026 13:33:21","6.65","4.11","14","On","12.925903,77.677736",
"11-Sep-2026 13:33:51","2.56","4.11","14.03","On","12.925847,77.677788",
"11-Sep-2026 13:34:18","14.33","4.11","14.03","On","12.925999,77.677443",
"11-Sep-2026 13:34:21","29.72","4.11","14","On","12.925926,77.677186",
"11-Sep-2026 13:34:51","4.36","4.11","13.93","On","12.925576,77.67618",
"11-Sep-2026 13:34:53","3.09","4.11","13.93","On","12.925562,77.676147",
"11-Sep-2026 13:34:58","16.57","4.11","13.93","On","12.925505,77.676108",
"11-Sep-2026 13:35:21","22.09","4.11","13.98","On","12.923778,77.675745",
"11-Sep-2026 13:35:51","3.1","4.11","13.95","On","12.922749,77.675675",
"11-Sep-2026 13:35:53","4.13","4.11","13.95","On","12.922693,77.675657",
"11-Sep-2026 13:35:58","13.88","4.11","13.95","On","12.922664,77.675598",
"11-Sep-2026 13:36:13","23.37","4.11","13.95","On","12.92265,77.674513",
"11-Sep-2026 13:36:21","15.89","4.11","13.98","On","12.922707,77.674166",
"11-Sep-2026 13:36:48","21.14","4.11","13.98","On","12.922906,77.6726",
"11-Sep-2026 13:36:51","27.2","4.11","14.05","On","12.922684,77.672408",
"11-Sep-2026 13:36:58","24.69","4.11","14.05","On","12.92227,77.6721",
"11-Sep-2026 13:37:13","19.16","4.11","14.05","On","12.921493,77.671618",
"11-Sep-2026 13:37:21","13.41","4.11","13.95","On","12.921286,77.671246",
"11-Sep-2026 13:37:23","13.41","4.11","13.95","On","12.921286,77.671246",
"11-Sep-2026 13:37:48","2.23","4.11","13.95","On","12.921097,77.671088",
"11-Sep-2026 13:37:51","2.2","4.11","13.95","On","12.921112,77.671093",
"11-Sep-2026 13:38:21","1.88","4.11","13.95","On","12.921244,77.671257",
"11-Sep-2026 13:38:51","0.06","4.11","14.03","On","12.921207,77.671132",
"11-Sep-2026 13:39:21","0.9","4.11","14.03","On","12.921175,77.67112",
"11-Sep-2026 13:39:51","0.48","4.11","14.03","On","12.921166,77.67112",
"11-Sep-2026 13:40:21","0.73","4.11","14.03","On","12.921171,77.671127",
"11-Sep-2026 13:40:51","0.34","4.11","14.05","On","12.921195,77.671143",
"11-Sep-2026 13:41:21","0.38","4.11","14.03","On","12.921201,77.671135",
"11-Sep-2026 13:41:51","0.14","4.11","14.03","On","12.921217,77.671118",
"11-Sep-2026 13:42:21","0.74","4.11","14.03","On","12.921189,77.671126",
"11-Sep-2026 13:42:51","0.07","4.11","14.03","On","12.92118,77.671143",
"11-Sep-2026 13:43:21","0.42","4.11","14.03","On","12.921177,77.671142",
"11-Sep-2026 13:43:51","0.67","4.11","14.03","On","12.921155,77.671143",
"11-Sep-2026 13:44:21","0.51","4.11","14.03","On","12.921183,77.671126",
"11-Sep-2026 13:44:51","0.32","4.11","14.03","On","12.921185,77.67113",
"11-Sep-2026 13:45:21","0.67","4.11","14","On","12.921159,77.671126",
"11-Sep-2026 13:45:51","0.92","4.11","14.03","On","12.921165,77.671125",
"11-Sep-2026 13:46:21","0.33","4.11","14","On","12.921154,77.671142",
"11-Sep-2026 13:46:51","0.26","4.1","14","On","12.921151,77.67116",
"11-Sep-2026 13:47:21","0.74","4.11","14.03","On","12.921166,77.671154",
"11-Sep-2026 13:47:51","0.04","4.11","14","On","12.921162,77.671156",
"11-Sep-2026 13:48:21","0.44","4.11","14","On","12.921136,77.671165",
"11-Sep-2026 13:48:51","0.44","4.1","14","On","12.921126,77.671169",
"11-Sep-2026 13:49:21","0.77","4.11","14.03","On","12.921136,77.671162",
"11-Sep-2026 13:49:51","0.67","4.11","14.03","On","12.921152,77.671171",
"11-Sep-2026 13:50:21","0.4","4.11","13.98","On","12.921143,77.671179",
"11-Sep-2026 13:50:51","0.35","4.11","14.03","On","12.92111,77.671205",
"11-Sep-2026 13:51:18","24.37","4.11","14.03","On","12.921004,77.671141",
"11-Sep-2026 13:51:21","24.37","4.11","14","On","12.921004,77.671141",
"11-Sep-2026 13:51:51","10.03","4.11","14.03","On","12.91965,77.670224",
"11-Sep-2026 13:51:58","1.49","4.11","14.03","On","12.919612,77.670178",
"11-Sep-2026 13:52:13","11.4","4.11","14.03","On","12.919502,77.670086",
"11-Sep-2026 13:52:21","0.37","4.11","14","On","12.919365,77.670016",
"11-Sep-2026 13:52:48","2.36","4.11","14","On","12.91919,77.669944",
"11-Sep-2026 13:52:51","1.56","4.11","13.98","On","12.919169,77.669926",
"11-Sep-2026 13:53:21","6.39","4.1","13.95","On","12.918969,77.669757",
"11-Sep-2026 13:53:43","12.67","4.1","13.95","On","12.918658,77.669827",
"11-Sep-2026 13:53:51","11.87","4.11","14","On","12.918561,77.670086",
"11-Sep-2026 13:54:21","40.94","4.11","14","On","12.917924,77.671496",
"11-Sep-2026 13:54:48","10.22","4.11","14","On","12.916926,77.673327",
"11-Sep-2026 13:54:51","12.08","4.11","13.93","On","12.916883,77.673258",
"11-Sep-2026 13:54:53","12.08","4.11","13.93","On","12.916883,77.673258",
"11-Sep-2026 13:54:58","24.77","4.11","13.93","On","12.91696,77.673089",
"11-Sep-2026 13:55:13","9.54","4.11","13.93","On","12.917384,77.672225",
"11-Sep-2026 13:55:21","0.48","4.11","13.95","On","12.917309,77.67218",
"11-Sep-2026 13:55:51","0.25","4.11","13.95","On","12.917303,77.672172",
"11-Sep-2026 13:56:21","1.44","4.11","13.98","On","12.917264,77.67214",
"11-Sep-2026 13:56:23","13.6","4.11","13.98","On","12.917184,77.672105",
"11-Sep-2026 13:56:51","12.44","4.11","13.98","On","12.916512,77.671647",
"11-Sep-2026 13:57:18","4.77","4.11","13.98","On","12.916172,77.671493",
"11-Sep-2026 13:57:21","2.83","4.11","13.95","On","12.916168,77.671539",
"11-Sep-2026 13:57:51","0.22","4.11","14.03","On","12.916261,77.671541",
"11-Sep-2026 13:58:21","0.88","4.11","14","On","12.91626,77.671569",
"11-Sep-2026 13:58:51","0.83","4.11","14","On","12.916206,77.671608",
"11-Sep-2026 13:59:21","0.54","4.11","14","On","12.916219,77.671611",
"11-Sep-2026 13:59:51","0.23","4.11","14","On","12.916227,77.671608",
"11-Sep-2026 14:00:21","0.32","4.11","13.98","On","12.916249,77.671569",
"11-Sep-2026 14:00:51","0.21","4.11","14.07","On","12.916263,77.67156",
"11-Sep-2026 14:01:21","0.39","4.11","14.03","On","12.916238,77.671584",
"11-Sep-2026 14:01:38","12.1","4.11","14.03","On","12.916362,77.671647",
"11-Sep-2026 14:01:51","10.01","4.11","14","On","12.916755,77.671833",
"11-Sep-2026 14:02:03","5.93","4.11","14","On","12.916935,77.671944",
"11-Sep-2026 14:02:08","18.37","4.11","14","On","12.916874,77.672143",
"11-Sep-2026 14:02:18","16.24","4.11","14","On","12.916843,77.672422",
"11-Sep-2026 14:02:21","15.37","4.11","13.95","On","12.916991,77.672498",
"11-Sep-2026 14:02:28","13.53","4.11","13.95","On","12.917226,77.672556",
"11-Sep-2026 14:02:51","25.37","4.11","14.03","On","12.918059,77.671023",
"11-Sep-2026 14:02:53","24.73","4.11","14.03","On","12.918152,77.670788",
"11-Sep-2026 14:03:21","9.29","4.11","13.98","On","12.918732,77.668903",
"11-Sep-2026 14:03:28","17.76","4.11","13.98","On","12.918532,77.668708",
"11-Sep-2026 14:03:51","17.06","4.11","13.98","On","12.917527,77.668296",
"11-Sep-2026 14:04:21","11.79","4.11","13.98","On","12.916558,77.667878",
"11-Sep-2026 14:04:51","15.21","4.11","14","On","12.915457,77.667378",
"11-Sep-2026 14:05:21","4.91","4.11","13.98","On","12.914988,77.667173",
"11-Sep-2026 14:05:51","26.66","4.11","14","On","12.914052,77.666715",
"11-Sep-2026 14:06:08","16.36","4.11","14","On","12.913286,77.666231",
"11-Sep-2026 14:06:13","22.12","4.11","14","On","12.913098,77.666064",
"11-Sep-2026 14:06:21","20.68","4.11","14.03","On","12.912669,77.665669",
"11-Sep-2026 14:06:38","2.37","4.11","14.03","On","12.912263,77.665256",
"11-Sep-2026 14:06:51","0.42","4.11","13.66","Off","12.912244,77.665245",
"11-Sep-2026 14:07:21","0.48","4.11","12.99","Off","12.912228,77.665205",
"11-Sep-2026 14:07:51","0.51","4.11","12.8","Off","12.912223,77.665193",
"11-Sep-2026 14:08:19","0.51","4.11","12.75","Off","12.912223,77.665193",
"11-Sep-2026 14:08:51","0.3","4.11","12.75","Off","12.912216,77.665188",
"11-Sep-2026 14:09:51","0.19","4.11","12.7","Off","12.912214,77.66519",
"11-Sep-2026 14:10:51","1.11","4.11","12.68","Off","12.912232,77.66515",
"11-Sep-2026 14:11:51","0.25","4.11","12.65","Off","12.912216,77.665169",
"11-Sep-2026 14:12:19","0.25","4.1","12.63","Off","12.912216,77.665169",
"11-Sep-2026 14:22:46","0.25","4.11","12.65","Off","12.912216,77.665169",
"11-Sep-2026 14:22:46","0.12","4.11","12.65","Off","12.912216,77.665173",
"11-Sep-2026 14:22:50","0.12","4.11","12.65","Off","12.912216,77.665173",
"11-Sep-2026 14:22:50","0.12","4.11","12.65","Off","12.912216,77.665173",
"11-Sep-2026 14:22:51","0.12","4.11","12.65","On","12.912216,77.665173",
"11-Sep-2026 14:23:38","23.88","4.11","13.69","On","12.91092,77.663918",
"11-Sep-2026 14:23:51","32.68","4.11","13.88","On","12.910335,77.66325",
"11-Sep-2026 14:23:58","18.31","4.11","13.88","On","12.909879,77.663042",
"11-Sep-2026 14:24:03","31.02","4.11","13.88","On","12.909775,77.663267",
"11-Sep-2026 14:24:13","22.93","4.11","13.88","On","12.909257,77.663897",
"11-Sep-2026 14:24:21","24.07","4.11","13.95","On","12.909027,77.663864",
"11-Sep-2026 14:24:48","2.21","4.11","13.95","On","12.907893,77.663711",
"11-Sep-2026 14:24:51","0.46","4.11","13.91","On","12.907887,77.663707",
"11-Sep-2026 14:25:21","2.26","4.11","13.95","On","12.90786,77.66368",
"11-Sep-2026 14:25:51","0.36","4.11","13.91","On","12.907867,77.663661",
"11-Sep-2026 14:26:08","24.25","4.11","13.91","On","12.907658,77.663644",
"11-Sep-2026 14:26:21","38.12","4.11","13.95","On","12.906638,77.663447",
"11-Sep-2026 14:26:33","32.67","4.11","13.95","On","12.905653,77.662984",
"11-Sep-2026 14:26:51","27.62","4.11","13.93","On","12.904263,77.662235",
"11-Sep-2026 14:26:53","27.62","4.11","13.93","On","12.904263,77.662235",
"11-Sep-2026 14:27:03","21.52","4.11","13.93","On","12.903574,77.661958",
"11-Sep-2026 14:27:21","21.78","4.11","13.95","On","12.903214,77.661586",
"11-Sep-2026 14:27:43","21.91","4.11","13.95","On","12.902148,77.660611",
"11-Sep-2026 14:27:51","11.32","4.11","13.95","On","12.901806,77.660514",
"11-Sep-2026 14:28:13","31.7","4.11","13.95","On","12.901106,77.660155",
"11-Sep-2026 14:28:18","33.81","4.11","13.95","On","12.900493,77.659908",
"11-Sep-2026 14:28:21","33.81","4.11","13.98","On","12.900493,77.659908",
"11-Sep-2026 14:28:23","33.14","4.11","13.98","On","12.900213,77.659714",
"11-Sep-2026 14:28:38","19.43","4.11","13.98","On","12.899613,77.65929",
"11-Sep-2026 14:28:51","1.87","4.11","13.93","On","12.899392,77.659194",
"11-Sep-2026 14:28:58","10.44","4.11","13.93","On","12.89928,77.659089",
"11-Sep-2026 14:29:18","21.77","4.11","13.93","On","12.899061,77.658597",
"11-Sep-2026 14:29:21","21.77","4.11","13.98","On","12.899061,77.658597",
"11-Sep-2026 14:29:38","8.98","4.11","13.98","On","12.898119,77.658281",
"11-Sep-2026 14:29:51","22.05","4.11","13.98","On","12.897624,77.658282",
"11-Sep-2026 14:30:18","17.18","4.11","13.98","On","12.896488,77.65825",
"11-Sep-2026 14:30:21","17.18","4.11","13.98","On","12.896488,77.65825",
"11-Sep-2026 14:30:51","30.76","4.11","13.98","On","12.894659,77.65739",
"11-Sep-2026 14:30:58","7.38","4.11","13.98","On","12.894347,77.657222",
"11-Sep-2026 14:31:21","19.23","4.11","13.95","On","12.893772,77.656684",
"11-Sep-2026 14:31:33","23.11","4.11","13.95","On","12.893289,77.656332",
"11-Sep-2026 14:31:51","18.6","4.11","14","On","12.892608,77.655906",
"11-Sep-2026 14:31:58","20.98","4.11","14","On","12.892316,77.655859",
"11-Sep-2026 14:32:21","9.79","4.11","13.95","On","12.891383,77.655976",
"11-Sep-2026 14:32:23","11.75","4.11","13.95","On","12.891264,77.656003",
"11-Sep-2026 14:32:51","7.39","4.11","13.93","On","12.890529,77.656223",
"11-Sep-2026 14:33:21","12.98","4.11","13.98","On","12.889625,77.656557",
"11-Sep-2026 14:33:23","12.82","4.11","13.98","On","12.889544,77.656665",
"11-Sep-2026 14:33:33","8.89","4.11","13.98","On","12.889371,77.656774",
"11-Sep-2026 14:33:51","27.05","4.11","14","On","12.888635,77.656922",
"11-Sep-2026 14:33:53","27.05","4.11","14","On","12.888635,77.656922",
"11-Sep-2026 14:34:03","23.26","4.11","14","On","12.888177,77.656699",
"11-Sep-2026 14:34:21","21.31","4.11","13.98","On","12.887609,77.656332",
"11-Sep-2026 14:34:23","18.52","4.11","13.98","On","12.887384,77.656308",
"11-Sep-2026 14:34:51","23.16","4.11","13.98","On","12.886689,77.656147",
"11-Sep-2026 14:35:21","27.63","4.11","14","On","12.885665,77.655943",
"11-Sep-2026 14:35:28","10.25","4.11","14","On","12.885265,77.655869",
"11-Sep-2026 14:35:33","9.33","4.11","14","On","12.885218,77.655848",
"11-Sep-2026 14:35:51","32.04","4.11","13.98","On","12.883873,77.65579",
"11-Sep-2026 14:36:21","25.22","4.11","13.95","On","12.882425,77.655507",
"11-Sep-2026 14:36:51","9.53","4.11","13.98","On","12.880948,77.655166",
"11-Sep-2026 14:37:21","23.15","4.11","14","On","12.879085,77.654855",
"11-Sep-2026 14:37:51","50.44","4.11","13.98","On","12.876447,77.654764",
"11-Sep-2026 14:38:18","17.16","4.11","13.98","On","12.874078,77.654231",
"11-Sep-2026 14:38:21","12.22","4.11","14","On","12.87396,77.654189",
"11-Sep-2026 14:38:38","4.72","4.11","14","On","12.873399,77.65407",
"11-Sep-2026 14:38:51","14.96","4.11","13.98","On","12.872855,77.654016",
"11-Sep-2026 14:39:21","18.48","4.11","13.95","On","12.871879,77.654043",
"11-Sep-2026 14:39:43","10.02","4.11","13.95","On","12.870883,77.654124",
"11-Sep-2026 14:39:51","5.07","4.11","13.95","On","12.870856,77.654166",
"11-Sep-2026 14:39:58","9.08","4.11","13.95","On","12.870774,77.654309",
"11-Sep-2026 14:40:21","20.46","4.11","13.98","On","12.870654,77.655636",
"11-Sep-2026 14:40:51","0.61","4.11","13.98","On","12.870608,77.65594",
"11-Sep-2026 14:41:21","36.54","4.11","13.98","On","12.870485,77.65685",
"11-Sep-2026 14:41:51","7.54","4.11","13.98","On","12.870178,77.658938",
"11-Sep-2026 14:41:58","31.55","4.11","13.98","On","12.869884,77.659428",
"11-Sep-2026 14:42:21","15.86","4.11","13.95","On","12.869134,77.660426",
"11-Sep-2026 14:42:51","37.87","4.11","13.91","On","12.868258,77.661701",
"11-Sep-2026 14:43:21","22.45","4.11","13.93","On","12.867425,77.663393",
"11-Sep-2026 14:43:51","10.94","4.11","13.93","On","12.866559,77.664898",
"11-Sep-2026 14:44:18","31.49","4.11","13.93","On","12.866072,77.66616",
"11-Sep-2026 14:44:21","13.62","4.11","13.98","On","12.866015,77.666361",
"11-Sep-2026 14:44:51","33.71","4.11","13.93","On","12.864616,77.668576",
"11-Sep-2026 14:45:21","12.68","4.11","13.98","On","12.864196,77.670286",
"11-Sep-2026 14:45:48","12.6","4.11","13.98","On","12.863593,77.671941",
"11-Sep-2026 14:45:51","12.6","4.11","13.95","On","12.863593,77.671941",
"11-Sep-2026 14:45:53","22.24","4.11","13.95","On","12.863459,77.671896",
"11-Sep-2026 14:46:08","17.16","4.11","13.95","On","12.862801,77.671794",
"11-Sep-2026 14:46:21","22.34","4.11","13.98","On","12.862457,77.672523",
"11-Sep-2026 14:46:48","5.18","4.11","13.98","On","12.861985,77.673497",
"11-Sep-2026 14:46:51","5.18","4.11","13.98","On","12.861985,77.673497",
"11-Sep-2026 14:46:53","18.06","4.11","13.98","On","12.861935,77.673606",
"11-Sep-2026 14:47:18","22.69","4.11","13.98","On","12.861513,77.674437",
"11-Sep-2026 14:47:21","19.39","4.11","13.98","On","12.861314,77.674432",
"11-Sep-2026 14:47:23","19.39","4.11","13.98","On","12.861314,77.674432",
"11-Sep-2026 14:47:28","16.24","4.11","13.98","On","12.861099,77.674539",
"11-Sep-2026 14:47:33","12.78","4.11","13.98","On","12.861049,77.674712",
"11-Sep-2026 14:47:38","18.47","4.11","13.98","On","12.860903,77.674731",
"11-Sep-2026 14:47:51","31.45","4.11","13.98","On","12.860059,77.674511",
"11-Sep-2026 14:48:21","25.31","4.11","14","On","12.85744,77.673865",
"11-Sep-2026 14:48:33","26.58","4.11","14","On","12.856738,77.673723",
"11-Sep-2026 14:48:51","20.72","4.11","14.03","On","12.856207,77.674192",
"11-Sep-2026 14:48:53","22.06","4.11","14.03","On","12.856006,77.674139",
"11-Sep-2026 14:49:03","17","4.11","14.03","On","12.855697,77.673956",
"11-Sep-2026 14:49:21","12.38","4.1","14","On","12.855741,77.672605",
"11-Sep-2026 14:49:28","10","4.1","14","On","12.855669,77.672555",
"11-Sep-2026 14:49:43","20.03","4.1","14","On","12.854875,77.672401",
"11-Sep-2026 14:49:51","18.77","4.1","13.98","On","12.854468,77.672427",
"11-Sep-2026 14:49:53","22.21","4.1","13.98","On","12.854337,77.672253",
"11-Sep-2026 14:49:58","25.01","4.1","13.98","On","12.854143,77.672162",
"11-Sep-2026 14:50:03","19.68","4.1","13.98","On","12.853929,77.67206",
"11-Sep-2026 14:50:08","4.34","4.1","13.98","On","12.853856,77.671968",
"11-Sep-2026 14:50:13","12.07","4.1","13.98","On","12.853939,77.671924",
"11-Sep-2026 14:50:18","17.84","4.1","13.98","On","12.854082,77.671917",
"11-Sep-2026 14:50:21","19.41","4.11","13.98","On","12.854255,77.671775",
"11-Sep-2026 14:50:23","19.41","4.11","13.98","On","12.854255,77.671775",
"11-Sep-2026 14:50:43","15.72","4.11","13.98","On","12.85456,77.67129",
"11-Sep-2026 14:50:51","30.08","4.11","14","On","12.854688,77.670815",
"11-Sep-2026 14:51:21","28.07","4.11","13.98","On","12.855016,77.669383",
"11-Sep-2026 14:51:51","29.35","4.11","13.98","On","12.855147,77.668436",
"11-Sep-2026 14:52:13","20.66","4.11","13.98","On","12.855127,77.666782",
"11-Sep-2026 14:52:18","25.19","4.11","13.98","On","12.854941,77.666603",
"11-Sep-2026 14:52:21","26.8","4.11","13.98","On","12.854855,77.66638",
"11-Sep-2026 14:52:23","26.8","4.11","13.98","On","12.854855,77.66638",
"11-Sep-2026 14:52:51","12.78","4.11","14","On","12.854897,77.665879",
"11-Sep-2026 14:53:03","8.44","4.11","14","On","12.85492,77.665612",
"11-Sep-2026 14:53:13","26.54","4.11","14","On","12.855252,77.665217",
"11-Sep-2026 14:53:21","24.51","4.11","13.98","On","12.855713,77.664832",
"11-Sep-2026 14:53:51","27.04","4.11","13.98","On","12.8569,77.663856",
"11-Sep-2026 14:54:21","5.22","4.11","14","On","12.858541,77.662543",
"11-Sep-2026 14:54:23","5.22","4.11","14","On","12.858541,77.662543",
"11-Sep-2026 14:54:33","35.87","4.11","14","On","12.858898,77.662243",
"11-Sep-2026 14:54:51","32.72","4.11","13.95","On","12.859744,77.661566",
"11-Sep-2026 14:55:03","9.26","4.11","13.95","On","12.860144,77.661332",
"11-Sep-2026 14:55:08","16.67","4.11","13.95","On","12.860191,77.661454",
"11-Sep-2026 14:55:13","22.35","4.11","13.95","On","12.860633,77.661742",
"11-Sep-2026 14:55:21","28.91","4.11","13.98","On","12.86107,77.66201",
"11-Sep-2026 14:55:51","29.85","4.11","13.98","On","12.863134,77.662868",
"11-Sep-2026 14:55:53","5.06","4.11","13.98","On","12.863294,77.6629",
"11-Sep-2026 14:56:03","13.94","4.11","13.98","On","12.863528,77.662858",
"11-Sep-2026 14:56:13","2.92","4.11","13.98","On","12.863581,77.662472",
"11-Sep-2026 14:56:21","1.36","4.11","13.95","On","12.86358,77.66247",
"11-Sep-2026 14:56:51","1.96","4.11","14.03","On","12.863546,77.662468",
"11-Sep-2026 14:57:21","0.89","4.11","14.03","On","12.863594,77.662497",
"11-Sep-2026 14:57:51","0.46","4.11","14.05","On","12.863611,77.662486",
"11-Sep-2026 14:58:21","0.68","4.11","14.07","On","12.863649,77.662528",
"11-Sep-2026 14:58:51","1.2","4.11","14.07","On","12.863647,77.662526",
"11-Sep-2026 14:59:21","0.19","4.11","14.07","On","12.863659,77.662532",
"11-Sep-2026 14:59:51","0.82","4.11","14.07","On","12.863663,77.662571",
"11-Sep-2026 15:00:21","0.9","4.11","14.1","On","12.863663,77.662537",
"11-Sep-2026 15:00:51","1.17","4.11","14.07","On","12.86368,77.662519",
"11-Sep-2026 15:01:21","0.77","4.11","14.07","On","12.863674,77.662529",
"11-Sep-2026 15:01:51","1.16","4.11","14.07","On","12.863707,77.662535",
"11-Sep-2026 15:02:21","0.06","4.11","14.07","On","12.863715,77.662523",
"11-Sep-2026 15:02:51","2.27","4.11","14.07","On","12.863675,77.662537",
"11-Sep-2026 15:03:21","1.45","4.11","14.07","On","12.863729,77.662525",
"11-Sep-2026 15:03:51","0.62","4.11","14.1","On","12.863732,77.662549",
"11-Sep-2026 15:04:21","0.15","4.11","14.1","On","12.863737,77.662585",
"11-Sep-2026 15:04:51","1.57","4.11","14.07","On","12.863691,77.662547",
"11-Sep-2026 15:05:21","2.13","4.11","14.1","On","12.863689,77.662556",
"11-Sep-2026 15:05:51","3.3","4.11","14.1","On","12.863662,77.662528",
"11-Sep-2026 15:06:21","0.54","4.11","14.1","On","12.863666,77.662543",
"11-Sep-2026 15:06:51","1.19","4.11","14.05","On","12.863687,77.662548",
"11-Sep-2026 15:07:21","1.47","4.11","14.07","On","12.863682,77.662554",
"11-Sep-2026 15:07:51","1.5","4.11","14.07","On","12.8637,77.662557",
"11-Sep-2026 15:08:21","3.37","4.11","14.07","On","12.863683,77.662558",
"11-Sep-2026 15:08:51","4.97","4.11","14.03","On","12.863685,77.662537",
"11-Sep-2026 15:09:08","17.55","4.11","14.03","On","12.863785,77.662429",
"11-Sep-2026 15:09:18","9.12","4.11","14.03","On","12.863864,77.662154",
"11-Sep-2026 15:09:21","7.62","4.11","13.98","On","12.863903,77.66209",
"11-Sep-2026 15:09:51","0.27","4.11","13.45","Off","12.863925,77.662081",
"11-Sep-2026 15:10:21","0.67","4.11","13.28","Off","12.863911,77.662069",
"11-Sep-2026 15:10:51","0.44","4.11","13.23","Off","12.863907,77.662079",
"11-Sep-2026 15:11:21","0.1","4.11","13.21","Off","12.863888,77.662062",
"11-Sep-2026 15:11:51","0.1","4.11","13.21","Off","12.863888,77.662062",
"11-Sep-2026 15:12:21","1.74","4.11","13.21","Off","12.863874,77.662066",
"11-Sep-2026 15:12:51","0.47","4.11","13.18","Off","12.863871,77.662052",
"11-Sep-2026 15:13:51","0.08","4.11","13.23","Off","12.863889,77.662058",
"11-Sep-2026 15:14:51","0.41","4.11","13.18","Off","12.863912,77.662063",
"11-Sep-2026 15:15:51","0.41","4.11","13.18","Off","12.863912,77.662063",
"11-Sep-2026 16:15:51","0.41","4.11","13.13","Off","12.863912,77.662063",
"11-Sep-2026 16:15:51","0.22","4.11","13.13","Off","12.863892,77.662046",
"11-Sep-2026 16:15:51","0.22","4.11","13.13","Off","12.863892,77.662046",
"11-Sep-2026 16:16:51","0.77","4.11","13.06","Off","12.863872,77.661892",
"11-Sep-2026 16:17:45","0.24","4.1","13.06","Off","12.863834,77.661904",
"11-Sep-2026 16:18:45","0.82","4.1","13.01","Off","12.863872,77.661918",
"11-Sep-2026 16:19:45","0.82","4.1","12.99","Off","12.863872,77.661918",
"11-Sep-2026 17:19:45","0.82","4.11","13.06","Off","12.863872,77.661918",
"11-Sep-2026 17:19:45","0.78","4.11","13.06","Off","12.863873,77.661971",
"11-Sep-2026 17:19:45","0.78","4.11","13.06","Off","12.863873,77.661971",
"11-Sep-2026 17:20:45","0.45","4.11","13.01","Off","12.863988,77.661901",
"11-Sep-2026 17:21:45","1.2","4.11","12.99","Off","12.863896,77.661998",
"11-Sep-2026 17:22:45","0.22","4.11","12.99","Off","12.863917,77.662021",
"11-Sep-2026 17:23:45","0.22","4.1","12.97","Off","12.863917,77.662021",
"11-Sep-2026 18:23:45","0.22","4.11","12.99","Off","12.863917,77.662021",
"11-Sep-2026 18:23:45","0.19","4.11","12.99","Off","12.863891,77.662011",
"11-Sep-2026 18:23:45","0.19","4.11","12.99","Off","12.863891,77.662011",
"11-Sep-2026 18:24:45","0.63","4.11","12.92","Off","12.863931,77.661979",
"11-Sep-2026 18:25:45","0.14","4.11","12.87","Off","12.863935,77.661995",
"11-Sep-2026 18:26:45","0.33","4.1","12.87","Off","12.863928,77.662019",
"11-Sep-2026 18:27:45","0.33","4.11","12.85","Off","12.863928,77.662019",
"11-Sep-2026 19:27:45","0.33","4.11","12.89","Off","12.863928,77.662019",
"11-Sep-2026 19:27:45","0.56","4.11","12.89","Off","12.863935,77.661994",
"11-Sep-2026 19:28:45","0.66","4.1","12.82","Off","12.863922,77.662088",
"11-Sep-2026 19:29:45","0.38","4.1","12.85","Off","12.863912,77.662077",
"11-Sep-2026 19:30:45","0.26","4.11","12.82","Off","12.863943,77.662081",
"11-Sep-2026 19:31:45","0.39","4.11","12.85","Off","12.863922,77.662072",
"11-Sep-2026 19:31:45","0.39","4.11","12.85","Off","12.863922,77.662072",
"11-Sep-2026 20:31:46","0.39","4.1","12.87","Off","12.863922,77.662072",
"11-Sep-2026 20:31:46","0.39","4.1","12.87","Off","12.863922,77.662072",
"11-Sep-2026 20:32:45","0.27","4.1","12.8","Off","12.863892,77.662016",
"11-Sep-2026 20:33:45","0.47","4.1","12.8","Off","12.863859,77.662042",
"11-Sep-2026 20:34:45","0.32","4.11","12.8","Off","12.863879,77.662033",
"11-Sep-2026 20:35:45","0.14","4.1","12.77","Off","12.863874,77.662078",
"11-Sep-2026 20:35:46","0.14","4.1","12.77","Off","12.863874,77.662078",
"11-Sep-2026 21:35:46","0.14","4.1","12.82","Off","12.863874,77.662078",
"11-Sep-2026 21:35:46","0.14","4.1","12.82","Off","12.863874,77.662078",
"11-Sep-2026 21:36:45","0.14","4.1","12.77","Off","12.863874,77.662204",
"11-Sep-2026 21:37:45","1.18","4.1","12.77","Off","12.863865,77.662195",
"11-Sep-2026 21:38:45","0.28","4.11","12.77","Off","12.86385,77.662201",
"11-Sep-2026 21:39:45","0.33","4.1","12.75","Off","12.863818,77.662138",
"11-Sep-2026 21:39:46","0.33","4.1","12.75","Off","12.863818,77.662138",
"11-Sep-2026 22:39:46","0.33","4.1","12.82","Off","12.863818,77.662138",
"11-Sep-2026 22:39:46","0.33","4.1","12.82","Off","12.863818,77.662138",
"11-Sep-2026 22:40:45","0.14","4.11","12.77","Off","12.863992,77.662059",
"11-Sep-2026 22:41:45","0.16","4.1","12.75","Off","12.863943,77.662051",
"11-Sep-2026 22:42:45","0.34","4.1","12.75","Off","12.863909,77.662054",
"11-Sep-2026 22:43:45","0.54","4.1","12.72","Off","12.86389,77.662066",
"11-Sep-2026 22:43:46","0.54","4.1","12.72","Off","12.86389,77.662066",
"11-Sep-2026 23:43:46","0.54","4.1","12.8","Off","12.86389,77.662066",
"11-Sep-2026 23:43:46","0.54","4.1","12.8","Off","12.86389,77.662066",
"11-Sep-2026 23:44:45","0.41","4.1","12.72","Off","12.863962,77.662026",
"11-Sep-2026 23:45:45","0.31","4.1","12.72","Off","12.863974,77.662033",
"11-Sep-2026 23:46:45","0.25","4.1","12.75","Off","12.863955,77.662027",
"11-Sep-2026 23:47:45","0.23","4.1","12.72","Off","12.86394,77.662017",
"11-Sep-2026 23:47:46","0.23","4.1","12.72","Off","12.86394,77.662017",
"12-Sep-2026 00:47:46","0.23","4.1","12.77","Off","12.86394,77.662017",
"12-Sep-2026 00:47:46","0.23","4.1","12.77","Off","12.86394,77.662017",
"12-Sep-2026 00:48:45","1","4.1","12.7","Off","12.863953,77.662003",
"12-Sep-2026 00:49:45","0.36","4.1","12.7","Off","12.863955,77.661997",
"12-Sep-2026 00:50:45","0.84","4.1","12.7","Off","12.863986,77.66202",
"12-Sep-2026 00:51:45","0.32","4.1","12.68","Off","12.863979,77.662009",
"12-Sep-2026 00:51:46","0.32","4.1","12.68","Off","12.863979,77.662009",
"12-Sep-2026 01:51:46","0.32","4.1","12.77","Off","12.863979,77.662009",
"12-Sep-2026 01:51:46","0.32","4.1","12.77","Off","12.863979,77.662009",
"12-Sep-2026 01:52:45","0.21","4.1","12.72","Off","12.86395,77.662066",
"12-Sep-2026 01:53:45","0.44","4.1","12.68","Off","12.863931,77.662047",
"12-Sep-2026 01:54:45","0.42","4.1","12.68","Off","12.86395,77.662028",
"12-Sep-2026 01:55:45","0.55","4.1","12.7","Off","12.863942,77.662058",
"12-Sep-2026 01:55:46","0.55","4.1","12.68","Off","12.863942,77.662058",
"12-Sep-2026 02:55:46","0.55","4.1","12.77","Off","12.863942,77.662058",
"12-Sep-2026 02:55:46","0.55","4.1","12.77","Off","12.863942,77.662058",
"12-Sep-2026 02:56:45","1.21","4.1","12.7","Off","12.864075,77.662042",
"12-Sep-2026 02:57:45","0.49","4.1","12.65","Off","12.864036,77.662084",
"12-Sep-2026 02:58:45","1.97","4.1","12.65","Off","12.864033,77.6621",
"12-Sep-2026 02:59:45","0.75","4.1","12.65","Off","12.864019,77.662141",
"12-Sep-2026 02:59:46","0.75","4.1","12.65","Off","12.864019,77.662141",
"12-Sep-2026 03:59:46","0.75","4.1","12.72","Off","12.864019,77.662141",
"12-Sep-2026 03:59:46","0.99","4.1","12.72","Off","12.86402,77.662144",
"12-Sep-2026 04:00:45","2.74","4.1","12.68","Off","12.863999,77.662155",
"12-Sep-2026 04:01:45","0.65","4.1","12.65","Off","12.864201,77.662031",
"12-Sep-2026 04:02:45","0.39","4.1","12.65","Off","12.864246,77.662081",
"12-Sep-2026 04:03:45","0","4.1","12.63","Off","12.864228,77.662073",
"12-Sep-2026 04:03:46","0","4.1","12.63","Off","12.864228,77.662073",
"12-Sep-2026 05:03:46","0","4.1","12.72","Off","12.864228,77.662073",
"12-Sep-2026 05:03:46","0.86","4.1","12.72","Off","12.864228,77.662075",
"12-Sep-2026 05:04:45","0.93","4.1","12.7","Off","12.863957,77.662076",
"12-Sep-2026 05:05:45","0.73","4.1","12.68","Off","12.86396,77.662039",
"12-Sep-2026 05:06:45","1.07","4.1","12.63","Off","12.863949,77.662052",
"12-Sep-2026 05:07:45","0.27","4.1","12.65","Off","12.863938,77.662069",
"12-Sep-2026 05:07:46","0.27","4.1","12.65","Off","12.863938,77.662069",
"12-Sep-2026 06:07:46","0.27","4.1","12.72","Off","12.863938,77.662069",
"12-Sep-2026 06:07:46","0.73","4.1","12.72","Off","12.863938,77.662072",
"12-Sep-2026 06:08:45","0.46","4.1","12.65","Off","12.863905,77.662024",
"12-Sep-2026 06:09:45","0.24","4.1","12.63","Off","12.864121,77.661927",
"12-Sep-2026 06:10:45","0.42","4.1","12.63","Off","12.864119,77.66198",
"12-Sep-2026 06:11:45","1.62","4.1","12.63","Off","12.864157,77.661937",
"12-Sep-2026 06:11:46","1.62","4.1","12.63","Off","12.864157,77.661937",
"12-Sep-2026 07:11:46","1.62","4.1","12.72","Off","12.864157,77.661937",
"12-Sep-2026 07:11:46","0.28","4.1","12.72","Off","12.864156,77.66194",
"12-Sep-2026 07:12:45","0.48","4.1","12.68","Off","12.863945,77.66196",
"12-Sep-2026 07:13:45","0.53","4.1","12.65","Off","12.863955,77.662011",
"12-Sep-2026 07:14:45","0.24","4.1","12.63","Off","12.863948,77.662021",
"12-Sep-2026 07:15:45","0.38","4.1","12.63","Off","12.863941,77.662002",
"12-Sep-2026 07:15:46","0.38","4.1","12.63","Off","12.863941,77.662002",
"12-Sep-2026 08:13:21","0.38","4.1","12.68","Off","12.863941,77.662002",
"12-Sep-2026 08:13:21","1.37","4.1","12.68","Off","12.863942,77.662002",
"12-Sep-2026 08:13:23","1.37","4.1","12.68","On","12.863942,77.662002",
"12-Sep-2026 08:13:23","1.37","4.1","12.68","On","12.863942,77.662002",
"12-Sep-2026 08:13:45","1.37","4.1","13.57","On","12.863942,77.662002",
"12-Sep-2026 08:14:26","10.55","4.1","13.86","On","12.863785,77.661986",
"12-Sep-2026 08:14:31","11.95","4.1","13.86","On","12.863733,77.662082",
"12-Sep-2026 08:14:36","10.52","4.1","13.86","On","12.863651,77.662115",
"12-Sep-2026 08:14:45","2.84","4.1","13.95","On","12.863572,77.662271",
"12-Sep-2026 08:15:15","2.38","4.1","13.98","On","12.863634,77.662312",
"12-Sep-2026 08:15:45","0.19","4.1","13.95","On","12.863638,77.662326",
"12-Sep-2026 08:16:15","0.09","4.1","13.95","On","12.863654,77.66235",
"12-Sep-2026 08:16:45","0.05","4.1","13.98","On","12.863674,77.662364",
"12-Sep-2026 08:17:15","0.23","4.1","13.98","On","12.863669,77.662384",
"12-Sep-2026 08:17:45","0.36","4.1","13.98","On","12.863666,77.662367",
"12-Sep-2026 08:18:15","0.54","4.1","13.98","On","12.863672,77.66239",
"12-Sep-2026 08:18:21","2.66","4.1","13.98","On","12.863667,77.662397",
"12-Sep-2026 08:18:45","1.03","4.1","13.98","On","12.86364,77.662397",
"12-Sep-2026 08:19:15","0.4","4.1","13.98","On","12.863646,77.662403",
"12-Sep-2026 08:19:45","0.63","4.1","13.95","On","12.863644,77.662408",
"12-Sep-2026 08:20:15","0.5","4.1","14","On","12.863655,77.662405",
"12-Sep-2026 08:20:45","0.33","4.1","13.91","On","12.863647,77.662411",
"12-Sep-2026 08:21:15","0.44","4.1","13.86","On","12.86366,77.6624",
"12-Sep-2026 08:21:45","0.65","4.11","13.88","On","12.863661,77.662397",
"12-Sep-2026 08:22:15","1.33","4.12","13.98","On","12.863666,77.662384",
"12-Sep-2026 08:22:45","0.04","4.12","13.98","On","12.863667,77.662368",
"12-Sep-2026 08:23:15","0.33","4.11","13.98","On","12.863656,77.662389",
"12-Sep-2026 08:23:45","0.91","4.11","13.98","On","12.863641,77.662408",
"12-Sep-2026 08:24:15","0.62","4.11","14","On","12.863614,77.662424",
"12-Sep-2026 08:24:45","0.65","4.11","14","On","12.863629,77.662442",
"12-Sep-2026 08:25:15","0.32","4.11","14.03","On","12.863628,77.662447",
"12-Sep-2026 08:25:45","0.68","4.11","14.03","On","12.863608,77.662454",
"12-Sep-2026 08:26:15","0.6","4.11","14","On","12.863646,77.662478",
"12-Sep-2026 08:26:45","0.3","4.11","13.98","On","12.863661,77.662486",
"12-Sep-2026 08:27:15","0.61","4.11","14","On","12.863647,77.662492",
"12-Sep-2026 08:27:45","1.27","4.11","14.03","On","12.86365,77.662479",
"12-Sep-2026 08:28:15","1.18","4.11","14.05","On","12.863656,77.662468",
"12-Sep-2026 08:28:45","1.23","4.11","14","On","12.863687,77.66246",
"12-Sep-2026 08:29:15","0.38","4.11","14","On","12.863704,77.66246",
"12-Sep-2026 08:29:45","0.14","4.11","14","On","12.863697,77.662469",
"12-Sep-2026 08:30:15","1.22","4.11","14.03","On","12.863668,77.662462",
"12-Sep-2026 08:30:45","1.39","4.11","13.95","On","12.863694,77.662474",
"12-Sep-2026 08:31:15","0.43","4.11","14","On","12.863692,77.66245",
"12-Sep-2026 08:31:45","0.24","4.11","14.03","On","12.863687,77.662449",
"12-Sep-2026 08:32:15","0.31","4.11","14.03","On","12.863701,77.66246",
"12-Sep-2026 08:32:45","0.98","4.11","14.03","On","12.863715,77.662454",
"12-Sep-2026 08:33:15","1.61","4.11","14.03","On","12.863729,77.662464",
"12-Sep-2026 08:33:45","0.07","4.11","14.05","On","12.863731,77.66246",
"12-Sep-2026 08:34:15","0.14","4.11","14.03","On","12.863751,77.662463",
"12-Sep-2026 08:34:45","0.27","4.11","14","On","12.863765,77.662457",
"12-Sep-2026 08:35:15","0.08","4.11","14.03","On","12.863771,77.662464",
"12-Sep-2026 08:35:45","0.83","4.11","14","On","12.863776,77.662474",
"12-Sep-2026 08:36:15","0.63","4.11","14.03","On","12.863786,77.662499",
"12-Sep-2026 08:36:45","0.26","4.11","14.05","On","12.863793,77.662503",
"12-Sep-2026 08:37:15","0.77","4.11","14.05","On","12.863781,77.662504",
"12-Sep-2026 08:37:45","0.75","4.11","14.07","On","12.863789,77.662523",
"12-Sep-2026 08:38:15","0.81","4.11","14.05","On","12.863771,77.662503",
"12-Sep-2026 08:38:45","0.81","4.11","14.05","On","12.863761,77.662496",
"12-Sep-2026 08:39:15","0.37","4.11","14.05","On","12.863763,77.662515",
"12-Sep-2026 08:39:45","0.64","4.11","14.05","On","12.863725,77.662506",
"12-Sep-2026 08:40:15","0.55","4.11","14.05","On","12.863724,77.662516",
"12-Sep-2026 08:40:45","1.16","4.11","14.05","On","12.863743,77.662516",
"12-Sep-2026 08:41:15","0.27","4.11","14.05","On","12.863737,77.662524",
"12-Sep-2026 08:41:45","1.67","4.11","14","On","12.863742,77.662516",
"12-Sep-2026 08:42:15","12.22","4.11","14","On","12.863729,77.662666",
"12-Sep-2026 08:42:16","12.22","4.11","14","On","12.863729,77.662666",
"12-Sep-2026 08:42:31","18.15","4.11","14","On","12.863513,77.662949",
"12-Sep-2026 08:42:36","3.06","4.11","14","On","12.863389,77.662936",
"12-Sep-2026 08:42:45","25.07","4.11","13.93","On","12.863134,77.662841",
"12-Sep-2026 08:42:51","18.01","4.11","13.93","On","12.862666,77.662697",
"12-Sep-2026 08:43:15","0.97","4.11","13.98","On","12.862417,77.662641",
"12-Sep-2026 08:43:45","0.5","4.11","14","On","12.862413,77.662639",
"12-Sep-2026 08:44:15","0.24","4.11","14","On","12.862399,77.662622",
"12-Sep-2026 08:44:26","0.72","4.11","14","On","12.862396,77.662606",
"12-Sep-2026 08:44:45","1.75","4.11","14.03","On","12.862379,77.662608",
"12-Sep-2026 08:45:15","1.11","4.11","14.05","On","12.862366,77.662614",
"12-Sep-2026 08:45:45","0.25","4.11","14.03","On","12.862366,77.662623",
"12-Sep-2026 08:46:15","0.86","4.11","14.03","On","12.862369,77.662627",
"12-Sep-2026 08:46:45","0.43","4.11","14.03","On","12.862362,77.662606",
"12-Sep-2026 08:47:15","0.41","4.11","13.95","On","12.862343,77.662546",
"12-Sep-2026 08:47:31","21.81","4.11","13.95","On","12.862581,77.662661",
"12-Sep-2026 08:47:45","16.65","4.11","13.98","On","12.863017,77.662806",
"12-Sep-2026 08:48:01","11.1","4.11","13.98","On","12.863535,77.662936",
"12-Sep-2026 08:48:11","13.34","4.11","13.98","On","12.863613,77.662705",
"12-Sep-2026 08:48:15","4.7","4.11","13.98","On","12.863651,77.662514",
"12-Sep-2026 08:48:21","2.39","4.11","13.98","On","12.863691,77.662477",
"12-Sep-2026 08:48:45","0.36","4.11","13.95","On","12.863658,77.662499",
"12-Sep-2026 08:49:15","1.86","4.11","13.95","On","12.863685,77.662524",
"12-Sep-2026 08:49:45","1.18","4.11","13.95","On","12.863731,77.662543",
"12-Sep-2026 08:50:15","0.76","4.11","13.98","On","12.863755,77.662544",
"12-Sep-2026 08:50:45","0.22","4.11","13.95","On","12.863789,77.662551",
"12-Sep-2026 08:51:15","0.84","4.11","13.98","On","12.863811,77.66257",
"12-Sep-2026 08:51:45","0.39","4.11","13.98","On","12.863853,77.662579",
"12-Sep-2026 08:52:15","1.15","4.11","13.98","On","12.863868,77.662588",
"12-Sep-2026 08:52:45","0.63","4.11","14","On","12.863877,77.662595",
"12-Sep-2026 08:53:15","1.57","4.11","13.98","On","12.863894,77.662599",
"12-Sep-2026 08:53:45","0.17","4.11","13.98","On","12.863882,77.662592",
"12-Sep-2026 08:54:15","0.18","4.11","14","On","12.863911,77.662607",
"12-Sep-2026 08:54:45","0.23","4.11","14","On","12.863903,77.662601",
"12-Sep-2026 08:55:15","0.38","4.11","13.98","On","12.863881,77.662593",
"12-Sep-2026 08:55:45","0.13","4.11","14","On","12.863871,77.662578",
"12-Sep-2026 08:56:15","0.28","4.11","13.98","On","12.863826,77.662559",
"12-Sep-2026 08:56:45","0.7","4.11","14","On","12.863789,77.662559",
"12-Sep-2026 08:57:15","0.34","4.11","14","On","12.863768,77.662571",
"12-Sep-2026 08:57:45","0.67","4.11","14","On","12.863742,77.662564",
"12-Sep-2026 08:58:15","0.88","4.11","14.03","On","12.863753,77.662568",
"12-Sep-2026 08:58:45","0.83","4.11","14","On","12.863765,77.662559",
"12-Sep-2026 08:59:15","0.33","4.11","14","On","12.863784,77.662544",
"12-Sep-2026 08:59:45","0.3","4.11","14","On","12.863811,77.662546",
"12-Sep-2026 09:00:15","1.97","4.11","14","On","12.863835,77.662555",
"12-Sep-2026 09:00:45","0.75","4.11","14.03","On","12.863834,77.66255",
"12-Sep-2026 09:01:15","1.1","4.11","14.03","On","12.863841,77.662605",
"12-Sep-2026 09:01:45","0.76","4.11","13.98","On","12.863798,77.662557",
"12-Sep-2026 09:02:15","0.95","4.11","13.98","On","12.86377,77.66255",
"12-Sep-2026 09:02:45","0.8","4.11","14.03","On","12.863737,77.662567",
"12-Sep-2026 09:03:15","1.25","4.11","14","On","12.86373,77.662549",
"12-Sep-2026 09:03:45","1.21","4.11","13.98","On","12.863717,77.662546",
"12-Sep-2026 09:04:15","0.23","4.11","13.95","On","12.863679,77.662542",
"12-Sep-2026 09:04:45","1.47","4.11","13.93","On","12.863638,77.66251",
"12-Sep-2026 09:05:15","0.46","4.11","13.95","On","12.86363,77.662508",
"12-Sep-2026 09:05:45","0.42","4.11","13.93","On","12.863665,77.66251",
"12-Sep-2026 09:06:15","0.65","4.11","13.93","On","12.863672,77.66251",
"12-Sep-2026 09:06:45","0.79","4.11","13.95","On","12.863665,77.662494",
"12-Sep-2026 09:07:15","15.45","4.11","13.95","On","12.863594,77.662631",
"12-Sep-2026 09:07:16","15.45","4.11","13.95","On","12.863594,77.662631",
"12-Sep-2026 09:07:26","14.29","4.11","13.95","On","12.863482,77.662933",
"12-Sep-2026 09:07:36","4.95","4.11","13.95","On","12.863293,77.662912",
"12-Sep-2026 09:07:45","26.74","4.11","13.95","On","12.862671,77.66271",
"12-Sep-2026 09:08:15","25.78","4.11","14","On","12.860891,77.661969",
"12-Sep-2026 09:08:36","13.91","4.11","14","On","12.860007,77.661501",
"12-Sep-2026 09:08:45","33.95","4.11","13.95","On","12.859585,77.661818",
"12-Sep-2026 09:09:15","29.74","4.11","13.98","On","12.858325,77.662653",
"12-Sep-2026 09:09:45","11.09","4.11","13.95","On","12.856367,77.664324",
"12-Sep-2026 09:09:56","9.54","4.11","13.95","On","12.856199,77.664349",
"12-Sep-2026 09:10:01","15.45","4.11","13.95","On","12.856222,77.664217",
"12-Sep-2026 09:10:15","47.86","4.11","14.03","On","12.857495,77.662955",
"12-Sep-2026 09:10:45","33.33","4.11","14","On","12.859899,77.661232",
"12-Sep-2026 09:11:15","45.53","4.11","13.95","On","12.862634,77.658988",
"12-Sep-2026 09:11:45","47.69","4.11","13.98","On","12.865305,77.656866",
"12-Sep-2026 09:12:15","38.03","4.11","14","On","12.86789,77.654757",
"12-Sep-2026 09:12:31","3.38","4.11","14","On","12.868688,77.654172",
"12-Sep-2026 09:12:45","8.96","4.11","13.95","On","12.868794,77.654081",
"12-Sep-2026 09:12:46","14.19","4.11","13.95","On","12.868895,77.65403",
"12-Sep-2026 09:13:15","4.19","4.11","13.95","On","12.869924,77.653149",
"12-Sep-2026 09:13:45","33.78","4.11","13.98","On","12.870696,77.652582",
"12-Sep-2026 09:14:15","36.24","4.11","13.98","On","12.872985,77.650777",
"12-Sep-2026 09:14:45","15.38","4.11","13.93","On","12.874855,77.649082",
"12-Sep-2026 09:14:51","16.37","4.11","13.93","On","12.874709,77.648959",
"12-Sep-2026 09:14:56","10.74","4.11","13.93","On","12.874692,77.648809",
"12-Sep-2026 09:15:15","26.91","4.11","13.95","On","12.874421,77.647393",
"12-Sep-2026 09:15:45","27.55","4.11","13.93","On","12.87401,77.645594",
"12-Sep-2026 09:16:15","23.77","4.11","13.98","On","12.87376,77.643805",
"12-Sep-2026 09:16:26","7.28","4.11","13.98","On","12.873675,77.643415",
"12-Sep-2026 09:16:45","0.96","4.11","13.95","On","12.873456,77.643346",
"12-Sep-2026 09:17:15","0.53","4.11","13.93","On","12.873449,77.64334",
"12-Sep-2026 09:17:31","14.23","4.11","13.93","On","12.873368,77.643316",
"12-Sep-2026 09:17:45","18.59","4.11","13.98","On","12.872834,77.64335",
"12-Sep-2026 09:17:51","4.17","4.11","13.98","On","12.872587,77.64336",
"12-Sep-2026 09:17:56","19.78","4.11","13.98","On","12.872455,77.643359",
"12-Sep-2026 09:18:15","8.43","4.11","13.98","On","12.871476,77.643379",
"12-Sep-2026 09:18:16","8.43","4.11","13.98","On","12.871476,77.643379",
"12-Sep-2026 09:18:26","22.65","4.11","13.98","On","12.871257,77.643581",
"12-Sep-2026 09:18:45","0.84","4.11","13.95","On","12.870695,77.643473",
"12-Sep-2026 09:19:15","2.56","4.11","14.03","On","12.870675,77.64345",
"12-Sep-2026 09:19:45","1.7","4.11","14.03","On","12.870666,77.643457",
"12-Sep-2026 09:19:56","5.83","4.11","14.03","On","12.870668,77.643455",
"12-Sep-2026 09:20:15","0.46","4.11","14.03","On","12.870675,77.643466",
"12-Sep-2026 09:20:45","0.14","4.11","14","On","12.870666,77.643441",
"12-Sep-2026 09:21:15","0.15","4.11","14.05","On","12.87066,77.643436",
"12-Sep-2026 09:21:45","2.45","4.11","13.98","On","12.870665,77.643443",
"12-Sep-2026 09:22:15","0.49","4.11","13.95","On","12.870669,77.643468",
"12-Sep-2026 09:22:45","0.42","4.11","13.93","On","12.870649,77.643494",
"12-Sep-2026 09:23:06","12.21","4.11","13.93","On","12.870578,77.643484",
"12-Sep-2026 09:23:11","14.54","4.11","13.93","On","12.870479,77.643433",
"12-Sep-2026 09:23:15","21.31","4.11","14","On","12.870491,77.643243",
"12-Sep-2026 09:23:16","21.83","4.11","14","On","12.870538,77.643026",
"12-Sep-2026 09:23:31","18.19","4.11","14","On","12.870738,77.642429",
"12-Sep-2026 09:23:45","15.35","4.11","13.98","On","12.871469,77.642627",
"12-Sep-2026 09:23:46","15.35","4.11","13.98","On","12.871469,77.642627",
"12-Sep-2026 09:23:51","12.49","4.11","13.98","On","12.87143,77.642785",
"12-Sep-2026 09:24:06","9.6","4.11","13.98","On","12.871416,77.643351",
"12-Sep-2026 09:24:15","17.72","4.11","13.95","On","12.871632,77.643348",
"12-Sep-2026 09:24:16","21.66","4.11","13.95","On","12.871851,77.643352",
"12-Sep-2026 09:24:21","18.12","4.11","13.95","On","12.872081,77.643351",
"12-Sep-2026 09:24:26","21.51","4.11","13.95","On","12.872299,77.643359",
"12-Sep-2026 09:24:36","24.96","4.11","13.95","On","12.872954,77.64335",
"12-Sep-2026 09:24:41","23.98","4.11","13.95","On","12.873197,77.643343",
"12-Sep-2026 09:24:45","20.4","4.11","13.98","On","12.873422,77.643306",
"12-Sep-2026 09:24:56","13.52","4.11","13.98","On","12.873667,77.643177",
"12-Sep-2026 09:25:15","26.15","4.11","14.05","On","12.873767,77.642447",
"12-Sep-2026 09:25:16","24.9","4.11","14.05","On","12.873867,77.642222",
"12-Sep-2026 09:25:45","29.05","4.11","14.05","On","12.874269,77.640606",
"12-Sep-2026 09:25:56","23.81","4.11","14.05","On","12.87469,77.6401",
"12-Sep-2026 09:26:15","23.54","4.11","14","On","12.875609,77.639815",
"12-Sep-2026 09:26:45","24.32","4.11","14","On","12.877163,77.639013",
"12-Sep-2026 09:26:56","30.92","4.11","14","On","12.877895,77.638469",
"12-Sep-2026 09:27:15","8.95","4.11","13.95","On","12.878399,77.637951",
"12-Sep-2026 09:27:16","14.36","4.11","13.95","On","12.87829,77.637929",
"12-Sep-2026 09:27:45","0.44","4.11","13.95","On","12.877724,77.637765",
"12-Sep-2026 09:28:15","0.2","4.11","14","On","12.877691,77.637753",
"12-Sep-2026 09:28:45","0.54","4.11","13.98","On","12.877677,77.637734",
"12-Sep-2026 09:29:15","0.23","4.11","13.98","On","12.877672,77.637749",
"12-Sep-2026 09:29:45","0.64","4.11","14","On","12.877679,77.63775",
"12-Sep-2026 09:30:15","0.6","4.11","13.98","On","12.877667,77.637741",
"12-Sep-2026 09:30:45","0.15","4.11","14","On","12.87767,77.63774",
"12-Sep-2026 09:31:15","0.13","4.11","14","On","12.877664,77.637751",
"12-Sep-2026 09:31:45","0.58","4.11","13.98","On","12.877664,77.637757",
"12-Sep-2026 09:32:15","0.64","4.11","14","On","12.87765,77.637742",
"12-Sep-2026 09:32:45","0.46","4.11","14.03","On","12.877638,77.637743",
"12-Sep-2026 09:33:15","0.44","4.11","14.05","On","12.877632,77.637756",
"12-Sep-2026 09:33:45","0.79","4.11","14","On","12.877636,77.63776",
"12-Sep-2026 09:34:15","0.8","4.11","14.03","On","12.87764,77.637747",
"12-Sep-2026 09:34:45","0.46","4.11","14","On","12.877645,77.637746",
"12-Sep-2026 09:35:15","0.38","4.11","14","On","12.877647,77.637728",
"12-Sep-2026 09:35:45","0.12","4.11","14.03","On","12.877659,77.637702",
"12-Sep-2026 09:36:15","0.41","4.11","14.03","On","12.87765,77.637682",
"12-Sep-2026 09:36:45","0.41","4.11","14","On","12.877639,77.637697",
"12-Sep-2026 09:37:15","0.33","4.11","14.03","On","12.877624,77.637719",
"12-Sep-2026 09:37:45","0.89","4.11","14","On","12.877642,77.637742",
"12-Sep-2026 09:38:15","0.25","4.11","14","On","12.877626,77.637742",
"12-Sep-2026 09:38:31","3.7","4.11","14","On","12.877608,77.637707",
"12-Sep-2026 09:38:45","14.22","4.11","13.98","On","12.87782,77.637791",
"12-Sep-2026 09:38:46","14.22","4.11","13.98","On","12.87782,77.637791",
"12-Sep-2026 09:39:06","13.04","4.11","13.98","On","12.878519,77.637915",
"12-Sep-2026 09:39:15","13.08","4.11","13.93","On","12.878778,77.637784",
"12-Sep-2026 09:39:21","26.12","4.11","13.93","On","12.878971,77.638084",
"12-Sep-2026 09:39:45","9.28","4.11","13.95","On","12.879466,77.639444",
"12-Sep-2026 09:40:15","21.23","4.11","13.98","On","12.880042,77.641125",
"12-Sep-2026 09:40:41","16.22","4.11","13.98","On","12.880401,77.641759",
"12-Sep-2026 09:40:45","15.33","4.11","13.98","On","12.880547,77.641672",
"12-Sep-2026 09:41:15","0.06","4.11","13.98","On","12.880987,77.641422",
"12-Sep-2026 09:41:45","0.25","4.11","14.03","On","12.881017,77.641434",
"12-Sep-2026 09:42:15","0.35","4.11","13.98","On","12.881023,77.641403",
"12-Sep-2026 09:42:45","0.11","4.11","14.03","On","12.881062,77.641411",
"12-Sep-2026 09:43:15","0.33","4.11","14.03","On","12.881064,77.641421",
"12-Sep-2026 09:43:45","0.44","4.11","14.07","On","12.881071,77.641435",
"12-Sep-2026 09:44:15","0.87","4.11","14.07","On","12.881073,77.641427",
"12-Sep-2026 09:44:45","0.21","4.11","14.07","On","12.881072,77.641428",
"12-Sep-2026 09:45:15","0.2","4.11","14.07","On","12.881074,77.64142",
"12-Sep-2026 09:45:45","0.2","4.11","14.05","On","12.881076,77.641425",
"12-Sep-2026 09:46:15","0.32","4.11","14.05","On","12.881066,77.641422",
"12-Sep-2026 09:46:45","0.17","4.11","14.07","On","12.881055,77.64142",
"12-Sep-2026 09:47:15","0.25","4.11","14.1","On","12.881061,77.641434",
"12-Sep-2026 09:47:45","0.33","4.11","14.07","On","12.881072,77.641459",
"12-Sep-2026 09:48:15","0.35","4.11","14.07","On","12.88108,77.641463",
"12-Sep-2026 09:48:45","0.63","4.11","14.07","On","12.881087,77.641462",
"12-Sep-2026 09:49:15","0.44","4.11","14.05","On","12.881094,77.641471",
"12-Sep-2026 09:49:45","0.42","4.11","14.05","On","12.881111,77.641481",
"12-Sep-2026 09:50:15","0.19","4.11","14.03","On","12.881116,77.64149",
"12-Sep-2026 09:50:45","0.02","4.11","14.07","On","12.881098,77.641472",
"12-Sep-2026 09:51:15","0.4","4.11","14","On","12.88109,77.641465",
"12-Sep-2026 09:51:45","0.19","4.11","14.05","On","12.881101,77.641473",
"12-Sep-2026 09:52:15","0.21","4.11","14.03","On","12.881091,77.64145",
"12-Sep-2026 09:52:45","0.73","4.11","14.03","On","12.881083,77.641435",
"12-Sep-2026 09:53:15","0.3","4.11","14.05","On","12.881073,77.64143",
"12-Sep-2026 09:53:45","0.33","4.11","14.05","On","12.881068,77.641421",
"12-Sep-2026 09:54:15","0.15","4.11","14.03","On","12.881066,77.641416",
"12-Sep-2026 09:54:45","0.07","4.11","14.03","On","12.881069,77.641408",
"12-Sep-2026 09:55:15","0.24","4.11","14.03","On","12.881076,77.641401",
"12-Sep-2026 09:55:45","0.4","4.11","14.03","On","12.881077,77.641394",
"12-Sep-2026 09:56:15","0.25","4.11","14.03","On","12.881074,77.641386",
"12-Sep-2026 09:56:45","0.36","4.11","14.03","On","12.881086,77.641407",
"12-Sep-2026 09:57:15","0.18","4.11","14.05","On","12.881091,77.641399",
"12-Sep-2026 09:57:45","0.21","4.11","14.05","On","12.881085,77.641402",
"12-Sep-2026 09:58:15","0.14","4.11","14.03","On","12.881101,77.641409",
"12-Sep-2026 09:58:45","24.23","4.11","14.07","On","12.881391,77.641278",
"12-Sep-2026 09:59:06","12.29","4.11","14.07","On","12.882423,77.640688",
"12-Sep-2026 09:59:15","4.4","4.11","13.98","On","12.882536,77.641023",
"12-Sep-2026 09:59:16","4.4","4.11","13.98","On","12.882536,77.641023",
"12-Sep-2026 09:59:21","18.26","4.11","13.98","On","12.882634,77.640979",
"12-Sep-2026 09:59:31","32.69","4.11","13.98","On","12.883477,77.64064",
"12-Sep-2026 09:59:45","15.69","4.11","13.98","On","12.883914,77.640575",
"12-Sep-2026 09:59:46","15.69","4.11","13.98","On","12.883914,77.640575",
"12-Sep-2026 09:59:51","13.35","4.11","13.98","On","12.884054,77.640767",
"12-Sep-2026 10:00:15","28.34","4.11","14","On","12.884638,77.642174",
"12-Sep-2026 10:00:21","11.13","4.11","14","On","12.884741,77.642295",
"12-Sep-2026 10:00:26","10","4.11","14","On","12.884859,77.64224",
"12-Sep-2026 10:00:45","35.56","4.11","13.98","On","12.886106,77.641445",
"12-Sep-2026 10:01:15","25.08","4.11","13.98","On","12.887445,77.640629",
"12-Sep-2026 10:01:45","21.6","4.11","13.98","On","12.888758,77.639778",
"12-Sep-2026 10:02:01","12.83","4.11","13.98","On","12.889248,77.639349",
"12-Sep-2026 10:02:06","5.92","4.11","13.98","On","12.889284,77.639305",
"12-Sep-2026 10:02:15","16.32","4.11","14.03","On","12.889647,77.63908",
"12-Sep-2026 10:02:41","19.14","4.11","14.03","On","12.890369,77.63852",
"12-Sep-2026 10:02:45","14.44","4.11","13.95","On","12.890374,77.638374",
"12-Sep-2026 10:02:51","0.26","4.11","13.95","On","12.890387,77.638333",
"12-Sep-2026 10:03:15","0.17","4.11","13.95","On","12.890403,77.638268",
"12-Sep-2026 10:03:45","0.19","4.11","13.95","On","12.890403,77.638266",
"12-Sep-2026 10:04:15","0.13","4.11","13.95","On","12.890402,77.638226",
"12-Sep-2026 10:04:36","12.38","4.11","13.95","On","12.89033,77.637952",
"12-Sep-2026 10:04:45","19.51","4.11","13.98","On","12.890014,77.637901",
"12-Sep-2026 10:04:56","15.76","4.11","13.98","On","12.889628,77.637835",
"12-Sep-2026 10:05:01","13.45","4.11","13.98","On","12.889647,77.637682",
"12-Sep-2026 10:05:15","13.83","4.11","13.98","On","12.889733,77.637377",
"12-Sep-2026 10:05:45","0.38","4.11","14.03","On","12.889811,77.637012",
"12-Sep-2026 10:06:15","0.22","4.11","14.05","On","12.889823,77.637012",
"12-Sep-2026 10:06:45","1.06","4.11","14.03","On","12.889847,77.637023",
"12-Sep-2026 10:06:56","1.06","4.11","14.03","On","12.889833,77.637022",
"12-Sep-2026 10:07:15","0.21","4.11","14.05","On","12.889837,77.637016",
"12-Sep-2026 10:07:45","0.49","4.11","14.03","On","12.88983,77.637017",
"12-Sep-2026 10:08:15","0.49","4.11","14.07","On","12.889798,77.63701",
"12-Sep-2026 10:08:45","0.58","4.11","14.05","On","12.889805,77.637002",
"12-Sep-2026 10:09:15","1.36","4.11","14.03","On","12.889809,77.63698",
"12-Sep-2026 10:09:45","0.39","4.11","14.07","On","12.889782,77.636939",
"12-Sep-2026 10:10:15","0.77","4.11","14.07","On","12.889808,77.636948",
"12-Sep-2026 10:10:45","0.22","4.11","14.07","On","12.889803,77.636951",
"12-Sep-2026 10:11:15","1.11","4.11","14.07","On","12.889783,77.636951",
"12-Sep-2026 10:11:45","1.61","4.11","13.98","On","12.88974,77.636915",
"12-Sep-2026 10:12:15","1","4.11","13.95","On","12.889725,77.636884",
"12-Sep-2026 10:12:45","0.77","4.11","13.98","On","12.889711,77.636889",
"12-Sep-2026 10:13:15","0.48","4.11","13.98","On","12.889687,77.636864",
"12-Sep-2026 10:13:45","3.69","4.11","13.98","On","12.88968,77.636875",
"12-Sep-2026 10:14:15","1.44","4.11","13.95","On","12.889643,77.636841",
"12-Sep-2026 10:14:45","1.29","4.11","13.95","On","12.889654,77.636854",
"12-Sep-2026 10:15:15","1.05","4.11","13.95","On","12.889703,77.63687",
"12-Sep-2026 10:15:45","1.85","4.11","13.95","On","12.889693,77.636884",
"12-Sep-2026 10:16:15","0.91","4.11","13.98","On","12.889669,77.636901",
"12-Sep-2026 10:16:45","3.38","4.11","14","On","12.889674,77.63691",
"12-Sep-2026 10:17:15","1.04","4.11","13.95","On","12.889677,77.636886",
"12-Sep-2026 10:17:45","8.93","4.11","13.98","On","12.8897,77.636776",
"12-Sep-2026 10:18:01","15.88","4.11","13.98","On","12.889844,77.636456",
"12-Sep-2026 10:18:06","14.85","4.11","13.98","On","12.889946,77.636349",
"12-Sep-2026 10:18:11","12.96","4.11","13.98","On","12.890095,77.636386",
"12-Sep-2026 10:18:15","7.03","4.11","13.98","On","12.890187,77.636424",
"12-Sep-2026 10:18:31","4.97","4.11","13.98","On","12.890702,77.636568",
"12-Sep-2026 10:18:36","14.06","4.11","13.98","On","12.890761,77.636602",
"12-Sep-2026 10:18:41","2.76","4.11","13.98","On","12.890769,77.636852",
"12-Sep-2026 10:18:45","13.1","4.11","13.98","On","12.890747,77.636919",
"12-Sep-2026 10:18:46","13.1","4.11","13.98","On","12.890747,77.636919",
"12-Sep-2026 10:19:15","18.1","4.11","14.03","On","12.890524,77.637788",
"12-Sep-2026 10:19:45","10.07","4.11","13.98","On","12.890448,77.638639",
"12-Sep-2026 10:19:46","10.07","4.11","13.98","On","12.890448,77.638639",
"12-Sep-2026 10:19:51","10.43","4.11","13.98","On","12.890535,77.63867",
"12-Sep-2026 10:20:15","31.94","4.11","14","On","12.891245,77.638323",
"12-Sep-2026 10:20:45","22.06","4.11","14","On","12.893517,77.636943",
"12-Sep-2026 10:21:06","6.01","4.11","14","On","12.8942,77.636573",
"12-Sep-2026 10:21:15","7.67","4.11","13.98","On","12.894346,77.636464",
"12-Sep-2026 10:21:45","5.76","4.11","13.93","On","12.895096,77.635951",
"12-Sep-2026 10:22:01","12.84","4.11","13.93","On","12.895114,77.635758",
"12-Sep-2026 10:22:15","21.14","4.11","13.98","On","12.895046,77.635249",
"12-Sep-2026 10:22:26","16.29","4.11","13.98","On","12.894841,77.634559",
"12-Sep-2026 10:22:31","11.92","4.11","13.98","On","12.894753,77.634484",
"12-Sep-2026 10:22:45","8.82","4.11","14","On","12.894559,77.6344",
"12-Sep-2026 10:23:15","6.17","4.11","14","On","12.893683,77.634001",
"12-Sep-2026 10:23:16","6.17","4.11","14","On","12.893683,77.634001",
"12-Sep-2026 10:23:36","15.35","4.11","14","On","12.893621,77.63373",
"12-Sep-2026 10:23:45","2.22","4.11","13.98","On","12.893657,77.633617",
"12-Sep-2026 10:24:11","23.95","4.11","13.98","On","12.89387,77.632728",
"12-Sep-2026 10:24:15","25.38","4.11","13.98","On","12.89383,77.632497",
"12-Sep-2026 10:24:41","6.08","4.11","13.98","On","12.893689,77.631823",
"12-Sep-2026 10:24:45","14.25","4.11","13.98","On","12.893593,77.631793",
"12-Sep-2026 10:25:15","10.53","4.11","13.98","On","12.892611,77.631433",
"12-Sep-2026 10:25:16","10.53","4.11","13.98","On","12.892611,77.631433",
"12-Sep-2026 10:25:45","22.47","4.11","14.03","On","12.892632,77.630141",
"12-Sep-2026 10:26:01","4.99","4.11","14.03","On","12.892784,77.62949",
"12-Sep-2026 10:26:15","11.09","4.11","14","On","12.892918,77.628804",
"12-Sep-2026 10:26:21","13.16","4.11","14","On","12.892998,77.628749",
"12-Sep-2026 10:26:31","9.44","4.11","14","On","12.893308,77.628735",
"12-Sep-2026 10:26:45","11.3","4.11","14","On","12.893322,77.628292",
"12-Sep-2026 10:27:15","9.91","4.11","14.03","On","12.893339,77.627132",
"12-Sep-2026 10:27:45","0.36","4.11","14","On","12.893354,77.626737",
"12-Sep-2026 10:28:15","0.09","4.11","14","On","12.893358,77.626721",
"12-Sep-2026 10:28:45","0.13","4.11","14","On","12.893367,77.626718",
"12-Sep-2026 10:29:15","0.31","4.11","14","On","12.893378,77.626714",
"12-Sep-2026 10:29:45","0.26","4.11","14.05","On","12.893386,77.626719",
"12-Sep-2026 10:30:15","0.38","4.11","14.03","On","12.893382,77.626723",
"12-Sep-2026 10:30:45","0.33","4.11","14.03","On","12.893391,77.626724",
"12-Sep-2026 10:31:15","0.37","4.11","14","On","12.893389,77.626727",
"12-Sep-2026 10:31:45","0.37","4.11","14.03","On","12.893388,77.626723",
"12-Sep-2026 10:32:15","0.17","4.11","14.03","On","12.893377,77.626714",
"12-Sep-2026 10:32:45","0.23","4.11","14.03","On","12.893379,77.62672",
"12-Sep-2026 10:33:15","0.23","4.11","14.03","On","12.893367,77.626733",
"12-Sep-2026 10:33:45","0.59","4.11","13.93","On","12.893372,77.626739",
"12-Sep-2026 10:34:15","0.61","4.11","13.95","On","12.893374,77.626291",
"12-Sep-2026 10:34:45","2.98","4.11","13.98","On","12.893352,77.62591",
"12-Sep-2026 10:34:51","18.94","4.11","13.98","On","12.893112,77.625908",
"12-Sep-2026 10:35:15","11.61","4.11","14","On","12.892201,77.625927",
"12-Sep-2026 10:35:45","18.26","4.11","14","On","12.891177,77.625887",
"12-Sep-2026 10:36:15","12.53","4.11","13.98","On","12.889681,77.625754",
"12-Sep-2026 10:36:45","8.88","4.11","13.98","On","12.888902,77.625678",
"12-Sep-2026 10:36:46","8.88","4.11","13.98","On","12.888902,77.625678",
"12-Sep-2026 10:37:15","14.42","4.11","13.98","On","12.888331,77.625601",
"12-Sep-2026 10:37:45","7.83","4.11","14","On","12.887176,77.62557",
"12-Sep-2026 10:38:15","8.98","4.11","13.98","On","12.885748,77.625314",
"12-Sep-2026 10:38:45","0.26","4.11","13.98","On","12.885015,77.625099",
"12-Sep-2026 10:39:15","1.11","4.11","13.93","On","12.884541,77.62496",
"12-Sep-2026 10:39:21","13.53","4.11","13.93","On","12.884526,77.625028",
"12-Sep-2026 10:39:45","5.82","4.11","14","On","12.884315,77.626061",
"12-Sep-2026 10:40:15","21.92","4.11","14","On","12.883964,77.628025",
"12-Sep-2026 10:40:26","9.1","4.11","14","On","12.883921,77.628261",
"12-Sep-2026 10:40:36","17.53","4.11","14","On","12.884275,77.628321",
"12-Sep-2026 10:40:45","7.46","4.11","13.98","On","12.884701,77.628394",
"12-Sep-2026 10:40:51","7.66","4.11","13.98","On","12.884777,77.628622",
"12-Sep-2026 10:41:15","5.25","4.11","13.95","On","12.884586,77.629007",
"12-Sep-2026 10:41:45","0.56","4.11","13.98","On","12.884389,77.628979",
"12-Sep-2026 10:42:15","0.06","4.11","13.95","On","12.884365,77.629003",
"12-Sep-2026 10:42:45","0.64","4.11","13.95","On","12.884355,77.628998",
"12-Sep-2026 10:43:15","1.02","4.11","13.93","On","12.884348,77.62898",
"12-Sep-2026 10:43:45","0.92","4.11","13.93","On","12.884339,77.628994",
"12-Sep-2026 10:44:15","0.15","4.11","13.91","On","12.884326,77.629018",
"12-Sep-2026 10:44:45","2.94","4.11","13.95","On","12.884386,77.629082",
"12-Sep-2026 10:45:15","3.47","4.11","13.93","On","12.884611,77.6291",
"12-Sep-2026 10:45:31","19.2","4.11","13.93","On","12.884726,77.628811",
"12-Sep-2026 10:45:36","6.24","4.11","13.93","On","12.884764,77.628557",
"12-Sep-2026 10:45:41","12.76","4.11","13.93","On","12.884662,77.628537",
"12-Sep-2026 10:45:45","26.15","4.11","14","On","12.884451,77.628483",
"12-Sep-2026 10:45:56","11.64","4.11","14","On","12.883921,77.628355",
"12-Sep-2026 10:46:01","5.89","4.11","14","On","12.88392,77.628255",
"12-Sep-2026 10:46:15","10.76","4.11","13.98","On","12.884025,77.627641",
"12-Sep-2026 10:46:45","20.25","4.11","14","On","12.884325,77.625978",
"12-Sep-2026 10:46:51","22.47","4.11","14","On","12.88437,77.625709",
"12-Sep-2026 10:47:06","1.65","4.11","14","On","12.884496,77.625015",
"12-Sep-2026 10:47:11","17.9","4.11","14","On","12.884369,77.624966",
"12-Sep-2026 10:47:15","20.57","4.11","14","On","12.884152,77.624936",
"12-Sep-2026 10:47:45","27.25","4.11","14","On","12.88294,77.624842",
"12-Sep-2026 10:48:15","21.79","4.11","14","On","12.88145,77.624726",
"12-Sep-2026 10:48:45","15.69","4.11","14","On","12.879867,77.624571",
"12-Sep-2026 10:48:56","10.82","4.11","14","On","12.879614,77.624459",
"12-Sep-2026 10:49:11","15.84","4.11","14","On","12.8795,77.624052",
"12-Sep-2026 10:49:15","15.7","4.11","14.03","On","12.879333,77.624042",
"12-Sep-2026 10:49:21","14.78","4.11","14.03","On","12.879179,77.623899",
"12-Sep-2026 10:49:45","19.19","4.11","14","On","12.879233,77.622918",
"12-Sep-2026 10:50:15","23.29","4.11","14.03","On","12.879382,77.620959",
"12-Sep-2026 10:50:41","9.46","4.11","14.03","On","12.87942,77.619691",
"12-Sep-2026 10:50:45","8.15","4.11","14.03","On","12.879315,77.619676",
"12-Sep-2026 10:51:06","10.67","4.11","14.03","On","12.878034,77.619506",
"12-Sep-2026 10:51:11","19.46","4.11","14.03","On","12.878028,77.619351",
"12-Sep-2026 10:51:15","4.74","4.11","14","On","12.878027,77.619237",
"12-Sep-2026 10:51:16","4.74","4.11","14","On","12.878027,77.619237",
"12-Sep-2026 10:51:31","14.06","4.11","14","On","12.87756,77.618953",
"12-Sep-2026 10:51:45","16.59","4.11","13.98","On","12.877377,77.618272",
"12-Sep-2026 10:51:46","16.59","4.11","13.98","On","12.877377,77.618272",
"12-Sep-2026 10:51:56","25.51","4.11","13.98","On","12.876911,77.618038",
"12-Sep-2026 10:52:11","7.88","4.11","13.98","On","12.876279,77.617729",
"12-Sep-2026 10:52:15","7.83","4.11","13.95","On","12.876159,77.617668",
"12-Sep-2026 10:52:21","15.82","4.11","13.95","On","12.875896,77.617717",
"12-Sep-2026 10:52:45","30.72","4.11","13.98","On","12.874935,77.618458",
"12-Sep-2026 10:52:46","30.72","4.11","13.98","On","12.874935,77.618458",
"12-Sep-2026 10:53:11","9.54","4.11","13.98","On","12.874679,77.619916",
"12-Sep-2026 10:53:15","8.49","4.11","13.95","On","12.874686,77.619882",
"12-Sep-2026 10:53:26","13","4.11","13.95","On","12.87448,77.619562",
"12-Sep-2026 10:53:45","0.9","4.11","14","On","12.874286,77.619503",
"12-Sep-2026 10:54:15","0.59","4.11","14.05","On","12.874286,77.619499",
"12-Sep-2026 10:54:45","0.1","4.11","14","On","12.874295,77.619492",
"12-Sep-2026 10:55:15","0.08","4.11","14","On","12.87428,77.619506",
"12-Sep-2026 10:55:45","0.48","4.11","14.03","On","12.874273,77.619514",
"12-Sep-2026 10:56:15","0.48","4.11","14.05","On","12.874281,77.619512",
"12-Sep-2026 10:56:45","0.11","4.11","14","On","12.874289,77.619512",
"12-Sep-2026 10:57:15","0.19","4.11","14.03","On","12.874294,77.619498",
"12-Sep-2026 10:57:45","0.08","4.11","14","On","12.8743,77.619474",
"12-Sep-2026 10:58:15","0.08","4.11","14.03","On","12.874298,77.619481",
"12-Sep-2026 10:58:45","0.43","4.11","14.03","On","12.874285,77.619493",
"12-Sep-2026 10:59:15","0.11","4.11","13.98","On","12.874287,77.619488",
"12-Sep-2026 10:59:45","0.68","4.11","14.03","On","12.874285,77.619496",
"12-Sep-2026 11:00:15","0.28","4.11","14.03","On","12.874285,77.61949",
"12-Sep-2026 11:00:45","0.14","4.11","14.03","On","12.874287,77.619492",
"12-Sep-2026 11:01:15","0.12","4.11","14.03","On","12.87428,77.619491",
"12-Sep-2026 11:01:45","0.29","4.11","14.05","On","12.87428,77.619494",
"12-Sep-2026 11:02:15","0.19","4.11","14.03","On","12.874277,77.619502",
"12-Sep-2026 11:02:45","0.17","4.11","14.05","On","12.874277,77.619513",
"12-Sep-2026 11:03:15","0.23","4.11","14.03","On","12.874274,77.619521",
"12-Sep-2026 11:03:45","0.36","4.11","14","On","12.874275,77.619512",
"12-Sep-2026 11:04:00","4.72","4.11","14","On","12.874264,77.619516",
"12-Sep-2026 11:04:15","6.91","4.11","13.98","On","12.874453,77.619466",
"12-Sep-2026 11:04:25","26.01","4.11","13.98","On","12.874543,77.619203",
"12-Sep-2026 11:04:45","4.37","4.11","13.98","On","12.874489,77.618616",
"12-Sep-2026 11:04:45","4.37","4.11","14","On","12.874489,77.618616",
"12-Sep-2026 11:04:50","19.43","4.11","14","On","12.874426,77.618137",
"12-Sep-2026 11:05:00","22.85","4.11","14","On","12.874329,77.617908",
"12-Sep-2026 11:05:05","35.04","4.11","14","On","12.874003,77.617824",
"12-Sep-2026 11:05:15","30.63","4.11","14","On","12.873447,77.617668",
"12-Sep-2026 11:05:30","26.06","4.11","14","On","12.872868,77.617873",
"12-Sep-2026 11:05:45","5.25","4.11","14","On","12.872818,77.618438",
"12-Sep-2026 11:05:45","5.25","4.11","13.98","On","12.872818,77.618438",
"12-Sep-2026 11:06:15","1.78","4.11","13.98","On","12.87303,77.618425",
"12-Sep-2026 11:06:45","1.31","4.11","13.95","On","12.873043,77.618432",
"12-Sep-2026 11:07:15","2.53","4.11","14","On","12.873081,77.618332",
"12-Sep-2026 11:07:45","0.5","4.11","14.03","On","12.873133,77.618307",
"12-Sep-2026 11:08:15","1.48","4.11","14.03","On","12.873205,77.618365",
"12-Sep-2026 11:08:45","1.04","4.11","14","On","12.873141,77.618383",
"12-Sep-2026 11:09:15","1.56","4.11","14","On","12.873128,77.618408",
"12-Sep-2026 11:09:45","1.83","4.11","14.03","On","12.873115,77.61839",
"12-Sep-2026 11:10:15","5.48","4.11","14","On","12.873024,77.618404",
"12-Sep-2026 11:10:45","1.97","4.11","14.05","On","12.87305,77.618386",
"12-Sep-2026 11:11:15","3.82","4.11","14.03","On","12.873036,77.618379",
"12-Sep-2026 11:11:45","1.16","4.11","14.03","On","12.873044,77.618306",
"12-Sep-2026 11:12:15","2.2","4.11","14","On","12.873038,77.618297",
"12-Sep-2026 11:12:20","11.51","4.11","14","On","12.873063,77.61828",
"12-Sep-2026 11:12:25","1.16","4.11","14","On","12.873098,77.618216",
"12-Sep-2026 11:12:35","24.19","4.11","14","On","12.873085,77.618478",
"12-Sep-2026 11:12:45","0.47","4.11","13.98","On","12.872992,77.618914",
"12-Sep-2026 11:12:55","17.9","4.11","13.98","On","12.873426,77.619197",
"12-Sep-2026 11:13:10","22.27","4.11","13.98","On","12.873701,77.619239",
"12-Sep-2026 11:13:15","12.09","4.11","13.98","On","12.874157,77.619347",
"12-Sep-2026 11:13:15","12.09","4.11","13.98","On","12.874157,77.619347",
"12-Sep-2026 11:13:25","8.04","4.11","13.98","On","12.874361,77.61939",
"12-Sep-2026 11:13:45","12.42","4.11","13.98","On","12.874724,77.619246",
"12-Sep-2026 11:13:45","12.42","4.11","14","On","12.874724,77.619246",
"12-Sep-2026 11:14:10","6.3","4.11","14","On","12.874942,77.61819",
"12-Sep-2026 11:14:15","20.91","4.11","14","On","12.875105,77.618052",
"12-Sep-2026 11:14:20","29.27","4.11","14","On","12.875331,77.617927",
"12-Sep-2026 11:14:30","21.23","4.11","14","On","12.875825,77.617604",
"12-Sep-2026 11:14:35","12.33","4.11","14","On","12.875963,77.617278",
"12-Sep-2026 11:14:45","7.7","4.11","14","On","12.87599,77.617021",
"12-Sep-2026 11:14:50","5.81","4.11","14","On","12.875948,77.616989",
"12-Sep-2026 11:15:15","12.79","4.11","14","On","12.874453,77.616835",
"12-Sep-2026 11:15:15","12.79","4.11","13.98","On","12.874453,77.616835",
"12-Sep-2026 11:15:20","9.58","4.11","13.98","On","12.874413,77.616916",
"12-Sep-2026 11:15:45","7.21","4.11","13.95","On","12.874403,77.617135",
"12-Sep-2026 11:16:00","13.52","4.11","13.95","On","12.874427,77.617044",
"12-Sep-2026 11:16:15","0.06","4.11","13.98","On","12.874454,77.616941",
"12-Sep-2026 11:16:45","0.22","4.11","14.05","On","12.874448,77.616941",
"12-Sep-2026 11:17:15","0.16","4.11","14.05","On","12.874445,77.616942",
"12-Sep-2026 11:17:45","0.31","4.11","14.03","On","12.874465,77.616949",
"12-Sep-2026 11:18:15","1.13","4.11","14.05","On","12.874463,77.616946",
"12-Sep-2026 11:18:45","0.2","4.11","14.05","On","12.874468,77.616944",
"12-Sep-2026 11:19:15","0.37","4.11","14.05","On","12.874463,77.616938",
"12-Sep-2026 11:19:45","0.37","4.11","14.05","On","12.874466,77.616921",
"12-Sep-2026 11:20:15","0.09","4.11","14.05","On","12.874456,77.616907",
"12-Sep-2026 11:20:45","0.45","4.11","14.05","On","12.874472,77.616896",
"12-Sep-2026 11:21:15","0.79","4.11","14.1","On","12.874482,77.616895",
"12-Sep-2026 11:21:45","0.26","4.11","14.1","On","12.874498,77.616905",
"12-Sep-2026 11:22:15","0.41","4.11","14.1","On","12.874519,77.616903",
"12-Sep-2026 11:22:45","0.97","4.11","14.1","On","12.874564,77.616909",
"12-Sep-2026 11:23:15","0.47","4.11","14.05","On","12.874591,77.616923",
"12-Sep-2026 11:23:45","0.22","4.11","14.07","On","12.874565,77.616932",
"12-Sep-2026 11:24:15","0.26","4.11","14.1","On","12.874537,77.616919",
"12-Sep-2026 11:24:45","0.12","4.11","14.07","On","12.874533,77.61691",
"12-Sep-2026 11:25:15","0.34","4.11","14.1","On","12.874537,77.616916",
"12-Sep-2026 11:25:45","0.23","4.11","14.1","On","12.874553,77.616917",
"12-Sep-2026 11:26:15","0.25","4.11","14.07","On","12.874545,77.61691",
"12-Sep-2026 11:26:45","0.2","4.11","14.07","On","12.874518,77.616897",
"12-Sep-2026 11:27:15","0.2","4.11","14.1","On","12.874509,77.616905",
"12-Sep-2026 11:27:45","0.14","4.11","14.1","On","12.874489,77.61691",
"12-Sep-2026 11:28:15","0.13","4.11","14.1","On","12.874481,77.616921",
"12-Sep-2026 11:28:45","0.2","4.11","14.07","On","12.874478,77.616922",
"12-Sep-2026 11:29:15","0.21","4.11","14.07","On","12.874487,77.616926",
"12-Sep-2026 11:29:45","0.01","4.11","14.1","On","12.874481,77.616925",
"12-Sep-2026 11:30:15","0.13","4.11","14.1","On","12.874474,77.616927",
"12-Sep-2026 11:30:45","0.27","4.11","14.12","On","12.874485,77.616927",
"12-Sep-2026 11:31:15","0.6","4.11","14.1","On","12.874486,77.616936",
"12-Sep-2026 11:31:45","0.28","4.11","14.1","On","12.874498,77.616936",
"12-Sep-2026 11:32:15","0.42","4.11","14.1","On","12.8745,77.616938",
"12-Sep-2026 11:32:45","0.23","4.11","14.07","On","12.874504,77.616943",
"12-Sep-2026 11:33:15","0.34","4.11","14.1","On","12.874492,77.616953",
"12-Sep-2026 11:33:45","0.61","4.11","14.1","On","12.874499,77.616961",
"12-Sep-2026 11:34:15","0.4","4.11","14.1","On","12.874522,77.616962",
"12-Sep-2026 11:34:45","0.24","4.11","14.1","On","12.87453,77.616957",
"12-Sep-2026 11:35:15","0.05","4.11","14.07","On","12.874547,77.616962",
"12-Sep-2026 11:35:45","0.17","4.11","14.05","On","12.874547,77.616955",
"12-Sep-2026 11:36:15","0.05","4.11","14.07","On","12.874543,77.616961",
"12-Sep-2026 11:36:45","0.29","4.11","14.07","On","12.874538,77.616943",
"12-Sep-2026 11:37:15","0.29","4.11","14.05","On","12.874528,77.616942",
"12-Sep-2026 11:37:45","0.81","4.11","13.98","On","12.874526,77.616932",
"12-Sep-2026 11:38:00","4.29","4.11","13.98","On","12.874553,77.616912",
"12-Sep-2026 11:38:15","1.2","4.11","13.98","On","12.874546,77.616873",
"12-Sep-2026 11:38:45","0.38","4.11","13.57","Off","12.874524,77.616876",
"12-Sep-2026 11:39:15","0.21","4.11","13.38","Off","12.874517,77.616873",
"12-Sep-2026 11:39:45","0.36","4.11","13.33","Off","12.87451,77.616866",
"12-Sep-2026 11:40:00","0.36","4.11","13.3","Off","12.87451,77.616866",
"12-Sep-2026 11:40:45","0.23","4.11","13.3","Off","12.874474,77.616864",
"12-Sep-2026 11:41:45","0.48","4.11","13.28","Off","12.874472,77.616845",
"12-Sep-2026 11:42:45","0.44","4.11","13.26","Off","12.874472,77.61684",
"12-Sep-2026 11:43:10","0.44","4.11","13.28","Off","12.874472,77.61684",
"12-Sep-2026 11:43:15","0.88","4.11","13.3","On","12.874468,77.616854",
"12-Sep-2026 11:43:45","1.09","4.11","13.86","On","12.874478,77.616828",
"12-Sep-2026 11:43:55","16.29","4.11","13.86","On","12.874326,77.616768",
"12-Sep-2026 11:44:15","14.01","4.11","13.95","On","12.873058,77.616693",
"12-Sep-2026 11:44:30","9.72","4.11","13.95","On","12.872618,77.616589",
"12-Sep-2026 11:44:35","18.58","4.11","13.95","On","12.872443,77.616577",
"12-Sep-2026 11:44:45","21.27","4.11","14","On","12.872175,77.616562",
"12-Sep-2026 11:45:15","12.31","4.11","13.93","On","12.870547,77.616471",
"12-Sep-2026 11:45:25","9.85","4.11","13.93","On","12.87046,77.61652",
"12-Sep-2026 11:45:45","1.99","4.11","14","On","12.87023,77.617097",
"12-Sep-2026 11:46:15","0.31","4.11","14","On","12.870222,77.617186",
"12-Sep-2026 11:46:45","3.73","4.11","13.98","On","12.870206,77.617244",
"12-Sep-2026 11:47:15","0.56","4.11","13.98","On","12.87028,77.616968",
"12-Sep-2026 11:47:45","0.7","4.11","14.05","On","12.870312,77.616936",
"12-Sep-2026 11:48:15","0.53","4.11","14.03","On","12.870337,77.616918",
"12-Sep-2026 11:48:45","0.13","4.11","14.05","On","12.870336,77.616889",
"12-Sep-2026 11:49:15","4.44","4.11","14.03","On","12.870396,77.616629",
"12-Sep-2026 11:49:30","15.02","4.11","14.03","On","12.870585,77.616519",
"12-Sep-2026 11:49:45","17.71","4.11","13.98","On","12.871218,77.616547",
"12-Sep-2026 11:50:05","10.14","4.11","13.98","On","12.87206,77.616592",
"12-Sep-2026 11:50:10","10.05","4.11","13.98","On","12.872139,77.616593",
"12-Sep-2026 11:50:15","16.41","4.11","14.03","On","12.87249,77.616615",
"12-Sep-2026 11:50:30","7.54","4.11","14.03","On","12.872799,77.616622",
"12-Sep-2026 11:50:40","25.76","4.11","14.03","On","12.872961,77.616189",
"12-Sep-2026 11:50:45","23.82","4.11","13.98","On","12.873031,77.61591",
"12-Sep-2026 11:51:15","4.72","4.11","13.95","On","12.873106,77.613821",
"12-Sep-2026 11:51:20","13.9","4.11","13.95","On","12.873178,77.613773",
"12-Sep-2026 11:51:45","28.41","4.11","14","On","12.874257,77.613555",
"12-Sep-2026 11:52:15","16.62","4.11","14","On","12.876013,77.613191",
"12-Sep-2026 11:52:15","16.62","4.11","13.95","On","12.876013,77.613191",
"12-Sep-2026 11:52:30","13.74","4.11","13.95","On","12.876179,77.612257",
"12-Sep-2026 11:52:45","6.15","4.11","13.95","On","12.876082,77.612249",
"12-Sep-2026 11:53:10","12.43","4.11","13.95","On","12.875134,77.61224",
"12-Sep-2026 11:53:15","0.54","4.11","14","On","12.875096,77.612252",
"12-Sep-2026 11:53:20","4.74","4.11","14","On","12.875073,77.612278",
"12-Sep-2026 11:53:45","0.56","4.11","13.98","On","12.875174,77.612344",
"12-Sep-2026 11:54:15","0.75","4.11","14","On","12.875201,77.61237",
"12-Sep-2026 11:54:45","0.23","4.11","14.03","On","12.875196,77.61237",
"12-Sep-2026 11:55:15","0.54","4.11","14.05","On","12.875201,77.612372",
"12-Sep-2026 11:55:45","0.21","4.11","14.03","On","12.875183,77.612354",
"12-Sep-2026 11:56:15","11.35","4.11","14.03","On","12.875213,77.612307",
"12-Sep-2026 11:56:15","11.35","4.11","14.03","On","12.875213,77.612307",
"12-Sep-2026 11:56:35","3.94","4.11","14.03","On","12.875918,77.612308",
"12-Sep-2026 11:56:40","14.25","4.11","14.03","On","12.87596,77.612542",
"12-Sep-2026 11:56:45","3.36","4.11","14.03","On","12.875958,77.612601",
"12-Sep-2026 11:56:45","3.36","4.11","13.98","On","12.875958,77.612601",
"12-Sep-2026 11:56:50","12.4","4.11","13.98","On","12.875904,77.612641",
"12-Sep-2026 11:57:00","4.44","4.11","13.98","On","12.87557,77.61267",
"12-Sep-2026 11:57:15","9.09","4.11","14","On","12.875326,77.612647",
"12-Sep-2026 11:57:45","0.14","4.11","14.05","On","12.875258,77.612669",
"12-Sep-2026 11:58:15","0.37","4.11","14.12","On","12.875261,77.612675",
"12-Sep-2026 11:58:45","0.34","4.11","14.1","On","12.875264,77.612674",
"12-Sep-2026 11:59:15","0.16","4.11","14.07","On","12.87527,77.612668",
"12-Sep-2026 11:59:45","0.11","4.11","14.03","On","12.875276,77.612653",
"12-Sep-2026 12:00:15","0.61","4.11","13.98","On","12.87528,77.61265",
"12-Sep-2026 12:00:45","0.32","4.11","13.98","On","12.875273,77.612648",
"12-Sep-2026 12:01:15","0.26","4.11","13.98","On","12.875262,77.612669",
"12-Sep-2026 12:01:45","0.29","4.11","13.98","On","12.875265,77.612673",
"12-Sep-2026 12:02:15","0.08","4.11","14","On","12.875258,77.612688",
"12-Sep-2026 12:02:45","0.28","4.11","13.98","On","12.875268,77.612677",
"12-Sep-2026 12:03:15","0.26","4.11","13.98","On","12.875271,77.612674",
"12-Sep-2026 12:03:45","0.28","4.11","14","On","12.875267,77.612684",
"12-Sep-2026 12:04:15","0.5","4.11","14","On","12.875276,77.612663",
"12-Sep-2026 12:04:35","19.78","4.11","14","On","12.87505,77.612495",
"12-Sep-2026 12:04:45","12.74","4.11","14","On","12.87497,77.612171",
"12-Sep-2026 12:04:45","12.74","4.11","13.98","On","12.87497,77.612171",
"12-Sep-2026 12:04:55","25.14","4.11","13.98","On","12.874743,77.612019",
"12-Sep-2026 12:05:05","21.48","4.11","13.98","On","12.874506,77.611717",
"12-Sep-2026 12:05:15","10.3","4.11","13.98","On","12.874085,77.61169",
"12-Sep-2026 12:05:25","23.67","4.11","13.98","On","12.873782,77.611506",
"12-Sep-2026 12:05:35","18.78","4.11","13.98","On","12.873782,77.611256",
"12-Sep-2026 12:05:45","4.76","4.11","14","On","12.873859,77.610581",
"12-Sep-2026 12:06:00","21.42","4.11","14","On","12.873874,77.610038",
"12-Sep-2026 12:06:05","16.34","4.11","14","On","12.873622,77.609808",
"12-Sep-2026 12:06:15","29.83","4.11","13.98","On","12.87319,77.609711",
"12-Sep-2026 12:06:25","7.16","4.11","13.98","On","12.87242,77.60965",
"12-Sep-2026 12:06:35","10.13","4.11","13.98","On","12.872412,77.609791",
"12-Sep-2026 12:06:40","2.23","4.11","13.98","On","12.872398,77.609871",
"12-Sep-2026 12:06:45","0.48","4.11","13.98","On","12.872385,77.609884",
"12-Sep-2026 12:07:15","0.78","4.11","14","On","12.872335,77.609904",
"12-Sep-2026 12:07:45","0.65","4.11","14","On","12.872298,77.609915",
"12-Sep-2026 12:08:15","0.2","4.11","14.03","On","12.872277,77.609927",
"12-Sep-2026 12:08:45","0.8","4.11","14.03","On","12.872261,77.609945",
"12-Sep-2026 12:09:15","0.19","4.11","14.03","On","12.87225,77.609956",
"12-Sep-2026 12:09:45","0.2","4.11","14.05","On","12.872257,77.609955",
"12-Sep-2026 12:10:15","0.68","4.11","14.05","On","12.872236,77.609971",
"12-Sep-2026 12:10:45","0.18","4.11","14.07","On","12.872244,77.609969",
"12-Sep-2026 12:11:15","0.57","4.11","14.07","On","12.87225,77.609965",
"12-Sep-2026 12:11:45","0.72","4.11","14.03","On","12.872247,77.60987",
"12-Sep-2026 12:12:00","16.5","4.11","14.03","On","12.872407,77.610104",
"12-Sep-2026 12:12:15","12.08","4.11","13.98","On","12.873106,77.610153",
"12-Sep-2026 12:12:20","11.83","4.11","13.98","On","12.873232,77.610122",
"12-Sep-2026 12:12:25","5.28","4.11","13.98","On","12.873273,77.60997",
"12-Sep-2026 12:12:35","29.76","4.11","13.98","On","12.873485,77.609743",
"12-Sep-2026 12:12:40","18","4.11","13.98","On","12.873721,77.609776",
"12-Sep-2026 12:12:45","27.54","4.11","13.98","On","12.873953,77.61022",
"12-Sep-2026 12:12:45","27.54","4.11","13.95","On","12.873953,77.61022",
"12-Sep-2026 12:13:15","22.48","4.11","13.95","On","12.873865,77.611595",
"12-Sep-2026 12:13:15","22.48","4.11","13.98","On","12.873865,77.611595",
"12-Sep-2026 12:13:30","22.13","4.11","13.98","On","12.874697,77.611817",
"12-Sep-2026 12:13:35","19.54","4.11","13.98","On","12.874835,77.612038",
"12-Sep-2026 12:13:40","6.78","4.11","13.98","On","12.874915,77.612085",
"12-Sep-2026 12:13:45","17.77","4.11","13.98","On","12.875179,77.612101",
"12-Sep-2026 12:13:45","17.77","4.11","14","On","12.875179,77.612101",
"12-Sep-2026 12:14:00","12.09","4.11","14","On","12.875749,77.612069",
"12-Sep-2026 12:14:15","12.45","4.11","13.98","On","12.876136,77.612172",
"12-Sep-2026 12:14:20","13.13","4.11","13.98","On","12.87626,77.612242",
"12-Sep-2026 12:14:25","28.19","4.11","13.98","On","12.876315,77.612494",
"12-Sep-2026 12:14:45","6.65","4.11","14.03","On","12.87607,77.613235",
"12-Sep-2026 12:14:50","12.57","4.11","14.03","On","12.876,77.613285",
"12-Sep-2026 12:15:15","27.05","4.11","14","On","12.874615,77.613478",
"12-Sep-2026 12:15:45","20.97","4.11","14.03","On","12.873344,77.613725",
"12-Sep-2026 12:16:00","11.97","4.11","14.03","On","12.872863,77.613797",
"12-Sep-2026 12:16:05","12.46","4.11","14.03","On","12.872823,77.613503",
"12-Sep-2026 12:16:10","4.78","4.11","14.03","On","12.87282,77.613405",
"12-Sep-2026 12:16:15","1.98","4.11","13.98","On","12.87282,77.613402",
"12-Sep-2026 12:16:45","0.3","4.11","13.98","On","12.87294,77.611645",
"12-Sep-2026 12:17:15","0.92","4.11","14.03","On","12.872962,77.611626",
"12-Sep-2026 12:17:45","0.96","4.11","14.05","On","12.872976,77.611574",
"12-Sep-2026 12:18:15","0.57","4.11","14.05","On","12.872987,77.61158",
"12-Sep-2026 12:18:45","0.99","4.11","14.07","On","12.873005,77.611572",
"12-Sep-2026 12:19:15","0.56","4.11","14.05","On","12.872999,77.611569",
"12-Sep-2026 12:19:45","0.3","4.11","14.07","On","12.872991,77.611577",
"12-Sep-2026 12:20:15","0.41","4.11","14.12","On","12.872994,77.611574",
"12-Sep-2026 12:20:45","0.31","4.11","14.1","On","12.873025,77.611582",
"12-Sep-2026 12:21:15","0.79","4.11","14.1","On","12.873025,77.611562",
"12-Sep-2026 12:21:45","0.1","4.11","14.1","On","12.873027,77.611549",
"12-Sep-2026 12:22:15","0.27","4.11","14.1","On","12.873036,77.611557",
"12-Sep-2026 12:22:45","0.28","4.11","14.1","On","12.873023,77.61157",
"12-Sep-2026 12:23:15","0.72","4.11","14.03","On","12.873019,77.611575",
"12-Sep-2026 12:23:45","1.21","4.11","13.95","On","12.873014,77.611552",
"12-Sep-2026 12:24:15","28.06","4.11","13.95","On","12.873007,77.611906",
"12-Sep-2026 12:24:15","28.06","4.11","14","On","12.873007,77.611906",
"12-Sep-2026 12:24:25","11.54","4.11","14","On","12.87289,77.612373",
"12-Sep-2026 12:24:30","37.25","4.11","14","On","12.872382,77.612403",
"12-Sep-2026 12:24:45","11.4","4.11","13.95","On","12.871651,77.612388",
"12-Sep-2026 12:25:15","10.25","4.11","13.95","On","12.869685,77.612229",
"12-Sep-2026 12:25:20","5.24","4.11","13.95","On","12.869633,77.612277",
"12-Sep-2026 12:25:45","2.82","4.11","13.93","On","12.869566,77.612393",
"12-Sep-2026 12:25:50","26.1","4.11","13.93","On","12.869517,77.612782",
"12-Sep-2026 12:26:15","39.38","4.11","14.03","On","12.869183,77.614779",
"12-Sep-2026 12:26:35","12.26","4.11","14.03","On","12.868931,77.616191",
"12-Sep-2026 12:26:40","28.72","4.11","14.03","On","12.868722,77.616171",
"12-Sep-2026 12:26:45","27.18","4.11","13.98","On","12.868444,77.616145",
"12-Sep-2026 12:26:50","18.23","4.11","13.98","On","12.867963,77.616119",
"12-Sep-2026 12:26:55","9.65","4.11","13.98","On","12.86789,77.616263",
"12-Sep-2026 12:27:15","15.33","4.11","13.98","On","12.867792,77.616574",
"12-Sep-2026 12:27:45","27.8","4.11","13.95","On","12.867458,77.618391",
"12-Sep-2026 12:28:05","11.29","4.11","13.95","On","12.867327,77.619486",
"12-Sep-2026 12:28:10","6.91","4.11","13.95","On","12.867595,77.619522",
"12-Sep-2026 12:28:15","0.37","4.11","13.98","On","12.867629,77.619534",
"12-Sep-2026 12:28:45","0.25","4.11","14.05","On","12.867686,77.619519",
"12-Sep-2026 12:29:15","0.57","4.11","14.05","On","12.867665,77.619516",
"12-Sep-2026 12:29:45","0.25","4.11","14.07","On","12.867714,77.619486",
"12-Sep-2026 12:30:15","0.36","4.11","14.07","On","12.867713,77.619474",
"12-Sep-2026 12:30:45","0.08","4.11","14.1","On","12.867721,77.619467",
"12-Sep-2026 12:31:15","0.08","4.11","14.1","On","12.867681,77.619492",
"12-Sep-2026 12:31:45","0.13","4.11","14.1","On","12.867657,77.619493",
"12-Sep-2026 12:32:15","0.26","4.11","14.07","On","12.867667,77.619479",
"12-Sep-2026 12:32:45","0.26","4.11","14.1","On","12.867672,77.619473",
"12-Sep-2026 12:33:15","0.28","4.11","14","On","12.86768,77.619471",
"12-Sep-2026 12:33:45","0.27","4.11","13.98","On","12.867683,77.619476",
"12-Sep-2026 12:34:15","0.58","4.11","14.03","On","12.867688,77.619499",
"12-Sep-2026 12:34:45","0.37","4.11","13.95","On","12.867679,77.619517",
"12-Sep-2026 12:35:15","0.51","4.11","13.98","On","12.867689,77.619514",
"12-Sep-2026 12:35:45","0.38","4.11","13.98","On","12.867712,77.619509",
"12-Sep-2026 12:36:15","0.35","4.11","13.98","On","12.867713,77.619499",
"12-Sep-2026 12:36:45","0.45","4.11","13.98","On","12.867701,77.619497",
"12-Sep-2026 12:37:15","0.46","4.11","14","On","12.867692,77.61949",
"12-Sep-2026 12:37:45","0.35","4.11","14","On","12.86768,77.61949",
"12-Sep-2026 12:38:15","1.14","4.11","13.95","On","12.867684,77.619519",
"12-Sep-2026 12:38:45","27.84","4.11","13.95","On","12.867481,77.619944",
"12-Sep-2026 12:38:45","27.84","4.11","14","On","12.867481,77.619944",
"12-Sep-2026 12:38:55","8.52","4.11","14","On","12.867256,77.620465",
"12-Sep-2026 12:39:00","10.17","4.11","14","On","12.867173,77.620533",
"12-Sep-2026 12:39:05","30.3","4.11","14","On","12.866975,77.620472",
"12-Sep-2026 12:39:15","22.99","4.11","14.03","On","12.866174,77.619835",
"12-Sep-2026 12:39:25","19.1","4.11","14.03","On","12.865938,77.619607",
"12-Sep-2026 12:39:45","12.87","4.11","14.03","On","12.865542,77.618947",
"12-Sep-2026 12:40:15","12.69","4.11","14","On","12.864847,77.617964",
"12-Sep-2026 12:40:45","15.81","4.11","13.98","On","12.864056,77.617039",
"12-Sep-2026 12:41:15","30.95","4.11","13.98","On","12.863171,77.615619",
"12-Sep-2026 12:41:45","22.01","4.11","14","On","12.862463,77.614789",
"12-Sep-2026 12:42:05","10.52","4.11","14","On","12.861935,77.614143",
"12-Sep-2026 12:42:15","17.23","4.11","14","On","12.861965,77.613873",
"12-Sep-2026 12:42:15","17.23","4.11","13.98","On","12.861965,77.613873",
"12-Sep-2026 12:42:45","0.31","4.11","13.98","On","12.861966,77.613495",
"12-Sep-2026 12:43:15","13.74","4.11","13.95","On","12.861945,77.613435",
"12-Sep-2026 12:43:45","30.28","4.11","13.95","On","12.862059,77.61203",
"12-Sep-2026 12:43:45","30.28","4.11","13.95","On","12.862059,77.61203",
"12-Sep-2026 12:44:00","21.89","4.11","13.95","On","12.862159,77.611208",
"12-Sep-2026 12:44:15","31.78","4.11","13.98","On","12.862639,77.61023",
"12-Sep-2026 12:44:25","27.1","4.11","13.98","On","12.862867,77.609857",
"12-Sep-2026 12:44:30","35.5","4.11","13.98","On","12.863139,77.609742",
"12-Sep-2026 12:44:35","29.16","4.11","13.98","On","12.863851,77.60973",
"12-Sep-2026 12:44:45","22.4","4.11","13.98","On","12.864245,77.609733",
"12-Sep-2026 12:44:45","22.4","4.11","13.98","On","12.864245,77.609733",
"12-Sep-2026 12:44:55","22.17","4.11","13.98","On","12.864811,77.60948",
"12-Sep-2026 12:45:00","21.02","4.11","13.98","On","12.8648,77.609251",
"12-Sep-2026 12:45:05","24.98","4.11","13.98","On","12.864982,77.609164",
"12-Sep-2026 12:45:15","9.16","4.11","13.98","On","12.865477,77.609233",
"12-Sep-2026 12:45:15","9.16","4.11","14","On","12.865477,77.609233",
"12-Sep-2026 12:45:45","0.34","4.11","14","On","12.865558,77.609354",
"12-Sep-2026 12:46:15","0.1","4.11","14.03","On","12.865558,77.609367",
"12-Sep-2026 12:46:45","0.07","4.11","14.05","On","12.865546,77.609378",
"12-Sep-2026 12:47:15","0.18","4.11","14.07","On","12.865525,77.609392",
"12-Sep-2026 12:47:45","0.12","4.11","14.07","On","12.865521,77.609392",
"12-Sep-2026 12:48:15","0.04","4.11","14.05","On","12.865518,77.609393",
"12-Sep-2026 12:48:45","0.16","4.11","14.07","On","12.86552,77.609392",
"12-Sep-2026 12:49:15","0.2","4.11","14.07","On","12.865519,77.609389",
"12-Sep-2026 12:49:45","0.15","4.11","14.07","On","12.865518,77.609382",
"12-Sep-2026 12:50:15","0.17","4.11","14.1","On","12.865521,77.609373",
"12-Sep-2026 12:50:45","0.16","4.11","14.07","On","12.86551,77.609377",
"12-Sep-2026 12:51:15","0.08","4.11","14.07","On","12.865509,77.609375",
"12-Sep-2026 12:51:45","0.17","4.11","14.1","On","12.865504,77.609379",
"12-Sep-2026 12:52:15","0.06","4.11","14.1","On","12.865501,77.60938",
"12-Sep-2026 12:52:45","0.09","4.11","14.05","On","12.865505,77.609379",
"12-Sep-2026 12:53:15","0.12","4.11","14","On","12.865508,77.609375",
"12-Sep-2026 12:53:45","0.22","4.11","14.03","On","12.86551,77.609373",
"12-Sep-2026 12:54:15","0.13","4.11","13.98","On","12.86551,77.609378",
"12-Sep-2026 12:54:35","14.86","4.11","13.98","On","12.865576,77.609414",
"12-Sep-2026 12:54:40","24.97","4.11","13.98","On","12.865661,77.609874",
"12-Sep-2026 12:54:45","22.19","4.11","13.98","On","12.865571,77.610032",
"12-Sep-2026 12:54:45","22.19","4.11","14","On","12.865571,77.610032",
"12-Sep-2026 12:54:50","19.27","4.11","14","On","12.865362,77.610028",
"12-Sep-2026 12:54:55","16.33","4.11","14","On","12.865323,77.60978",
"12-Sep-2026 12:55:00","20.4","4.11","14","On","12.865118,77.609694",
"12-Sep-2026 12:55:05","5.25","4.11","14","On","12.865099,77.609842",
"12-Sep-2026 12:55:15","33.05","4.11","13.98","On","12.865137,77.610329",
"12-Sep-2026 12:55:35","32.93","4.11","13.98","On","12.86535,77.611541",
"12-Sep-2026 12:55:45","27.13","4.11","13.98","On","12.865771,77.611903",
"12-Sep-2026 12:55:45","27.13","4.11","13.98","On","12.865771,77.611903",
"12-Sep-2026 12:55:50","28.26","4.11","13.98","On","12.865502,77.611925",
"12-Sep-2026 12:56:15","16.93","4.11","13.98","On","12.864051,77.611676",
"12-Sep-2026 12:56:30","26.33","4.11","13.98","On","12.863228,77.611401",
"12-Sep-2026 12:56:40","23.19","4.11","13.98","On","12.8629,77.611262",
"12-Sep-2026 12:56:45","30.22","4.11","13.98","On","12.862706,77.611597",
"12-Sep-2026 12:56:45","30.22","4.11","13.98","On","12.862706,77.611597",
"12-Sep-2026 12:57:00","23","4.11","13.98","On","12.862389,77.612255",
"12-Sep-2026 12:57:05","26.92","4.11","13.98","On","12.862092,77.612577",
"12-Sep-2026 12:57:10","9.14","4.11","13.98","On","12.862053,77.612777",
"12-Sep-2026 12:57:15","35.1","4.11","14","On","12.862039,77.613004",
"12-Sep-2026 12:57:30","16.42","4.11","14","On","12.86196,77.614069",
"12-Sep-2026 12:57:35","11.45","4.11","14","On","12.861959,77.614181",
"12-Sep-2026 12:57:45","32.7","4.11","14","On","12.862445,77.614731",
"12-Sep-2026 12:58:15","35.18","4.11","13.98","On","12.86349,77.616168",
"12-Sep-2026 12:58:45","27.05","4.11","13.98","On","12.864802,77.617921",
"12-Sep-2026 12:59:15","0.82","4.11","13.98","On","12.865332,77.618648",
"12-Sep-2026 12:59:45","39.48","4.11","13.98","On","12.866646,77.620265",
"12-Sep-2026 12:59:50","42.77","4.11","13.98","On","12.866988,77.620509",
"12-Sep-2026 13:00:15","14.37","4.11","13.98","On","12.868536,77.621288",
"12-Sep-2026 13:00:30","19.09","4.11","13.98","On","12.869532,77.622153",
"12-Sep-2026 13:00:45","41.5","4.11","14.03","On","12.869748,77.623209",
"12-Sep-2026 13:00:50","12.98","4.11","14.03","On","12.870065,77.623779",
"12-Sep-2026 13:01:10","4.07","4.11","14.03","On","12.870532,77.624398",
"12-Sep-2026 13:01:15","2.8","4.11","13.95","On","12.87052,77.624444",
"12-Sep-2026 13:01:30","10.84","4.11","13.95","On","12.870246,77.624522",
"12-Sep-2026 13:01:40","5.29","4.11","13.95","On","12.87008,77.624585",
"12-Sep-2026 13:01:45","7.37","4.11","13.98","On","12.870019,77.624603",
"12-Sep-2026 13:02:05","29.87","4.11","13.98","On","12.86948,77.624828",
"12-Sep-2026 13:02:15","23.14","4.11","13.98","On","12.868722,77.625113",
"12-Sep-2026 13:02:15","23.14","4.11","13.98","On","12.868722,77.625113",
"12-Sep-2026 13:02:45","22.54","4.11","14","On","12.866614,77.625424",
"12-Sep-2026 13:03:15","28.68","4.11","14.03","On","12.864581,77.625353",
"12-Sep-2026 13:03:30","14.52","4.11","14.03","On","12.86342,77.625485",
"12-Sep-2026 13:03:35","12.92","4.11","14.03","On","12.863423,77.625596",
"12-Sep-2026 13:03:45","15.4","4.11","13.98","On","12.863587,77.625797",
"12-Sep-2026 13:04:00","15.85","4.11","13.98","On","12.863978,77.626437",
"12-Sep-2026 13:04:05","11.39","4.11","13.98","On","12.864088,77.626528",
"12-Sep-2026 13:04:15","8.03","4.11","13.98","On","12.864358,77.626709",
"12-Sep-2026 13:04:25","25.02","4.11","13.98","On","12.864543,77.626961",
"12-Sep-2026 13:04:45","11.15","4.11","13.98","On","12.865076,77.628024",
"12-Sep-2026 13:05:15","10.35","4.11","13.98","On","12.86565,77.629308",
"12-Sep-2026 13:05:15","10.35","4.11","14","On","12.86565,77.629308",
"12-Sep-2026 13:05:20","14.06","4.11","14","On","12.865749,77.629423",
"12-Sep-2026 13:05:45","10.41","4.11","14","On","12.866003,77.630206",
"12-Sep-2026 13:05:50","13.85","4.11","14","On","12.865975,77.630455",
"12-Sep-2026 13:06:15","5.91","4.11","14.05","On","12.865909,77.631018",
"12-Sep-2026 13:06:40","5.45","4.11","14.05","On","12.865788,77.631386",
"12-Sep-2026 13:06:45","7.22","4.11","14.03","On","12.865759,77.631447",
"12-Sep-2026 13:07:15","7.89","4.11","14","On","12.865518,77.632029",
"12-Sep-2026 13:07:45","6.02","4.11","14","On","12.865449,77.632572",
"12-Sep-2026 13:08:15","7.45","4.11","13.98","On","12.865526,77.633137",
"12-Sep-2026 13:08:45","8.29","4.11","13.98","On","12.865791,77.63363",
"12-Sep-2026 13:08:55","10.46","4.11","13.98","On","12.865809,77.63394",
"12-Sep-2026 13:09:15","36.51","4.11","13.98","On","12.865741,77.635392",
"12-Sep-2026 13:09:15","36.51","4.11","14","On","12.865741,77.635392",
"12-Sep-2026 13:09:45","0.15","4.11","13.98","On","12.865672,77.635996",
"12-Sep-2026 13:10:15","0.42","4.11","14","On","12.865655,77.636007",
"12-Sep-2026 13:10:45","0.26","4.11","14.03","On","12.865659,77.636012",
"12-Sep-2026 13:11:15","0.53","4.11","14.03","On","12.86565,77.636017",
"12-Sep-2026 13:11:45","0.17","4.11","14.03","On","12.865659,77.636023",
"12-Sep-2026 13:12:15","0.18","4.11","14.05","On","12.865641,77.636029",
"12-Sep-2026 13:12:45","0.31","4.11","14.03","On","12.865638,77.636032",
"12-Sep-2026 13:13:15","0.22","4.11","14.05","On","12.86564,77.63604",
"12-Sep-2026 13:13:45","0.44","4.11","14.07","On","12.86563,77.63603",
"12-Sep-2026 13:14:15","0.27","4.11","14.07","On","12.865615,77.636021",
"12-Sep-2026 13:14:45","0.39","4.11","14.05","On","12.865621,77.636026",
"12-Sep-2026 13:15:15","0.19","4.11","14.05","On","12.865613,77.63603",
"12-Sep-2026 13:15:45","12.5","4.11","14.05","On","12.865547,77.636128",
"12-Sep-2026 13:15:45","12.5","4.11","14.03","On","12.865547,77.636128",
"12-Sep-2026 13:15:55","4.86","4.11","14.03","On","12.865544,77.636128",
"12-Sep-2026 13:16:00","17.34","4.11","14.03","On","12.865581,77.636109",
"12-Sep-2026 13:16:15","44.59","4.11","14","On","12.865808,77.635064",
"12-Sep-2026 13:16:20","22.2","4.11","14","On","12.865848,77.634276",
"12-Sep-2026 13:16:25","21.42","4.11","14","On","12.865892,77.634098",
"12-Sep-2026 13:16:30","37.27","4.11","14","On","12.866193,77.634113",
"12-Sep-2026 13:16:45","22.36","4.11","14","On","12.867342,77.634257",
"12-Sep-2026 13:17:15","16.65","4.11","14","On","12.868876,77.634447",
"12-Sep-2026 13:17:45","21.58","4.11","14.03","On","12.870693,77.634736",
"12-Sep-2026 13:17:55","11.72","4.11","14.03","On","12.871032,77.634739",
"12-Sep-2026 13:18:15","0.04","4.11","13.93","On","12.871025,77.634608",
"12-Sep-2026 13:18:45","0.26","4.11","13.93","On","12.871032,77.634619",
"12-Sep-2026 13:19:15","0.26","4.11","13.95","On","12.871036,77.634611",
"12-Sep-2026 13:19:45","5.78","4.11","13.95","On","12.87103,77.634587",
"12-Sep-2026 13:19:45","5.78","4.11","13.98","On","12.87103,77.634587",
"12-Sep-2026 13:20:15","3.86","4.11","14.03","On","12.871042,77.633687",
"12-Sep-2026 13:20:45","0.4","4.11","13.98","On","12.871144,77.633286",
"12-Sep-2026 13:21:15","0.16","4.11","13.98","On","12.871142,77.633284",
"12-Sep-2026 13:21:45","0.31","4.11","13.98","On","12.871153,77.633281",
"12-Sep-2026 13:22:15","0.07","4.11","13.95","On","12.871151,77.633276",
"12-Sep-2026 13:22:45","0.45","4.11","14.03","On","12.871132,77.633283",
"12-Sep-2026 13:23:15","0.24","4.11","14.03","On","12.871116,77.633288",
"12-Sep-2026 13:23:45","0.28","4.11","14","On","12.871138,77.633283",
"12-Sep-2026 13:24:15","0.39","4.11","13.98","On","12.871155,77.633283",
"12-Sep-2026 13:24:25","14.53","4.11","13.98","On","12.871092,77.633263",
"12-Sep-2026 13:24:30","10.12","4.11","13.98","On","12.871095,77.633343",
"12-Sep-2026 13:24:45","6.14","4.11","13.98","On","12.871062,77.633728",
"12-Sep-2026 13:25:15","13.42","4.11","13.93","On","12.871078,77.634642",
"12-Sep-2026 13:25:25","21.49","4.11","13.93","On","12.870833,77.634794",
"12-Sep-2026 13:25:45","8.38","4.11","13.98","On","12.869022,77.634508",
"12-Sep-2026 13:26:15","5.55","4.11","13.95","On","12.867546,77.634292",
"12-Sep-2026 13:26:25","4.91","4.11","13.95","On","12.867382,77.63432",
"12-Sep-2026 13:26:45","32.37","4.11","14","On","12.867303,77.635574",
"12-Sep-2026 13:27:15","35.75","4.11","14","On","12.867128,77.638062",
"12-Sep-2026 13:27:40","28.19","4.11","14","On","12.867127,77.640268",
"12-Sep-2026 13:27:45","39.05","4.11","14","On","12.867181,77.640905",
"12-Sep-2026 13:27:45","39.05","4.11","14","On","12.867181,77.640905",
"12-Sep-2026 13:28:00","8.02","4.11","14","On","12.867374,77.641835",
"12-Sep-2026 13:28:15","29.09","4.11","14","On","12.867346,77.642913",
"12-Sep-2026 13:28:15","29.09","4.11","13.98","On","12.867346,77.642913",
"12-Sep-2026 13:28:45","16.66","4.11","13.95","On","12.867315,77.645439",
"12-Sep-2026 13:28:55","39.41","4.11","13.95","On","12.867204,77.646059",
"12-Sep-2026 13:29:15","21.48","4.11","13.95","On","12.866944,77.647302",
"12-Sep-2026 13:29:15","21.48","4.11","13.98","On","12.866944,77.647302",
"12-Sep-2026 13:29:20","30.45","4.11","13.98","On","12.867157,77.647431",
"12-Sep-2026 13:29:25","9.53","4.11","13.98","On","12.867529,77.647814",
"12-Sep-2026 13:29:30","23.61","4.11","13.98","On","12.867515,77.648005",
"12-Sep-2026 13:29:45","13.36","4.11","14","On","12.867459,77.648881",
"12-Sep-2026 13:30:00","16.37","4.11","14","On","12.867566,77.649767",
"12-Sep-2026 13:30:15","10.49","4.11","13.95","On","12.867687,77.650534",
"12-Sep-2026 13:30:45","8.98","4.11","13.95","On","12.868226,77.652782",
"12-Sep-2026 13:30:45","8.98","4.11","13.98","On","12.868226,77.652782",
"12-Sep-2026 13:31:15","0.35","4.11","13.91","On","12.868694,77.652971",
"12-Sep-2026 13:31:45","1.35","4.11","13.91","On","12.868882,77.65303",
"12-Sep-2026 13:32:15","4.96","4.11","13.95","On","12.869031,77.653091",
"12-Sep-2026 13:32:46","0.22","4.11","13.91","On","12.869352,77.653242",
"12-Sep-2026 13:33:16","0.25","4.11","13.93","On","12.869388,77.653261",
"12-Sep-2026 13:33:46","0.08","4.11","13.95","On","12.8694,77.653264",
"12-Sep-2026 13:34:16","2.51","4.11","13.95","On","12.86942,77.653286",
"12-Sep-2026 13:34:26","19.11","4.11","13.95","On","12.8694,77.653437",
"12-Sep-2026 13:34:46","38.22","4.11","13.98","On","12.868357,77.654251",
"12-Sep-2026 13:35:16","1.95","4.11","13.93","On","12.867221,77.655179",
"12-Sep-2026 13:35:36","4.55","4.11","13.93","On","12.867097,77.655301",
"12-Sep-2026 13:35:41","20.84","4.11","13.93","On","12.867019,77.655388",
"12-Sep-2026 13:35:46","15.51","4.11","13.95","On","12.866849,77.655517",
"12-Sep-2026 13:36:16","15.21","4.11","13.95","On","12.865797,77.656327",
"12-Sep-2026 13:36:46","11.17","4.11","13.91","On","12.865048,77.656926",
"12-Sep-2026 13:37:16","8.82","4.11","14.03","On","12.864305,77.657392",
"12-Sep-2026 13:37:41","4","4.11","14.03","On","12.862923,77.658521",
"12-Sep-2026 13:37:46","41.32","4.11","14.03","On","12.862738,77.658704",
"12-Sep-2026 13:37:46","41.32","4.11","14.03","On","12.862738,77.658704",
"12-Sep-2026 13:38:16","26.7","4.11","13.98","On","12.860539,77.660481",
"12-Sep-2026 13:38:26","20.66","4.11","13.98","On","12.86028,77.660511",
"12-Sep-2026 13:38:31","19.93","4.11","13.98","On","12.85998,77.66023",
"12-Sep-2026 13:38:46","17.66","4.11","14.03","On","12.859448,77.659869",
"12-Sep-2026 13:39:01","8.35","4.11","14.03","On","12.858983,77.659638",
"12-Sep-2026 13:39:16","8.11","4.11","13.98","On","12.858648,77.659537",
"12-Sep-2026 13:39:26","11.91","4.11","13.98","On","12.858538,77.659364",
"12-Sep-2026 13:39:36","18.42","4.11","13.98","On","12.858375,77.659007",
"12-Sep-2026 13:39:41","13.65","4.11","13.98","On","12.858215,77.659047",
"12-Sep-2026 13:39:46","28.42","4.11","13.98","On","12.858131,77.6592",
"12-Sep-2026 13:39:46","28.42","4.11","13.98","On","12.858131,77.6592",
"12-Sep-2026 13:40:11","11.05","4.11","13.98","On","12.857906,77.66141",
"12-Sep-2026 13:40:16","8.77","4.11","14","On","12.857915,77.661497",
"12-Sep-2026 13:40:46","7.59","4.11","14.03","On","12.857958,77.661934",
"12-Sep-2026 13:41:16","0.61","4.11","13.95","On","12.85799,77.662059",
"12-Sep-2026 13:41:46","9.85","4.11","13.98","On","12.858134,77.662627",
"12-Sep-2026 13:42:16","17.6","4.11","13.98","On","12.858348,77.663654",
"12-Sep-2026 13:42:36","5.18","4.11","13.98","On","12.858336,77.663859",
"12-Sep-2026 13:42:46","0.1","4.11","13.95","On","12.858301,77.663944",
"12-Sep-2026 13:43:16","8.92","4.11","13.98","On","12.857853,77.664233",
"12-Sep-2026 13:43:41","10.76","4.11","13.98","On","12.857428,77.664112",
"12-Sep-2026 13:43:46","4.77","4.11","13.95","On","12.85734,77.664091",
"12-Sep-2026 13:43:56","10.44","4.11","13.95","On","12.857038,77.664078",
"12-Sep-2026 13:44:11","9.56","4.11","13.95","On","12.85673,77.664107",
"12-Sep-2026 13:44:16","28.35","4.11","13.95","On","12.856862,77.663926",
"12-Sep-2026 13:44:16","28.35","4.11","13.98","On","12.856862,77.663926",
"12-Sep-2026 13:44:46","39.51","4.11","13.95","On","12.858879,77.662307",
"12-Sep-2026 13:45:11","24.05","4.11","13.95","On","12.86019,77.66146",
"12-Sep-2026 13:45:16","42.52","4.11","13.95","On","12.860674,77.661794",
"12-Sep-2026 13:45:16","42.52","4.11","13.93","On","12.860674,77.661794",
"12-Sep-2026 13:45:46","28.44","4.11","14","On","12.862406,77.662618",
"12-Sep-2026 13:46:11","15.23","4.11","14","On","12.863519,77.662909",
"12-Sep-2026 13:46:16","3.46","4.11","14","On","12.863613,77.66261",
"12-Sep-2026 13:46:16","3.46","4.11","13.98","On","12.863613,77.66261",
"12-Sep-2026 13:46:31","18.79","4.11","13.98","On","12.86374,77.662443",
"12-Sep-2026 13:46:36","13.26","4.11","13.98","On","12.863902,77.662149",
"12-Sep-2026 13:46:41","1.6","4.11","13.98","On","12.863961,77.662175",
"12-Sep-2026 13:46:46","0.47","4.11","13.98","Off","12.863953,77.662168",
"12-Sep-2026 13:47:16","0.29","4.11","13.4","Off","12.863948,77.662142",
"12-Sep-2026 13:47:46","0.45","4.11","13.26","Off","12.863944,77.662125",
"12-Sep-2026 13:48:16","0.09","4.11","13.23","Off","12.863937,77.662127",
"12-Sep-2026 13:48:28","0.09","4.11","13.23","Off","12.863937,77.662127",
"12-Sep-2026 13:49:16","0.47","4.11","13.21","Off","12.863931,77.662116",
"12-Sep-2026 13:49:46","0.09","4.11","13.21","Off","12.863929,77.662117",
"12-Sep-2026 13:50:46","0.43","4.11","13.18","Off","12.863925,77.662121",
"12-Sep-2026 13:51:46","0.22","4.11","13.18","Off","12.863923,77.662113",
"12-Sep-2026 13:52:28","0.22","4.11","13.16","Off","12.863923,77.662113",
"12-Sep-2026 13:54:57","0.22","4.11","13.3","Off","12.863923,77.662113",
"12-Sep-2026 13:54:57","0.4","4.11","13.3","Off","12.863911,77.662114",
"12-Sep-2026 13:54:57","0.4","4.11","13.3","On","12.863911,77.662114",
"12-Sep-2026 13:55:16","0.4","4.11","13.74","On","12.863911,77.662114",
"12-Sep-2026 13:55:46","1.36","4.11","13.54","Off","12.863826,77.662206",
"12-Sep-2026 13:56:16","1.1","4.11","13.28","Off","12.863875,77.662201",
"12-Sep-2026 13:56:46","0.91","4.11","13.79","Off","12.863889,77.662172",
"12-Sep-2026 13:56:55","0.91","4.11","13.88","Off","12.863889,77.662172",
"12-Sep-2026 13:57:46","0.18","4.11","14","Off","12.863905,77.662148",
"12-Sep-2026 13:58:46","0.42","4.11","14.05","Off","12.863908,77.662113",
"12-Sep-2026 13:59:46","1.14","4.11","14","Off","12.863895,77.662124",
"12-Sep-2026 14:00:46","0.47","4.11","13.98","Off","12.863903,77.66212",
"12-Sep-2026 14:00:55","0.47","4.11","14","Off","12.863903,77.66212",
"12-Sep-2026 14:15:57","0.47","4.11","14.1","Off","12.863903,77.66212",
"12-Sep-2026 14:15:57","0.92","4.11","14.1","Off","12.863907,77.662122",
"12-Sep-2026 14:15:59","0.92","4.11","14.1","Off","12.863907,77.662122",
"12-Sep-2026 14:16:16","0.92","4.11","14.03","Off","12.863907,77.662122",
"12-Sep-2026 14:16:46","0.85","4.11","13.95","Off","12.863931,77.662137",
"12-Sep-2026 14:17:16","0.6","4.11","13.95","Off","12.863941,77.662147",
"12-Sep-2026 14:17:46","0.24","4.11","13.95","Off","12.863943,77.662164",
"12-Sep-2026 14:18:16","0.24","4.11","14.03","Off","12.863937,77.662175",
"12-Sep-2026 14:18:46","0.63","4.11","14.03","Off","12.863956,77.662176",
"12-Sep-2026 14:19:16","0.22","4.11","14.05","Off","12.863969,77.662174",
"12-Sep-2026 14:19:46","0.94","4.11","14.03","Off","12.863973,77.662176",
"12-Sep-2026 14:20:16","0.3","4.11","14.03","Off","12.863965,77.662178",
"12-Sep-2026 14:20:46","0.2","4.11","14.05","Off","12.863953,77.662177",
"12-Sep-2026 14:21:16","1.42","4.11","14.07","Off","12.863939,77.662177",
"12-Sep-2026 14:21:46","1.22","4.11","14.07","Off","12.863935,77.66221",
"12-Sep-2026 14:22:16","0.1","4.11","14.07","Off","12.863929,77.662186",
"12-Sep-2026 14:22:46","0.81","4.11","14.1","Off","12.863924,77.66217",
"12-Sep-2026 14:22:56","0.81","4.11","14.1","Off","12.863924,77.66217",
"12-Sep-2026 14:23:46","0.39","4.11","14.1","Off","12.86392,77.662194",
"12-Sep-2026 14:24:46","0.34","4.11","14.1","Off","12.86393,77.662197",
"12-Sep-2026 14:25:46","0.26","4.11","14.03","Off","12.863931,77.662175",
"12-Sep-2026 14:26:46","0.26","4.11","14.03","Off","12.86395,77.662189",
"12-Sep-2026 14:26:56","0.26","4.11","14.03","Off","12.86395,77.662189",
"12-Sep-2026 15:26:56","0.26","4.11","14.15","Off","12.86395,77.662189",
"12-Sep-2026 15:26:56","0.31","4.11","14.15","Off","12.863947,77.662184",
"12-Sep-2026 15:27:46","0.63","4.11","14.07","Off","12.863902,77.662106",
"12-Sep-2026 15:28:46","0.79","4.11","14.03","Off","12.86387,77.662109",
"12-Sep-2026 15:29:46","0.2","4.11","14.07","Off","12.863889,77.662121",
"12-Sep-2026 15:30:46","0.15","4.11","14.05","Off","12.86389,77.6621",
"12-Sep-2026 15:30:56","0.15","4.11","14.03","Off","12.86389,77.6621",
"12-Sep-2026 16:30:56","0.15","4.11","14.12","Off","12.86389,77.6621",
"12-Sep-2026 16:30:56","0.24","4.11","14.12","Off","12.863891,77.662098",
"12-Sep-2026 16:31:46","0.27","4.11","14.07","Off","12.863932,77.662144",
"12-Sep-2026 16:32:46","0.48","4.11","14.05","Off","12.863938,77.662124",
"12-Sep-2026 16:33:46","0.32","4.11","14.05","Off","12.863929,77.662107",
"12-Sep-2026 16:34:46","0.73","4.11","14.05","Off","12.863902,77.662117",
"12-Sep-2026 16:34:56","0.73","4.11","14.03","Off","12.863902,77.662117",
"12-Sep-2026 17:34:57","0.73","4.11","14.1","Off","12.863902,77.662117",
"12-Sep-2026 17:34:57","0.39","4.11","14.1","Off","12.863917,77.662121",
"12-Sep-2026 17:35:46","1.34","4.11","14.03","Off","12.864065,77.662164",
"12-Sep-2026 17:36:46","0.98","4.11","14","Off","12.863902,77.662122",
"12-Sep-2026 17:37:46","1.96","4.11","14.03","Off","12.863921,77.66216",
"12-Sep-2026 17:38:46","1.44","4.11","14.03","Off","12.863917,77.662156",
"12-Sep-2026 17:38:57","1.44","4.11","14.03","Off","12.863917,77.662156",
"12-Sep-2026 18:38:57","1.44","4.11","14.17","Off","12.863917,77.662156",
"12-Sep-2026 18:38:57","0.67","4.11","14.17","Off","12.863928,77.662159",
"12-Sep-2026 18:40:46","0.14","4.11","14.07","Off","12.863926,77.662102",
"12-Sep-2026 18:41:46","0.22","4.11","14.05","Off","12.863914,77.662117",
"12-Sep-2026 18:42:46","1","4.11","14.05","Off","12.863899,77.662086",
"12-Sep-2026 18:42:57","1","4.11","14.05","Off","12.863899,77.662086",
"12-Sep-2026 18:43:57","1","4.11","14.15","Off","12.863899,77.662086",
"12-Sep-2026 18:43:57","1.83","4.11","14.15","Off","12.86389,77.662085",
"12-Sep-2026 18:44:16","1.83","4.11","14.1","Off","12.86389,77.662085",
"12-Sep-2026 18:44:25","1.83","4.11","14.07","Off","12.86389,77.662085",
"12-Sep-2026 18:45:16","1.07","4.11","14.05","Off","12.863953,77.662088",
"12-Sep-2026 18:45:46","0.81","4.11","14.07","Off","12.863928,77.662103",
"12-Sep-2026 18:46:46","2.33","4.11","14.07","Off","12.863865,77.662063",
"12-Sep-2026 18:47:46","2.94","4.11","14.07","Off","12.863899,77.662095",
"12-Sep-2026 18:48:25","2.94","4.11","14.05","Off","12.863899,77.662095",
"12-Sep-2026 18:57:06","2.94","4.11","14.12","Off","12.863899,77.662095",
"12-Sep-2026 18:57:06","1.14","4.11","14.12","Off","12.863897,77.662092",
"12-Sep-2026 18:57:31","1.14","4.11","14.07","Off","12.863897,77.662092",
"12-Sep-2026 18:57:31","1.14","4.11","14.07","Off","12.863897,77.662092",
"12-Sep-2026 18:57:46","0.74","4.11","14","Off","12.863969,77.662122",
"12-Sep-2026 18:58:16","0.43","4.11","13.98","Off","12.863938,77.662136",
"12-Sep-2026 18:58:46","0.34","4.11","13.98","Off","12.863936,77.662132",
"12-Sep-2026 18:59:16","0.19","4.11","14.05","Off","12.863944,77.66214",
"12-Sep-2026 18:59:46","0.59","4.11","14.05","Off","12.863942,77.66214",
"12-Sep-2026 19:00:16","1.06","4.11","14.03","Off","12.863937,77.66214",
"12-Sep-2026 19:00:46","1.63","4.11","14.03","Off","12.863933,77.662135",
"12-Sep-2026 19:01:16","0.23","4.11","14.05","Off","12.863946,77.662136",
"12-Sep-2026 19:01:46","0.28","4.11","14.03","Off","12.863936,77.662144",
"12-Sep-2026 19:02:06","0.28","4.11","14.03","Off","12.863936,77.662144",
"12-Sep-2026 19:02:46","0.53","4.11","14.05","Off","12.863927,77.662136",
"12-Sep-2026 19:03:46","1.06","4.11","14.07","Off","12.863941,77.662145",
"12-Sep-2026 19:04:43","1.06","4.11","14.03","Off","12.863941,77.662145",
"12-Sep-2026 19:04:43","0.13","4.11","14.03","Off","12.863948,77.662145",
"12-Sep-2026 19:04:46","0.9","4.11","14.03","Off","12.863946,77.662147",
"12-Sep-2026 19:05:16","0.71","4.11","14.03","Off","12.863967,77.662162",
"12-Sep-2026 19:05:43","0.71","4.11","14.05","Off","12.863967,77.662162",
"12-Sep-2026 19:06:16","2.99","4.11","14.05","Off","12.863972,77.662148",
"12-Sep-2026 19:06:46","0.31","4.11","14.03","Off","12.863969,77.662138",
"12-Sep-2026 19:07:46","0.46","4.11","14","Off","12.863945,77.66214",
"12-Sep-2026 19:08:46","1.2","4.11","13.79","Off","12.863953,77.662126",
"12-Sep-2026 19:09:43","1.2","4.11","13.35","Off","12.863953,77.662126",
"12-Sep-2026 19:34:09","1.2","4.11","13.21","Off","12.863953,77.662126",
"12-Sep-2026 19:34:09","0.39","4.11","13.21","Off","12.863941,77.66214",
"12-Sep-2026 19:35:46","0.17","4.11","13.11","Off","12.863952,77.662116",
"12-Sep-2026 19:36:46","0.22","4.11","13.11","Off","12.863924,77.662102",
"12-Sep-2026 19:37:46","0.83","4.11","13.11","Off","12.863934,77.66211",
"12-Sep-2026 19:38:09","0.83","4.11","13.11","Off","12.863934,77.66211",
"12-Sep-2026 20:38:09","0.83","4.11","13.13","Off","12.863934,77.66211",
"12-Sep-2026 20:38:09","0.33","4.11","13.13","Off","12.863926,77.662097",
"12-Sep-2026 20:39:46","0.46","4.11","13.06","Off","12.863933,77.662091",
"12-Sep-2026 20:40:46","0.33","4.11","13.04","Off","12.86397,77.66216",
"12-Sep-2026 20:41:46","0.54","4.11","13.04","Off","12.863934,77.662171",
"12-Sep-2026 20:42:09","0.54","4.11","13.04","Off","12.863934,77.662171",
"12-Sep-2026 21:42:09","0.54","4.11","13.11","Off","12.863934,77.662171",
"12-Sep-2026 21:42:09","0.45","4.11","13.11","Off","12.863923,77.662157",
"12-Sep-2026 21:43:46","1.02","4.11","13.04","Off","12.86397,77.662279",
"12-Sep-2026 21:44:46","0.65","4.11","13.01","Off","12.863977,77.662187",
"12-Sep-2026 21:45:46","1.26","4.11","12.99","Off","12.863939,77.662192",
"12-Sep-2026 21:46:09","1.26","4.11","12.99","Off","12.863939,77.662192",
"12-Sep-2026 22:46:09","1.26","4.11","13.06","Off","12.863939,77.662192",
"12-Sep-2026 22:46:09","0.76","4.11","13.06","Off","12.863907,77.662186",
"12-Sep-2026 22:47:46","0.79","4.11","12.99","Off","12.863945,77.662264",
"12-Sep-2026 22:48:46","0.35","4.11","12.97","Off","12.863946,77.662283",
"12-Sep-2026 22:49:46","0.58","4.11","12.94","Off","12.863945,77.662312",
"12-Sep-2026 22:50:09","0.58","4.11","12.94","Off","12.863945,77.662312",
"12-Sep-2026 23:50:09","0.58","4.11","13.01","Off","12.863945,77.662312",
"12-Sep-2026 23:50:09","1.11","4.11","13.01","Off","12.863955,77.662287",
"12-Sep-2026 23:51:46","0.92","4.11","12.92","Off","12.863914,77.662107",
"12-Sep-2026 23:52:46","0.9","4.11","12.89","Off","12.863913,77.662114",
"12-Sep-2026 23:53:46","0.85","4.11","12.89","Off","12.863928,77.662113",
"12-Sep-2026 23:54:09","0.85","4.11","12.89","Off","12.863928,77.662113",
"13-Sep-2026 00:54:09","0.85","4.11","12.97","Off","12.863928,77.662113",
"13-Sep-2026 00:54:09","0.46","4.11","12.97","Off","12.863929,77.6621",
"13-Sep-2026 00:54:46","0.39","4.11","12.94","Off","12.863964,77.662084",
"13-Sep-2026 00:55:46","0.55","4.11","12.87","Off","12.863932,77.662128",
"13-Sep-2026 00:56:46","0.52","4.11","12.87","Off","12.863936,77.662122",
"13-Sep-2026 00:57:46","0.17","4.11","12.85","Off","12.86394,77.662121",
"13-Sep-2026 00:58:09","0.17","4.11","12.87","Off","12.86394,77.662121",
"13-Sep-2026 01:58:09","0.17","4.11","12.97","Off","12.86394,77.662121",
"13-Sep-2026 01:58:09","0.36","4.11","12.97","Off","12.86395,77.662125",
"13-Sep-2026 01:59:46","0.09","4.11","12.85","Off","12.863983,77.662091",
"13-Sep-2026 02:00:46","0.42","4.11","12.82","Off","12.863938,77.66209",
"13-Sep-2026 02:01:46","2.07","4.11","12.82","Off","12.863964,77.662116",
"13-Sep-2026 02:02:09","2.07","4.11","12.82","Off","12.863964,77.662116",
"13-Sep-2026 03:02:09","2.07","4.11","12.94","Off","12.863964,77.662116",
"13-Sep-2026 03:02:09","1.25","4.11","12.94","Off","12.863973,77.662153",
"13-Sep-2026 03:03:46","1.1","4.11","12.85","Off","12.863951,77.662189",
"13-Sep-2026 03:04:46","0.54","4.11","12.82","Off","12.863946,77.662155",
"13-Sep-2026 03:05:46","0.4","4.11","12.77","Off","12.863969,77.662115",
"13-Sep-2026 03:06:09","0.4","4.11","12.77","Off","12.863969,77.662115",
"13-Sep-2026 04:06:09","0.4","4.11","12.87","Off","12.863969,77.662115",
"13-Sep-2026 04:06:09","0.08","4.11","12.87","Off","12.863972,77.662126",
"13-Sep-2026 04:06:46","0.64","4.11","12.8","Off","12.86395,77.662087",
"13-Sep-2026 04:06:54","15.07","4.11","12.8","Off","12.863982,77.661985",
"13-Sep-2026 04:07:46","0.26","4.11","12.77","Off","12.863931,77.66212",
"13-Sep-2026 04:08:46","0.39","4.11","12.77","Off","12.863976,77.662138",
"13-Sep-2026 04:09:46","0.63","4.11","12.8","Off","12.863986,77.66213",
"13-Sep-2026 04:10:09","0.63","4.11","12.8","Off","12.863986,77.66213",
"13-Sep-2026 05:10:09","0.63","4.11","12.85","Off","12.863986,77.66213",
"13-Sep-2026 05:10:09","0.15","4.11","12.85","Off","12.863983,77.662128",
"13-Sep-2026 05:11:46","0.34","4.11","12.75","Off","12.863928,77.66204",
"13-Sep-2026 05:12:46","0.32","4.11","12.75","Off","12.863891,77.662061",
"13-Sep-2026 05:13:08","0.53","4.11","12.75","Off","12.863894,77.662069",
"13-Sep-2026 05:13:46","2.45","4.11","12.75","Off","12.863941,77.662094",
"13-Sep-2026 05:14:09","2.45","4.11","12.72","Off","12.863941,77.662094",
"13-Sep-2026 06:14:09","2.45","4.11","12.82","Off","12.863941,77.662094",
"13-Sep-2026 06:14:09","0.41","4.11","12.82","Off","12.863957,77.662094",
"13-Sep-2026 06:15:46","1.31","4.1","12.72","Off","12.863994,77.662157",
"13-Sep-2026 06:16:46","0.59","4.11","12.72","Off","12.863948,77.662151",
"13-Sep-2026 06:17:46","0.47","4.11","12.72","Off","12.863909,77.662115",
"13-Sep-2026 06:18:09","0.47","4.11","12.7","Off","12.863909,77.662115",
"13-Sep-2026 07:18:09","0.47","4.11","12.82","Off","12.863909,77.662115",
"13-Sep-2026 07:18:09","0.59","4.11","12.82","Off","12.863923,77.662119",
"13-Sep-2026 07:19:46","2.06","4.11","12.72","Off","12.863908,77.662082",
"13-Sep-2026 07:20:46","1.4","4.11","12.7","Off","12.863938,77.662121",
"13-Sep-2026 07:21:46","0.99","4.11","12.7","Off","12.863933,77.662134",
"13-Sep-2026 07:22:09","0.99","4.11","12.7","Off","12.863933,77.662134",
"13-Sep-2026 07:32:57","0.99","4.11","12.8","Off","12.863933,77.662134",
"13-Sep-2026 07:32:57","0.57","4.11","12.8","Off","12.863932,77.662123",
"13-Sep-2026 07:32:57","0.57","4.11","12.8","On","12.863932,77.662123",
"13-Sep-2026 07:33:16","0.57","4.11","13.5","On","12.863932,77.662123",
"13-Sep-2026 07:34:16","0.88","4.11","13.93","On","12.863899,77.662126",
"13-Sep-2026 07:34:46","0.97","4.11","13.91","On","12.863891,77.662125",
"13-Sep-2026 07:35:16","0.82","4.11","13.93","On","12.863893,77.662121",
"13-Sep-2026 07:35:46","3.39","4.11","13.93","On","12.863859,77.662094",
"13-Sep-2026 07:35:55","13.17","4.11","13.93","On","12.863816,77.66221",
"13-Sep-2026 07:36:05","0.69","4.11","13.93","On","12.863675,77.662553",
"13-Sep-2026 07:36:16","0.56","4.11","13.93","On","12.86366,77.662495",
"13-Sep-2026 07:36:46","0.47","4.11","13.95","On","12.863671,77.662484",
"13-Sep-2026 07:37:16","0.26","4.11","14","On","12.863663,77.662469",
"13-Sep-2026 07:37:46","1.44","4.11","14","On","12.863643,77.662444",
"13-Sep-2026 07:38:16","2.79","4.11","14.05","On","12.863664,77.662457",
"13-Sep-2026 07:38:46","1.45","4.11","14.03","On","12.863643,77.662462",
"13-Sep-2026 07:39:16","0.34","4.11","14.03","On","12.86367,77.662462",
"13-Sep-2026 07:39:46","0.99","4.11","14.03","On","12.863677,77.662461",
"13-Sep-2026 07:40:16","0.66","4.11","14","On","12.863677,77.662468",
"13-Sep-2026 07:40:46","0.55","4.11","14","On","12.863671,77.662472",
"13-Sep-2026 07:41:16","0.32","4.11","14.03","On","12.863701,77.662487",
"13-Sep-2026 07:41:46","1.49","4.1","14","On","12.863693,77.662499",
"13-Sep-2026 07:42:16","0.54","4.11","14.03","On","12.863676,77.662487",
"13-Sep-2026 07:42:46","0.94","4.11","14.05","On","12.863664,77.662473",
"13-Sep-2026 07:43:16","0.46","4.11","14.03","On","12.863673,77.662479",
"13-Sep-2026 07:43:46","1.07","4.11","14","On","12.863719,77.662492",
"13-Sep-2026 07:44:16","1.32","4.11","13.95","On","12.863733,77.662513",
"13-Sep-2026 07:44:46","1.17","4.11","13.95","On","12.863775,77.662508",
"13-Sep-2026 07:45:16","0.82","4.11","13.95","On","12.863765,77.662521",
"13-Sep-2026 07:45:46","1.22","4.11","13.95","On","12.863789,77.662516",
"13-Sep-2026 07:46:16","0.26","4.11","13.98","On","12.863798,77.662529",
"13-Sep-2026 07:46:46","0.34","4.11","13.93","On","12.863779,77.662509",
"13-Sep-2026 07:47:16","0.85","4.11","13.93","On","12.86376,77.662514",
"13-Sep-2026 07:47:46","1.48","4.11","13.95","On","12.863715,77.66249",
"13-Sep-2026 07:48:16","0.17","4.11","13.98","On","12.863728,77.662531",
"13-Sep-2026 07:48:46","0.18","4.11","13.98","On","12.863707,77.662527",
"13-Sep-2026 07:49:16","0.37","4.11","13.95","On","12.863718,77.66254",
"13-Sep-2026 07:49:46","0.6","4.11","13.95","On","12.863754,77.662548",
"13-Sep-2026 07:50:16","0.59","4.1","13.98","On","12.863768,77.662541",
"13-Sep-2026 07:50:46","0.32","4.11","13.95","On","12.863791,77.662538",
"13-Sep-2026 07:51:16","0.45","4.11","13.98","On","12.863787,77.662549",
"13-Sep-2026 07:51:46","0.97","4.11","13.93","On","12.863751,77.662544",
"13-Sep-2026 07:52:16","1.4","4.11","13.98","On","12.863772,77.662533",
"13-Sep-2026 07:52:46","0.19","4.11","13.95","On","12.863784,77.662542",
"13-Sep-2026 07:53:16","0.58","4.11","13.95","On","12.8638,77.662528",
"13-Sep-2026 07:53:46","0.49","4.11","13.95","On","12.863832,77.662543",
"13-Sep-2026 07:54:16","0.41","4.11","13.95","On","12.863812,77.662523",
"13-Sep-2026 07:54:46","0.29","4.11","13.95","On","12.863753,77.662505",
"13-Sep-2026 07:55:16","1.38","4.11","13.95","On","12.86377,77.662487",
"13-Sep-2026 07:55:46","1.34","4.11","13.95","On","12.863756,77.662464",
"13-Sep-2026 07:56:16","0.61","4.11","13.98","On","12.863758,77.662477",
"13-Sep-2026 07:56:46","2.66","4.11","13.98","On","12.863803,77.662516",
"13-Sep-2026 07:57:16","0.57","4.11","14","On","12.863827,77.662537",
"13-Sep-2026 07:57:46","0.53","4.11","14","On","12.863858,77.66254",
"13-Sep-2026 07:58:16","0.8","4.11","14","On","12.863842,77.662536",
"13-Sep-2026 07:58:46","1.19","4.11","14","On","12.863829,77.662541",
"13-Sep-2026 07:59:16","0.18","4.11","14.03","On","12.863846,77.662563",
"13-Sep-2026 07:59:46","2.09","4.11","14","On","12.863879,77.66257",
"13-Sep-2026 08:00:16","0.86","4.11","14","On","12.863876,77.66257",
"13-Sep-2026 08:00:46","0.57","4.11","14","On","12.86384,77.662573",
"13-Sep-2026 08:01:16","2.3","4.11","14","On","12.863848,77.662571",
"13-Sep-2026 08:01:46","0.1","4.11","14","On","12.863831,77.66255",
"13-Sep-2026 08:02:16","0.17","4.11","14","On","12.863835,77.662567",
"13-Sep-2026 08:02:46","0.86","4.11","14.03","On","12.863829,77.662564",
"13-Sep-2026 08:03:16","0.59","4.11","14.03","On","12.863866,77.662583",
"13-Sep-2026 08:03:46","1","4.11","14.05","On","12.863885,77.662593",
"13-Sep-2026 08:04:16","1.48","4.11","14.03","On","12.863879,77.662592",
"13-Sep-2026 08:04:46","0.35","4.11","14.03","On","12.863861,77.662609",
"13-Sep-2026 08:05:16","0.21","4.11","14.03","On","12.863802,77.6626",
"13-Sep-2026 08:05:46","1.72","4.11","14.03","On","12.863775,77.662592",
"13-Sep-2026 08:06:16","2.15","4.11","14","On","12.863815,77.662624",
"13-Sep-2026 08:06:46","3.54","4.11","14","On","12.863753,77.662546",
"13-Sep-2026 08:07:16","2.26","4.11","14.03","On","12.863743,77.662513",
"13-Sep-2026 08:07:46","2.96","4.11","14","On","12.863755,77.662499",
"13-Sep-2026 08:08:16","3","4.11","14","On","12.863773,77.662522",
"13-Sep-2026 08:08:46","1.12","4.11","14","On","12.863767,77.662505",
"13-Sep-2026 08:09:16","2.05","4.11","14","On","12.863776,77.662508",
"13-Sep-2026 08:09:46","2.44","4.11","14.03","On","12.863748,77.662513",
"13-Sep-2026 08:10:16","0.39","4.11","14.03","On","12.863783,77.662552",
"13-Sep-2026 08:10:46","0.1","4.11","14","On","12.863775,77.662522",
"13-Sep-2026 08:11:16","2.19","4.1","14","On","12.863807,77.662577",
"13-Sep-2026 08:11:46","2.65","4.1","13.98","On","12.863773,77.662572",
"13-Sep-2026 08:12:16","0.45","4.11","14.03","On","12.8638,77.662564",
"13-Sep-2026 08:12:46","0.68","4.11","14","On","12.863808,77.662568",
"13-Sep-2026 08:13:16","0.65","4.1","14","On","12.863822,77.6626",
"13-Sep-2026 08:13:46","0.56","4.11","14.05","On","12.863855,77.662631",
"13-Sep-2026 08:14:16","0.49","4.11","14.05","On","12.863831,77.662621",
"13-Sep-2026 08:14:46","0.3","4.11","14.03","On","12.863809,77.662605",
"13-Sep-2026 08:15:16","1.01","4.11","14.03","On","12.863791,77.662591",
"13-Sep-2026 08:15:46","0.65","4.1","14.03","On","12.86378,77.662583",
"13-Sep-2026 08:16:16","0.7","4.1","14.03","On","12.863755,77.662566",
"13-Sep-2026 08:16:46","0.57","4.11","14","On","12.863752,77.662547",
"13-Sep-2026 08:17:16","0.51","4.1","14","On","12.863759,77.662549",
"13-Sep-2026 08:17:46","1.24","4.11","14","On","12.863734,77.662526",
"13-Sep-2026 08:18:16","0.47","4.11","14.03","On","12.863722,77.662552",
"13-Sep-2026 08:18:46","0.93","4.11","14.03","On","12.863722,77.662563",
"13-Sep-2026 08:19:16","0.47","4.11","14.07","On","12.863755,77.662573",
"13-Sep-2026 08:19:46","0.86","4.11","14.05","On","12.863758,77.662559",
"13-Sep-2026 08:20:16","0.29","4.11","14.05","On","12.863728,77.662539",
"13-Sep-2026 08:20:46","1.19","4.11","14.03","On","12.863734,77.662545",
"13-Sep-2026 08:21:16","0.69","4.11","14.03","On","12.863702,77.662527",
"13-Sep-2026 08:21:46","1","4.11","14.05","On","12.863717,77.66254",
"13-Sep-2026 08:22:16","1.11","4.11","14.05","On","12.863743,77.662569",
"13-Sep-2026 08:22:46","0.47","4.11","14.05","On","12.863735,77.662585",
"13-Sep-2026 08:23:16","0.65","4.11","14.03","On","12.86376,77.662588",
"13-Sep-2026 08:23:46","0.92","4.11","14.03","On","12.863766,77.662583",
"13-Sep-2026 08:24:16","0.39","4.11","14.03","On","12.86376,77.662574",
"13-Sep-2026 08:24:46","1.1","4.11","14.03","On","12.863753,77.662569",
"13-Sep-2026 08:25:16","0.78","4.11","14.03","On","12.86377,77.662555",
"13-Sep-2026 08:25:46","0.06","4.1","14.03","On","12.863784,77.662556",
"13-Sep-2026 08:26:16","0.38","4.1","14","On","12.863756,77.662541",
"13-Sep-2026 08:26:46","2.23","4.11","14.03","On","12.863738,77.662543",
"13-Sep-2026 08:27:16","0.94","4.11","14","On","12.863752,77.662552",
"13-Sep-2026 08:27:46","1","4.11","14","On","12.863755,77.662552",
"13-Sep-2026 08:28:16","0.5","4.11","14","On","12.863747,77.662555",
"13-Sep-2026 08:28:46","0.55","4.11","14","On","12.863723,77.66253",
"13-Sep-2026 08:29:16","0.65","4.11","14","On","12.86373,77.662544",
"13-Sep-2026 08:29:46","1.63","4.11","14","On","12.86369,77.66253",
"13-Sep-2026 08:30:16","1.2","4.11","14","On","12.863696,77.662532",
"13-Sep-2026 08:30:46","0.71","4.11","14","On","12.863709,77.662542",
"13-Sep-2026 08:31:16","0.43","4.11","14","On","12.863724,77.662563",
"13-Sep-2026 08:31:46","0.95","4.11","14.03","On","12.863717,77.662566",
"13-Sep-2026 08:32:16","2.17","4.11","14","On","12.863746,77.662578",
"13-Sep-2026 08:32:46","0.47","4.11","14.03","On","12.863756,77.662575",
"13-Sep-2026 08:33:16","0.23","4.11","14.03","On","12.863767,77.662574",
"13-Sep-2026 08:33:46","0.31","4.11","14.03","On","12.863766,77.66256",
"13-Sep-2026 08:34:16","1.52","4.11","14","On","12.863767,77.662573",
"13-Sep-2026 08:34:46","0.29","4.1","14","On","12.863774,77.662576",
"13-Sep-2026 08:35:16","1.92","4.11","14.03","On","12.863771,77.662574",
"13-Sep-2026 08:35:46","0.18","4.11","14.03","On","12.863737,77.662558",
"13-Sep-2026 08:36:16","0.09","4.11","14","On","12.863722,77.662563",
"13-Sep-2026 08:36:46","2.08","4.11","14.03","On","12.86376,77.662571",
"13-Sep-2026 08:37:16","0.65","4.11","14.03","On","12.863787,77.662588",
"13-Sep-2026 08:37:46","2.63","4.1","13.98","On","12.863784,77.662566",
"13-Sep-2026 08:38:16","0.56","4.1","14.03","On","12.863766,77.662557",
"13-Sep-2026 08:38:46","0.31","4.11","14.03","On","12.863765,77.662588",
"13-Sep-2026 08:39:16","0.4","4.11","14","On","12.86374,77.66259",
"13-Sep-2026 08:39:46","1.78","4.11","14.03","On","12.863731,77.662587",
"13-Sep-2026 08:40:16","0.52","4.11","14.03","On","12.863724,77.662564",
"13-Sep-2026 08:40:46","1.06","4.1","14","On","12.863737,77.662545",
"13-Sep-2026 08:41:16","0.98","4.11","14.05","On","12.863765,77.662541",
"13-Sep-2026 08:41:46","0.42","4.11","14.03","On","12.863764,77.662558",
"13-Sep-2026 08:42:16","0.69","4.1","13.98","On","12.863732,77.66253",
"13-Sep-2026 08:42:46","0.92","4.11","14","On","12.863691,77.662526",
"13-Sep-2026 08:43:16","1.21","4.11","14","On","12.863713,77.662535",
"13-Sep-2026 08:43:46","0.99","4.11","14.03","On","12.863705,77.66255",
"13-Sep-2026 08:44:16","0.59","4.11","14","On","12.863739,77.662554",
"13-Sep-2026 08:44:46","1.68","4.11","14.05","On","12.86373,77.66258",
"13-Sep-2026 08:45:16","0.56","4.11","14","On","12.86371,77.662577",
"13-Sep-2026 08:45:46","1.54","4.11","14.03","On","12.86371,77.662569",
"13-Sep-2026 08:46:16","1.61","4.11","14","On","12.863726,77.662557",
"13-Sep-2026 08:46:46","0.83","4.11","14.03","On","12.863736,77.662544",
"13-Sep-2026 08:47:16","1.18","4.11","14.03","On","12.863719,77.662553",
"13-Sep-2026 08:47:46","0.64","4.11","14","On","12.863766,77.662552",
"13-Sep-2026 08:48:16","1.12","4.11","14.03","On","12.863764,77.662553",
"13-Sep-2026 08:48:46","0.48","4.11","14.03","On","12.863778,77.662559",
"13-Sep-2026 08:49:16","0.59","4.11","14","On","12.863758,77.66255",
"13-Sep-2026 08:49:46","0.17","4.11","13.98","On","12.863755,77.662547",
"13-Sep-2026 08:50:16","0.43","4.11","14","On","12.863733,77.662527",
"13-Sep-2026 08:50:46","0.68","4.11","14","On","12.863728,77.662519",
"13-Sep-2026 08:51:16","0.11","4.11","14.03","On","12.863715,77.662524",
"13-Sep-2026 08:51:46","0.53","4.11","14","On","12.86374,77.662526",
"13-Sep-2026 08:52:16","0.44","4.11","14.03","On","12.863767,77.662545",
"13-Sep-2026 08:52:46","0.5","4.11","14.03","On","12.863778,77.662554",
"13-Sep-2026 08:53:16","0.67","4.11","14.05","On","12.863782,77.662556",
"13-Sep-2026 08:53:46","0.25","4.11","14","On","12.863779,77.662552",
"13-Sep-2026 08:54:16","1.42","4.11","14","On","12.863798,77.662563",
"13-Sep-2026 08:54:46","1.38","4.11","14.03","On","12.863789,77.662556",
"13-Sep-2026 08:55:16","0.34","4.11","13.88","On","12.863789,77.662558",
"13-Sep-2026 08:55:46","2.05","4.11","13.95","On","12.863792,77.662568",
"13-Sep-2026 08:56:16","0.69","4.11","13.95","On","12.86382,77.662586",
"13-Sep-2026 08:56:46","0.7","4.11","13.93","On","12.863787,77.662582",
"13-Sep-2026 08:57:16","0.65","4.11","13.95","On","12.863761,77.662572",
"13-Sep-2026 08:57:46","1.55","4.11","13.98","On","12.863758,77.662568",
"13-Sep-2026 08:58:16","0.81","4.11","13.95","On","12.863783,77.662569",
"13-Sep-2026 08:58:46","0.41","4.11","13.93","On","12.863797,77.662563",
"13-Sep-2026 08:59:15","16.51","4.11","13.93","On","12.863479,77.662974",
"13-Sep-2026 08:59:16","16.51","4.11","13.95","On","12.863479,77.662974",
"13-Sep-2026 08:59:46","26.4","4.1","13.95","On","12.861803,77.662423",
"13-Sep-2026 09:00:16","5.69","4.11","13.98","On","12.86007,77.66148",
"13-Sep-2026 09:00:25","13.03","4.11","13.98","On","12.859845,77.661574",
"13-Sep-2026 09:00:46","4.74","4.11","13.93","On","12.859498,77.661874",
"13-Sep-2026 09:01:16","35.07","4.1","13.95","On","12.858311,77.662687",
"13-Sep-2026 09:01:46","5.86","4.1","13.95","On","12.856427,77.664163",
"13-Sep-2026 09:02:05","13.66","4.1","13.95","On","12.856141,77.664247",
"13-Sep-2026 09:02:10","39.12","4.1","13.95","On","12.856521,77.663838",
"13-Sep-2026 09:02:16","47.53","4.11","13.98","On","12.856832,77.663536",
"13-Sep-2026 09:02:46","21.47","4.11","13.95","On","12.859652,77.661351",
"13-Sep-2026 09:03:16","47.92","4.11","13.95","On","12.861892,77.659548",
"13-Sep-2026 09:03:46","57.15","4.11","13.95","On","12.865347,77.656764",
"13-Sep-2026 09:04:16","51.75","4.11","13.98","On","12.868522,77.65425",
"13-Sep-2026 09:04:46","47.45","4.11","13.95","On","12.871019,77.652243",
"13-Sep-2026 09:05:16","44.07","4.11","13.98","On","12.873702,77.650182",
"13-Sep-2026 09:05:45","15.42","4.11","13.98","On","12.874921,77.648886",
"13-Sep-2026 09:05:46","13.82","4.11","13.88","On","12.874996,77.648743",
"13-Sep-2026 09:05:55","39.15","4.11","13.88","On","12.875446,77.648351",
"13-Sep-2026 09:06:16","5.67","4.11","13.93","On","12.876301,77.647554",
"13-Sep-2026 09:06:30","8.32","4.11","13.93","On","12.876385,77.64733",
"13-Sep-2026 09:06:46","0.38","4.1","13.74","Off","12.876363,77.647289",
"13-Sep-2026 09:07:16","0.56","4.11","13.5","Off","12.876355,77.647281",
"13-Sep-2026 09:07:46","0.04","4.11","13.4","Off","12.876399,77.647295",
"13-Sep-2026 09:08:16","0.25","4.11","13.33","Off","12.876397,77.647295",
"13-Sep-2026 09:08:17","0.25","4.11","13.33","Off","12.876397,77.647295",
"13-Sep-2026 09:09:16","0.21","4.11","13.35","Off","12.876387,77.647289",
"13-Sep-2026 09:09:46","0.16","4.11","13.33","Off","12.876379,77.647285",
"13-Sep-2026 09:10:46","0.23","4.11","13.33","Off","12.876364,77.647282",
"13-Sep-2026 09:11:46","0.14","4.11","13.3","Off","12.876367,77.647268",
"13-Sep-2026 09:12:17","0.14","4.11","13.3","Off","12.876367,77.647268",
"13-Sep-2026 09:30:41","0.14","4.11","13.26","Off","12.876367,77.647268",
"13-Sep-2026 09:30:41","0.21","4.11","13.26","Off","12.876368,77.647267",
"13-Sep-2026 09:30:42","0.21","4.11","13.26","On","12.876368,77.647267",
"13-Sep-2026 09:30:42","0.21","4.11","13.26","On","12.876368,77.647267",
"13-Sep-2026 09:30:46","0.21","4.11","13.3","On","12.876368,77.647267",
"13-Sep-2026 09:31:16","2.44","4.11","13.91","On","12.876427,77.647307",
"13-Sep-2026 09:31:46","0.7","4.11","13.95","On","12.876475,77.647499",
"13-Sep-2026 09:31:51","14.6","4.11","13.95","On","12.876394,77.647531",
"13-Sep-2026 09:32:16","11.44","4.11","13.93","On","12.874947,77.648802",
"13-Sep-2026 09:32:26","5.43","4.11","13.93","On","12.874768,77.648947",
"13-Sep-2026 09:32:31","12.38","4.11","13.93","On","12.874683,77.648923",
"13-Sep-2026 09:32:36","9.04","4.11","13.93","On","12.874692,77.648792",
"13-Sep-2026 09:32:41","36.88","4.11","13.93","On","12.874651,77.648318",
"13-Sep-2026 09:32:46","42.42","4.11","13.98","On","12.874547,77.647918",
"13-Sep-2026 09:33:16","31.11","4.11","13.95","On","12.873948,77.645469",
"13-Sep-2026 09:33:46","26.43","4.11","14","On","12.873734,77.643923",
"13-Sep-2026 09:33:56","12.98","4.11","14","On","12.873703,77.643412",
"13-Sep-2026 09:34:01","13.96","4.11","14","On","12.873509,77.643356",
"13-Sep-2026 09:34:16","0.41","4.11","13.91","On","12.873433,77.643356",
"13-Sep-2026 09:34:46","1.17","4.11","13.93","On","12.873431,77.643352",
"13-Sep-2026 09:35:11","5.7","4.11","13.93","On","12.8726,77.643372",
"13-Sep-2026 09:35:16","15.56","4.11","13.93","On","12.872516,77.643364",
"13-Sep-2026 09:35:16","28.7","4.11","13.98","On","12.872261,77.64335",
"13-Sep-2026 09:35:36","5.29","4.11","13.98","On","12.871436,77.643417",
"13-Sep-2026 09:35:41","15.52","4.11","13.98","On","12.871251,77.643592",
"13-Sep-2026 09:35:46","13.23","4.1","13.93","On","12.871053,77.643559",
"13-Sep-2026 09:36:16","0.52","4.11","14","On","12.870919,77.643498",
"13-Sep-2026 09:36:46","0.13","4.11","14.03","On","12.870927,77.643478",
"13-Sep-2026 09:37:16","0.06","4.11","14","On","12.870931,77.643477",
"13-Sep-2026 09:37:46","0.56","4.11","14","On","12.870931,77.643478",
"13-Sep-2026 09:38:16","0.32","4.11","14","On","12.87094,77.643471",
"13-Sep-2026 09:38:46","0.7","4.11","14.03","On","12.870942,77.643477",
"13-Sep-2026 09:39:16","0.23","4.11","14","On","12.870954,77.643475",
"13-Sep-2026 09:39:46","0.26","4.11","14","On","12.870965,77.643474",
"13-Sep-2026 09:40:16","0.62","4.11","14.03","On","12.87097,77.643466",
"13-Sep-2026 09:40:46","0.1","4.11","14.03","On","12.870964,77.643464",
"13-Sep-2026 09:41:16","1.14","4.11","14.05","On","12.870963,77.643462",
"13-Sep-2026 09:41:36","17.58","4.11","14.05","On","12.870499,77.643349",
"13-Sep-2026 09:41:46","23.37","4.11","14","On","12.870623,77.642546",
"13-Sep-2026 09:41:51","21.04","4.11","14","On","12.87076,77.642426",
"13-Sep-2026 09:42:06","18.82","4.11","14","On","12.871488,77.642745",
"13-Sep-2026 09:42:16","18.64","4.11","14","On","12.871422,77.642964",
"13-Sep-2026 09:42:26","8.81","4.11","14","On","12.87149,77.643374",
"13-Sep-2026 09:42:36","28.22","4.11","14","On","12.871934,77.643357",
"13-Sep-2026 09:42:46","17.37","4.11","14","On","12.872647,77.643344",
"13-Sep-2026 09:42:46","17.37","4.11","13.98","On","12.872647,77.643344",
"13-Sep-2026 09:42:56","23.92","4.11","13.98","On","12.873121,77.643322",
"13-Sep-2026 09:43:16","2.27","4.11","13.98","On","12.873623,77.643285",
"13-Sep-2026 09:43:16","2.27","4.11","13.93","On","12.873623,77.643285",
"13-Sep-2026 09:43:46","0.5","4.11","13.93","On","12.873754,77.643702",
"13-Sep-2026 09:44:16","2.44","4.11","13.95","On","12.873781,77.64407",
"13-Sep-2026 09:44:46","0.45","4.11","13.93","On","12.873786,77.644124",
"13-Sep-2026 09:45:16","0.67","4.11","13.98","On","12.873778,77.644139",
"13-Sep-2026 09:45:46","0.67","4.11","13.95","On","12.873784,77.644134",
"13-Sep-2026 09:46:16","0.94","4.11","13.95","On","12.873781,77.644108",
"13-Sep-2026 09:46:46","0.36","4.11","14","On","12.873793,77.644113",
"13-Sep-2026 09:47:16","0.93","4.11","13.98","On","12.873784,77.644135",
"13-Sep-2026 09:47:46","0.59","4.11","13.98","On","12.873789,77.644132",
"13-Sep-2026 09:48:16","0.47","4.11","13.98","On","12.873796,77.64415",
"13-Sep-2026 09:48:46","0.43","4.11","13.98","On","12.8738,77.644163",
"13-Sep-2026 09:49:16","0.26","4.11","13.98","On","12.873818,77.644163",
"13-Sep-2026 09:49:46","0.48","4.11","14","On","12.873819,77.644147",
"13-Sep-2026 09:50:16","0.29","4.11","14","On","12.873818,77.644145",
"13-Sep-2026 09:50:46","0.58","4.11","14","On","12.873811,77.644154",
"13-Sep-2026 09:51:16","0.51","4.11","13.98","On","12.873779,77.64417",
"13-Sep-2026 09:51:46","1.31","4.11","14","On","12.873781,77.644158",
"13-Sep-2026 09:52:16","0.41","4.11","13.98","On","12.873784,77.644159",
"13-Sep-2026 09:52:46","0.29","4.11","14","On","12.873778,77.644173",
"13-Sep-2026 09:53:16","1.95","4.11","13.98","On","12.873757,77.644144",
"13-Sep-2026 09:53:46","0.92","4.11","13.93","On","12.873759,77.644137",
"13-Sep-2026 09:54:16","0.53","4.11","13.91","On","12.873775,77.644141",
"13-Sep-2026 09:54:26","24.56","4.11","13.91","On","12.87376,77.643936",
"13-Sep-2026 09:54:46","29.86","4.11","13.91","On","12.873752,77.642656",
"13-Sep-2026 09:54:46","29.86","4.11","13.95","On","12.873752,77.642656",
"13-Sep-2026 09:55:16","26.79","4.11","13.95","On","12.87432,77.640296",
"13-Sep-2026 09:55:16","26.79","4.11","13.95","On","12.87432,77.640296",
"13-Sep-2026 09:55:21","25.87","4.11","13.95","On","12.87448,77.640143",
"13-Sep-2026 09:55:46","30.03","4.11","13.93","On","12.876138,77.639599",
"13-Sep-2026 09:56:16","19.04","4.11","13.93","On","12.87768,77.638605",
"13-Sep-2026 09:56:16","19.04","4.11","13.98","On","12.87768,77.638605",
"13-Sep-2026 09:56:46","16.63","4.11","13.98","On","12.878555,77.637897",
"13-Sep-2026 09:56:56","14.14","4.11","13.98","On","12.878829,77.63757",
"13-Sep-2026 09:57:16","12.01","4.11","13.98","On","12.879167,77.636577",
"13-Sep-2026 09:57:21","15.38","4.11","13.98","On","12.879088,77.63648",
"13-Sep-2026 09:57:41","25.82","4.11","13.98","On","12.877692,77.636146",
"13-Sep-2026 09:57:46","22.43","4.11","13.95","On","12.877719,77.635867",
"13-Sep-2026 09:57:51","14.86","4.11","13.95","On","12.877623,77.635751",
"13-Sep-2026 09:58:16","32.75","4.11","13.98","On","12.875277,77.635408",
"13-Sep-2026 09:58:46","23.82","4.11","14","On","12.873907,77.635192",
"13-Sep-2026 09:59:16","20.84","4.11","13.98","On","12.87216,77.634964",
"13-Sep-2026 09:59:46","11.62","4.11","13.98","On","12.871083,77.634702",
"13-Sep-2026 09:59:46","11.62","4.11","13.95","On","12.871083,77.634702",
"13-Sep-2026 09:59:56","0.59","4.11","13.95","On","12.871047,77.634602",
"13-Sep-2026 10:00:16","0.19","4.11","14.03","On","12.871039,77.634601",
"13-Sep-2026 10:00:46","0.08","4.11","14.07","On","12.871034,77.634593",
"13-Sep-2026 10:01:16","0.21","4.11","14.03","On","12.871032,77.634595",
"13-Sep-2026 10:01:46","0.07","4.11","13.98","On","12.871029,77.634594",
"13-Sep-2026 10:02:16","0.11","4.11","14","On","12.871031,77.634588",
"13-Sep-2026 10:02:46","5.89","4.11","14","On","12.871045,77.634489",
"13-Sep-2026 10:03:16","3.24","4.11","14","On","12.871059,77.633651",
"13-Sep-2026 10:03:46","4.64","4.11","14","On","12.871197,77.632929",
"13-Sep-2026 10:04:16","0.34","4.11","13.98","On","12.871184,77.632885",
"13-Sep-2026 10:04:46","0.06","4.11","14","On","12.871192,77.632886",
"13-Sep-2026 10:05:16","0.22","4.11","14","On","12.871177,77.632878",
"13-Sep-2026 10:05:46","0.5","4.11","14","On","12.871196,77.632889",
"13-Sep-2026 10:06:16","0.3","4.11","14","On","12.871211,77.632899",
"13-Sep-2026 10:06:46","0.26","4.11","14.03","On","12.871198,77.632894",
"13-Sep-2026 10:07:16","0.37","4.11","14","On","12.871193,77.632891",
"13-Sep-2026 10:07:46","0.54","4.11","14","On","12.871209,77.632901",
"13-Sep-2026 10:08:16","0.39","4.11","13.98","On","12.871199,77.63289",
"13-Sep-2026 10:08:46","0.27","4.11","14","On","12.871193,77.632885",
"13-Sep-2026 10:09:16","0.27","4.11","13.98","On","12.871197,77.632886",
"13-Sep-2026 10:09:46","0.32","4.11","14","On","12.871197,77.632882",
"13-Sep-2026 10:10:16","0.56","4.11","13.98","On","12.871188,77.632878",
"13-Sep-2026 10:10:46","0.35","4.11","14","On","12.871206,77.632889",
"13-Sep-2026 10:11:16","0.04","4.11","14.03","On","12.871224,77.632911",
"13-Sep-2026 10:11:46","0.06","4.11","14","On","12.871226,77.632916",
"13-Sep-2026 10:12:16","0.13","4.11","14.03","On","12.871232,77.632916",
"13-Sep-2026 10:12:46","0.01","4.11","14","On","12.87123,77.632918",
"13-Sep-2026 10:13:16","0.28","4.11","14","On","12.871233,77.632919",
"13-Sep-2026 10:13:46","0.09","4.11","14.03","On","12.871232,77.632921",
"13-Sep-2026 10:14:16","0.28","4.11","14.03","On","12.871229,77.632919",
"13-Sep-2026 10:14:46","0.2","4.11","14.03","On","12.871226,77.632919",
"13-Sep-2026 10:15:16","0.06","4.11","14.03","On","12.871241,77.632927",
"13-Sep-2026 10:15:46","0.25","4.11","14","On","12.871237,77.632926",
"13-Sep-2026 10:16:16","0.22","4.11","14.03","On","12.871219,77.632918",
"13-Sep-2026 10:16:46","0.23","4.11","14","On","12.871211,77.632916",
"13-Sep-2026 10:17:16","0.2","4.11","14.03","On","12.8712,77.632912",
"13-Sep-2026 10:17:46","0.21","4.11","14.03","On","12.871193,77.632905",
"13-Sep-2026 10:18:16","0.12","4.11","14","On","12.871183,77.6329",
"13-Sep-2026 10:18:46","0.2","4.11","14","On","12.871179,77.632897",
"13-Sep-2026 10:19:16","0.05","4.11","14","On","12.871177,77.632902",
"13-Sep-2026 10:19:46","0.35","4.11","14.03","On","12.871186,77.632908",
"13-Sep-2026 10:20:16","0.29","4.11","14.03","On","12.871177,77.632903",
"13-Sep-2026 10:20:41","11.93","4.11","14.03","On","12.871134,77.63294",
"13-Sep-2026 10:20:46","12.53","4.11","14","On","12.871097,77.633252",
"13-Sep-2026 10:21:16","10.24","4.11","14","On","12.871057,77.633993",
"13-Sep-2026 10:21:36","5.65","4.11","14","On","12.871126,77.63455",
"13-Sep-2026 10:21:46","0.15","4.11","13.98","On","12.871132,77.634597",
"13-Sep-2026 10:22:16","0.2","4.11","14","On","12.871135,77.634599",
"13-Sep-2026 10:22:46","0.08","4.11","14.03","On","12.871133,77.634606",
"13-Sep-2026 10:23:16","0.08","4.11","14.03","On","12.871135,77.634608",
"13-Sep-2026 10:23:46","0.03","4.11","14.03","On","12.871131,77.634603",
"13-Sep-2026 10:24:16","3.88","4.11","14","On","12.870914,77.634751",
"13-Sep-2026 10:24:46","0.16","4.11","14","On","12.870771,77.634721",
"13-Sep-2026 10:25:16","0.14","4.11","13.98","On","12.870766,77.634727",
"13-Sep-2026 10:25:46","9.08","4.11","14","On","12.870605,77.634649",
"13-Sep-2026 10:26:16","0.19","4.11","14.03","On","12.870638,77.634603",
"13-Sep-2026 10:26:46","0.09","4.11","14.07","On","12.870636,77.634598",
"13-Sep-2026 10:27:16","0.23","4.11","14.07","On","12.870639,77.634591",
"13-Sep-2026 10:27:46","0.98","4.11","14.03","On","12.870641,77.634591",
"13-Sep-2026 10:27:56","17.67","4.11","14.03","On","12.870723,77.634726",
"13-Sep-2026 10:28:16","16.38","4.11","14","On","12.871367,77.634819",
"13-Sep-2026 10:28:46","33.91","4.11","14.03","On","12.873202,77.635081",
"13-Sep-2026 10:29:16","14.77","4.11","14","On","12.874867,77.635328",
"13-Sep-2026 10:29:46","34.91","4.11","14","On","12.87695,77.635638",
"13-Sep-2026 10:29:56","15.91","4.11","14","On","12.877726,77.635783",
"13-Sep-2026 10:30:01","25.73","4.11","14","On","12.877731,77.635994",
"13-Sep-2026 10:30:11","28.1","4.11","14","On","12.877879,77.636306",
"13-Sep-2026 10:30:16","33.63","4.1","13.98","On","12.87856,77.636404",
"13-Sep-2026 10:30:31","2.3","4.1","13.98","On","12.87913,77.636481",
"13-Sep-2026 10:30:41","13.03","4.1","13.98","On","12.879209,77.636584",
"13-Sep-2026 10:30:46","5.88","4.11","13.95","On","12.879172,77.636702",
"13-Sep-2026 10:31:16","4.24","4.11","13.98","On","12.878844,77.637663",
"13-Sep-2026 10:31:21","15.03","4.11","13.98","On","12.87887,77.637782",
"13-Sep-2026 10:31:46","20.98","4.11","13.95","On","12.879437,77.639327",
"13-Sep-2026 10:32:16","6.11","4.11","14","On","12.880107,77.641262",
"13-Sep-2026 10:32:41","23.98","4.11","14","On","12.8806,77.642196",
"13-Sep-2026 10:32:46","26.87","4.11","14","On","12.880806,77.642089",
"13-Sep-2026 10:33:16","20.33","4.11","13.95","On","12.882636,77.640982",
"13-Sep-2026 10:33:36","3.17","4.11","13.95","On","12.883466,77.640652",
"13-Sep-2026 10:33:46","12.04","4.11","13.95","On","12.883631,77.640633",
"13-Sep-2026 10:33:46","12.04","4.11","13.98","On","12.883631,77.640633",
"13-Sep-2026 10:34:01","8.11","4.11","13.98","On","12.883961,77.640599",
"13-Sep-2026 10:34:11","12.73","4.11","13.98","On","12.884057,77.640723",
"13-Sep-2026 10:34:16","15.52","4.1","13.98","On","12.884096,77.640961",
"13-Sep-2026 10:34:31","39.39","4.1","13.98","On","12.884501,77.641898",
"13-Sep-2026 10:34:41","4.3","4.1","13.98","On","12.884737,77.642297",
"13-Sep-2026 10:34:46","6.62","4.11","13.95","On","12.884808,77.642287",
"13-Sep-2026 10:34:56","20.61","4.11","13.95","On","12.885213,77.642018",
"13-Sep-2026 10:35:16","36.76","4.11","13.98","On","12.886424,77.641264",
"13-Sep-2026 10:35:36","4.97","4.11","13.98","On","12.887056,77.640896",
"13-Sep-2026 10:35:41","13.68","4.11","13.98","On","12.887144,77.640848",
"13-Sep-2026 10:35:46","18.34","4.11","13.98","On","12.887299,77.640756",
"13-Sep-2026 10:36:16","17.26","4.11","14","On","12.888652,77.639878",
"13-Sep-2026 10:36:36","11.4","4.11","14","On","12.889234,77.639361",
"13-Sep-2026 10:36:46","21.54","4.11","14","On","12.889453,77.639206",
"13-Sep-2026 10:36:46","21.54","4.11","13.98","On","12.889453,77.639206",
"13-Sep-2026 10:37:16","13.89","4.11","13.98","On","12.890618,77.638662",
"13-Sep-2026 10:37:46","43.07","4.11","14","On","12.892712,77.637436",
"13-Sep-2026 10:38:16","12.96","4.11","13.95","On","12.89414,77.636615",
"13-Sep-2026 10:38:46","22.85","4.11","14","On","12.895303,77.63585",
"13-Sep-2026 10:39:16","11.03","4.11","13.98","On","12.896709,77.63495",
"13-Sep-2026 10:39:46","28.33","4.11","14","On","12.898781,77.633674",
"13-Sep-2026 10:40:16","28.35","4.11","13.98","On","12.900946,77.632328",
"13-Sep-2026 10:40:36","11.43","4.11","13.98","On","12.900928,77.632244",
"13-Sep-2026 10:40:44","23.98","4.11","13.98","On","12.902115,77.631583",
"13-Sep-2026 10:40:46","23.98","4.11","13.98","On","12.902115,77.631583",
"13-Sep-2026 10:40:54","11.82","4.11","13.98","On","12.902491,77.631332",
"13-Sep-2026 10:41:14","2.48","4.11","13.98","On","12.902482,77.630903",
"13-Sep-2026 10:41:16","0.32","4.11","14.03","On","12.902489,77.630886",
"13-Sep-2026 10:41:46","0.27","4.11","14.07","On","12.902488,77.63087",
"13-Sep-2026 10:42:16","0.4","4.11","14.07","On","12.902479,77.630862",
"13-Sep-2026 10:42:46","0.09","4.11","14","On","12.902482,77.630838",
"13-Sep-2026 10:42:54","14.51","4.11","14","On","12.902501,77.630682",
"13-Sep-2026 10:43:16","16.91","4.11","14","On","12.902734,77.629838",
"13-Sep-2026 10:43:24","13.09","4.11","14","On","12.902708,77.629428",
"13-Sep-2026 10:43:29","9.73","4.11","14","On","12.902755,77.62901",
"13-Sep-2026 10:43:46","3.21","4.11","13.98","On","12.902765,77.628607",
"13-Sep-2026 10:43:49","15.9","4.11","13.98","On","12.902672,77.628583",
"13-Sep-2026 10:43:59","19.55","4.11","13.98","On","12.902495,77.628364",
"13-Sep-2026 10:44:04","10.66","4.11","13.98","On","12.902419,77.628234",
"13-Sep-2026 10:44:09","15.6","4.11","13.98","On","12.902209,77.628116",
"13-Sep-2026 10:44:14","9.85","4.11","13.98","On","12.902112,77.628193",
"13-Sep-2026 10:44:16","9.85","4.11","13.98","On","12.902112,77.628193",
"13-Sep-2026 10:44:19","16.22","4.11","13.98","On","12.902158,77.628288",
"13-Sep-2026 10:44:24","17.54","4.11","13.98","On","12.902205,77.628454",
"13-Sep-2026 10:44:34","5.3","4.11","13.98","On","12.90202,77.628699",
"13-Sep-2026 10:44:46","0.77","4.11","14.07","On","12.901991,77.628714",
"13-Sep-2026 10:45:16","0.87","4.11","14","On","12.901983,77.62871",
"13-Sep-2026 10:45:46","0.26","4.11","13.98","On","12.901975,77.628702",
"13-Sep-2026 10:46:16","0.56","4.11","14","On","12.90197,77.62868",
"13-Sep-2026 10:46:46","0.09","4.11","14","On","12.90197,77.628677",
"13-Sep-2026 10:47:16","0.29","4.11","14","On","12.901971,77.628661",
"13-Sep-2026 10:47:46","0.5","4.11","13.98","On","12.90197,77.628652",
"13-Sep-2026 10:48:16","0.28","4.1","13.98","On","12.901978,77.628639",
"13-Sep-2026 10:48:46","0.11","4.11","13.98","On","12.901982,77.628631",
"13-Sep-2026 10:49:16","0.28","4.11","14","On","12.901979,77.628626",
"13-Sep-2026 10:49:46","0.21","4.1","13.98","On","12.901979,77.628619",
"13-Sep-2026 10:50:16","0.31","4.1","14","On","12.901971,77.628632",
"13-Sep-2026 10:50:46","0.32","4.11","14","On","12.90196,77.628647",
"13-Sep-2026 10:51:14","13.24","4.11","14","On","12.901321,77.629143",
"13-Sep-2026 10:51:16","13.24","4.11","14","On","12.901321,77.629143",
"13-Sep-2026 10:51:19","13.94","4.11","14","On","12.901346,77.629283",
"13-Sep-2026 10:51:24","3.68","4.11","14","On","12.90144,77.629386",
"13-Sep-2026 10:51:46","13.84","4.11","14","On","12.902129,77.62995",
"13-Sep-2026 10:51:49","13.84","4.11","14","On","12.902129,77.62995",
"13-Sep-2026 10:51:54","19.87","4.11","14","On","12.902462,77.629956",
"13-Sep-2026 10:51:59","15.58","4.11","14","On","12.902654,77.629959",
"13-Sep-2026 10:52:09","15.53","4.11","14","On","12.902775,77.630075",
"13-Sep-2026 10:52:16","11.77","4.1","13.98","On","12.902711,77.630455",
"13-Sep-2026 10:52:34","5.08","4.1","13.98","On","12.902636,77.631263",
"13-Sep-2026 10:52:39","17.85","4.1","13.98","On","12.902713,77.631255",
"13-Sep-2026 10:52:46","39.63","4.11","13.98","On","12.903279,77.630923",
"13-Sep-2026 10:53:16","28.67","4.11","13.98","On","12.905453,77.629548",
"13-Sep-2026 10:53:44","11.88","4.11","13.98","On","12.906578,77.628907",
"13-Sep-2026 10:53:46","5.86","4.11","13.93","On","12.906659,77.628855",
"13-Sep-2026 10:53:49","5.86","4.11","13.93","On","12.906659,77.628855",
"13-Sep-2026 10:54:16","1.02","4.11","13.95","On","12.90666,77.628812",
"13-Sep-2026 10:54:44","25.72","4.11","13.95","On","12.90682,77.628546",
"13-Sep-2026 10:54:46","36.3","4.11","13.98","On","12.906672,77.628261",
"13-Sep-2026 10:54:54","26.74","4.11","13.98","On","12.906474,77.628002",
"13-Sep-2026 10:54:59","29.84","4.11","13.98","On","12.906032,77.627805",
"13-Sep-2026 10:55:16","23.35","4.11","14.03","On","12.904964,77.627573",
"13-Sep-2026 10:55:46","21.72","4.11","13.98","On","12.903682,77.627291",
"13-Sep-2026 10:55:49","15.96","4.11","13.98","On","12.903541,77.62721",
"13-Sep-2026 10:55:54","19.85","4.11","13.98","On","12.903559,77.627025",
"13-Sep-2026 10:56:04","13.92","4.11","13.98","On","12.903662,77.626585",
"13-Sep-2026 10:56:16","14.43","4.11","13.98","On","12.903457,77.626095",
"13-Sep-2026 10:56:44","12.08","4.11","13.98","On","12.903233,77.625035",
"13-Sep-2026 10:56:46","12.08","4.11","13.98","On","12.903233,77.625035",
"13-Sep-2026 10:56:49","12.82","4.11","13.98","On","12.903106,77.625017",
"13-Sep-2026 10:56:54","8.33","4.11","13.98","On","12.902983,77.62498",
"13-Sep-2026 10:57:16","0.38","4.11","13.98","On","12.902885,77.62487",
"13-Sep-2026 10:57:46","0.13","4.11","14","On","12.902872,77.624872",
"13-Sep-2026 10:58:16","7.13","4.11","14.03","On","12.902784,77.624694",
"13-Sep-2026 10:58:29","18.44","4.11","14.03","On","12.902144,77.624527",
"13-Sep-2026 10:58:46","14.82","4.11","13.98","On","12.901724,77.624336",
"13-Sep-2026 10:58:54","2.89","4.11","13.98","On","12.901572,77.624255",
"13-Sep-2026 10:59:16","1.08","4.11","14","On","12.901531,77.624295",
"13-Sep-2026 10:59:46","0.29","4.11","14.03","On","12.901518,77.624329",
"13-Sep-2026 11:00:16","0.48","4.11","14.05","On","12.901511,77.624336",
"13-Sep-2026 11:00:46","2.3","4.1","13.98","On","12.901516,77.624288",
"13-Sep-2026 11:00:54","11.66","4.1","13.98","On","12.901566,77.62427",
"13-Sep-2026 11:00:59","18.5","4.1","13.98","On","12.90191,77.624384",
"13-Sep-2026 11:01:04","4.32","4.1","13.98","On","12.90201,77.624404",
"13-Sep-2026 11:01:16","5.83","4.11","14.03","On","12.902263,77.624486",
"13-Sep-2026 11:01:29","10.03","4.11","14.03","On","12.90239,77.624512",
"13-Sep-2026 11:01:44","14.26","4.11","14.03","On","12.902783,77.624718",
"13-Sep-2026 11:01:46","14.26","4.11","13.98","On","12.902783,77.624718",
"13-Sep-2026 11:01:54","7.51","4.11","13.98","On","12.902996,77.624943",
"13-Sep-2026 11:02:16","0.35","4.11","13.98","On","12.903211,77.62499",
"13-Sep-2026 11:02:24","21.78","4.11","13.98","On","12.903313,77.625156",
"13-Sep-2026 11:02:46","15.81","4.11","13.98","On","12.903486,77.626044",
"13-Sep-2026 11:03:04","12.89","4.11","13.98","On","12.903676,77.62678",
"13-Sep-2026 11:03:14","12.73","4.11","13.98","On","12.903531,77.62717",
"13-Sep-2026 11:03:16","27.08","4.11","13.98","On","12.903358,77.627278",
"13-Sep-2026 11:03:19","27.08","4.11","13.98","On","12.903358,77.627278",
"13-Sep-2026 11:03:24","32.96","4.11","13.98","On","12.902623,77.627448",
"13-Sep-2026 11:03:46","23.25","4.11","13.98","On","12.901751,77.627316",
"13-Sep-2026 11:04:16","15.01","4.11","13.98","On","12.900214,77.627011",
"13-Sep-2026 11:04:46","14.69","4.11","13.98","On","12.899064,77.626696",
"13-Sep-2026 11:04:59","0.14","4.11","13.98","On","12.898879,77.626648",
"13-Sep-2026 11:05:16","14.98","4.11","13.98","On","12.898584,77.626573",
"13-Sep-2026 11:05:19","14.98","4.11","13.98","On","12.898584,77.626573",
"13-Sep-2026 11:05:46","26.25","4.11","14","On","12.897158,77.626215",
"13-Sep-2026 11:06:16","6.66","4.11","13.98","On","12.896327,77.626079",
"13-Sep-2026 11:06:46","13.02","4.11","13.98","On","12.895759,77.626065",
"13-Sep-2026 11:07:16","11.6","4.11","14","On","12.894125,77.625747",
"13-Sep-2026 11:07:46","16.76","4.11","13.98","On","12.893286,77.625849",
"13-Sep-2026 11:08:16","17.32","4.11","14","On","12.891923,77.625911",
"13-Sep-2026 11:08:46","25.49","4.11","14.03","On","12.890693,77.625831",
"13-Sep-2026 11:09:16","12.53","4.11","13.95","On","12.889142,77.625709",
"13-Sep-2026 11:09:46","23.3","4.11","13.98","On","12.887968,77.625601",
"13-Sep-2026 11:10:16","23.59","4.11","14","On","12.886728,77.625564",
"13-Sep-2026 11:10:46","8.14","4.11","13.98","On","12.885621,77.625288",
"13-Sep-2026 11:11:16","4.84","4.11","13.98","On","12.885172,77.625152",
"13-Sep-2026 11:11:44","4.88","4.11","13.98","On","12.884898,77.625079",
"13-Sep-2026 11:11:46","5.36","4.11","14","On","12.884852,77.625058",
"13-Sep-2026 11:12:09","19.39","4.11","14","On","12.884476,77.624919",
"13-Sep-2026 11:12:16","20.12","4.11","14","On","12.884262,77.624893",
"13-Sep-2026 11:12:46","15.67","4.11","14.03","On","12.883063,77.624829",
"13-Sep-2026 11:13:09","7.39","4.11","14.03","On","12.881991,77.624786",
"13-Sep-2026 11:13:14","16.85","4.11","14.03","On","12.881979,77.624909",
"13-Sep-2026 11:13:16","16.85","4.11","13.98","On","12.881979,77.624909",
"13-Sep-2026 11:13:46","33.61","4.11","14","On","12.881761,77.626725",
"13-Sep-2026 11:14:16","38.73","4.11","14","On","12.881553,77.62848",
"13-Sep-2026 11:14:46","16.56","4.11","14","On","12.88132,77.630545",
"13-Sep-2026 11:14:54","7.13","4.11","14","On","12.881322,77.630812",
"13-Sep-2026 11:15:16","0.7","4.11","13.93","On","12.881473,77.630842",
"13-Sep-2026 11:15:46","0.41","4.11","13.98","On","12.8815,77.630834",
"13-Sep-2026 11:16:16","0.5","4.11","13.98","On","12.881517,77.630848",
"13-Sep-2026 11:16:46","0.19","4.11","13.98","On","12.881504,77.630844",
"13-Sep-2026 11:17:16","0.36","4.11","14.03","On","12.881505,77.630831",
"13-Sep-2026 11:17:46","0.2","4.11","14","On","12.881524,77.630828",
"13-Sep-2026 11:18:16","0.65","4.11","14","On","12.881504,77.630839",
"13-Sep-2026 11:18:46","0.27","4.11","14","On","12.881509,77.630838",
"13-Sep-2026 11:19:16","0.77","4.11","14","On","12.881529,77.630841",
"13-Sep-2026 11:19:46","0.97","4.11","13.95","On","12.881514,77.630839",
"13-Sep-2026 11:20:16","2.54","4.11","13.95","On","12.881342,77.630807",
"13-Sep-2026 11:20:24","19.01","4.11","13.95","On","12.881323,77.630688",
"13-Sep-2026 11:20:44","10.24","4.11","13.95","On","12.881451,77.629226",
"13-Sep-2026 11:20:46","19.47","4.11","13.98","On","12.881466,77.629107",
"13-Sep-2026 11:20:49","19.47","4.11","13.98","On","12.881466,77.629107",
"13-Sep-2026 11:21:16","11.07","4.11","13.98","On","12.88164,77.627548",
"13-Sep-2026 11:21:46","17.83","4.11","13.95","On","12.881846,77.625731",
"13-Sep-2026 11:22:04","10.16","4.11","13.95","On","12.881884,77.624791",
"13-Sep-2026 11:22:16","26.53","4.11","13.98","On","12.880925,77.624678",
"13-Sep-2026 11:22:46","0.46","4.11","13.91","On","12.879793,77.624557",
"13-Sep-2026 11:23:14","9.78","4.11","13.91","On","12.87959,77.624544",
"13-Sep-2026 11:23:16","5.97","4.11","13.95","On","12.879587,77.624496",
"13-Sep-2026 11:23:19","21.21","4.11","13.95","On","12.879566,77.624351",
"13-Sep-2026 11:23:24","20.27","4.11","13.95","On","12.879515,77.624126",
"13-Sep-2026 11:23:29","20.56","4.11","13.95","On","12.87931,77.624039",
"13-Sep-2026 11:23:34","14.38","4.11","13.95","On","12.879203,77.623988",
"13-Sep-2026 11:23:39","16.63","4.11","13.95","On","12.879195,77.623589",
"13-Sep-2026 11:23:46","20.36","4.11","13.98","On","12.879201,77.623418",
"13-Sep-2026 11:24:16","27.63","4.11","14.03","On","12.879335,77.621456",
"13-Sep-2026 11:24:34","1.91","4.11","14.03","On","12.879402,77.620519",
"13-Sep-2026 11:24:44","24.35","4.11","14.03","On","12.879443,77.620039",
"13-Sep-2026 11:24:46","24.35","4.11","14","On","12.879443,77.620039",
"13-Sep-2026 11:24:54","6.98","4.11","14","On","12.879426,77.619726",
"13-Sep-2026 11:25:16","0.25","4.11","14","On","12.879031,77.619647",
"13-Sep-2026 11:25:46","0.41","4.11","14","On","12.87901,77.619657",
"13-Sep-2026 11:26:16","0.4","4.11","14.03","On","12.878998,77.619663",
"13-Sep-2026 11:26:46","0.13","4.11","14.03","On","12.878993,77.619675",
"13-Sep-2026 11:27:16","0.13","4.11","14.05","On","12.879,77.619668",
"13-Sep-2026 11:27:46","0.03","4.11","14.05","On","12.879,77.619677",
"13-Sep-2026 11:28:16","0.3","4.11","14.07","On","12.879004,77.619662",
"13-Sep-2026 11:28:46","0.42","4.11","14.05","On","12.879004,77.619659",
"13-Sep-2026 11:29:16","0.1","4.11","14.07","On","12.878997,77.619652",
"13-Sep-2026 11:29:46","0.1","4.11","14.07","On","12.878986,77.619667",
"13-Sep-2026 11:30:16","0.21","4.11","14.03","On","12.878969,77.619689",
"13-Sep-2026 11:30:46","0.04","4.11","14.03","On","12.87898,77.619692",
"13-Sep-2026 11:31:16","0.45","4.11","13.95","On","12.878981,77.61969",
"13-Sep-2026 11:31:44","15.82","4.11","13.95","On","12.877997,77.619452",
"13-Sep-2026 11:31:46","15.82","4.11","13.98","On","12.877997,77.619452",
"13-Sep-2026 11:31:49","6.4","4.11","13.98","On","12.878,77.619308",
"13-Sep-2026 11:31:59","10.43","4.11","13.98","On","12.877653,77.619125",
"13-Sep-2026 11:32:04","6.08","4.11","13.98","On","12.877579,77.61907",
"13-Sep-2026 11:32:14","21.09","4.11","13.98","On","12.877505,77.618831",
"13-Sep-2026 11:32:16","13.71","4.11","13.98","On","12.877455,77.618639",
"13-Sep-2026 11:32:29","19.01","4.11","13.98","On","12.877325,77.618217",
"13-Sep-2026 11:32:46","22.58","4.11","14","On","12.876542,77.617834",
"13-Sep-2026 11:33:09","11.61","4.11","14","On","12.876001,77.61758",
"13-Sep-2026 11:33:14","17.01","4.11","14","On","12.875977,77.61743",
"13-Sep-2026 11:33:16","11.96","4.11","13.95","On","12.876,77.617278",
"13-Sep-2026 11:33:24","4.53","4.11","13.95","On","12.876007,77.617101",
"13-Sep-2026 11:33:46","1.33","4.11","13.91","On","12.875936,77.616952",
"13-Sep-2026 11:33:59","10.28","4.11","13.91","On","12.875864,77.616942",
"13-Sep-2026 11:34:04","5.63","4.11","13.91","On","12.875789,77.616934",
"13-Sep-2026 11:34:16","26.67","4.11","13.95","On","12.875373,77.616857",
"13-Sep-2026 11:34:46","16.72","4.11","14.03","On","12.874179,77.61679",
"13-Sep-2026 11:35:16","10.95","4.11","14","On","12.872775,77.616629",
"13-Sep-2026 11:35:46","15.21","4.11","13.98","On","12.871379,77.61655",
"13-Sep-2026 11:36:16","7.52","4.11","13.98","On","12.870502,77.616456",
"13-Sep-2026 11:36:46","6.4","4.11","14","On","12.869149,77.61628",
"13-Sep-2026 11:37:16","7.24","4.11","14","On","12.868042,77.616192",
"13-Sep-2026 11:37:29","11.74","4.11","14","On","12.867868,77.616295",
"13-Sep-2026 11:37:46","5.35","4.11","13.95","On","12.867767,77.616562",
"13-Sep-2026 11:37:54","7.31","4.11","13.95","On","12.867717,77.616609",
"13-Sep-2026 11:38:16","3.99","4.11","14","On","12.867239,77.616442",
"13-Sep-2026 11:38:24","16.13","4.11","14","On","12.867025,77.616368",
"13-Sep-2026 11:38:44","20.91","4.11","14","On","12.866436,77.616094",
"13-Sep-2026 11:38:46","20.91","4.11","14","On","12.866436,77.616094",
"13-Sep-2026 11:38:54","14.12","4.11","14","On","12.866225,77.615749",
"13-Sep-2026 11:39:16","16.51","4.11","13.98","On","12.865346,77.615513",
"13-Sep-2026 11:39:46","6.36","4.11","13.95","On","12.86422,77.615231",
"13-Sep-2026 11:40:16","24.21","4.11","13.95","On","12.862601,77.614903",
"13-Sep-2026 11:40:19","24.21","4.11","13.95","On","12.862601,77.614903",
"13-Sep-2026 11:40:46","0.9","4.11","13.95","On","12.861879,77.614137",
"13-Sep-2026 11:41:16","18.14","4.11","13.95","On","12.861115,77.613155",
"13-Sep-2026 11:41:29","14.04","4.11","13.95","On","12.860745,77.612914",
"13-Sep-2026 11:41:46","13.05","4.11","13.95","On","12.859998,77.612606",
"13-Sep-2026 11:41:49","16.01","4.11","13.95","On","12.859894,77.61274",
"13-Sep-2026 11:42:16","0.59","4.11","13.95","On","12.859795,77.613484",
"13-Sep-2026 11:42:46","0.02","4.11","13.91","On","12.859851,77.61345",
"13-Sep-2026 11:43:16","0.49","4.11","13.95","On","12.85988,77.613449",
"13-Sep-2026 11:43:46","0.76","4.11","13.91","On","12.85988,77.613489",
"13-Sep-2026 11:44:16","0.46","4.11","13.93","On","12.859851,77.613514",
"13-Sep-2026 11:44:46","0.5","4.11","13.93","On","12.859823,77.613513",
"13-Sep-2026 11:45:14","6.13","4.11","13.93","On","12.859731,77.613701",
"13-Sep-2026 11:45:16","7.86","4.11","13.98","On","12.859738,77.61376",
"13-Sep-2026 11:45:24","13.7","4.11","13.98","On","12.859778,77.613915",
"13-Sep-2026 11:45:29","22.54","4.11","13.98","On","12.859693,77.614126",
"13-Sep-2026 11:45:46","3.23","4.11","13.98","On","12.859464,77.614646",
"13-Sep-2026 11:45:49","11.57","4.11","13.98","On","12.859375,77.6147",
"13-Sep-2026 11:45:54","6.22","4.11","13.98","On","12.859285,77.614762",
"13-Sep-2026 11:46:09","10.34","4.11","13.98","On","12.859072,77.614861",
"13-Sep-2026 11:46:16","19.81","4.11","13.93","On","12.858834,77.615007",
"13-Sep-2026 11:46:24","5.67","4.11","13.93","On","12.85864,77.615235",
"13-Sep-2026 11:46:34","21.54","4.11","13.93","On","12.858689,77.6156",
"13-Sep-2026 11:46:39","25.82","4.11","13.93","On","12.858916,77.615705",
"13-Sep-2026 11:46:46","14.27","4.11","13.95","On","12.859246,77.615873",
"13-Sep-2026 11:46:49","10.63","4.11","13.95","On","12.859233,77.615973",
"13-Sep-2026 11:46:54","14.29","4.11","13.95","On","12.859138,77.616123",
"13-Sep-2026 11:47:04","5.27","4.11","13.95","On","12.858975,77.616182",
"13-Sep-2026 11:47:16","4.63","4.11","13.98","On","12.858956,77.616158",
"13-Sep-2026 11:47:46","1.69","4.11","13.98","On","12.85889,77.616179",
"13-Sep-2026 11:48:16","0.85","4.11","14","On","12.858888,77.616217",
"13-Sep-2026 11:48:46","0.37","4.11","14.03","On","12.858948,77.616201",
"13-Sep-2026 11:49:16","1.15","4.11","14","On","12.858999,77.616149",
"13-Sep-2026 11:49:46","1.45","4.11","14.05","On","12.859047,77.616164",
"13-Sep-2026 11:50:16","0.79","4.11","14.03","On","12.859029,77.616154",
"13-Sep-2026 11:50:46","0.57","4.11","14.03","On","12.859045,77.616148",
"13-Sep-2026 11:51:16","0.67","4.11","13.98","On","12.859031,77.61617",
"13-Sep-2026 11:51:46","0.88","4.11","13.83","On","12.859006,77.616194",
"13-Sep-2026 11:52:16","0.56","4.11","13.88","On","12.858955,77.616242",
"13-Sep-2026 11:52:46","0.47","4.11","14","On","12.858899,77.616273",
"13-Sep-2026 11:53:16","0.44","4.11","14.03","On","12.858918,77.616249",
"13-Sep-2026 11:53:46","0.52","4.11","14.05","On","12.858955,77.616224",
"13-Sep-2026 11:54:16","0.73","4.11","14.03","On","12.858945,77.616252",
"13-Sep-2026 11:54:46","0.4","4.11","14.03","On","12.858882,77.616276",
"13-Sep-2026 11:55:16","0.27","4.11","14.03","On","12.858856,77.616306",
"13-Sep-2026 11:55:44","12.46","4.11","14.03","On","12.859126,77.616429",
"13-Sep-2026 11:55:46","16.36","4.11","14","On","12.859071,77.61657",
"13-Sep-2026 11:55:49","16.36","4.11","14","On","12.859071,77.61657",
"13-Sep-2026 11:55:54","10.46","4.11","14","On","12.858944,77.616723",
"13-Sep-2026 11:55:59","21.9","4.11","14","On","12.858768,77.616669",
"13-Sep-2026 11:56:04","19.44","4.11","14","On","12.858613,77.616516",
"13-Sep-2026 11:56:14","2.06","4.11","14","On","12.858364,77.616306",
"13-Sep-2026 11:56:16","2.06","4.11","13.98","On","12.858364,77.616306",
"13-Sep-2026 11:56:19","15.78","4.11","13.98","On","12.858368,77.616225",
"13-Sep-2026 11:56:24","24.89","4.11","13.98","On","12.858516,77.616093",
"13-Sep-2026 11:56:29","19.57","4.11","13.98","On","12.858628,77.61589",
"13-Sep-2026 11:56:39","11.21","4.11","13.98","On","12.858643,77.615418",
"13-Sep-2026 11:56:46","17.1","4.11","14","On","12.858463,77.615161",
"13-Sep-2026 11:56:54","7.78","4.11","14","On","12.858292,77.614862",
"13-Sep-2026 11:57:09","12.24","4.11","14","On","12.858223,77.614633",
"13-Sep-2026 11:57:16","14.56","4.11","13.95","On","12.858512,77.614403",
"13-Sep-2026 11:57:19","5.59","4.11","13.95","On","12.858595,77.614322",
"13-Sep-2026 11:57:24","19.61","4.11","13.95","On","12.85863,77.614234",
"13-Sep-2026 11:57:29","25.8","4.11","13.95","On","12.858797,77.614058",
"13-Sep-2026 11:57:46","3.02","4.11","13.98","On","12.8596,77.613666",
"13-Sep-2026 11:57:49","3.02","4.11","13.98","On","12.8596,77.613666",
"13-Sep-2026 11:58:04","12.21","4.11","13.98","On","12.859523,77.613272",
"13-Sep-2026 11:58:09","12.09","4.11","13.98","On","12.859443,77.613185",
"13-Sep-2026 11:58:16","13.03","4.11","13.98","On","12.859277,77.613142",
"13-Sep-2026 11:58:39","4.09","4.11","13.98","On","12.858806,77.612974",
"13-Sep-2026 11:58:46","1","4.11","13.95","On","12.858798,77.612956",
"13-Sep-2026 11:59:16","0.52","4.11","13.98","On","12.858783,77.612951",
"13-Sep-2026 11:59:46","0.57","4.11","14","On","12.858774,77.612955",
"13-Sep-2026 12:00:16","0.34","4.11","14","On","12.858773,77.612937",
"13-Sep-2026 12:00:46","0.31","4.11","14.03","On","12.858772,77.612932",
"13-Sep-2026 12:01:16","0.52","4.11","14","On","12.858773,77.612889",
"13-Sep-2026 12:01:46","0.28","4.11","14","On","12.858778,77.612868",
"13-Sep-2026 12:02:16","0.97","4.11","14","On","12.858775,77.612867",
"13-Sep-2026 12:02:46","0.3","4.11","14.03","On","12.858776,77.612867",
"13-Sep-2026 12:03:16","0.23","4.11","14","On","12.858766,77.612901",
"13-Sep-2026 12:03:46","0.61","4.11","14.03","On","12.858768,77.612893",
"13-Sep-2026 12:04:16","0.24","4.11","14.03","On","12.85878,77.612905",
"13-Sep-2026 12:04:46","0.23","4.11","14","On","12.858782,77.612898",
"13-Sep-2026 12:05:16","0.32","4.11","14.03","On","12.85878,77.612876",
"13-Sep-2026 12:05:46","0.14","4.11","14","On","12.858777,77.612887",
"13-Sep-2026 12:06:16","0.57","4.11","14.05","On","12.858774,77.612909",
"13-Sep-2026 12:06:46","0.28","4.11","14.03","On","12.85878,77.612905",
"13-Sep-2026 12:07:16","0.2","4.11","14.03","On","12.858777,77.612923",
"13-Sep-2026 12:07:46","0.36","4.11","14.03","On","12.858769,77.612918",
"13-Sep-2026 12:08:16","0.52","4.11","14.05","On","12.858769,77.612916",
"13-Sep-2026 12:08:46","0.17","4.11","14.05","On","12.858769,77.612942",
"13-Sep-2026 12:09:16","0.47","4.11","14.03","On","12.858767,77.612941",
"13-Sep-2026 12:09:46","0.52","4.11","14.05","On","12.858765,77.61293",
"13-Sep-2026 12:10:16","0.24","4.11","14.03","On","12.858757,77.612927",
"13-Sep-2026 12:10:46","0.5","4.11","14.03","On","12.85875,77.612959",
"13-Sep-2026 12:11:16","0.44","4.11","14.03","On","12.858771,77.612954",
"13-Sep-2026 12:11:46","1.77","4.11","14","On","12.858772,77.612978",
"13-Sep-2026 12:12:16","6.3","4.11","13.98","On","12.858773,77.612985",
"13-Sep-2026 12:12:24","12.39","4.11","13.98","On","12.858907,77.612992",
"13-Sep-2026 12:12:46","9.54","4.11","14","On","12.859553,77.613266",
"13-Sep-2026 12:12:49","9.54","4.11","14","On","12.859553,77.613266",
"13-Sep-2026 12:13:14","18.24","4.11","14","On","12.859712,77.613217",
"13-Sep-2026 12:13:16","18.24","4.11","14","On","12.859712,77.613217",
"13-Sep-2026 12:13:34","11.4","4.11","14","On","12.859843,77.61261",
"13-Sep-2026 12:13:46","16.24","4.11","13.98","On","12.859485,77.612381",
"13-Sep-2026 12:14:14","2.16","4.11","13.98","On","12.858645,77.611829",
"13-Sep-2026 12:14:16","2.16","4.11","13.98","On","12.858645,77.611829",
"13-Sep-2026 12:14:24","18.14","4.11","13.98","On","12.858642,77.611679",
"13-Sep-2026 12:14:39","29.42","4.11","13.98","On","12.859104,77.61116",
"13-Sep-2026 12:14:46","10.82","4.11","13.98","On","12.859577,77.611201",
"13-Sep-2026 12:14:49","10.82","4.11","13.98","On","12.859577,77.611201",
"13-Sep-2026 12:14:54","28.91","4.11","13.98","On","12.859608,77.611006",
"13-Sep-2026 12:15:16","29.97","4.11","13.98","On","12.859824,77.60892",
"13-Sep-2026 12:15:46","21.75","4.11","14","On","12.860075,77.606783",
"13-Sep-2026 12:15:54","15.71","4.11","14","On","12.86014,77.606322",
"13-Sep-2026 12:15:59","9.25","4.11","14","On","12.860438,77.606294",
"13-Sep-2026 12:16:09","18.3","4.11","14","On","12.860658,77.606274",
"13-Sep-2026 12:16:14","14.41","4.11","14","On","12.860845,77.606287",
"13-Sep-2026 12:16:16","7.35","4.11","13.93","On","12.860867,77.606383",
"13-Sep-2026 12:16:19","3.86","4.11","13.93","On","12.860854,77.606441",
"13-Sep-2026 12:16:46","0.2","4.11","13.93","On","12.860872,77.606562",
"13-Sep-2026 12:17:09","13.29","4.11","13.93","On","12.860851,77.606821",
"13-Sep-2026 12:17:16","6.45","4.11","14","On","12.860799,77.607161",
"13-Sep-2026 12:17:29","3.44","4.11","14","On","12.860758,77.607581",
"13-Sep-2026 12:17:39","12.63","4.11","14","On","12.860785,77.607872",
"13-Sep-2026 12:17:46","5.64","4.11","13.98","On","12.860763,77.607977",
"13-Sep-2026 12:17:49","5.74","4.11","13.98","On","12.860752,77.608026",
"13-Sep-2026 12:17:59","13.86","4.11","13.98","On","12.860691,77.608316",
"13-Sep-2026 12:18:16","15.27","4.11","14","On","12.860819,77.608965",
"13-Sep-2026 12:18:34","4.44","4.11","14","On","12.86081,77.609462",
"13-Sep-2026 12:18:46","5.11","4.11","14.03","On","12.8608,77.609781",
"13-Sep-2026 12:18:49","16.38","4.11","14.03","On","12.860823,77.609904",
"13-Sep-2026 12:18:59","11.23","4.11","14.03","On","12.860711,77.610152",
"13-Sep-2026 12:19:16","0.77","4.11","13.91","On","12.860605,77.610092",
"13-Sep-2026 12:19:24","5.36","4.11","13.91","On","12.860572,77.61002",
"13-Sep-2026 12:19:46","4.05","4.11","13.98","On","12.860492,77.60947",
"13-Sep-2026 12:20:16","0.1","4.11","13.98","On","12.860471,77.609434",
"13-Sep-2026 12:20:46","0.48","4.11","14.03","On","12.860464,77.609433",
"13-Sep-2026 12:21:16","0.33","4.11","14","On","12.86045,77.609441",
"13-Sep-2026 12:21:46","0.39","4.11","13.98","On","12.860427,77.609431",
"13-Sep-2026 12:22:16","0.31","4.11","14","On","12.860435,77.609426",
"13-Sep-2026 12:22:46","0.42","4.11","14","On","12.860419,77.609425",
"13-Sep-2026 12:23:16","0.23","4.11","14.03","On","12.860421,77.609421",
"13-Sep-2026 12:23:46","0.09","4.11","14.03","On","12.860422,77.609421",
"13-Sep-2026 12:24:16","2.96","4.11","14","On","12.860418,77.609422",
"13-Sep-2026 12:24:46","16.42","4.11","13.95","On","12.860504,77.608417",
"13-Sep-2026 12:24:49","12.79","4.11","13.95","On","12.860597,77.6083",
"13-Sep-2026 12:24:54","11.02","4.11","13.95","On","12.860678,77.608228",
"13-Sep-2026 12:24:59","17.13","4.11","13.95","On","12.860687,77.608087",
"13-Sep-2026 12:25:09","7.21","4.11","13.95","On","12.860832,77.607736",
"13-Sep-2026 12:25:16","8.5","4.11","13.98","On","12.86082,77.607627",
"13-Sep-2026 12:25:46","8.98","4.11","13.98","On","12.860878,77.606666",
"13-Sep-2026 12:26:09","23.46","4.11","13.98","On","12.860745,77.606308",
"13-Sep-2026 12:26:16","5.86","4.11","14","On","12.860492,77.606285",
"13-Sep-2026 12:26:24","21.14","4.11","14","On","12.860131,77.606388",
"13-Sep-2026 12:26:46","27.1","4.11","13.98","On","12.859941,77.608133",
"13-Sep-2026 12:27:16","31.31","4.11","14","On","12.859691,77.610177",
"13-Sep-2026 12:27:34","18.94","4.11","14","On","12.85946,77.611226",
"13-Sep-2026 12:27:46","9.9","4.11","13.98","On","12.85886,77.611098",
"13-Sep-2026 12:27:49","11.47","4.11","13.98","On","12.858778,77.611131",
"13-Sep-2026 12:28:04","12.22","4.11","13.98","On","12.858603,77.611715",
"13-Sep-2026 12:28:09","25.97","4.11","13.98","On","12.858193,77.611575",
"13-Sep-2026 12:28:16","15.6","4.11","13.95","On","12.858009,77.611478",
"13-Sep-2026 12:28:46","32.17","4.11","14","On","12.856672,77.610761",
"13-Sep-2026 12:29:16","19.75","4.11","13.98","On","12.854494,77.60948",
"13-Sep-2026 12:29:29","50.17","4.11","13.98","On","12.853179,77.609174",
"13-Sep-2026 12:29:46","49.48","4.11","13.98","On","12.851233,77.609025",
"13-Sep-2026 12:30:16","32.45","4.11","14.03","On","12.848021,77.609064",
"13-Sep-2026 12:30:46","6.15","4.11","13.98","On","12.846382,77.609233",
"13-Sep-2026 12:31:04","18.98","4.11","13.98","On","12.84598,77.609348",
"13-Sep-2026 12:31:16","28.62","4.11","13.98","On","12.845427,77.609896",
"13-Sep-2026 12:31:34","34.52","4.11","13.98","On","12.844406,77.611188",
"13-Sep-2026 12:31:46","6.34","4.11","13.95","On","12.844021,77.611675",
"13-Sep-2026 12:32:04","31.68","4.11","13.95","On","12.843741,77.612356",
"13-Sep-2026 12:32:16","29.28","4.11","13.98","On","12.843605,77.612916",
"13-Sep-2026 12:32:46","9","4.11","13.98","On","12.843128,77.614747",
"13-Sep-2026 12:33:16","15.96","4.11","14","On","12.843061,77.616149",
"13-Sep-2026 12:33:46","26.59","4.11","13.95","On","12.842738,77.617838",
"13-Sep-2026 12:33:59","27.36","4.11","13.95","On","12.842463,77.618433",
"13-Sep-2026 12:34:16","34.52","4.11","13.95","On","12.841793,77.619126",
"13-Sep-2026 12:34:46","46.86","4.11","13.98","On","12.839965,77.621027",
"13-Sep-2026 12:35:16","26.27","4.11","13.95","On","12.837971,77.623229",
"13-Sep-2026 12:35:46","27","4.11","13.93","On","12.836351,77.625013",
"13-Sep-2026 12:35:49","7.16","4.11","13.93","On","12.83632,77.625196",
"13-Sep-2026 12:36:14","38.51","4.11","13.93","On","12.837441,77.626986",
"13-Sep-2026 12:36:16","50.03","4.11","13.98","On","12.837839,77.627188",
"13-Sep-2026 12:36:24","48.41","4.11","13.98","On","12.83859,77.627785",
"13-Sep-2026 12:36:34","34.22","4.11","13.98","On","12.838747,77.62835",
"13-Sep-2026 12:36:39","46.79","4.11","13.98","On","12.839035,77.629138",
"13-Sep-2026 12:36:46","48.99","4.11","14.03","On","12.839282,77.629564",
"13-Sep-2026 12:37:09","22.43","4.11","14.03","On","12.840264,77.631515",
"13-Sep-2026 12:37:14","8.16","4.11","14.03","On","12.840409,77.631554",
"13-Sep-2026 12:37:16","31.11","4.11","13.95","On","12.840617,77.631577",
"13-Sep-2026 12:37:24","25.63","4.11","13.95","On","12.841319,77.631602",
"13-Sep-2026 12:37:34","7.57","4.11","13.95","On","12.84156,77.631607",
"13-Sep-2026 12:37:44","21.81","4.11","13.95","On","12.841912,77.630947",
"13-Sep-2026 12:37:46","21.81","4.11","13.98","On","12.841912,77.630947",
"13-Sep-2026 12:37:59","15.09","4.11","13.98","On","12.842264,77.630464",
"13-Sep-2026 12:38:16","26.81","4.11","14.03","On","12.842439,77.62949",
"13-Sep-2026 12:38:24","4.2","4.11","14.03","On","12.842524,77.629075",
"13-Sep-2026 12:38:46","0.11","4.11","13.64","Off","12.842491,77.629035",
"13-Sep-2026 12:39:16","0.06","4.11","13.35","Off","12.842484,77.62903",
"13-Sep-2026 12:39:46","0.17","4.11","13.28","Off","12.842481,77.629031",
"13-Sep-2026 12:40:16","0.13","4.11","13.28","Off","12.842478,77.62903",
"13-Sep-2026 12:40:18","0.13","4.11","13.26","Off","12.842478,77.62903",
"13-Sep-2026 12:41:16","0.2","4.11","13.23","Off","12.842482,77.629038",
"13-Sep-2026 12:41:46","0.05","4.11","13.23","Off","12.842479,77.62904",
"13-Sep-2026 12:42:46","0.01","4.11","13.23","Off","12.842473,77.629051",
"13-Sep-2026 12:43:46","0.07","4.11","13.21","Off","12.842477,77.629053",
"13-Sep-2026 12:44:18","0.07","4.11","13.21","Off","12.842477,77.629053",
"13-Sep-2026 13:44:18","0.07","4.11","13.18","Off","12.842477,77.629053",
"13-Sep-2026 13:44:18","0.09","4.11","13.18","Off","12.842472,77.629061",
"13-Sep-2026 13:44:46","0.47","4.11","13.11","Off","12.842498,77.629036",
"13-Sep-2026 13:45:46","0.75","4.11","13.06","Off","12.842478,77.629083",
"13-Sep-2026 13:46:46","0.16","4.11","13.06","Off","12.842481,77.629066",
"13-Sep-2026 13:47:46","1.03","4.11","13.04","Off","12.842481,77.629057",
"13-Sep-2026 13:48:18","1.03","4.11","13.04","Off","12.842481,77.629057",
"13-Sep-2026 13:58:25","1.03","4.11","13.16","Off","12.842481,77.629057",
"13-Sep-2026 13:58:25","0.56","4.11","13.16","Off","12.842481,77.629059",
"13-Sep-2026 13:58:26","0.56","4.11","13.13","On","12.842481,77.629059",
"13-Sep-2026 13:58:26","0.56","4.11","13.13","On","12.842481,77.629059",
"13-Sep-2026 13:58:46","0.56","4.11","13.64","On","12.842481,77.629059",
"13-Sep-2026 13:59:15","20.08","4.11","13.64","On","12.842626,77.628775",
"13-Sep-2026 13:59:16","21.93","4.11","13.95","On","12.842554,77.628976",
"13-Sep-2026 13:59:46","23.12","4.11","13.98","On","12.842318,77.630206",
"13-Sep-2026 14:00:10","11.49","4.11","13.98","On","12.842018,77.630895",
"13-Sep-2026 14:00:16","12.57","4.11","13.95","On","12.841811,77.631123",
"13-Sep-2026 14:00:25","23.14","4.11","13.95","On","12.841654,77.631429",
"13-Sep-2026 14:00:35","16.77","4.11","13.95","On","12.841564,77.631746",
"13-Sep-2026 14:00:46","8.22","4.11","13.98","On","12.841588,77.632125",
"13-Sep-2026 14:00:50","11.12","4.11","13.98","On","12.841591,77.632248",
"13-Sep-2026 14:01:05","19.47","4.11","13.98","On","12.841834,77.632722",
"13-Sep-2026 14:01:16","10.05","4.11","13.98","On","12.842498,77.632795",
"13-Sep-2026 14:01:45","11.24","4.11","13.98","On","12.842915,77.632895",
"13-Sep-2026 14:01:46","11.24","4.11","13.98","On","12.842915,77.632895",
"13-Sep-2026 14:01:50","12.71","4.11","13.98","On","12.842981,77.633019",
"13-Sep-2026 14:02:16","11.83","4.11","13.95","On","12.843704,77.634513",
"13-Sep-2026 14:02:25","14.78","4.11","13.95","On","12.843809,77.634697",
"13-Sep-2026 14:02:30","23.6","4.11","13.95","On","12.843989,77.6348",
"13-Sep-2026 14:02:46","12.27","4.11","13.95","On","12.844566,77.635006",
"13-Sep-2026 14:03:16","17.36","4.11","13.95","On","12.845893,77.63557",
"13-Sep-2026 14:03:25","41.51","4.11","13.95","On","12.846473,77.635514",
"13-Sep-2026 14:03:35","28.85","4.11","13.95","On","12.847117,77.635459",
"13-Sep-2026 14:03:46","46.24","4.11","13.98","On","12.848396,77.635551",
"13-Sep-2026 14:04:16","24.95","4.11","14","On","12.84996,77.635678",
"13-Sep-2026 14:04:25","8.81","4.11","14","On","12.850292,77.635724",
"13-Sep-2026 14:04:35","13.43","4.11","14","On","12.850304,77.635885",
"13-Sep-2026 14:04:46","31.16","4.11","13.98","On","12.850233,77.636562",
"13-Sep-2026 14:04:55","15.19","4.11","13.98","On","12.850281,77.636945",
"13-Sep-2026 14:05:16","27.41","4.11","13.95","On","12.850623,77.638278",
"13-Sep-2026 14:05:46","11.46","4.11","13.98","On","12.850719,77.639119",
"13-Sep-2026 14:06:05","26.79","4.11","13.98","On","12.851097,77.63982",
"13-Sep-2026 14:06:16","20.62","4.11","13.98","On","12.851452,77.64004",
"13-Sep-2026 14:06:46","36.96","4.11","14","On","12.85305,77.641047",
"13-Sep-2026 14:07:16","10.9","4.11","13.95","On","12.854318,77.642024",
"13-Sep-2026 14:07:20","28.17","4.11","13.95","On","12.854451,77.642164",
"13-Sep-2026 14:07:45","16.78","4.11","13.95","On","12.85558,77.644021",
"13-Sep-2026 14:07:46","16.78","4.11","13.93","On","12.85558,77.644021",
"13-Sep-2026 14:07:50","23.09","4.11","13.93","On","12.85535,77.644015",
"13-Sep-2026 14:07:55","21.75","4.11","13.93","On","12.855209,77.644102",
"13-Sep-2026 14:08:16","10.99","4.11","13.93","On","12.855249,77.645719",
"13-Sep-2026 14:08:46","12.8","4.11","13.95","On","12.855321,77.647776",
"13-Sep-2026 14:08:50","34.68","4.11","13.95","On","12.855447,77.648068",
"13-Sep-2026 14:09:15","14.85","4.11","13.95","On","12.856154,77.65006",
"13-Sep-2026 14:09:16","14.85","4.11","13.95","On","12.856154,77.65006",
"13-Sep-2026 14:09:35","15.9","4.11","13.95","On","12.856064,77.650739",
"13-Sep-2026 14:09:46","12.09","4.11","13.98","On","12.85586,77.651169",
"13-Sep-2026 14:09:50","10.39","4.11","13.98","On","12.855876,77.651291",
"13-Sep-2026 14:10:16","12.31","4.11","14.03","On","12.85601,77.651944",
"13-Sep-2026 14:10:30","13.54","4.11","14.03","On","12.856357,77.652507",
"13-Sep-2026 14:10:45","7.47","4.11","14.03","On","12.856789,77.652822",
"13-Sep-2026 14:10:46","20.76","4.11","14","On","12.856795,77.652966",
"13-Sep-2026 14:10:50","19.91","4.11","14","On","12.856912,77.653134",
"13-Sep-2026 14:10:55","25.12","4.11","14","On","12.857138,77.653167",
"13-Sep-2026 14:11:05","19.35","4.11","14","On","12.857401,77.653197",
"13-Sep-2026 14:11:10","23.94","4.11","14","On","12.857901,77.653255",
"13-Sep-2026 14:11:16","27.23","4.11","14","On","12.858143,77.653334",
"13-Sep-2026 14:11:25","9.51","4.11","14","On","12.858406,77.653459",
"13-Sep-2026 14:11:46","14.61","4.11","13.95","On","12.859426,77.654013",
"13-Sep-2026 14:12:10","31.15","4.11","13.95","On","12.860476,77.654241",
"13-Sep-2026 14:12:16","35.73","4.11","13.98","On","12.860816,77.654267",
"13-Sep-2026 14:12:46","30.13","4.11","14","On","12.862262,77.654437",
"13-Sep-2026 14:12:50","32.41","4.11","14","On","12.862574,77.654455",
"13-Sep-2026 14:12:55","17.33","4.11","14","On","12.862837,77.654441",
"13-Sep-2026 14:13:16","43.17","4.11","13.98","On","12.863996,77.65472",
"13-Sep-2026 14:13:46","15.39","4.11","14","On","12.8657,77.655108",
"13-Sep-2026 14:14:16","9.21","4.11","13.95","On","12.866712,77.655308",
"13-Sep-2026 14:14:30","35.31","4.11","13.95","On","12.867313,77.655225",
"13-Sep-2026 14:14:46","32.16","4.11","13.98","On","12.868699,77.654056",
"13-Sep-2026 14:15:16","5.87","4.11","13.95","On","12.869012,77.653784",
"13-Sep-2026 14:15:46","0.45","4.11","13.95","On","12.869062,77.653762",
"13-Sep-2026 14:16:16","0.42","4.11","13.95","On","12.869067,77.653751",
"13-Sep-2026 14:16:46","0.64","4.11","13.98","On","12.869079,77.653754",
"13-Sep-2026 14:17:16","0.5","4.11","14","On","12.869076,77.653776",
"13-Sep-2026 14:17:46","2.65","4.11","13.98","On","12.869384,77.653584",
"13-Sep-2026 14:18:15","5.71","4.11","13.98","On","12.869696,77.653392",
"13-Sep-2026 14:18:16","5.71","4.11","13.88","On","12.869696,77.653392",
"13-Sep-2026 14:18:20","18.88","4.11","13.88","On","12.869711,77.653481",
"13-Sep-2026 14:18:46","56.03","4.11","13.95","On","12.867211,77.655635",
"13-Sep-2026 14:19:16","47.4","4.11","13.95","On","12.864065,77.658174",
"13-Sep-2026 14:19:46","42.86","4.11","13.98","On","12.861791,77.660049",
"13-Sep-2026 14:20:15","17.93","4.11","13.98","On","12.860173,77.661403",
"13-Sep-2026 14:20:16","29.31","4.11","13.95","On","12.860302,77.661558",
"13-Sep-2026 14:20:20","42.41","4.11","13.95","On","12.860616,77.661755",
"13-Sep-2026 14:20:46","44.21","4.11","14","On","12.862744,77.662702",
"13-Sep-2026 14:21:00","4.01","4.11","14","On","12.863537,77.662888",
"13-Sep-2026 14:21:16","0.26","4.11","13.98","On","12.86367,77.662508",
"13-Sep-2026 14:21:46","0.47","4.11","14.05","On","12.863689,77.662527",
"13-Sep-2026 14:22:16","6.35","4.11","14.05","On","12.863838,77.662205",
"13-Sep-2026 14:22:46","0.24","4.11","13.62","Off","12.863934,77.662159",
"13-Sep-2026 14:23:16","0.37","4.11","13.3","Off","12.863934,77.662138",
"13-Sep-2026 14:23:46","0.08","4.11","13.33","Off","12.863937,77.662129",
"13-Sep-2026 14:24:16","0.45","4.11","13.28","Off","12.863949,77.66213",
"13-Sep-2026 14:24:26","0.45","4.11","13.28","Off","12.863949,77.66213",
"13-Sep-2026 14:25:16","0.28","4.11","13.26","Off","12.863959,77.662092",
"13-Sep-2026 14:25:46","0.12","4.11","13.23","Off","12.86396,77.662087",
"13-Sep-2026 14:26:46","0.18","4.11","13.18","Off","12.863941,77.662075",
"13-Sep-2026 14:27:46","0.24","4.11","13.21","Off","12.863944,77.662084",
"13-Sep-2026 14:28:26","0.24","4.11","13.18","Off","12.863944,77.662084",
"13-Sep-2026 15:28:27","0.24","4.11","13.13","Off","12.863944,77.662084",
"13-Sep-2026 15:28:27","0.3","4.11","13.13","Off","12.863948,77.662088",
"13-Sep-2026 15:28:46","0.3","4.11","13.11","Off","12.863948,77.662088",
"13-Sep-2026 15:29:46","0.29","4.11","13.01","Off","12.863932,77.662124",
"13-Sep-2026 15:30:46","0.44","4.11","13.01","Off","12.863922,77.662102",
"13-Sep-2026 15:31:46","0.22","4.11","13.01","Off","12.863908,77.662098",
"13-Sep-2026 15:32:27","0.22","4.11","13.01","Off","12.863908,77.662098",
"13-Sep-2026 16:32:27","0.22","4.11","13.09","Off","12.863908,77.662098",
"13-Sep-2026 16:32:27","0.3","4.11","13.09","Off","12.863909,77.662103",
"13-Sep-2026 16:32:46","0.3","4.11","13.09","Off","12.863909,77.662103",
"13-Sep-2026 16:33:46","0.57","4.11","12.99","Off","12.863895,77.662158",
"13-Sep-2026 16:34:46","0.5","4.11","12.99","Off","12.863917,77.662169",
"13-Sep-2026 16:35:46","0.25","4.11","12.97","Off","12.863918,77.662167",
"13-Sep-2026 16:36:27","0.25","4.11","12.99","Off","12.863918,77.662167",
"13-Sep-2026 16:40:58","0.25","4.11","13.06","Off","12.863918,77.662167",
"13-Sep-2026 16:40:58","0.8","4.11","13.06","Off","12.863936,77.662155",
"13-Sep-2026 16:41:01","0.8","4.11","13.06","Off","12.863936,77.662155",
"13-Sep-2026 16:41:16","0.8","4.11","13.01","Off","12.863936,77.662155",
"13-Sep-2026 16:41:46","0.61","4.11","12.97","Off","12.863952,77.662106",
"13-Sep-2026 16:42:01","0.61","4.11","12.94","Off","12.863952,77.662106",
"13-Sep-2026 16:42:46","0.11","4.11","12.97","Off","12.863962,77.662132",
"13-Sep-2026 16:43:46","0.1","4.11","12.94","Off","12.863967,77.662142",
"13-Sep-2026 16:44:46","0.43","4.11","12.94","Off","12.863964,77.66215",
"13-Sep-2026 16:45:46","1","4.11","12.94","Off","12.863979,77.662142",
"13-Sep-2026 16:46:01","1","4.11","12.94","Off","12.863979,77.662142",
"13-Sep-2026 16:48:50","1","4.11","13.09","Off","12.863979,77.662142",
"13-Sep-2026 16:48:50","1.39","4.11","13.09","Off","12.863975,77.662154",
"13-Sep-2026 16:49:46","0.48","4.11","13.01","Off","12.863911,77.662174",
"13-Sep-2026 16:50:46","0.7","4.11","12.97","Off","12.863942,77.66214",
"13-Sep-2026 16:51:46","0.32","4.11","12.94","Off","12.863935,77.662107",
"13-Sep-2026 16:52:46","0.59","4.11","12.99","Off","12.863945,77.662099",
"13-Sep-2026 16:52:50","0.59","4.11","12.97","Off","12.863945,77.662099",
"13-Sep-2026 17:01:35","0.59","4.11","13.06","Off","12.863945,77.662099",
"13-Sep-2026 17:01:35","0.74","4.11","13.06","Off","12.863945,77.662095",
"13-Sep-2026 17:01:37","0.74","4.11","13.06","Off","12.863945,77.662095",
"13-Sep-2026 17:01:37","0.74","4.11","13.06","Off","12.863945,77.662095",
"13-Sep-2026 17:01:46","0.74","4.11","13.06","Off","12.863945,77.662095",
"13-Sep-2026 17:03:16","0.33","4.11","12.97","Off","12.86394,77.662162",
"13-Sep-2026 17:03:46","0.25","4.11","12.97","Off","12.863931,77.662152",
"13-Sep-2026 17:04:46","0.63","4.11","12.99","Off","12.863948,77.662141",
"13-Sep-2026 17:05:46","0.34","4.11","12.97","Off","12.863951,77.662133",
"13-Sep-2026 17:06:37","0.34","4.11","12.97","Off","12.863951,77.662133",
"13-Sep-2026 18:06:37","0.34","4.11","13.01","Off","12.863951,77.662133",
"13-Sep-2026 18:06:37","0.17","4.11","13.01","Off","12.863959,77.662129",
"13-Sep-2026 18:06:46","0.17","4.11","13.01","Off","12.863959,77.662129",
"13-Sep-2026 18:07:46","0.4","4.11","12.94","Off","12.863877,77.662122",
"13-Sep-2026 18:08:46","0.3","4.11","12.89","Off","12.863874,77.662124",
"13-Sep-2026 18:09:46","0.25","4.11","12.89","Off","12.863908,77.662119",
"13-Sep-2026 18:10:37","0.25","4.11","12.89","Off","12.863908,77.662119",
"13-Sep-2026 19:10:37","0.25","4.11","12.97","Off","12.863908,77.662119",
"13-Sep-2026 19:10:37","0.45","4.11","12.97","Off","12.863895,77.662116",
"13-Sep-2026 19:10:46","0.45","4.11","12.94","Off","12.863895,77.662116",
"13-Sep-2026 19:11:46","0.35","4.11","12.87","Off","12.863935,77.662046",
"13-Sep-2026 19:12:46","2.09","4.11","12.85","Off","12.863956,77.662059",
"13-Sep-2026 19:13:46","0.21","4.11","12.87","Off","12.863962,77.662059",
"13-Sep-2026 19:14:37","0.21","4.11","12.87","Off","12.863962,77.662059",
"13-Sep-2026 20:14:37","0.21","4.11","12.92","Off","12.863962,77.662059",
"13-Sep-2026 20:14:37","0.41","4.11","12.92","Off","12.863953,77.66205",
"13-Sep-2026 20:14:46","0.41","4.11","12.92","Off","12.863953,77.66205",
"13-Sep-2026 20:15:46","0.8","4.1","12.85","Off","12.863912,77.662063",
"13-Sep-2026 20:16:46","0.21","4.11","12.85","Off","12.863929,77.662091",
"13-Sep-2026 20:17:46","1.06","4.11","12.85","Off","12.86391,77.662097",
"13-Sep-2026 20:18:37","1.06","4.1","12.8","Off","12.86391,77.662097",
"13-Sep-2026 21:13:39","1.06","4.11","12.92","On","12.86391,77.662097",
"13-Sep-2026 21:13:39","1.06","4.11","12.92","On","12.86391,77.662097",
"13-Sep-2026 21:13:46","0.24","4.11","13.13","On","12.863903,77.662112",
"13-Sep-2026 21:14:46","0.22","4.11","13.11","Off","12.863781,77.662274",
"13-Sep-2026 21:15:16","0.17","4.1","12.99","Off","12.86383,77.662257",
"13-Sep-2026 21:15:41","0.17","4.11","12.97","Off","12.86383,77.662257",
"13-Sep-2026 21:16:16","0.13","4.11","12.94","Off","12.863793,77.662249",
"13-Sep-2026 21:16:46","0.18","4.11","12.92","Off","12.863796,77.662253",
"13-Sep-2026 21:17:46","0.2","4.11","12.87","Off","12.8638,77.662231",
"13-Sep-2026 21:18:46","0.31","4.11","12.85","Off","12.863807,77.662243",
"13-Sep-2026 21:19:41","0.31","4.11","12.87","Off","12.863807,77.662243",
"13-Sep-2026 21:29:33","0.31","4.11","12.92","On","12.863807,77.662243",
"13-Sep-2026 21:29:33","0.31","4.11","12.92","On","12.863807,77.662243",
"13-Sep-2026 21:29:46","0.05","4.11","13.42","On","12.863815,77.662239",
"13-Sep-2026 21:30:16","0.03","4.11","13.88","On","12.86371,77.662716",
"13-Sep-2026 21:30:46","1.24","4.1","13.71","Off","12.863738,77.66265",
"13-Sep-2026 21:31:16","0.8","4.11","13.23","Off","12.863755,77.66266",
"13-Sep-2026 21:31:46","0.31","4.11","13.83","Off","12.863766,77.662644",
"13-Sep-2026 21:32:16","1.08","4.11","13.93","Off","12.86372,77.662603",
"13-Sep-2026 21:32:35","1.08","4.11","13.95","Off","12.86372,77.662603",
"13-Sep-2026 21:33:16","1.81","4.11","13.98","Off","12.863691,77.662596",
"13-Sep-2026 21:33:46","1.33","4.11","14","Off","12.863694,77.662593",
"13-Sep-2026 21:34:46","2.24","4.11","14.05","Off","12.863686,77.662631",
"13-Sep-2026 21:35:46","4.13","4.11","14.07","Off","12.863661,77.662653",
"13-Sep-2026 21:36:35","4.13","4.11","14.05","Off","12.863661,77.662653",
"13-Sep-2026 22:36:35","4.13","4.11","14.12","Off","12.863661,77.662653",
"13-Sep-2026 22:36:35","2.56","4.11","14.12","Off","12.863686,77.662649",
"13-Sep-2026 22:36:46","2.56","4.11","14.12","Off","12.863686,77.662649",
"13-Sep-2026 22:38:46","1.45","4.11","14.05","Off","12.863727,77.662589",
"13-Sep-2026 22:39:46","0.54","4.11","14.07","Off","12.86372,77.662588",
"13-Sep-2026 22:40:35","0.54","4.11","14.05","Off","12.86372,77.662588",
"13-Sep-2026 23:40:35","0.54","4.11","14.07","Off","12.86372,77.662588",
"13-Sep-2026 23:40:35","0.51","4.11","14.07","Off","12.863668,77.662563",
"13-Sep-2026 23:40:46","0.51","4.11","14.07","Off","12.863668,77.662563",
"13-Sep-2026 23:41:46","1.67","4.11","14.03","Off","12.863693,77.662553",
"13-Sep-2026 23:42:46","0.3","4.11","14.03","Off","12.86375,77.662595",
"13-Sep-2026 23:43:46","1.47","4.1","14","Off","12.863789,77.662616",
"13-Sep-2026 23:44:35","1.47","4.11","14","Off","12.863789,77.662616",
"14-Sep-2026 00:44:35","1.47","4.11","14.1","Off","12.863789,77.662616",
"14-Sep-2026 00:44:35","0.35","4.11","14.1","Off","12.863753,77.662563",
"14-Sep-2026 00:44:46","0.35","4.11","14.1","Off","12.863753,77.662563",
"14-Sep-2026 00:45:46","1.32","4.1","14.05","Off","12.863804,77.662638",
"14-Sep-2026 00:46:46","1.12","4.11","14.05","Off","12.863791,77.662612",
"14-Sep-2026 00:47:46","1.83","4.11","14.03","Off","12.863712,77.662592",
"14-Sep-2026 00:48:35","1.83","4.1","14","Off","12.863712,77.662592",
"14-Sep-2026 01:48:35","1.83","4.11","14.12","Off","12.863712,77.662592",
"14-Sep-2026 01:48:35","0.64","4.11","14.12","Off","12.863679,77.662585",
"14-Sep-2026 01:48:46","0.64","4.11","14.12","Off","12.863679,77.662585",
"14-Sep-2026 01:49:46","2.18","4.1","14.07","Off","12.86377,77.662594",
"14-Sep-2026 01:50:46","1.59","4.11","14.07","Off","12.863703,77.662605",
"14-Sep-2026 01:51:46","1.22","4.1","14.07","Off","12.863665,77.662578",
"14-Sep-2026 01:52:35","1.22","4.1","14.07","Off","12.863665,77.662578",
"14-Sep-2026 02:23:42","1.22","4.11","14.1","Off","12.863665,77.662578",
"14-Sep-2026 02:23:42","0.9","4.11","14.1","Off","12.863643,77.66261",
"14-Sep-2026 02:23:46","0.9","4.11","14.1","Off","12.863643,77.66261",
"14-Sep-2026 02:24:46","0.37","4.11","14.05","Off","12.86381,77.662623",
"14-Sep-2026 02:25:46","0.89","4.11","14.05","Off","12.86367,77.662602",
"14-Sep-2026 02:26:46","0.3","4.11","14.05","Off","12.863653,77.662582",
"14-Sep-2026 02:27:42","0.3","4.11","14.07","Off","12.863653,77.662582",
"14-Sep-2026 03:27:42","0.3","4.11","14.12","Off","12.863653,77.662582",
"14-Sep-2026 03:27:42","0.47","4.11","14.12","Off","12.863698,77.662603",
"14-Sep-2026 03:27:46","0.47","4.11","14.12","Off","12.863698,77.662603",
"14-Sep-2026 03:29:46","1.01","4.11","14.05","Off","12.863886,77.662532",
"14-Sep-2026 03:30:46","1.48","4.11","14.07","Off","12.86369,77.662496",
"14-Sep-2026 03:31:42","1.48","4.11","14.05","Off","12.86369,77.662496",
"14-Sep-2026 04:31:42","1.48","4.11","14.15","Off","12.86369,77.662496",
"14-Sep-2026 04:31:42","0.71","4.11","14.15","Off","12.863746,77.662534",
"14-Sep-2026 04:31:46","0.71","4.11","14.15","Off","12.863746,77.662534",
"14-Sep-2026 04:32:46","1.32","4.11","14.07","Off","12.863736,77.662618",
"14-Sep-2026 04:33:46","0.58","4.11","14.03","Off","12.863724,77.662629",
"14-Sep-2026 04:34:46","0.95","4.1","14.03","Off","12.863751,77.66262",
"14-Sep-2026 04:35:42","0.95","4.1","14.05","Off","12.863751,77.66262",
"14-Sep-2026 05:35:42","0.95","4.1","14.12","Off","12.863751,77.66262",
"14-Sep-2026 05:35:42","0.2","4.1","14.12","Off","12.863736,77.662624",
"14-Sep-2026 05:35:46","0.2","4.1","14.1","Off","12.863736,77.662624",
"14-Sep-2026 05:38:46","1.81","4.1","14.05","Off","12.86387,77.66258",
"14-Sep-2026 05:39:42","1.81","4.1","14.05","Off","12.86387,77.66258",
"14-Sep-2026 06:39:42","1.81","4.1","14.1","Off","12.86387,77.66258",
"14-Sep-2026 06:39:42","3.54","4.1","14.1","Off","12.86387,77.662567",
"14-Sep-2026 06:39:46","3.54","4.1","14.1","Off","12.86387,77.662567",
"14-Sep-2026 06:42:46","1.7","4.1","14.03","Off","12.863648,77.662597",
"14-Sep-2026 06:43:42","1.7","4.1","14.03","Off","12.863648,77.662597",
"14-Sep-2026 07:42:20","1.7","4.1","13.06","On","12.863648,77.662597",
"14-Sep-2026 07:42:20","1.7","4.1","13.06","On","12.863648,77.662597",
"14-Sep-2026 07:42:20","0.44","4.1","13.06","On","12.86371,77.662566",
"14-Sep-2026 07:42:46","0.44","4.11","12.99","Off","12.86371,77.662566",
"14-Sep-2026 07:44:16","2.52","4.11","13.95","On","12.863572,77.662148",
"14-Sep-2026 07:44:46","0.86","4.1","13.98","On","12.863766,77.662558",
"14-Sep-2026 07:45:16","2.5","4.1","13.98","On","12.863792,77.662539",
"14-Sep-2026 07:45:46","0.43","4.11","14","On","12.86376,77.662505",
"14-Sep-2026 07:46:16","1.13","4.1","14","On","12.863802,77.662543",
"14-Sep-2026 07:46:46","2.84","4.11","14.03","On","12.863797,77.662527",
"14-Sep-2026 07:47:16","0.77","4.1","13.98","On","12.863782,77.662508",
"14-Sep-2026 07:47:46","0.61","4.1","14.03","On","12.863717,77.66247",
"14-Sep-2026 07:48:16","1.47","4.1","14","On","12.863727,77.662468",
"14-Sep-2026 07:49:16","1.54","4.1","14","On","12.86365,77.662407",
"14-Sep-2026 07:49:46","1.82","4.1","14","On","12.863664,77.662429",
"14-Sep-2026 07:50:16","0.77","4.1","14","On","12.863659,77.662418",
"14-Sep-2026 07:50:46","0.47","4.1","14.03","On","12.863637,77.662398",
"14-Sep-2026 07:51:16","0.24","4.1","14","On","12.863605,77.662381",
"14-Sep-2026 07:51:46","0.59","4.1","14.03","On","12.863597,77.662391",
"14-Sep-2026 07:52:16","0.74","4.1","14.03","On","12.863653,77.66245",
"14-Sep-2026 07:52:46","0.77","4.1","14","On","12.863696,77.66249",
"14-Sep-2026 07:53:16","1.83","4.1","14","On","12.86371,77.662462",
"14-Sep-2026 07:53:46","1.05","4.1","14.03","On","12.863681,77.662447",
"14-Sep-2026 07:54:16","0.18","4.1","14","On","12.863643,77.662436",
"14-Sep-2026 07:54:46","0.26","4.1","14.03","On","12.863644,77.662449",
"14-Sep-2026 07:55:16","0.88","4.1","14","On","12.863657,77.662447",
"14-Sep-2026 07:56:46","3.07","4.11","14.05","On","12.863724,77.662468",
"14-Sep-2026 07:57:16","0.23","4.1","14.03","On","12.863734,77.662465",
"14-Sep-2026 07:57:46","0.3","4.1","14","On","12.863699,77.662442",
"14-Sep-2026 07:58:16","1.4","4.1","14.03","On","12.863713,77.662452",
"14-Sep-2026 07:58:46","0.73","4.11","14.03","On","12.863687,77.662445",
"14-Sep-2026 07:59:16","1.43","4.11","14.03","On","12.863698,77.662458",
"14-Sep-2026 07:59:46","1.02","4.1","14.03","On","12.863665,77.662436",
"14-Sep-2026 08:00:16","0.7","4.1","14","On","12.863683,77.662451",
"14-Sep-2026 08:00:46","0.97","4.11","14.03","On","12.8637,77.662461",
"14-Sep-2026 08:01:16","0.33","4.1","14","On","12.86371,77.66247",
"14-Sep-2026 08:01:46","0.73","4.1","14","On","12.863695,77.662455",
"14-Sep-2026 08:02:16","1.5","4.1","14.03","On","12.863672,77.662457",
"14-Sep-2026 08:02:46","0.51","4.1","14.05","On","12.863678,77.662449",
"14-Sep-2026 08:03:16","0.39","4.1","14.05","On","12.863715,77.662467",
"14-Sep-2026 08:03:46","0.62","4.1","14.03","On","12.86372,77.662465",
"14-Sep-2026 08:04:16","0.49","4.1","14.03","On","12.863706,77.662455",
"14-Sep-2026 08:04:46","0.91","4.1","14.03","On","12.863669,77.662443",
"14-Sep-2026 08:05:16","1","4.1","14.03","On","12.863639,77.662438",
"14-Sep-2026 08:05:46","0.16","4.11","14","On","12.86365,77.662449",
"14-Sep-2026 08:06:16","0.23","4.1","14","On","12.863654,77.662447",
"14-Sep-2026 08:06:46","0.78","4.1","14","On","12.863654,77.662432",
"14-Sep-2026 08:07:16","0.8","4.11","14.03","On","12.863667,77.662446",
"14-Sep-2026 08:07:46","0.99","4.11","14.03","On","12.863701,77.662455",
"14-Sep-2026 08:08:16","0.26","4.1","14","On","12.863717,77.662457",
"14-Sep-2026 08:08:46","0.9","4.11","14","On","12.863725,77.662462",
"14-Sep-2026 08:09:16","1.16","4.11","14.03","On","12.863753,77.662464",
"14-Sep-2026 08:09:46","0.43","4.11","14.03","On","12.863741,77.662469",
"14-Sep-2026 08:10:16","0.43","4.11","14.05","On","12.863737,77.662453",
"14-Sep-2026 08:10:46","0.86","4.1","14.03","On","12.863758,77.662441",
"14-Sep-2026 08:11:16","0.63","4.11","14.03","On","12.86376,77.662445",
"14-Sep-2026 08:11:46","0.56","4.11","14.03","On","12.863809,77.662479",
"14-Sep-2026 08:12:16","1.54","4.11","14.03","On","12.863789,77.662453",
"14-Sep-2026 08:12:46","0.63","4.11","14.05","On","12.863798,77.662436",
"14-Sep-2026 08:13:16","0.73","4.1","14.03","On","12.863821,77.662445",
"14-Sep-2026 08:13:46","0.41","4.1","14","On","12.863798,77.662437",
"14-Sep-2026 08:14:16","0.34","4.11","14.03","On","12.863764,77.66243",
"14-Sep-2026 08:14:46","1.51","4.11","14.05","On","12.863748,77.662425",
"14-Sep-2026 08:15:16","0.99","4.1","14","On","12.863784,77.662452",
"14-Sep-2026 08:15:46","1.68","4.11","14","On","12.863787,77.662465",
"14-Sep-2026 08:16:16","0.72","4.1","14","On","12.863775,77.662455",
"14-Sep-2026 08:16:46","0.83","4.11","14.03","On","12.863771,77.66244",
"14-Sep-2026 08:17:16","1.5","4.11","14","On","12.86374,77.662425",
"14-Sep-2026 08:17:46","0.35","4.1","14","On","12.863773,77.662428",
"14-Sep-2026 08:18:16","0.63","4.1","14.03","On","12.863751,77.66242",
"14-Sep-2026 08:18:46","0.17","4.11","14.05","On","12.863725,77.662418",
"14-Sep-2026 08:19:16","3.32","4.11","14.05","On","12.863669,77.662432",
"14-Sep-2026 08:19:46","1.3","4.11","14.03","On","12.863662,77.662433",
"14-Sep-2026 08:20:16","0.67","4.11","14.03","On","12.863671,77.662442",
"14-Sep-2026 08:20:46","0.77","4.11","14.03","On","12.863718,77.662469",
"14-Sep-2026 08:21:16","1.3","4.11","14","On","12.863755,77.662476",
"14-Sep-2026 08:21:46","2.58","4.11","14.03","On","12.863752,77.662488",
"14-Sep-2026 08:22:16","1.01","4.11","14.05","On","12.863758,77.662488",
"14-Sep-2026 08:22:46","1.18","4.11","14","On","12.863834,77.66251",
"14-Sep-2026 08:23:16","1.94","4.11","14.03","On","12.863831,77.662522",
"14-Sep-2026 08:23:46","1.25","4.11","14.03","On","12.863819,77.662519",
"14-Sep-2026 08:24:16","0.69","4.11","14.03","On","12.863838,77.662532",
"14-Sep-2026 08:24:46","0.83","4.11","14.05","On","12.863848,77.662534",
"14-Sep-2026 08:25:16","0.68","4.1","14","On","12.86385,77.662543",
"14-Sep-2026 08:25:46","3.47","4.11","13.95","On","12.863823,77.662651",
"14-Sep-2026 08:26:16","11.26","4.11","13.95","On","12.863611,77.663005",
"14-Sep-2026 08:26:17","10.77","4.11","13.95","On","12.863469,77.66296",
"14-Sep-2026 08:26:46","8.78","4.11","13.95","On","12.862677,77.662762",
"14-Sep-2026 08:27:16","20.09","4.11","14.03","On","12.861712,77.662392",
"14-Sep-2026 08:27:27","25.82","4.11","14.03","On","12.861006,77.662042",
"14-Sep-2026 08:27:32","30.71","4.11","14.03","On","12.860729,77.661848",
"14-Sep-2026 08:27:42","3.69","4.11","14.03","On","12.86011,77.661493",
"14-Sep-2026 08:27:46","3.15","4.11","13.98","On","12.860063,77.661491",
"14-Sep-2026 08:28:07","19.01","4.11","13.98","On","12.859913,77.661574",
"14-Sep-2026 08:28:16","35.5","4.1","13.95","On","12.859453,77.661935",
"14-Sep-2026 08:28:46","48.73","4.11","14","On","12.857242,77.663584",
"14-Sep-2026 08:29:02","21.32","4.11","14","On","12.856143,77.664293",
"14-Sep-2026 08:29:07","31.92","4.11","14","On","12.856276,77.664085",
"14-Sep-2026 08:29:16","48.22","4.11","14.03","On","12.856936,77.66358",
"14-Sep-2026 08:29:46","30.62","4.11","14","On","12.859825,77.661345",
"14-Sep-2026 08:30:16","52.58","4.1","14","On","12.862284,77.659299",
"14-Sep-2026 08:30:46","55.01","4.1","13.98","On","12.86575,77.656462",
"14-Sep-2026 08:31:16","43.59","4.11","13.98","On","12.868145,77.654556",
"14-Sep-2026 08:31:46","52.54","4.11","13.98","On","12.870611,77.652712",
"14-Sep-2026 08:32:16","53.75","4.11","13.98","On","12.87349,77.650314",
"14-Sep-2026 08:32:42","21.3","4.11","13.98","On","12.87477,77.64877",
"14-Sep-2026 08:32:46","34.69","4.11","13.95","On","12.874669,77.64836",
"14-Sep-2026 08:33:16","23.7","4.11","13.98","On","12.874218,77.646502",
"14-Sep-2026 08:33:46","6.57","4.11","13.98","On","12.873848,77.644801",
"14-Sep-2026 08:33:47","6.57","4.11","13.98","On","12.873848,77.644801",
"14-Sep-2026 08:34:02","11.04","4.11","13.98","On","12.87377,77.644315",
"14-Sep-2026 08:34:07","20.39","4.11","13.98","On","12.873528,77.644321",
"14-Sep-2026 08:34:12","3.85","4.11","13.98","On","12.873372,77.644299",
"14-Sep-2026 08:34:16","24.57","4.11","14","On","12.873237,77.6443",
"14-Sep-2026 08:34:17","24.57","4.11","14","On","12.873237,77.6443",
"14-Sep-2026 08:34:32","12.12","4.11","14","On","12.872272,77.644346",
"14-Sep-2026 08:34:37","2.92","4.11","14","On","12.872186,77.644364",
"14-Sep-2026 08:34:46","0.74","4.11","13.98","On","12.872029,77.644389",
"14-Sep-2026 08:35:16","0.42","4.11","13.95","On","12.871811,77.644377",
"14-Sep-2026 08:35:46","0.51","4.11","14.05","On","12.871912,77.64438",
"14-Sep-2026 08:36:16","0.1","4.11","14.05","On","12.871929,77.644328",
"14-Sep-2026 08:36:46","0.38","4.1","14.05","On","12.871931,77.644325",
"14-Sep-2026 08:37:16","0.31","4.11","14.07","On","12.871928,77.644332",
"14-Sep-2026 08:37:46","0.56","4.11","14.05","On","12.871961,77.644371",
"14-Sep-2026 08:38:16","1.44","4.1","14.07","On","12.871985,77.644402",
"14-Sep-2026 08:38:46","0.15","4.11","14.07","On","12.87197,77.644398",
"14-Sep-2026 08:39:16","1.04","4.11","14.07","On","12.87196,77.644404",
"14-Sep-2026 08:39:46","0.5","4.11","14.07","On","12.871972,77.644394",
"14-Sep-2026 08:40:16","0.79","4.11","14.05","On","12.871922,77.644381",
"14-Sep-2026 08:40:46","0.75","4.11","14.1","On","12.871906,77.64435",
"14-Sep-2026 08:41:16","0.33","4.1","14.07","On","12.871902,77.644334",
"14-Sep-2026 08:41:46","1.31","4.1","14.03","On","12.871921,77.644302",
"14-Sep-2026 08:42:16","1.19","4.11","14.05","On","12.871934,77.644312",
"14-Sep-2026 08:42:46","0.62","4.11","14.05","On","12.871922,77.644333",
"14-Sep-2026 08:43:16","1.62","4.11","14.07","On","12.871893,77.64436",
"14-Sep-2026 08:43:46","0.61","4.11","14.05","On","12.871924,77.644383",
"14-Sep-2026 08:44:16","1.42","4.11","14.07","On","12.871945,77.644385",
"14-Sep-2026 08:44:37","19.88","4.11","14.07","On","12.872138,77.644335",
"14-Sep-2026 08:44:46","11.67","4.11","14.05","On","12.872488,77.644303",
"14-Sep-2026 08:44:47","11.67","4.11","14.05","On","12.872488,77.644303",
"14-Sep-2026 08:44:52","10.84","4.11","14.05","On","12.872915,77.644271",
"14-Sep-2026 08:45:02","9.42","4.11","14.05","On","12.873289,77.644249",
"14-Sep-2026 08:45:07","13.65","4.11","14.05","On","12.873362,77.644255",
"14-Sep-2026 08:45:12","4.9","4.11","14.05","On","12.873694,77.644225",
"14-Sep-2026 08:45:16","7.88","4.11","13.95","On","12.873752,77.644265",
"14-Sep-2026 08:45:22","18.61","4.11","13.95","On","12.873781,77.644385",
"14-Sep-2026 08:45:46","27.78","4.11","14","On","12.874061,77.645908",
"14-Sep-2026 08:46:16","18.86","4.11","14","On","12.874433,77.647355",
"14-Sep-2026 08:46:46","18.33","4.11","14","On","12.87473,77.64862",
"14-Sep-2026 08:46:52","10.58","4.11","14","On","12.874835,77.648858",
"14-Sep-2026 08:46:57","16.63","4.11","14","On","12.874947,77.648746",
"14-Sep-2026 08:47:16","38.07","4.11","13.95","On","12.876116,77.647707",
"14-Sep-2026 08:47:32","37.57","4.11","13.95","On","12.877492,77.646716",
"14-Sep-2026 08:47:46","23.34","4.11","13.98","On","12.878118,77.646338",
"14-Sep-2026 08:48:16","8.31","4.11","13.98","On","12.880197,77.645092",
"14-Sep-2026 08:48:22","16.71","4.11","13.98","On","12.88028,77.645136",
"14-Sep-2026 08:48:39","26.94","4.11","13.98","On","12.881455,77.644444",
"14-Sep-2026 08:48:46","4.64","4.11","13.95","On","12.881577,77.644284",
"14-Sep-2026 08:49:16","40.81","4.1","13.95","On","12.88437,77.642533",
"14-Sep-2026 08:49:46","42.51","4.1","13.98","On","12.88588,77.641551",
"14-Sep-2026 08:50:16","33.49","4.11","14","On","12.887698,77.640468",
"14-Sep-2026 08:50:46","10.31","4.11","13.95","On","12.889081,77.639574",
"14-Sep-2026 08:50:54","9.93","4.11","13.95","On","12.889254,77.639356",
"14-Sep-2026 08:51:04","16.73","4.11","13.95","On","12.889587,77.639087",
"14-Sep-2026 08:51:16","19.95","4.11","13.93","On","12.89011,77.638775",
"14-Sep-2026 08:51:29","16.69","4.11","13.93","On","12.890368,77.638503",
"14-Sep-2026 08:51:39","4.15","4.11","13.93","On","12.890373,77.638311",
"14-Sep-2026 08:51:46","0.25","4.11","13.95","On","12.890406,77.638256",
"14-Sep-2026 08:52:16","0.12","4.11","13.93","On","12.89041,77.638252",
"14-Sep-2026 08:52:46","3.74","4.11","14","On","12.89042,77.638226",
"14-Sep-2026 08:53:16","4.45","4.1","14","On","12.890248,77.637932",
"14-Sep-2026 08:53:34","11.33","4.1","14","On","12.890009,77.637885",
"14-Sep-2026 08:53:44","5.18","4.1","14","On","12.889703,77.637898",
"14-Sep-2026 08:53:46","5.18","4.1","13.98","On","12.889703,77.637898",
"14-Sep-2026 08:53:49","16.69","4.1","13.98","On","12.889623,77.637799",
"14-Sep-2026 08:53:59","12.99","4.1","13.98","On","12.889644,77.637575",
"14-Sep-2026 08:54:16","1.1","4.1","13.98","On","12.88982,77.637018",
"14-Sep-2026 08:54:46","0.22","4.1","13.98","On","12.889804,77.636989",
"14-Sep-2026 08:55:16","0.1","4.11","14.03","On","12.889811,77.636989",
"14-Sep-2026 08:55:46","0.18","4.1","14","On","12.889794,77.636982",
"14-Sep-2026 08:56:16","0.42","4.1","14.03","On","12.889789,77.636979",
"14-Sep-2026 08:56:46","1.33","4.1","13.98","On","12.88979,77.636975",
"14-Sep-2026 08:57:16","1.89","4.11","14","On","12.889847,77.636996",
"14-Sep-2026 08:57:46","1.33","4.11","14","On","12.889844,77.636995",
"14-Sep-2026 08:58:16","1.93","4.11","14","On","12.889852,77.637003",
"14-Sep-2026 08:58:19","1.93","4.11","14","On","12.889852,77.637003",
"14-Sep-2026 08:58:46","0.45","4.11","14","On","12.889876,77.637019",
"14-Sep-2026 08:59:16","1.77","4.11","14.03","On","12.889866,77.637024",
"14-Sep-2026 08:59:46","0.81","4.11","14.03","On","12.889847,77.637012",
"14-Sep-2026 09:00:16","0.62","4.11","13.98","On","12.889865,77.637031",
"14-Sep-2026 09:00:46","2.14","4.11","14","On","12.889839,77.637011",
"14-Sep-2026 09:01:16","1.69","4.11","14","On","12.889843,77.637024",
"14-Sep-2026 09:01:46","0.37","4.11","14","On","12.88982,77.637",
"14-Sep-2026 09:02:16","1.14","4.11","14.03","On","12.889787,77.636972",
"14-Sep-2026 09:02:46","1.04","4.11","14","On","12.889786,77.636982",
"14-Sep-2026 09:03:16","0.46","4.11","14.03","On","12.889784,77.636974",
"14-Sep-2026 09:03:34","16.81","4.11","14.03","On","12.8898,77.636888",
"14-Sep-2026 09:03:39","2.51","4.11","14.03","On","12.88981,77.636764",
"14-Sep-2026 09:03:46","2.02","4.11","13.98","On","12.889845,77.636708",
"14-Sep-2026 09:04:16","1.1","4.11","13.98","On","12.889843,77.63671",
"14-Sep-2026 09:04:29","15.77","4.11","13.98","On","12.889916,77.636415",
"14-Sep-2026 09:04:34","18.89","4.11","13.98","On","12.890052,77.636346",
"14-Sep-2026 09:04:46","6.57","4.11","13.95","On","12.890402,77.636419",
"14-Sep-2026 09:04:59","3.34","4.11","13.95","On","12.890737,77.636488",
"14-Sep-2026 09:05:04","14.54","4.11","13.95","On","12.890831,77.636529",
"14-Sep-2026 09:05:09","4.72","4.11","13.95","On","12.890809,77.636794",
"14-Sep-2026 09:05:16","6.56","4.11","14","On","12.890815,77.636833",
"14-Sep-2026 09:05:46","0.37","4.11","14","On","12.890822,77.636921",
"14-Sep-2026 09:06:16","0.66","4.11","13.98","On","12.89082,77.636938",
"14-Sep-2026 09:06:46","0.51","4.11","14","On","12.890856,77.63697",
"14-Sep-2026 09:07:16","0.71","4.11","14","On","12.890886,77.636948",
"14-Sep-2026 09:07:46","0.83","4.11","14.05","On","12.890925,77.63694",
"14-Sep-2026 09:08:16","0.49","4.11","14.05","On","12.890922,77.636938",
"14-Sep-2026 09:08:46","2.38","4.11","14","On","12.890899,77.636945",
"14-Sep-2026 09:09:16","0.66","4.11","14.03","On","12.890905,77.636966",
"14-Sep-2026 09:09:46","0.2","4.11","14.07","On","12.890905,77.636972",
"14-Sep-2026 09:10:16","1.09","4.11","14.03","On","12.890902,77.636981",
"14-Sep-2026 09:10:46","0.84","4.11","14.03","On","12.890876,77.636952",
"14-Sep-2026 09:11:16","0.68","4.11","14.05","On","12.890894,77.636969",
"14-Sep-2026 09:11:46","0.06","4.11","14.03","On","12.890908,77.636975",
"14-Sep-2026 09:12:16","0.44","4.11","14.03","On","12.890896,77.636971",
"14-Sep-2026 09:12:46","0.13","4.11","14.03","On","12.890904,77.636982",
"14-Sep-2026 09:13:16","0.53","4.11","14.03","On","12.890905,77.636978",
"14-Sep-2026 09:13:46","10.91","4.11","14","On","12.890895,77.637018",
"14-Sep-2026 09:14:16","17.84","4.11","13.98","On","12.890594,77.637987",
"14-Sep-2026 09:14:44","11.84","4.11","13.98","On","12.89044,77.638576",
"14-Sep-2026 09:14:46","11.84","4.11","14.03","On","12.89044,77.638576",
"14-Sep-2026 09:14:49","9.3","4.11","14.03","On","12.890545,77.638646",
"14-Sep-2026 09:14:54","16.81","4.11","14.03","On","12.890662,77.638604",
"14-Sep-2026 09:15:16","45.76","4.1","14","On","12.89249,77.637552",
"14-Sep-2026 09:15:46","10.68","4.11","13.95","On","12.89436,77.63646",
"14-Sep-2026 09:16:16","38.92","4.11","13.95","On","12.895955,77.63542",
"14-Sep-2026 09:16:46","32.63","4.11","14","On","12.898407,77.633964",
"14-Sep-2026 09:17:16","33.54","4.1","13.98","On","12.90062,77.632548",
"14-Sep-2026 09:17:29","3.09","4.1","13.98","On","12.901115,77.632208",
"14-Sep-2026 09:17:34","25.23","4.1","13.98","On","12.900953,77.632267",
"14-Sep-2026 09:17:46","9.19","4.11","13.95","On","12.900893,77.632426",
"14-Sep-2026 09:17:54","8.35","4.11","13.95","On","12.901361,77.632051",
"14-Sep-2026 09:18:14","10.03","4.11","13.95","On","12.902478,77.631083",
"14-Sep-2026 09:18:16","3.76","4.1","13.98","On","12.902483,77.630965",
"14-Sep-2026 09:18:46","0.33","4.11","14.03","On","12.90249,77.630871",
"14-Sep-2026 09:19:16","0.3","4.11","14.05","On","12.902501,77.630873",
"14-Sep-2026 09:19:46","0.11","4.11","14.05","On","12.902505,77.630883",
"14-Sep-2026 09:20:16","0.34","4.11","14.07","On","12.9025,77.630882",
"14-Sep-2026 09:20:46","0.39","4.1","13.95","On","12.902509,77.630883",
"14-Sep-2026 09:21:14","4.57","4.1","13.95","On","12.902671,77.629992",
"14-Sep-2026 09:21:16","13.78","4.11","14","On","12.90259,77.629997",
"14-Sep-2026 09:21:19","13.78","4.11","14","On","12.90259,77.629997",
"14-Sep-2026 09:21:24","3.82","4.11","14","On","12.902364,77.629929",
"14-Sep-2026 09:21:46","4.22","4.1","13.98","On","12.902286,77.629613",
"14-Sep-2026 09:22:16","0.47","4.11","13.98","On","12.902284,77.62959",
"14-Sep-2026 09:22:46","0.18","4.11","13.98","On","12.902277,77.629579",
"14-Sep-2026 09:23:16","0.15","4.1","14.03","On","12.902284,77.629587",
"14-Sep-2026 09:23:46","0.58","4.11","14.03","On","12.902284,77.62957",
"14-Sep-2026 09:24:16","0.71","4.11","14.03","On","12.902283,77.62957",
"14-Sep-2026 09:24:46","0.4","4.11","14.03","On","12.902276,77.629559",
"14-Sep-2026 09:25:16","0.56","4.11","14","On","12.902276,77.629535",
"14-Sep-2026 09:25:46","0.56","4.11","14","On","12.902283,77.629546",
"14-Sep-2026 09:26:16","0.46","4.11","14.03","On","12.902273,77.629536",
"14-Sep-2026 09:26:46","0.21","4.11","14.03","On","12.902256,77.629529",
"14-Sep-2026 09:27:16","0.13","4.11","14.03","On","12.902243,77.629525",
"14-Sep-2026 09:27:46","0.29","4.11","14.03","On","12.902239,77.629516",
"14-Sep-2026 09:28:16","0.34","4.11","14","On","12.90223,77.629513",
"14-Sep-2026 09:28:46","0.46","4.11","14.05","On","12.902227,77.629515",
"14-Sep-2026 09:29:16","0.44","4.11","14.03","On","12.902233,77.629523",
"14-Sep-2026 09:29:46","0.19","4.11","14.05","On","12.902245,77.629521",
"14-Sep-2026 09:30:16","0.4","4.11","14.03","On","12.902242,77.629522",
"14-Sep-2026 09:30:46","0.52","4.11","14.03","On","12.902222,77.629537",
"14-Sep-2026 09:31:16","0.54","4.11","14.05","On","12.902216,77.629543",
"14-Sep-2026 09:31:46","0.28","4.11","14.05","On","12.902218,77.629538",
"14-Sep-2026 09:32:16","0.56","4.11","14.05","On","12.902212,77.629529",
"14-Sep-2026 09:32:46","0.41","4.11","14.05","On","12.902216,77.629536",
"14-Sep-2026 09:33:16","0.05","4.11","14.05","On","12.902204,77.629514",
"14-Sep-2026 09:33:46","5.24","4.11","14.03","On","12.902208,77.629348",
"14-Sep-2026 09:34:09","15.71","4.11","14.03","On","12.902272,77.629515",
"14-Sep-2026 09:34:16","12.92","4.11","14","On","12.902271,77.629839",
"14-Sep-2026 09:34:24","8.88","4.11","14","On","12.902348,77.629969",
"14-Sep-2026 09:34:34","18.4","4.11","14","On","12.90271,77.63007",
"14-Sep-2026 09:34:46","20","4.11","13.98","On","12.902632,77.630664",
"14-Sep-2026 09:35:14","16.93","4.11","13.98","On","12.902534,77.631326",
"14-Sep-2026 09:35:16","16.93","4.11","13.98","On","12.902534,77.631326",
"14-Sep-2026 09:35:19","7.55","4.11","13.98","On","12.902402,77.631434",
"14-Sep-2026 09:35:46","13.64","4.11","13.98","On","12.901856,77.631985",
"14-Sep-2026 09:36:16","42.88","4.11","13.95","On","12.899538,77.633145",
"14-Sep-2026 09:36:46","13.2","4.11","13.98","On","12.897068,77.634672",
"14-Sep-2026 09:37:16","35.51","4.11","13.98","On","12.89544,77.635682",
"14-Sep-2026 09:37:34","10.45","4.11","13.98","On","12.895074,77.635462",
"14-Sep-2026 09:37:46","8.74","4.11","13.98","On","12.895005,77.63504",
"14-Sep-2026 09:37:59","25.22","4.11","13.98","On","12.894684,77.634435",
"14-Sep-2026 09:38:16","26.14","4.11","13.95","On","12.89374,77.634002",
"14-Sep-2026 09:38:19","10.6","4.11","13.95","On","12.893572,77.633925",
"14-Sep-2026 09:38:24","19.59","4.11","13.95","On","12.893598,77.633774",
"14-Sep-2026 09:38:34","11.9","4.11","13.95","On","12.893618,77.633427",
"14-Sep-2026 09:38:39","27.3","4.11","13.95","On","12.893164,77.633334",
"14-Sep-2026 09:38:46","33.84","4.11","13.98","On","12.892883,77.633248",
"14-Sep-2026 09:38:59","10.03","4.11","13.98","On","12.892298,77.632835",
"14-Sep-2026 09:39:04","15.04","4.11","13.98","On","12.892176,77.632811",
"14-Sep-2026 09:39:09","17.64","4.11","13.98","On","12.892008,77.632791",
"14-Sep-2026 09:39:16","18.22","4.1","13.98","On","12.891595,77.632803",
"14-Sep-2026 09:39:44","4.02","4.1","13.98","On","12.890991,77.632783",
"14-Sep-2026 09:39:46","4.02","4.11","14.03","On","12.890991,77.632783",
"14-Sep-2026 09:39:54","15.38","4.11","14.03","On","12.890825,77.632782",
"14-Sep-2026 09:40:09","6.76","4.11","14.03","On","12.890223,77.632787",
"14-Sep-2026 09:40:16","10.56","4.11","13.98","On","12.89022,77.632495",
"14-Sep-2026 09:40:46","7.67","4.11","14.03","On","12.890213,77.631773",
"14-Sep-2026 09:41:16","0.05","4.11","13.98","On","12.89022,77.631573",
"14-Sep-2026 09:41:46","0.08","4.11","14","On","12.890206,77.631566",
"14-Sep-2026 09:42:16","0.28","4.11","14.03","On","12.890194,77.631566",
"14-Sep-2026 09:42:46","13.27","4.11","14.03","On","12.890197,77.631301",
"14-Sep-2026 09:43:04","15.08","4.11","14.03","On","12.889967,77.630775",
"14-Sep-2026 09:43:16","9.16","4.11","14","On","12.889675,77.630722",
"14-Sep-2026 09:43:19","15.17","4.11","14","On","12.889667,77.630623",
"14-Sep-2026 09:43:24","11.04","4.11","14","On","12.889676,77.630492",
"14-Sep-2026 09:43:29","16.43","4.11","14","On","12.889791,77.630437",
"14-Sep-2026 09:43:39","11.86","4.11","14","On","12.889929,77.630253",
"14-Sep-2026 09:43:46","34.05","4.11","13.98","On","12.889824,77.630035",
"14-Sep-2026 09:44:04","5.22","4.11","13.98","On","12.889204,77.628698",
"14-Sep-2026 09:44:16","7.92","4.11","14","On","12.88897,77.628762",
"14-Sep-2026 09:44:46","1.1","4.11","14","On","12.888824,77.628869",
"14-Sep-2026 09:45:16","0.29","4.11","13.98","On","12.888832,77.628868",
"14-Sep-2026 09:45:46","0.63","4.11","14","On","12.888843,77.628871",
"14-Sep-2026 09:46:16","0.7","4.11","14","On","12.88885,77.628858",
"14-Sep-2026 09:46:46","2.08","4.11","14","On","12.888838,77.628849",
"14-Sep-2026 09:47:16","1.45","4.11","14","On","12.888792,77.628827",
"14-Sep-2026 09:47:46","0.07","4.11","14","On","12.888806,77.628838",
"14-Sep-2026 09:48:16","0.5","4.11","14","On","12.888813,77.628864",
"14-Sep-2026 09:48:46","0.68","4.11","14.03","On","12.888818,77.628868",
"14-Sep-2026 09:49:16","0.39","4.11","14.03","On","12.888807,77.628862",
"14-Sep-2026 09:49:46","5.53","4.11","13.98","On","12.888818,77.628962",
"14-Sep-2026 09:50:16","6.7","4.11","13.98","On","12.888794,77.62883",
"14-Sep-2026 09:50:24","10.59","4.11","13.98","On","12.888925,77.628743",
"14-Sep-2026 09:50:39","7.75","4.11","13.98","On","12.889178,77.628604",
"14-Sep-2026 09:50:46","16.44","4.11","14","On","12.889082,77.628295",
"14-Sep-2026 09:50:59","15.08","4.11","14","On","12.888975,77.62795",
"14-Sep-2026 09:51:16","4.96","4.11","13.95","On","12.888824,77.627436",
"14-Sep-2026 09:51:24","7.27","4.11","13.95","On","12.888812,77.627277",
"14-Sep-2026 09:51:46","16.9","4.11","13.98","On","12.888981,77.625854",
"14-Sep-2026 09:52:09","18.02","4.11","13.98","On","12.88882,77.625657",
"14-Sep-2026 09:52:16","10.81","4.11","13.93","On","12.888628,77.625622",
"14-Sep-2026 09:52:19","3.93","4.11","13.93","On","12.888567,77.625598",
"14-Sep-2026 09:52:24","14.12","4.11","13.93","On","12.888543,77.625508",
"14-Sep-2026 09:52:46","21.11","4.11","13.98","On","12.888559,77.624037",
"14-Sep-2026 09:53:04","7.33","4.11","13.98","On","12.888535,77.623346",
"14-Sep-2026 09:53:16","3.91","4.11","13.98","On","12.888275,77.62322",
"14-Sep-2026 09:53:19","10.32","4.11","13.98","On","12.888272,77.623141",
"14-Sep-2026 09:53:46","10.46","4.11","13.98","On","12.888145,77.622019",
"14-Sep-2026 09:53:49","5.99","4.11","13.98","On","12.888079,77.621948",
"14-Sep-2026 09:54:09","11.84","4.11","13.98","On","12.887251,77.621875",
"14-Sep-2026 09:54:14","14.4","4.11","13.98","On","12.887235,77.621764",
"14-Sep-2026 09:54:16","14.4","4.11","14","On","12.887235,77.621764",
"14-Sep-2026 09:54:24","14.55","4.11","14","On","12.887569,77.621494",
"14-Sep-2026 09:54:29","24.49","4.11","14","On","12.888026,77.621454",
"14-Sep-2026 09:54:39","8.68","4.11","14","On","12.888392,77.621443",
"14-Sep-2026 09:54:46","6.35","4.11","14.05","On","12.88858,77.621369",
"14-Sep-2026 09:55:16","3.93","4.11","14","On","12.888622,77.621313",
"14-Sep-2026 09:55:46","0.29","4.11","14","On","12.888595,77.62135",
"14-Sep-2026 09:56:16","0.2","4.11","14","On","12.888593,77.621356",
"14-Sep-2026 09:56:46","0.09","4.11","14.03","On","12.888597,77.621357",
"14-Sep-2026 09:57:16","0.1","4.11","14","On","12.888594,77.621353",
"14-Sep-2026 09:57:46","0.31","4.11","14.03","On","12.888587,77.621348",
"14-Sep-2026 09:58:16","0.25","4.11","14.03","On","12.888606,77.621352",
"14-Sep-2026 09:58:46","0.47","4.11","14.03","On","12.888609,77.621352",
"14-Sep-2026 09:59:16","0.31","4.11","14","On","12.888603,77.621335",
"14-Sep-2026 09:59:46","0.37","4.11","14.03","On","12.888594,77.62132",
"14-Sep-2026 10:00:16","0.75","4.11","14","On","12.888595,77.621319",
"14-Sep-2026 10:00:46","0.26","4.1","14","On","12.888584,77.621324",
"14-Sep-2026 10:01:16","0.56","4.1","14.03","On","12.888584,77.621338",
"14-Sep-2026 10:01:46","0.12","4.1","14.03","On","12.888594,77.621354",
"14-Sep-2026 10:02:16","0.47","4.1","14","On","12.888588,77.621374",
"14-Sep-2026 10:02:46","0.24","4.11","14.03","On","12.888583,77.62137",
"14-Sep-2026 10:03:16","0.32","4.11","14.03","On","12.888587,77.62137",
"14-Sep-2026 10:03:46","0.17","4.11","14.03","On","12.888576,77.621368",
"14-Sep-2026 10:04:16","0.24","4.11","14.03","On","12.888581,77.621363",
"14-Sep-2026 10:04:46","0.21","4.11","14.05","On","12.888564,77.621373",
"14-Sep-2026 10:05:16","0.41","4.11","14.05","On","12.888576,77.621359",
"14-Sep-2026 10:05:46","0.73","4.11","14","On","12.888554,77.62135",
"14-Sep-2026 10:06:16","0.84","4.1","13.95","On","12.888542,77.621362",
"14-Sep-2026 10:06:25","10.6","4.1","13.95","On","12.888588,77.621248",
"14-Sep-2026 10:06:45","11.39","4.1","13.95","On","12.888766,77.620458",
"14-Sep-2026 10:06:46","11.3","4.11","13.98","On","12.888768,77.620322",
"14-Sep-2026 10:06:50","11.3","4.11","13.98","On","12.888768,77.620322",
"14-Sep-2026 10:06:55","9.96","4.11","13.98","On","12.888855,77.619999",
"14-Sep-2026 10:07:00","19.86","4.11","13.98","On","12.888993,77.62001",
"14-Sep-2026 10:07:16","1.66","4.11","13.95","On","12.889454,77.620143",
"14-Sep-2026 10:07:30","36.37","4.11","13.95","On","12.890043,77.620194",
"14-Sep-2026 10:07:40","33.28","4.11","13.95","On","12.891107,77.620191",
"14-Sep-2026 10:07:45","19.29","4.11","13.95","On","12.891354,77.620169",
"14-Sep-2026 10:07:46","28.19","4.11","14","On","12.891464,77.619954",
"14-Sep-2026 10:07:50","28.19","4.11","14","On","12.891464,77.619954",
"14-Sep-2026 10:07:55","8.7","4.11","14","On","12.891474,77.619647",
"14-Sep-2026 10:08:16","8.91","4.11","14","On","12.89115,77.619571",
"14-Sep-2026 10:08:46","3","4.11","13.95","On","12.891035,77.619549",
"14-Sep-2026 10:09:16","7.54","4.11","13.95","On","12.891089,77.619541",
"14-Sep-2026 10:09:25","15.76","4.11","13.95","On","12.891147,77.619378",
"14-Sep-2026 10:09:46","0.56","4.11","13.98","On","12.891286,77.618608",
"14-Sep-2026 10:10:16","19.31","4.11","14","On","12.891323,77.618408",
"14-Sep-2026 10:10:20","4.05","4.11","14","On","12.891343,77.618241",
"14-Sep-2026 10:10:35","15.23","4.11","14","On","12.891147,77.618164",
"14-Sep-2026 10:10:46","0.19","4.11","13.91","On","12.890909,77.618107",
"14-Sep-2026 10:11:16","0.4","4.11","13.93","On","12.890886,77.618069",
"14-Sep-2026 10:11:35","2.18","4.11","13.93","On","12.89087,77.618061",
"14-Sep-2026 10:11:46","3.42","4.11","13.95","On","12.890781,77.618039",
"14-Sep-2026 10:12:16","20.8","4.11","13.98","On","12.890848,77.618056",
"14-Sep-2026 10:12:20","26.98","4.11","13.98","On","12.891084,77.618111",
"14-Sep-2026 10:12:46","27.22","4.11","14","On","12.892454,77.618338",
"14-Sep-2026 10:13:05","15.87","4.11","14","On","12.892878,77.618297",
"14-Sep-2026 10:13:16","16.44","4.11","13.95","On","12.892998,77.617714",
"14-Sep-2026 10:13:20","7.34","4.11","13.95","On","12.893013,77.617599",
"14-Sep-2026 10:13:25","18.51","4.11","13.95","On","12.893031,77.617486",
"14-Sep-2026 10:13:46","12.71","4.1","13.93","On","12.89321,77.616257",
"14-Sep-2026 10:14:00","10.52","4.1","13.93","On","12.893057,77.616003",
"14-Sep-2026 10:14:16","12.91","4.1","13.95","On","12.892503,77.615977",
"14-Sep-2026 10:14:25","7.31","4.1","13.95","On","12.89233,77.615944",
"14-Sep-2026 10:14:30","10.63","4.1","13.95","On","12.892317,77.615853",
"14-Sep-2026 10:14:46","14.15","4.11","13.93","On","12.892412,77.615308",
"14-Sep-2026 10:15:16","12.59","4.11","13.98","On","12.892608,77.614118",
"14-Sep-2026 10:15:40","4.31","4.11","13.98","On","12.89272,77.61354",
"14-Sep-2026 10:15:46","5.79","4.11","14","On","12.892687,77.613518",
"14-Sep-2026 10:15:50","12.28","4.11","14","On","12.8926,77.613479",
"14-Sep-2026 10:16:16","2.77","4.11","14","On","12.892161,77.613378",
"14-Sep-2026 10:16:40","5.23","4.11","14","On","12.891902,77.613324",
"14-Sep-2026 10:16:46","2.61","4.11","14","On","12.891881,77.613406",
"14-Sep-2026 10:17:16","5.76","4.11","13.98","On","12.891795,77.613865",
"14-Sep-2026 10:17:46","0.2","4.11","14.05","On","12.891758,77.613991",
"14-Sep-2026 10:18:16","0.08","4.11","14.05","On","12.89176,77.614007",
"14-Sep-2026 10:18:46","0.18","4.11","14.1","On","12.891727,77.614019",
"14-Sep-2026 10:19:16","0.67","4.11","14.07","On","12.891718,77.614009",
"14-Sep-2026 10:19:46","0.23","4.11","14.07","On","12.891704,77.614012",
"14-Sep-2026 10:20:16","0.35","4.11","14.05","On","12.891714,77.61402",
"14-Sep-2026 10:20:46","0.32","4.11","14.05","On","12.891737,77.614014",
"14-Sep-2026 10:21:16","0.28","4.11","14.03","On","12.89171,77.614003",
"14-Sep-2026 10:21:46","3.96","4.11","14","On","12.891736,77.613922",
"14-Sep-2026 10:22:16","2.96","4.11","13.95","On","12.891769,77.613755",
"14-Sep-2026 10:22:46","2.63","4.11","13.95","On","12.891825,77.61353",
"14-Sep-2026 10:23:16","1.87","4.11","13.98","On","12.891951,77.613394",
"14-Sep-2026 10:23:46","0.37","4.11","14.03","On","12.892062,77.613377",
"14-Sep-2026 10:24:16","0.43","4.1","13.95","On","12.892193,77.613358",
"14-Sep-2026 10:24:46","0.1","4.11","13.95","On","12.892135,77.613326",
"14-Sep-2026 10:25:16","0.16","4.11","13.98","On","12.892162,77.61331",
"14-Sep-2026 10:25:46","0.26","4.11","13.95","On","12.892177,77.613306",
"14-Sep-2026 10:26:16","0.21","4.11","13.95","On","12.892188,77.613314",
"14-Sep-2026 10:26:46","0.18","4.11","13.95","On","12.892186,77.613322",
"14-Sep-2026 10:27:16","0.19","4.1","13.95","On","12.89218,77.613339",
"14-Sep-2026 10:27:46","13.73","4.11","14","On","12.8923,77.613356",
"14-Sep-2026 10:27:50","17.21","4.11","14","On","12.892442,77.613378",
"14-Sep-2026 10:27:55","3.62","4.11","14","On","12.89252,77.613399",
"14-Sep-2026 10:28:16","2.79","4.11","13.98","On","12.89271,77.613414",
"14-Sep-2026 10:28:20","16.09","4.11","13.98","On","12.892747,77.613323",
"14-Sep-2026 10:28:46","27.53","4.11","13.98","On","12.892885,77.611971",
"14-Sep-2026 10:28:50","35.22","4.11","13.98","On","12.89256,77.611881",
"14-Sep-2026 10:29:16","39.96","4.11","13.95","On","12.890648,77.611075",
"14-Sep-2026 10:29:25","14.75","4.11","13.95","On","12.890275,77.610898",
"14-Sep-2026 10:29:30","16.58","4.11","13.95","On","12.890282,77.610434",
"14-Sep-2026 10:29:35","15.64","4.11","13.95","On","12.890358,77.61027",
"14-Sep-2026 10:29:46","26.28","4.11","13.98","On","12.890738,77.609642",
"14-Sep-2026 10:30:16","11.18","4.11","14","On","12.891248,77.608849",
"14-Sep-2026 10:30:35","7.82","4.11","14","On","12.891559,77.608335",
"14-Sep-2026 10:30:46","4.27","4.11","14","On","12.891515,77.60816",
"14-Sep-2026 10:30:55","21.14","4.11","14","On","12.89145,77.60799",
"14-Sep-2026 10:31:16","8.82","4.11","13.98","On","12.891249,77.607142",
"14-Sep-2026 10:31:20","11.05","4.11","13.98","On","12.891232,77.607025",
"14-Sep-2026 10:31:46","6.87","4.11","14","On","12.89125,77.606351",
"14-Sep-2026 10:32:00","3.73","4.11","14","On","12.891241,77.605865",
"14-Sep-2026 10:32:05","10.44","4.11","14","On","12.891182,77.605818",
"14-Sep-2026 10:32:16","4.75","4.11","14.03","On","12.890961,77.605726",
"14-Sep-2026 10:32:20","3.85","4.11","14.03","On","12.890937,77.605691",
"14-Sep-2026 10:32:46","9.66","4.11","14.07","On","12.890911,77.605553",
"14-Sep-2026 10:33:16","0.94","4.11","14","On","12.890903,77.6055",
"14-Sep-2026 10:33:46","1.09","4.1","13.93","On","12.890843,77.605567",
"14-Sep-2026 10:34:16","1.71","4.1","13.98","On","12.890809,77.605602",
"14-Sep-2026 10:34:46","0.68","4.11","14.03","On","12.890793,77.605618",
"14-Sep-2026 10:35:16","0.47","4.11","14.03","On","12.890802,77.605614",
"14-Sep-2026 10:35:46","0.81","4.11","14.05","On","12.8908,77.605597",
"14-Sep-2026 10:36:16","0.3","4.11","14.03","On","12.890785,77.605614",
"14-Sep-2026 10:36:46","4.93","4.1","13.98","On","12.890887,77.605664",
"14-Sep-2026 10:37:10","15.96","4.1","13.98","On","12.891257,77.605955",
"14-Sep-2026 10:37:16","14.28","4.11","14","On","12.891244,77.606113",
"14-Sep-2026 10:37:46","12.96","4.11","14","On","12.891305,77.607179",
"14-Sep-2026 10:37:55","17.95","4.11","14","On","12.891376,77.60751",
"14-Sep-2026 10:38:16","18.89","4.11","13.95","On","12.891675,77.608339",
"14-Sep-2026 10:38:46","1.16","4.1","13.98","On","12.891809,77.608656",
"14-Sep-2026 10:39:05","2.89","4.1","13.98","On","12.891855,77.608753",
"14-Sep-2026 10:39:16","4.55","4.1","13.93","On","12.891875,77.608817",
"14-Sep-2026 10:39:46","1.85","4.11","13.95","On","12.892053,77.609278",
"14-Sep-2026 10:40:16","15.11","4.1","13.98","On","12.892396,77.60995",
"14-Sep-2026 10:40:30","32.48","4.1","13.98","On","12.892758,77.610677",
"14-Sep-2026 10:40:45","32.14","4.1","13.98","On","12.892311,77.611601",
"14-Sep-2026 10:40:46","25.24","4.11","13.98","On","12.892044,77.61167",
"14-Sep-2026 10:40:50","35.21","4.11","13.98","On","12.891776,77.611559",
"14-Sep-2026 10:41:10","39.25","4.11","13.98","On","12.88973,77.610886",
"14-Sep-2026 10:41:16","44.05","4.1","13.98","On","12.88931,77.610841",
"14-Sep-2026 10:41:46","23.63","4.11","13.95","On","12.886757,77.610518",
"14-Sep-2026 10:42:16","24.04","4.1","13.95","On","12.884533,77.610149",
"14-Sep-2026 10:42:46","38.49","4.1","14","On","12.881587,77.609955",
"14-Sep-2026 10:43:16","21.99","4.1","13.95","On","12.878919,77.609819",
"14-Sep-2026 10:43:20","16.01","4.1","13.95","On","12.878755,77.609883",
"14-Sep-2026 10:43:25","19.79","4.1","13.95","On","12.878727,77.610065",
"14-Sep-2026 10:43:30","11.48","4.1","13.95","On","12.878706,77.610204",
"14-Sep-2026 10:43:35","23.48","4.1","13.95","On","12.878503,77.610221",
"14-Sep-2026 10:43:46","29.2","4.1","13.98","On","12.877876,77.610274",
"14-Sep-2026 10:43:50","29.2","4.1","13.98","On","12.877876,77.610274",
"14-Sep-2026 10:44:05","4.97","4.1","13.98","On","12.877017,77.610182",
"14-Sep-2026 10:44:16","4.56","4.11","14.03","On","12.876936,77.610225",
"14-Sep-2026 10:44:20","16.62","4.11","14.03","On","12.876896,77.610317",
"14-Sep-2026 10:44:46","11.06","4.1","13.93","On","12.87638,77.612212",
"14-Sep-2026 10:44:55","7.63","4.1","13.93","On","12.876173,77.612268",
"14-Sep-2026 10:45:16","15.18","4.1","13.98","On","12.876004,77.612187",
"14-Sep-2026 10:45:30","22.69","4.1","13.98","On","12.875578,77.612127",
"14-Sep-2026 10:45:40","11.87","4.1","13.98","On","12.874911,77.612184",
"14-Sep-2026 10:45:46","18.94","4.11","14","On","12.874764,77.612055",
"14-Sep-2026 10:45:50","18.94","4.11","14","On","12.874764,77.612055",
"14-Sep-2026 10:46:05","19.95","4.11","14","On","12.874374,77.611705",
"14-Sep-2026 10:46:16","14.73","4.11","14","On","12.873908,77.611622",
"14-Sep-2026 10:46:20","21.27","4.11","14","On","12.873791,77.611499",
"14-Sep-2026 10:46:46","16.17","4.11","14","On","12.873859,77.610257",
"14-Sep-2026 10:46:55","23.01","4.11","14","On","12.873704,77.609884",
"14-Sep-2026 10:47:00","20.79","4.11","14","On","12.873553,77.609822",
"14-Sep-2026 10:47:16","28.42","4.11","13.98","On","12.872336,77.609617",
"14-Sep-2026 10:47:20","15.31","4.11","13.98","On","12.872138,77.6097",
"14-Sep-2026 10:47:25","6.01","4.11","13.98","On","12.872102,77.609771",
"14-Sep-2026 10:47:46","0.1","4.11","14.03","On","12.872116,77.609859",
"14-Sep-2026 10:48:16","0.1","4.11","14.03","On","12.872121,77.60984",
"14-Sep-2026 10:48:35","11.18","4.11","14.03","On","12.87203,77.609943",
"14-Sep-2026 10:48:45","5.44","4.11","14.03","On","12.871901,77.610121",
"14-Sep-2026 10:48:46","5.44","4.11","14.05","On","12.871901,77.610121",
"14-Sep-2026 10:49:16","0.17","4.1","14.05","On","12.871885,77.610141",
"14-Sep-2026 10:49:46","0.2","4.1","14.05","On","12.87188,77.610153",
"14-Sep-2026 10:50:16","0.2","4.11","14.03","On","12.871883,77.610153",
"14-Sep-2026 10:50:46","0.18","4.11","14.07","On","12.871891,77.610149",
"14-Sep-2026 10:51:16","0.14","4.11","14.07","On","12.871895,77.610146",
"14-Sep-2026 10:51:46","0.03","4.11","14.05","On","12.871897,77.610138",
"14-Sep-2026 10:52:16","0.22","4.11","14.07","On","12.871901,77.610134",
"14-Sep-2026 10:52:46","0.06","4.11","14.07","On","12.871903,77.61013",
"14-Sep-2026 10:53:16","0.12","4.11","14.07","On","12.871904,77.610122",
"14-Sep-2026 10:53:45","15.8","4.11","14.07","On","12.872022,77.610077",
"14-Sep-2026 10:53:46","15.8","4.11","14","On","12.872022,77.610077",
"14-Sep-2026 10:54:00","24.61","4.11","14","On","12.872379,77.609558",
"14-Sep-2026 10:54:16","17.51","4.11","13.98","On","12.873469,77.609741",
"14-Sep-2026 10:54:25","16.5","4.11","13.98","On","12.873758,77.609821",
"14-Sep-2026 10:54:35","21.91","4.11","13.98","On","12.873935,77.610124",
"14-Sep-2026 10:54:45","4.04","4.11","13.98","On","12.873896,77.610624",
"14-Sep-2026 10:54:46","4.04","4.11","13.95","On","12.873896,77.610624",
"14-Sep-2026 10:55:10","15.69","4.11","13.95","On","12.873828,77.611529",
"14-Sep-2026 10:55:15","11.03","4.11","13.95","On","12.873983,77.611599",
"14-Sep-2026 10:55:16","11.51","4.11","14","On","12.874049,77.611606",
"14-Sep-2026 10:55:20","26.88","4.11","14","On","12.874246,77.611638",
"14-Sep-2026 10:55:30","9.59","4.11","14","On","12.874678,77.611804",
"14-Sep-2026 10:55:40","16.58","4.11","14","On","12.875043,77.612132",
"14-Sep-2026 10:55:45","27.31","4.11","14","On","12.875262,77.612126",
"14-Sep-2026 10:55:46","27.31","4.11","13.98","On","12.875262,77.612126",
"14-Sep-2026 10:55:55","11.06","4.11","13.98","On","12.875767,77.612098",
"14-Sep-2026 10:56:05","3.95","4.11","13.98","On","12.87609,77.612172",
"14-Sep-2026 10:56:10","15.15","4.11","13.98","On","12.876181,77.612192",
"14-Sep-2026 10:56:15","12.59","4.11","13.98","On","12.876298,77.612259",
"14-Sep-2026 10:56:16","21.36","4.11","13.98","On","12.876337,77.612396",
"14-Sep-2026 10:56:20","21.36","4.11","13.98","On","12.876337,77.612396",
"14-Sep-2026 10:56:35","5.42","4.11","13.98","On","12.876076,77.613254",
"14-Sep-2026 10:56:40","11.54","4.11","13.98","On","12.876025,77.613282",
"14-Sep-2026 10:56:46","27.46","4.11","13.98","On","12.875587,77.613331",
"14-Sep-2026 10:57:16","22.78","4.11","13.95","On","12.873671,77.613658",
"14-Sep-2026 10:57:35","13.72","4.11","13.95","On","12.87283,77.613769",
"14-Sep-2026 10:57:40","25.71","4.11","13.95","On","12.872817,77.613567",
"14-Sep-2026 10:57:46","35.48","4.1","13.98","On","12.872856,77.612876",
"14-Sep-2026 10:57:55","10.88","4.1","13.98","On","12.872822,77.612447",
"14-Sep-2026 10:58:16","18.02","4.1","13.98","On","12.871334,77.612358",
"14-Sep-2026 10:58:46","12.76","4.11","14.05","On","12.870157,77.612329",
"14-Sep-2026 10:59:10","8.64","4.11","14.05","On","12.869614,77.612317",
"14-Sep-2026 10:59:15","14.24","4.11","14.05","On","12.869589,77.612229",
"14-Sep-2026 10:59:16","20.75","4.11","14","On","12.869651,77.612016",
"14-Sep-2026 10:59:25","15.53","4.11","14","On","12.869537,77.611901",
"14-Sep-2026 10:59:46","30.59","4.11","14","On","12.868609,77.611865",
"14-Sep-2026 11:00:00","7.54","4.11","14","On","12.868061,77.611858",
"14-Sep-2026 11:00:05","17.02","4.11","14","On","12.868052,77.611511",
"14-Sep-2026 11:00:10","14.67","4.11","14","On","12.867972,77.611451",
"14-Sep-2026 11:00:16","20.6","4.11","13.98","On","12.867553,77.61145",
"14-Sep-2026 11:00:45","13.86","4.11","13.98","On","12.86652,77.611777",
"14-Sep-2026 11:00:46","13.86","4.11","14.03","On","12.86652,77.611777",
"14-Sep-2026 11:01:16","0.37","4.11","13.98","On","12.866429,77.61245",
"14-Sep-2026 11:01:46","0.51","4.11","14.03","On","12.866386,77.612486",
"14-Sep-2026 11:02:16","0.41","4.11","14.03","On","12.866368,77.612486",
"14-Sep-2026 11:02:46","0.59","4.1","14.05","On","12.86637,77.612493",
"14-Sep-2026 11:03:16","0.25","4.11","14.05","On","12.86639,77.612491",
"14-Sep-2026 11:03:46","0.33","4.1","14.05","On","12.866375,77.612495",
"14-Sep-2026 11:04:16","0.41","4.11","14.07","On","12.866386,77.612506",
"14-Sep-2026 11:04:46","0.98","4.1","14.05","On","12.8664,77.6125",
"14-Sep-2026 11:05:16","0.45","4.1","14.05","On","12.86639,77.612514",
"14-Sep-2026 11:05:46","0.37","4.1","14.03","On","12.866377,77.612517",
"14-Sep-2026 11:06:16","0.44","4.1","14.05","On","12.866383,77.612503",
"14-Sep-2026 11:06:46","0.27","4.11","14.07","On","12.866364,77.612501",
"14-Sep-2026 11:07:16","0.52","4.11","14.07","On","12.866364,77.612492",
"14-Sep-2026 11:07:40","7.96","4.11","14.07","On","12.866371,77.612692",
"14-Sep-2026 11:07:46","10.55","4.1","14","On","12.866257,77.612749",
"14-Sep-2026 11:07:50","10.55","4.1","14","On","12.866257,77.612749",
"14-Sep-2026 11:08:15","13.49","4.1","14","On","12.865376,77.612688",
"14-Sep-2026 11:08:16","13.49","4.11","14.03","On","12.865376,77.612688",
"14-Sep-2026 11:08:20","12.51","4.11","14.03","On","12.865313,77.612779",
"14-Sep-2026 11:08:45","13.78","4.11","14.03","On","12.864977,77.614496",
"14-Sep-2026 11:08:46","19.15","4.11","13.98","On","12.865079,77.614524",
"14-Sep-2026 11:09:16","8.02","4.1","13.98","On","12.866919,77.614917",
"14-Sep-2026 11:09:20","7.13","4.1","13.98","On","12.867003,77.614949",
"14-Sep-2026 11:09:35","18.24","4.1","13.98","On","12.867203,77.615748",
"14-Sep-2026 11:09:46","11.34","4.1","13.98","On","12.867251,77.616148",
"14-Sep-2026 11:10:00","2.92","4.1","13.98","On","12.867269,77.61638",
"14-Sep-2026 11:10:16","0.1","4.11","14.03","On","12.867272,77.616373",
"14-Sep-2026 11:10:46","3.32","4.1","14.03","On","12.867274,77.616361",
"14-Sep-2026 11:10:55","10.72","4.1","14.03","On","12.867375,77.616419",
"14-Sep-2026 11:11:10","4.16","4.1","14.03","On","12.867766,77.616615",
"14-Sep-2026 11:11:15","16.12","4.1","14.03","On","12.867793,77.616809",
"14-Sep-2026 11:11:16","16.12","4.1","13.98","On","12.867793,77.616809",
"14-Sep-2026 11:11:46","14.79","4.11","14.05","On","12.867595,77.617888",
"14-Sep-2026 11:12:16","19.2","4.11","14","On","12.867331,77.619454",
"14-Sep-2026 11:12:20","17.21","4.11","14","On","12.867363,77.619686",
"14-Sep-2026 11:12:35","12.32","4.11","14","On","12.867338,77.620114",
"14-Sep-2026 11:12:46","7.01","4.11","14","On","12.86725,77.620377",
"14-Sep-2026 11:13:00","6.95","4.11","14","On","12.867161,77.620534",
"14-Sep-2026 11:13:16","4.82","4.11","13.95","On","12.866882,77.620481",
"14-Sep-2026 11:13:46","0.23","4.11","13.98","On","12.866803,77.620474",
"14-Sep-2026 11:14:16","0.11","4.11","14","On","12.866795,77.62048",
"14-Sep-2026 11:14:46","0.15","4.1","13.98","On","12.866795,77.620478",
"14-Sep-2026 11:15:16","0.22","4.11","14","On","12.86679,77.620463",
"14-Sep-2026 11:15:46","0.43","4.11","14","On","12.866796,77.620459",
"14-Sep-2026 11:16:16","0.33","4.1","14","On","12.866788,77.620465",
"14-Sep-2026 11:16:46","0.13","4.11","14","On","12.866772,77.62047",
"14-Sep-2026 11:17:00","14.33","4.11","14","On","12.86668,77.620374",
"14-Sep-2026 11:17:16","35.45","4.1","14","On","12.865756,77.619474",
"14-Sep-2026 11:17:20","40.94","4.1","14","On","12.865577,77.619136",
"14-Sep-2026 11:17:46","22.58","4.1","13.98","On","12.864849,77.617981",
"14-Sep-2026 11:18:16","15.09","4.1","13.95","On","12.863807,77.616661",
"14-Sep-2026 11:18:46","15.21","4.11","14","On","12.862944,77.615334",
"14-Sep-2026 11:19:00","8.35","4.11","14","On","12.862806,77.615184",
"14-Sep-2026 11:19:16","14.93","4.11","13.98","On","12.862206,77.614482",
"14-Sep-2026 11:19:30","18.81","4.11","13.98","On","12.861947,77.61406",
"14-Sep-2026 11:19:46","0.41","4.1","13.95","On","12.861957,77.613501",
"14-Sep-2026 11:20:16","0.23","4.11","13.93","On","12.861936,77.613481",
"14-Sep-2026 11:20:46","0.33","4.11","13.98","On","12.861943,77.613466",
"14-Sep-2026 11:21:16","0.19","4.1","13.95","On","12.861931,77.613475",
"14-Sep-2026 11:21:45","19.75","4.1","13.95","On","12.861962,77.612427",
"14-Sep-2026 11:21:46","19.75","4.11","14","On","12.861962,77.612427",
"14-Sep-2026 11:21:55","25.55","4.11","14","On","12.862055,77.61202",
"14-Sep-2026 11:22:05","14.96","4.11","14","On","12.862107,77.61137",
"14-Sep-2026 11:22:16","22.21","4.11","13.98","On","12.862334,77.610831",
"14-Sep-2026 11:22:20","22.21","4.11","13.98","On","12.862334,77.610831",
"14-Sep-2026 11:22:45","11.65","4.11","13.98","On","12.863288,77.609734",
"14-Sep-2026 11:22:46","11.65","4.11","14","On","12.863288,77.609734",
"14-Sep-2026 11:22:50","20.31","4.11","14","On","12.86343,77.609788",
"14-Sep-2026 11:23:00","12.11","4.11","14","On","12.863918,77.609747",
"14-Sep-2026 11:23:05","20.7","4.11","14","On","12.864167,77.609763",
"14-Sep-2026 11:23:16","10.65","4.11","13.95","On","12.864605,77.609697",
"14-Sep-2026 11:23:25","17.68","4.11","13.95","On","12.864769,77.609641",
"14-Sep-2026 11:23:30","23.06","4.11","13.95","On","12.864835,77.609455",
"14-Sep-2026 11:23:35","16.62","4.11","13.95","On","12.864813,77.609251",
"14-Sep-2026 11:23:40","23.3","4.11","13.95","On","12.864991,77.60917",
"14-Sep-2026 11:23:45","6.65","4.11","13.95","On","12.865411,77.609141",
"14-Sep-2026 11:23:46","6.65","4.11","13.98","On","12.865411,77.609141",
"14-Sep-2026 11:23:50","15.58","4.11","13.98","On","12.865487,77.609217",
"14-Sep-2026 11:23:55","12.85","4.11","13.98","On","12.865571,77.609355",
"14-Sep-2026 11:24:00","0.64","4.11","13.98","On","12.865611,77.609349",
"14-Sep-2026 11:24:16","0.94","4.11","13.98","On","12.865611,77.609341",
"14-Sep-2026 11:24:46","0.6","4.11","14.05","On","12.865597,77.609368",
"14-Sep-2026 11:25:16","0.04","4.11","14.05","On","12.865585,77.609385",
"14-Sep-2026 11:25:46","0.26","4.11","14.07","On","12.865581,77.609391",
"14-Sep-2026 11:26:16","0.46","4.11","14.07","On","12.865578,77.609393",
"14-Sep-2026 11:26:46","0.18","4.11","14.07","On","12.865587,77.60939",
"14-Sep-2026 11:27:16","0.14","4.11","14.07","On","12.865587,77.609382",
"14-Sep-2026 11:27:46","0.11","4.11","14.07","On","12.865607,77.609362",
"14-Sep-2026 11:28:16","0.32","4.11","14.1","On","12.865602,77.609367",
"14-Sep-2026 11:28:46","0.29","4.11","14.05","On","12.86558,77.609379",
"14-Sep-2026 11:29:16","0.6","4.11","14.07","On","12.865574,77.609387",
"14-Sep-2026 11:29:46","0.24","4.11","14.1","On","12.865583,77.609381",
"14-Sep-2026 11:30:16","0.44","4.1","14.07","On","12.865582,77.609384",
"14-Sep-2026 11:30:46","0.14","4.1","14.05","On","12.865605,77.609373",
"14-Sep-2026 11:31:16","0.14","4.11","14.07","On","12.865601,77.609375",
"14-Sep-2026 11:31:46","0.09","4.11","14.1","On","12.86559,77.60938",
"14-Sep-2026 11:32:16","0.28","4.11","14.07","On","12.865585,77.609379",
"14-Sep-2026 11:32:46","0.15","4.11","14.07","On","12.865575,77.609381",
"14-Sep-2026 11:33:16","0.16","4.11","14.07","On","12.865569,77.609382",
"14-Sep-2026 11:33:46","0.16","4.11","14.07","On","12.865567,77.609385",
"14-Sep-2026 11:34:16","0.25","4.11","14.05","On","12.865575,77.609387",
"14-Sep-2026 11:34:46","0.05","4.11","14.1","On","12.865585,77.609389",
"14-Sep-2026 11:35:16","0.29","4.11","14.1","On","12.865595,77.609391",
"14-Sep-2026 11:35:46","0.42","4.11","14.07","On","12.865599,77.609392",
"14-Sep-2026 11:36:16","0.09","4.1","14.07","On","12.865606,77.609392",
"14-Sep-2026 11:36:46","0.38","4.11","14.1","On","12.865614,77.609382",
"14-Sep-2026 11:37:16","0.16","4.11","14.07","On","12.865601,77.609375",
"14-Sep-2026 11:37:40","17.3","4.11","14.07","On","12.865684,77.609451",
"14-Sep-2026 11:37:46","27.17","4.11","14.05","On","12.865706,77.609675",
"14-Sep-2026 11:37:50","21.34","4.11","14.05","On","12.865724,77.609931",
"14-Sep-2026 11:37:55","24.7","4.11","14.05","On","12.865538,77.610033",
"14-Sep-2026 11:38:00","11.35","4.11","14.05","On","12.865338,77.609714",
"14-Sep-2026 11:38:05","13.65","4.11","14.05","On","12.865292,77.60965",
"14-Sep-2026 11:38:10","19.04","4.11","14.05","On","12.865124,77.609686",
"14-Sep-2026 11:38:15","6.58","4.11","14.05","On","12.865098,77.609853",
"14-Sep-2026 11:38:16","23.77","4.1","13.98","On","12.86512,77.609982",
"14-Sep-2026 11:38:45","21.17","4.1","13.98","On","12.865196,77.611442",
"14-Sep-2026 11:38:46","21.17","4.11","13.95","On","12.865196,77.611442",
"14-Sep-2026 11:38:50","30.91","4.11","13.95","On","12.865437,77.611521",
"14-Sep-2026 11:39:00","22.78","4.11","13.95","On","12.86587,77.611743",
"14-Sep-2026 11:39:05","23.15","4.11","13.95","On","12.865738,77.611918",
"14-Sep-2026 11:39:10","19.72","4.11","13.95","On","12.865488,77.611896",
"14-Sep-2026 11:39:16","12.23","4.11","13.95","On","12.865292,77.61184",
"14-Sep-2026 11:39:46","0.15","4.11","13.98","On","12.865212,77.611807",
"14-Sep-2026 11:40:16","0.09","4.11","14","On","12.865213,77.611805",
"14-Sep-2026 11:40:46","0.12","4.11","14.03","On","12.865212,77.611804",
"14-Sep-2026 11:41:16","0.02","4.11","14.03","On","12.865221,77.611793",
"14-Sep-2026 11:41:46","0.3","4.11","14.03","On","12.865228,77.611787",
"14-Sep-2026 11:42:16","0.2","4.11","14.03","On","12.865223,77.611786",
"14-Sep-2026 11:42:46","0.05","4.1","14.03","On","12.865219,77.61178",
"14-Sep-2026 11:43:16","0.16","4.11","14","On","12.865219,77.61178",
"14-Sep-2026 11:43:46","0.76","4.11","14","On","12.865221,77.611782",
"14-Sep-2026 11:44:16","25.32","4.11","14","On","12.864887,77.611755",
"14-Sep-2026 11:44:46","11.77","4.11","13.98","On","12.863154,77.611314",
"14-Sep-2026 11:44:53","12.74","4.11","13.98","On","12.862856,77.611334",
"14-Sep-2026 11:45:13","22.59","4.11","13.98","On","12.862427,77.61224",
"14-Sep-2026 11:45:16","21","4.11","14","On","12.862218,77.612326",
"14-Sep-2026 11:45:23","23.17","4.11","14","On","12.862115,77.612546",
"14-Sep-2026 11:45:28","27.71","4.11","14","On","12.862055,77.61293",
"14-Sep-2026 11:45:46","17.44","4.11","13.95","On","12.862034,77.613969",
"14-Sep-2026 11:45:48","9.64","4.11","13.95","On","12.861938,77.614083",
"14-Sep-2026 11:45:53","10.45","4.11","13.95","On","12.861859,77.61408",
"14-Sep-2026 11:46:03","18.2","4.11","13.95","On","12.861623,77.613862",
"14-Sep-2026 11:46:16","26.35","4.11","13.98","On","12.861041,77.613125",
"14-Sep-2026 11:46:23","24.78","4.11","13.98","On","12.860817,77.612983",
"14-Sep-2026 11:46:38","11.44","4.11","13.98","On","12.859918,77.612699",
"14-Sep-2026 11:46:46","2.85","4.11","13.95","On","12.859851,77.612983",
"14-Sep-2026 11:46:48","2.85","4.11","13.95","On","12.859851,77.612983",
"14-Sep-2026 11:47:16","0.46","4.11","13.93","On","12.859725,77.613634",
"14-Sep-2026 11:47:46","0.38","4.11","13.93","On","12.859727,77.613663",
"14-Sep-2026 11:48:16","0.41","4.11","13.95","On","12.859727,77.613682",
"14-Sep-2026 11:48:46","8.8","4.11","13.98","On","12.859711,77.614024",
"14-Sep-2026 11:48:58","14.74","4.11","13.98","On","12.859564,77.614386",
"14-Sep-2026 11:49:13","8.54","4.11","13.98","On","12.859317,77.614766",
"14-Sep-2026 11:49:16","2.87","4.11","14","On","12.859289,77.614779",
"14-Sep-2026 11:49:46","5.25","4.11","13.98","On","12.859239,77.61505",
"14-Sep-2026 11:50:16","2.83","4.11","13.93","On","12.859318,77.615107",
"14-Sep-2026 11:50:46","0.94","4.11","13.98","On","12.859293,77.615087",
"14-Sep-2026 11:51:16","1.09","4.11","14","On","12.859276,77.615083",
"14-Sep-2026 11:51:46","1.01","4.11","13.98","On","12.859277,77.615093",
"14-Sep-2026 11:52:16","3.63","4.11","14","On","12.859331,77.61509",
"14-Sep-2026 11:52:46","1.4","4.11","14","On","12.859351,77.61511",
"14-Sep-2026 11:53:16","2.7","4.11","13.98","On","12.859264,77.615079",
"14-Sep-2026 11:53:38","10.39","4.11","13.98","On","12.859367,77.615018",
"14-Sep-2026 11:53:46","11.65","4.11","14.03","On","12.859386,77.614837",
"14-Sep-2026 11:53:53","2.6","4.11","14.03","On","12.859333,77.614821",
"14-Sep-2026 11:54:03","11.78","4.11","14.03","On","12.859305,77.614769",
"14-Sep-2026 11:54:16","12.24","4.11","13.98","On","12.859143,77.614539",
"14-Sep-2026 11:54:33","20.78","4.11","13.98","On","12.859075,77.613915",
"14-Sep-2026 11:54:38","7.61","4.11","13.98","On","12.859233,77.613813",
"14-Sep-2026 11:54:46","17.35","4.11","13.98","On","12.859413,77.613687",
"14-Sep-2026 11:54:48","17.35","4.11","13.98","On","12.859413,77.613687",
"14-Sep-2026 11:54:53","7.27","4.11","13.98","On","12.859573,77.613559",
"14-Sep-2026 11:55:16","21.61","4.11","13.98","On","12.859885,77.612721",
"14-Sep-2026 11:55:23","10.23","4.11","13.98","On","12.859834,77.612546",
"14-Sep-2026 11:55:46","14.24","4.11","13.98","On","12.858659,77.611855",
"14-Sep-2026 11:55:48","14.24","4.11","13.98","On","12.858659,77.611855",
"14-Sep-2026 11:55:53","30.05","4.11","13.98","On","12.858745,77.611311",
"14-Sep-2026 11:55:58","17.37","4.11","13.98","On","12.858843,77.611132",
"14-Sep-2026 11:56:03","31.91","4.11","13.98","On","12.859071,77.611184",
"14-Sep-2026 11:56:13","28.64","4.11","13.98","On","12.859609,77.611057",
"14-Sep-2026 11:56:16","28.64","4.11","14","On","12.859609,77.611057",
"14-Sep-2026 11:56:46","22.12","4.11","13.98","On","12.859878,77.608463",
"14-Sep-2026 11:57:16","8.56","4.11","13.98","On","12.860001,77.606938",
"14-Sep-2026 11:57:18","14.79","4.11","13.98","On","12.859871,77.60694",
"14-Sep-2026 11:57:46","23.83","4.11","13.98","On","12.857968,77.606726",
"14-Sep-2026 11:58:16","0.13","4.11","13.95","On","12.856487,77.606714",
"14-Sep-2026 11:58:46","0.49","4.11","14.03","On","12.856476,77.606712",
"14-Sep-2026 11:59:16","0.44","4.11","14.07","On","12.856474,77.6067",
"14-Sep-2026 11:59:46","1.46","4.11","14","On","12.856491,77.606688",
"14-Sep-2026 11:59:48","1.46","4.11","14","On","12.856491,77.606688",
"14-Sep-2026 12:00:16","11.66","4.11","14","On","12.856315,77.606899",
"14-Sep-2026 12:00:18","15.71","4.11","14","On","12.856303,77.607038",
"14-Sep-2026 12:00:46","6.16","4.11","14.03","On","12.856248,77.607905",
"14-Sep-2026 12:01:03","9.21","4.11","14.03","On","12.856274,77.608282",
"14-Sep-2026 12:01:16","12.66","4.11","14","On","12.85658,77.608288",
"14-Sep-2026 12:01:46","4.12","4.1","14","On","12.857478,77.608349",
"14-Sep-2026 12:02:08","11.9","4.1","14","On","12.857818,77.608267",
"14-Sep-2026 12:02:16","1.64","4.11","13.98","On","12.857796,77.608088",
"14-Sep-2026 12:02:38","6.88","4.11","13.98","On","12.857757,77.607603",
"14-Sep-2026 12:02:46","0.5","4.1","13.98","On","12.857598,77.607612",
"14-Sep-2026 12:03:16","0.38","4.11","13.98","On","12.857584,77.607596",
"14-Sep-2026 12:03:46","0.44","4.1","14","On","12.857571,77.607584",
"14-Sep-2026 12:04:16","0.2","4.11","13.98","On","12.857559,77.607565",
"14-Sep-2026 12:04:46","0.1","4.11","14","On","12.857567,77.607567",
"14-Sep-2026 12:05:16","0.3","4.11","14","On","12.857577,77.607547",
"14-Sep-2026 12:05:46","0.24","4.11","13.98","On","12.857578,77.607534",
"14-Sep-2026 12:06:16","0.31","4.11","14.03","On","12.857563,77.607513",
"14-Sep-2026 12:06:46","0.2","4.11","14","On","12.857558,77.607516",
"14-Sep-2026 12:07:16","0.18","4.11","14.03","On","12.857549,77.607524",
"14-Sep-2026 12:07:46","0.59","4.11","14.03","On","12.857544,77.607534",
"14-Sep-2026 12:08:16","0.24","4.11","13.98","On","12.857617,77.607528",
"14-Sep-2026 12:08:46","1.79","4.11","14","On","12.857637,77.607241",
"14-Sep-2026 12:08:53","18.59","4.11","14","On","12.857631,77.607094",
"14-Sep-2026 12:09:03","14.11","4.11","14","On","12.857644,77.606708",
"14-Sep-2026 12:09:08","27.31","4.11","14","On","12.857852,77.606713",
"14-Sep-2026 12:09:15","11.91","4.11","14","On","12.858295,77.606726",
"14-Sep-2026 12:09:16","11.91","4.11","13.98","On","12.858295,77.606726",
"14-Sep-2026 12:09:40","6.91","4.11","13.98","On","12.859993,77.606891",
"14-Sep-2026 12:09:45","14.23","4.11","13.98","On","12.860029,77.606819",
"14-Sep-2026 12:09:46","14.23","4.11","13.95","On","12.860029,77.606819",
"14-Sep-2026 12:09:55","26.16","4.11","13.95","On","12.860139,77.606286",
"14-Sep-2026 12:10:10","5.97","4.11","13.95","On","12.860838,77.60626",
"14-Sep-2026 12:10:16","3.3","4.11","13.93","On","12.860868,77.606422",
"14-Sep-2026 12:10:46","0.33","4.11","13.95","On","12.860877,77.606538",
"14-Sep-2026 12:11:05","11.96","4.11","13.95","On","12.860877,77.606611",
"14-Sep-2026 12:11:16","15.42","4.11","13.95","On","12.860811,77.607111",
"14-Sep-2026 12:11:30","16.23","4.11","13.95","On","12.860779,77.607637",
"14-Sep-2026 12:11:35","3.58","4.11","13.95","On","12.860815,77.607734",
"14-Sep-2026 12:11:46","9.74","4.11","13.98","On","12.860716,77.608052",
"14-Sep-2026 12:12:16","14.29","4.11","13.98","On","12.860811,77.609404",
"14-Sep-2026 12:12:40","15.82","4.11","13.98","On","12.86065,77.610178",
"14-Sep-2026 12:12:45","3.5","4.11","13.98","On","12.860579,77.610135",
"14-Sep-2026 12:12:46","3.5","4.11","13.98","On","12.860579,77.610135",
"14-Sep-2026 12:13:16","9.58","4.11","13.98","On","12.860472,77.609622",
"14-Sep-2026 12:13:25","10.15","4.11","13.98","On","12.860469,77.609458",
"14-Sep-2026 12:13:45","7.72","4.11","13.98","On","12.860445,77.608926",
"14-Sep-2026 12:13:46","7.72","4.11","13.95","On","12.860445,77.608926",
"14-Sep-2026 12:14:16","0.09","4.11","14.05","On","12.860498,77.608866",
"14-Sep-2026 12:14:46","0.2","4.11","14.07","On","12.860535,77.608859",
"14-Sep-2026 12:15:16","0.15","4.11","14.07","On","12.860549,77.608858",
"14-Sep-2026 12:15:46","0.13","4.11","14.1","On","12.860526,77.60886",
"14-Sep-2026 12:16:16","7.21","4.11","14.03","On","12.860518,77.60883",
"14-Sep-2026 12:16:20","15.86","4.11","14.03","On","12.86051,77.608694",
"14-Sep-2026 12:16:30","13.83","4.11","14.03","On","12.860516,77.608335",
"14-Sep-2026 12:16:35","8.28","4.11","14.03","On","12.860621,77.608301",
"14-Sep-2026 12:16:45","10.16","4.11","14.03","On","12.860758,77.608035",
"14-Sep-2026 12:16:46","10.16","4.11","14","On","12.860758,77.608035",
"14-Sep-2026 12:16:55","13.91","4.11","14","On","12.860812,77.607812",
"14-Sep-2026 12:17:16","17.02","4.11","14","On","12.860863,77.606786",
"14-Sep-2026 12:17:45","8.87","4.11","14","On","12.860879,77.606368",
"14-Sep-2026 12:17:46","8.87","4.11","13.98","On","12.860879,77.606368",
"14-Sep-2026 12:17:50","16.47","4.11","13.98","On","12.860808,77.606311",
"14-Sep-2026 12:18:05","20.06","4.11","13.98","On","12.860092,77.606391",
"14-Sep-2026 12:18:16","32.09","4.11","13.98","On","12.860026,77.607362",
"14-Sep-2026 12:18:30","3.4","4.11","13.98","On","12.85995,77.608156",
"14-Sep-2026 12:18:35","17.1","4.11","13.98","On","12.859939,77.608262",
"14-Sep-2026 12:18:46","40.51","4.11","14.03","On","12.859803,77.609349",
"14-Sep-2026 12:19:05","20.56","4.11","14.03","On","12.859556,77.611204",
"14-Sep-2026 12:19:10","30.75","4.11","14.03","On","12.859302,77.611195",
"14-Sep-2026 12:19:16","12.58","4.11","14","On","12.858803,77.611126",
"14-Sep-2026 12:19:20","31.7","4.11","14","On","12.858751,77.611352",
"14-Sep-2026 12:19:30","9.19","4.11","14","On","12.858594,77.611736",
"14-Sep-2026 12:19:35","13.27","4.11","14","On","12.858491,77.611744",
"14-Sep-2026 12:19:46","34.16","4.11","14","On","12.857727,77.611342",
"14-Sep-2026 12:20:15","30.59","4.11","14","On","12.855551,77.610118",
"14-Sep-2026 12:20:16","37.52","4.11","14","On","12.855251,77.609914",
"14-Sep-2026 12:20:40","54.17","4.11","14","On","12.853196,77.609188",
"14-Sep-2026 12:20:46","51.64","4.11","14","On","12.852659,77.609128",
"14-Sep-2026 12:21:16","48.48","4.11","14","On","12.849115,77.609095",
"14-Sep-2026 12:21:46","13.09","4.11","13.93","On","12.846454,77.609205",
"14-Sep-2026 12:22:00","14.8","4.11","13.93","On","12.846067,77.609301",
"14-Sep-2026 12:22:15","37.35","4.11","13.93","On","12.845356,77.60994",
"14-Sep-2026 12:22:16","38.67","4.11","14.03","On","12.845095,77.610253",
"14-Sep-2026 12:22:45","31.98","4.11","14.03","On","12.843796,77.612097",
"14-Sep-2026 12:22:46","31.98","4.11","13.98","On","12.843796,77.612097",
"14-Sep-2026 12:23:16","21.02","4.11","14","On","12.843254,77.614214",
"14-Sep-2026 12:23:46","44","4.11","14","On","12.843034,77.61601",
"14-Sep-2026 12:24:10","28.78","4.11","14","On","12.842375,77.618555",
"14-Sep-2026 12:24:16","23.17","4.11","13.95","On","12.842094,77.618844",
"14-Sep-2026 12:24:46","7.84","4.11","13.98","On","12.840716,77.620105",
"14-Sep-2026 12:25:16","47.83","4.11","13.98","On","12.838499,77.622529",
"14-Sep-2026 12:25:46","37.16","4.11","13.93","On","12.836576,77.624862",
"14-Sep-2026 12:25:55","15.61","4.11","13.93","On","12.83628,77.625131",
"14-Sep-2026 12:26:10","22.57","4.11","13.93","On","12.836696,77.625896",
"14-Sep-2026 12:26:16","30.51","4.11","13.95","On","12.836953,77.626362",
"14-Sep-2026 12:26:30","26.39","4.11","13.95","On","12.837461,77.627008",
"14-Sep-2026 12:26:46","27.17","4.11","13.95","On","12.838442,77.627511",
"14-Sep-2026 12:26:50","23.97","4.11","13.95","On","12.838582,77.627721",
"14-Sep-2026 12:27:05","30.82","4.11","13.95","On","12.838757,77.628378",
"14-Sep-2026 12:27:15","36.38","4.11","13.95","On","12.838929,77.628949",
"14-Sep-2026 12:27:16","29.76","4.11","13.95","On","12.839104,77.629256",
"14-Sep-2026 12:27:46","7.12","4.11","14","On","12.839919,77.630736",
"14-Sep-2026 12:28:05","6.35","4.11","14","On","12.84032,77.631542",
"14-Sep-2026 12:28:16","22.72","4.11","13.98","On","12.840812,77.631605",
"14-Sep-2026 12:28:46","6.71","4.11","14","On","12.841578,77.631629",
"14-Sep-2026 12:28:50","28.99","4.11","14","On","12.841622,77.631459",
"14-Sep-2026 12:29:00","24.51","4.11","14","On","12.841886,77.630993",
"14-Sep-2026 12:29:15","11.84","4.11","14","On","12.842271,77.630501",
"14-Sep-2026 12:29:16","20.22","4.11","14.03","On","12.842284,77.63033",
"14-Sep-2026 12:29:35","25.62","4.11","14.03","On","12.842464,77.629374",
"14-Sep-2026 12:29:46","1.24","4.11","14.03","On","12.842496,77.629044",
"14-Sep-2026 12:30:16","0.06","4.11","13.38","Off","12.842489,77.629041",
"14-Sep-2026 12:30:46","0.07","4.11","13.23","Off","12.842491,77.629042",
"14-Sep-2026 12:31:16","0.16","4.11","13.18","Off","12.842489,77.629036",
"14-Sep-2026 12:31:18","0.16","4.11","13.18","Off","12.842489,77.629036",
"14-Sep-2026 12:32:16","0.11","4.11","13.16","Off","12.842486,77.629053",
"14-Sep-2026 12:32:46","0.15","4.11","13.13","Off","12.842494,77.62905",
"14-Sep-2026 12:33:46","0.14","4.11","13.13","Off","12.842484,77.629056",
"14-Sep-2026 12:34:46","0.08","4.11","13.11","Off","12.842483,77.629066",
"14-Sep-2026 12:35:18","0.08","4.11","13.11","Off","12.842483,77.629066",
"14-Sep-2026 13:32:41","0.08","4.11","13.13","Off","12.842483,77.629066",
"14-Sep-2026 13:32:41","0.19","4.11","13.13","Off","12.842483,77.629061",
"14-Sep-2026 13:32:44","0.19","4.11","13.13","On","12.842483,77.629061",
"14-Sep-2026 13:32:44","0.19","4.11","13.13","On","12.842483,77.629061",
"14-Sep-2026 13:32:46","0.19","4.11","13.06","On","12.842483,77.629061",
"14-Sep-2026 13:33:11","0.01","4.11","13.06","On","12.842502,77.629092",
"14-Sep-2026 13:33:16","4.69","4.11","13.81","On","12.842521,77.629121",
"14-Sep-2026 13:33:26","14.73","4.11","13.81","On","12.842474,77.62924",
"14-Sep-2026 13:33:46","21.24","4.11","13.95","On","12.842317,77.630091",
"14-Sep-2026 13:34:01","14.82","4.11","13.95","On","12.842156,77.630713",
"14-Sep-2026 13:34:16","22.71","4.11","13.98","On","12.841717,77.631245",
"14-Sep-2026 13:34:21","22.2","4.11","13.98","On","12.841623,77.631444",
"14-Sep-2026 13:34:36","15.57","4.11","13.98","On","12.841568,77.631753",
"14-Sep-2026 13:34:46","9.33","4.11","13.95","On","12.841609,77.632214",
"14-Sep-2026 13:35:01","14.01","4.11","13.95","On","12.841811,77.63267",
"14-Sep-2026 13:35:16","6.67","4.11","13.98","On","12.842513,77.632751",
"14-Sep-2026 13:35:26","22.59","4.11","13.98","On","12.842856,77.632829",
"14-Sep-2026 13:35:31","9.66","4.11","13.98","On","12.842956,77.632968",
"14-Sep-2026 13:35:46","27.28","4.11","13.95","On","12.843253,77.63358",
"14-Sep-2026 13:36:16","18.44","4.11","13.95","On","12.843832,77.634694",
"14-Sep-2026 13:36:16","20.71","4.11","13.95","On","12.844023,77.634797",
"14-Sep-2026 13:36:21","12.61","4.11","13.95","On","12.844188,77.634861",
"14-Sep-2026 13:36:46","8.43","4.11","13.95","On","12.844689,77.635084",
"14-Sep-2026 13:37:16","7.65","4.11","13.95","On","12.845875,77.63559",
"14-Sep-2026 13:37:21","18.47","4.11","13.95","On","12.846033,77.635581",
"14-Sep-2026 13:37:36","19.93","4.11","13.95","On","12.846813,77.635495",
"14-Sep-2026 13:37:46","8.56","4.11","13.95","On","12.847096,77.635469",
"14-Sep-2026 13:38:16","20.19","4.11","13.98","On","12.84906,77.63561",
"14-Sep-2026 13:38:26","22.38","4.11","13.98","On","12.849465,77.635613",
"14-Sep-2026 13:38:31","21.09","4.11","13.98","On","12.849714,77.63562",
"14-Sep-2026 13:38:41","16.57","4.11","13.98","On","12.8502,77.635651",
"14-Sep-2026 13:38:46","11.41","4.11","13.98","On","12.850299,77.635726",
"14-Sep-2026 13:38:46","11.41","4.11","13.95","On","12.850299,77.635726",
"14-Sep-2026 13:39:16","7.22","4.11","13.98","On","12.850386,77.637301",
"14-Sep-2026 13:39:46","9.31","4.11","13.95","On","12.850663,77.6387",
"14-Sep-2026 13:40:16","18.9","4.11","13.95","On","12.850785,77.639568",
"14-Sep-2026 13:40:16","23.97","4.11","14","On","12.850932,77.639679",
"14-Sep-2026 13:40:21","25.56","4.11","14","On","12.851155,77.639837",
"14-Sep-2026 13:40:46","32.76","4.11","13.95","On","12.851925,77.640321",
"14-Sep-2026 13:41:16","26.76","4.11","13.93","On","12.85378,77.64164",
"14-Sep-2026 13:41:41","36.2","4.11","13.93","On","12.854596,77.64241",
"14-Sep-2026 13:41:46","33.13","4.11","13.93","On","12.855043,77.643057",
"14-Sep-2026 13:42:01","20.01","4.11","13.93","On","12.855652,77.64391",
"14-Sep-2026 13:42:06","23.08","4.11","13.93","On","12.85553,77.644035",
"14-Sep-2026 13:42:16","25.53","4.11","13.93","On","12.855212,77.644152",
"14-Sep-2026 13:42:16","25.53","4.11","13.95","On","12.855212,77.644152",
"14-Sep-2026 13:42:46","34.83","4.11","13.93","On","12.855244,77.646644",
"14-Sep-2026 13:43:11","31.53","4.11","13.93","On","12.8554,77.647984",
"14-Sep-2026 13:43:16","42.79","4.11","14","On","12.855553,77.648337",
"14-Sep-2026 13:43:41","8.75","4.11","14","On","12.856157,77.649989",
"14-Sep-2026 13:43:46","10.42","4.11","13.98","On","12.856179,77.6502",
"14-Sep-2026 13:44:06","10.51","4.11","13.98","On","12.856085,77.650723",
"14-Sep-2026 13:44:16","14.71","4.11","14.05","On","12.85596,77.650955",
"14-Sep-2026 13:44:26","5.37","4.11","14.05","On","12.855858,77.651297",
"14-Sep-2026 13:44:46","7.88","4.11","14.05","On","12.855971,77.651756",
"14-Sep-2026 13:44:56","11.25","4.11","14.05","On","12.856051,77.651959",
"14-Sep-2026 13:45:11","24.25","4.11","14.05","On","12.856458,77.65252",
"14-Sep-2026 13:45:16","19.46","4.11","13.98","On","12.856689,77.652632",
"14-Sep-2026 13:45:21","13.29","4.11","13.98","On","12.85677,77.652723",
"14-Sep-2026 13:45:26","21.98","4.11","13.98","On","12.856804,77.653008",
"14-Sep-2026 13:45:31","20.61","4.11","13.98","On","12.857026,77.653155",
"14-Sep-2026 13:45:36","19.44","4.11","13.98","On","12.857245,77.65317",
"14-Sep-2026 13:45:41","5.07","4.11","13.98","On","12.857321,77.653182",
"14-Sep-2026 13:45:46","14.41","4.11","13.98","On","12.857713,77.653197",
"14-Sep-2026 13:45:46","14.41","4.11","13.98","On","12.857713,77.653197",
"14-Sep-2026 13:45:51","14.99","4.11","13.98","On","12.857849,77.653219",
"14-Sep-2026 13:46:16","22.63","4.11","13.98","On","12.858825,77.653581",
"14-Sep-2026 13:46:26","2.41","4.11","13.98","On","12.859371,77.653905",
"14-Sep-2026 13:46:36","16.9","4.11","13.98","On","12.859545,77.654027",
"14-Sep-2026 13:46:46","18.31","4.11","13.95","On","12.860062,77.654172",
"14-Sep-2026 13:47:16","27.77","4.11","13.95","On","12.861567,77.654364",
"14-Sep-2026 13:47:46","24.66","4.11","13.98","On","12.863126,77.654537",
"14-Sep-2026 13:48:16","20.64","4.11","13.98","On","12.86503,77.654933",
"14-Sep-2026 13:48:46","6.22","4.11","13.95","On","12.86677,77.65531",
"14-Sep-2026 13:48:56","13.17","4.11","13.95","On","12.866994,77.655371",
"14-Sep-2026 13:49:01","14.25","4.11","13.95","On","12.867109,77.655349",
"14-Sep-2026 13:49:06","34.86","4.11","13.95","On","12.867338,77.655211",
"14-Sep-2026 13:49:16","48.55","4.11","14","On","12.868361,77.654459",
"14-Sep-2026 13:49:36","8.19","4.11","14","On","12.869861,77.653445",
"14-Sep-2026 13:49:41","33.84","4.11","14","On","12.869601,77.653623",
"14-Sep-2026 13:49:46","46.9","4.11","14","On","12.868878,77.654222",
"14-Sep-2026 13:50:16","54.9","4.11","14.05","On","12.865802,77.656702",
"14-Sep-2026 13:50:46","7.24","4.11","14.05","On","12.863667,77.658434",
"14-Sep-2026 13:50:46","19.16","4.11","13.98","On","12.863574,77.658541",
"14-Sep-2026 13:50:51","35.19","4.11","13.98","On","12.863351,77.658731",
"14-Sep-2026 13:51:16","25.95","4.11","14","On","12.861514,77.660191",
"14-Sep-2026 13:51:41","21.34","4.11","14","On","12.860161,77.661361",
"14-Sep-2026 13:51:46","32.76","4.11","14","On","12.860426,77.661597",
"14-Sep-2026 13:51:46","37.5","4.11","13.93","On","12.860741,77.661797",
"14-Sep-2026 13:52:16","36.93","4.11","13.98","On","12.86288,77.662739",
"14-Sep-2026 13:52:26","4.45","4.11","13.98","On","12.863304,77.662886",
"14-Sep-2026 13:52:41","18.06","4.11","13.98","On","12.863606,77.662627",
"14-Sep-2026 13:52:46","8.86","4.11","13.98","On","12.863661,77.662481",
"14-Sep-2026 13:52:56","9.48","4.11","13.98","On","12.863836,77.662211",
"14-Sep-2026 13:53:16","3.34","4.11","13.95","On","12.86392,77.662148",
"14-Sep-2026 13:53:46","1.08","4.11","13.76","Off","12.863941,77.662116",
"14-Sep-2026 13:54:16","0.57","4.11","13.35","Off","12.863937,77.66208",
"14-Sep-2026 13:54:46","0.29","4.11","13.5","Off","12.863932,77.662074",
"14-Sep-2026 13:55:16","1.33","4.11","13.91","On","12.86393,77.662079",
"14-Sep-2026 13:55:46","0.17","4.11","14.03","On","12.863925,77.6621",
"14-Sep-2026 13:56:16","0.15","4.11","13.93","Off","12.863936,77.662068",
"14-Sep-2026 13:56:46","1.01","4.11","14.03","Off","12.863919,77.662076",
"14-Sep-2026 13:57:16","0.81","4.11","14.07","Off","12.863932,77.662075",
"14-Sep-2026 13:57:34","0.81","4.11","14.1","Off","12.863932,77.662075",
"14-Sep-2026 13:58:16","0.68","4.11","14.1","Off","12.863941,77.662081",
"14-Sep-2026 13:58:46","0.37","4.11","14.05","Off","12.86396,77.662107",
"14-Sep-2026 13:59:46","0.2","4.11","14","Off","12.863946,77.662107",
"14-Sep-2026 14:00:46","0.48","4.11","14.03","Off","12.863943,77.662085",
"14-Sep-2026 14:01:34","0.48","4.11","14.05","Off","12.863943,77.662085",
"14-Sep-2026 14:13:32","0.48","4.11","14.17","Off","12.863943,77.662085",
"14-Sep-2026 14:13:32","0.28","4.11","14.17","Off","12.863948,77.662094",
"14-Sep-2026 14:13:38","0.28","4.11","14.15","Off","12.863948,77.662094",
"14-Sep-2026 14:13:38","0.28","4.11","14.15","Off","12.863948,77.662094",
"14-Sep-2026 14:13:46","0.28","4.11","14.1","Off","12.863948,77.662094",
"14-Sep-2026 14:14:16","0.26","4.11","14.05","Off","12.863968,77.662154",
"14-Sep-2026 14:14:38","0.26","4.11","14","Off","12.863968,77.662154",
"14-Sep-2026 14:15:16","0.19","4.11","14","Off","12.863945,77.662171",
"14-Sep-2026 14:15:36","0.19","4.11","14.03","Off","12.863945,77.662171",
"14-Sep-2026 14:15:36","0.21","4.11","14.03","Off","12.863943,77.66216",
"14-Sep-2026 14:15:46","1.07","4.11","14.03","Off","12.863949,77.662159",
"14-Sep-2026 14:16:16","0.57","4.11","14.1","Off","12.863942,77.662156",
"14-Sep-2026 14:16:46","0.45","4.11","14.1","Off","12.863933,77.662125",
"14-Sep-2026 14:17:16","1.22","4.11","14.03","Off","12.863957,77.662159",
"14-Sep-2026 14:17:46","0.15","4.11","14","Off","12.863958,77.662166",
"14-Sep-2026 14:18:16","0.34","4.11","14","Off","12.86395,77.662159",
"14-Sep-2026 14:18:26","0.34","4.11","14","Off","12.86395,77.662159",
"14-Sep-2026 14:19:16","0.12","4.11","13.98","Off","12.863929,77.662147",
"14-Sep-2026 14:19:46","0.38","4.11","14","Off","12.86391,77.662144",
"14-Sep-2026 14:20:46","0.16","4.11","14.03","Off","12.863918,77.662148",
"14-Sep-2026 14:21:46","0.22","4.11","14.03","Off","12.86391,77.662128",
"14-Sep-2026 14:22:26","0.22","4.11","14.05","Off","12.86391,77.662128",
"14-Sep-2026 15:11:12","0.22","4.11","14.19","Off","12.86391,77.662128",
"14-Sep-2026 15:11:12","0.03","4.11","14.19","Off","12.863933,77.662116",
"14-Sep-2026 15:12:46","0.35","4.11","14.1","Off","12.863921,77.662219",
"14-Sep-2026 15:13:46","0.4","4.11","14.05","Off","12.863986,77.662215",
"14-Sep-2026 15:14:46","0.95","4.11","14.03","Off","12.863952,77.662138",
"14-Sep-2026 15:15:12","0.95","4.11","14","Off","12.863952,77.662138",
"14-Sep-2026 16:15:12","0.95","4.11","13.21","Off","12.863952,77.662138",
"14-Sep-2026 16:15:12","1.55","4.11","13.21","Off","12.863955,77.662126",
"14-Sep-2026 16:16:46","0.66","4.11","13.09","Off","12.863969,77.662067",
"14-Sep-2026 16:17:46","0.13","4.11","13.09","Off","12.863968,77.662065",
"14-Sep-2026 16:18:46","0.31","4.11","13.06","Off","12.863965,77.662081",
"14-Sep-2026 16:19:12","0.31","4.11","13.06","Off","12.863965,77.662081",
"14-Sep-2026 16:30:22","0.31","4.11","13.16","Off","12.863965,77.662081",
"14-Sep-2026 16:30:22","0.32","4.11","13.16","Off","12.863967,77.662075",
"14-Sep-2026 16:30:23","0.32","4.11","13.16","On","12.863967,77.662075",
"14-Sep-2026 16:30:23","0.32","4.11","13.16","On","12.863967,77.662075",
"14-Sep-2026 16:30:46","0.32","4.11","12.99","Off","12.863967,77.662075",
"14-Sep-2026 16:31:16","0.1","4.11","12.99","Off","12.863903,77.662085",
"14-Sep-2026 16:31:26","0.1","4.11","12.97","Off","12.863903,77.662085",
"14-Sep-2026 16:32:16","0.89","4.11","12.99","Off","12.863924,77.662094",
"14-Sep-2026 16:32:46","0.5","4.11","12.99","Off","12.86392,77.662098",
"14-Sep-2026 16:33:46","0.39","4.11","12.99","Off","12.863929,77.662086",
"14-Sep-2026 16:34:46","0.91","4.11","12.99","Off","12.863927,77.6621",
"14-Sep-2026 16:35:26","0.91","4.11","13.01","Off","12.863927,77.6621",
"14-Sep-2026 17:31:30","0.91","4.11","14.17","Off","12.863927,77.6621",
"14-Sep-2026 17:31:30","0.39","4.11","14.17","Off","12.863945,77.662145",
"14-Sep-2026 17:31:46","0.39","4.11","14.17","Off","12.863945,77.662145",
"14-Sep-2026 17:32:46","0.62","4.11","14.12","Off","12.863949,77.662087",
"14-Sep-2026 17:33:46","0.74","4.11","14.05","Off","12.863972,77.662122",
"14-Sep-2026 17:34:46","0.77","4.11","14.03","Off","12.863958,77.662115",
"14-Sep-2026 17:35:30","0.77","4.11","14.03","Off","12.863958,77.662115",
"14-Sep-2026 18:35:31","0.77","4.11","13.06","Off","12.863958,77.662115",
"14-Sep-2026 18:35:31","0.06","4.11","13.06","Off","12.863942,77.662104",
"14-Sep-2026 18:35:46","0.06","4.11","13.06","Off","12.863942,77.662104",
"14-Sep-2026 18:36:41","0.54","4.1","12.97","Off","12.863923,77.662104",
"14-Sep-2026 18:37:41","0.05","4.11","12.97","Off","12.863921,77.662104",
"14-Sep-2026 18:38:41","1.53","4.11","12.97","Off","12.863931,77.662124",
"14-Sep-2026 18:39:25","1.53","4.11","12.97","Off","12.863931,77.662124",
"14-Sep-2026 19:39:25","1.53","4.1","12.99","Off","12.863931,77.662124",
"14-Sep-2026 19:39:25","0.34","4.1","12.99","Off","12.863952,77.662147",
"14-Sep-2026 19:39:41","0.34","4.11","12.97","Off","12.863952,77.662147",
"14-Sep-2026 19:40:41","1.8","4.1","12.89","Off","12.863999,77.662166",
"14-Sep-2026 19:41:41","0.9","4.1","12.89","Off","12.863956,77.662132",
"14-Sep-2026 19:42:41","0.33","4.1","12.87","Off","12.863929,77.662107",
"14-Sep-2026 19:43:25","0.33","4.11","12.89","Off","12.863929,77.662107",
"14-Sep-2026 20:19:37","0.33","4.1","12.97","On","12.863929,77.662107",
"14-Sep-2026 20:19:37","0.33","4.1","12.97","On","12.863929,77.662107",
"14-Sep-2026 20:19:37","0.69","4.1","12.97","On","12.863931,77.662111",
"14-Sep-2026 20:19:41","0.69","4.1","12.94","Off","12.863931,77.662111",
"14-Sep-2026 20:20:36","11.47","4.1","12.92","Off","12.863927,77.662097",
"14-Sep-2026 20:20:41","10.65","4.1","13.69","On","12.863821,77.662222",
"14-Sep-2026 20:20:51","5.43","4.1","13.69","On","12.863833,77.662352",
"14-Sep-2026 20:21:11","1.13","4.1","13.33","Off","12.86385,77.66234",
"14-Sep-2026 20:21:41","0.36","4.11","13.11","Off","12.863918,77.66232",
"14-Sep-2026 20:22:11","2.4","4.1","12.97","Off","12.863915,77.662306",
"14-Sep-2026 20:22:25","2.4","4.1","12.99","Off","12.863915,77.662306",
"14-Sep-2026 20:23:11","0.54","4.1","12.94","Off","12.86392,77.662285",
"14-Sep-2026 20:23:41","0.54","4.1","12.94","Off","12.863865,77.662273",
"14-Sep-2026 20:24:41","0.53","4.1","12.92","Off","12.863869,77.662318",
"14-Sep-2026 20:25:41","0.12","4.1","12.89","Off","12.863807,77.662351",
"14-Sep-2026 20:26:25","0.12","4.1","12.87","Off","12.863807,77.662351",
"14-Sep-2026 21:26:25","0.12","4.1","12.92","Off","12.863807,77.662351",
"14-Sep-2026 21:26:25","0.26","4.1","12.92","Off","12.863833,77.662302",
"14-Sep-2026 21:26:41","0.26","4.1","12.92","Off","12.863833,77.662302",
"14-Sep-2026 21:28:41","0.76","4.1","12.85","Off","12.8639,77.662426",
"14-Sep-2026 21:29:41","1.25","4.1","12.82","Off","12.863899,77.662428",
"14-Sep-2026 21:30:25","1.25","4.1","12.85","Off","12.863899,77.662428",
"14-Sep-2026 22:30:25","1.25","4.1","12.89","Off","12.863899,77.662428",
"14-Sep-2026 22:30:25","0.37","4.1","12.89","Off","12.863931,77.662431",
"14-Sep-2026 22:30:41","0.37","4.1","12.92","Off","12.863931,77.662431",
"14-Sep-2026 22:31:41","1.7","4.1","12.87","Off","12.863805,77.662241",
"14-Sep-2026 22:32:41","0.53","4.1","12.82","Off","12.86382,77.662228",
"14-Sep-2026 22:33:41","0.57","4.1","12.82","Off","12.863841,77.662232",
"14-Sep-2026 22:34:25","0.57","4.1","12.8","Off","12.863841,77.662232",
"14-Sep-2026 23:34:25","0.57","4.1","12.87","Off","12.863841,77.662232",
"14-Sep-2026 23:34:25","0.57","4.1","12.87","Off","12.863876,77.662299",
"14-Sep-2026 23:34:41","0.57","4.11","12.87","Off","12.863876,77.662299",
"14-Sep-2026 23:37:41","0.89","4.11","12.77","Off","12.863905,77.66225",
"14-Sep-2026 23:38:25","0.89","4.1","12.75","Off","12.863905,77.66225",
