Time,Speed,Device Battery,Car Battery,Ignition,Address
"08-Sep-2026 16:47:31","1.16","4.11","13.23","Off","12.930934,77.745247",
"08-Sep-2026 16:47:31","1.36","4.11","13.23","Off","12.930887,77.745221",
"08-Sep-2026 16:47:36","1.36","4.11","13.23","On","12.930887,77.745221",
"08-Sep-2026 16:47:41","1.36","4.11","13.35","On","12.930887,77.745221",
"08-Sep-2026 16:48:41","1.55","4.11","13.98","On","12.930818,77.745127",
"08-Sep-2026 16:49:11","5.26","4.11","13.98","On","12.930833,77.74511",
"08-Sep-2026 16:49:15","19.55","4.11","13.98","On","12.930879,77.744983",
"08-Sep-2026 16:49:25","8.9","4.11","13.98","On","12.931118,77.744497",
"08-Sep-2026 16:49:30","15.47","4.11","13.98","On","12.931249,77.74453",
"08-Sep-2026 16:49:40","14.13","4.11","13.98","On","12.931512,77.744612",
"08-Sep-2026 16:49:41","7.22","4.11","13.95","On","12.931586,77.744666",
"08-Sep-2026 16:49:45","10.83","4.11","13.95","On","12.931683,77.744667",
"08-Sep-2026 16:49:50","10.81","4.11","13.95","On","12.931781,77.744575",
"08-Sep-2026 16:49:55","11.55","4.11","13.95","On","12.931877,77.744536",
"08-Sep-2026 16:50:00","19.35","4.11","13.95","On","12.932081,77.744436",
"08-Sep-2026 16:50:10","13.71","4.11","13.95","On","12.93234,77.7443",
"08-Sep-2026 16:50:11","13.71","4.11","13.91","On","12.93234,77.7443",
"08-Sep-2026 16:50:15","17.61","4.11","13.91","On","12.932454,77.744343",
"08-Sep-2026 16:50:20","14.62","4.11","13.91","On","12.932602,77.74421",
"08-Sep-2026 16:50:25","16.36","4.11","13.91","On","12.9327,77.744263",
"08-Sep-2026 16:50:30","17.54","4.11","13.91","On","12.933021,77.744438",
"08-Sep-2026 16:50:41","2.52","4.11","13.93","On","12.933477,77.744602",
"08-Sep-2026 16:50:50","13.65","4.11","13.93","On","12.933705,77.744689",
"08-Sep-2026 16:50:55","20.5","4.11","13.93","On","12.93376,77.744534",
"08-Sep-2026 16:51:10","16.5","4.11","13.93","On","12.934235,77.743867",
"08-Sep-2026 16:51:11","16.5","4.11","13.88","On","12.934235,77.743867",
"08-Sep-2026 16:51:15","13.93","4.11","13.88","On","12.934361,77.743823",
"08-Sep-2026 16:51:30","17.66","4.11","13.88","On","12.934325,77.743387",
"08-Sep-2026 16:51:41","32.02","4.11","13.88","On","12.933836,77.743167",
"08-Sep-2026 16:52:11","37.07","4.11","13.93","On","12.930851,77.741233",
"08-Sep-2026 16:52:35","1.94","4.11","13.93","On","12.929825,77.740452",
"08-Sep-2026 16:52:41","4.62","4.11","13.88","On","12.929816,77.740424",
"08-Sep-2026 16:52:45","21.73","4.11","13.88","On","12.929825,77.740297",
"08-Sep-2026 16:53:11","2.28","4.11","13.91","On","12.930156,77.739367",
"08-Sep-2026 16:53:41","1.4","4.11","13.91","On","12.930178,77.739362",
"08-Sep-2026 16:54:11","1.68","4.11","13.93","On","12.930186,77.739337",
"08-Sep-2026 16:54:41","2.75","4.11","13.91","On","12.93021,77.739341",
"08-Sep-2026 16:54:50","7.94","4.11","13.91","On","12.930242,77.739297",
"08-Sep-2026 16:55:11","0.1","4.11","13.91","On","12.930492,77.73875",
"08-Sep-2026 16:55:30","20.81","4.11","13.91","On","12.930507,77.73851",
"08-Sep-2026 16:55:35","17.69","4.11","13.91","On","12.930504,77.738187",
"08-Sep-2026 16:55:40","19.22","4.11","13.91","On","12.930315,77.738123",
"08-Sep-2026 16:55:41","19.22","4.11","13.91","On","12.930315,77.738123",
"08-Sep-2026 16:55:45","19.24","4.11","13.91","On","12.930124,77.738037",
"08-Sep-2026 16:55:50","20.47","4.11","13.91","On","12.930137,77.737837",
"08-Sep-2026 16:56:00","22.43","4.11","13.91","On","12.930041,77.737453",
"08-Sep-2026 16:56:11","4.17","4.11","13.91","On","12.929473,77.737313",
"08-Sep-2026 16:56:15","16.08","4.11","13.91","On","12.929371,77.737276",
"08-Sep-2026 16:56:20","16.35","4.11","13.91","On","12.929324,77.737126",
"08-Sep-2026 16:56:30","19.99","4.11","13.91","On","12.92946,77.736755",
"08-Sep-2026 16:56:35","24.36","4.11","13.91","On","12.9299,77.736736",
"08-Sep-2026 16:56:41","20.63","4.11","13.91","On","12.930135,77.736773",
"08-Sep-2026 16:56:50","9.29","4.11","13.91","On","12.93043,77.736851",
"08-Sep-2026 16:57:10","13.97","4.11","13.91","On","12.931253,77.737438",
"08-Sep-2026 16:57:11","10.83","4.11","13.91","On","12.93121,77.73755",
"08-Sep-2026 16:57:41","0.99","4.11","13.93","On","12.931149,77.737792",
"08-Sep-2026 16:58:11","0.82","4.11","13.62","Off","12.931164,77.73781",
"08-Sep-2026 16:58:41","0.32","4.11","13.52","Off","12.931176,77.737803",
"08-Sep-2026 16:59:11","0.36","4.11","13.47","Off","12.931173,77.737796",
"08-Sep-2026 16:59:41","2.16","4.11","13.47","Off","12.93118,77.737779",
"08-Sep-2026 17:00:04","2.16","4.11","13.42","Off","12.93118,77.737779",
"08-Sep-2026 17:00:29","1.68","4.11","13.42","Off","12.931238,77.73775",
"08-Sep-2026 17:00:41","1.9","4.11","13.4","Off","12.931257,77.737779",
"08-Sep-2026 17:01:11","0.41","4.11","13.38","Off","12.931295,77.737798",
"08-Sep-2026 17:02:11","0.99","4.11","13.33","Off","12.93132,77.737782",
"08-Sep-2026 17:03:11","3.57","4.11","13.28","Off","12.931277,77.737742",
"08-Sep-2026 17:04:04","3.57","4.11","13.26","Off","12.931277,77.737742",
"08-Sep-2026 17:06:22","3.57","4.11","13.26","Off","12.931277,77.737742",
"08-Sep-2026 17:06:22","2.81","4.11","13.26","Off","12.931189,77.737745",
"08-Sep-2026 17:07:41","7.48","4.11","13.71","On","12.931114,77.73774",
"08-Sep-2026 17:07:46","13.58","4.11","13.71","On","12.931129,77.737905",
"08-Sep-2026 17:08:01","15.9","4.11","13.71","On","12.931245,77.738383",
"08-Sep-2026 17:08:11","20.8","4.11","13.91","On","12.931609,77.738734",
"08-Sep-2026 17:08:16","10.53","4.11","13.91","On","12.931617,77.738857",
"08-Sep-2026 17:08:26","11.45","4.11","13.91","On","12.931559,77.739064",
"08-Sep-2026 17:08:31","22.35","4.11","13.91","On","12.931384,77.7391",
"08-Sep-2026 17:08:41","19.81","4.11","13.91","On","12.930826,77.739242",
"08-Sep-2026 17:08:46","18.14","4.11","13.91","On","12.930606,77.739191",
"08-Sep-2026 17:08:56","15.91","4.11","13.91","On","12.930329,77.739255",
"08-Sep-2026 17:09:01","22.39","4.11","13.91","On","12.930248,77.739436",
"08-Sep-2026 17:09:11","3.13","4.11","13.93","On","12.930161,77.739834",
"08-Sep-2026 17:09:31","6.84","4.11","13.93","On","12.929943,77.740392",
"08-Sep-2026 17:09:41","12.98","4.11","13.93","On","12.92967,77.740291",
"08-Sep-2026 17:09:41","24.21","4.11","13.91","On","12.929479,77.740142",
"08-Sep-2026 17:10:11","9.44","4.11","13.93","On","12.928627,77.739494",
"08-Sep-2026 17:10:41","37.69","4.11","13.93","On","12.927457,77.738649",
"08-Sep-2026 17:11:11","18.74","4.11","13.91","On","12.925294,77.737274",
"08-Sep-2026 17:11:16","21.21","4.11","13.91","On","12.925191,77.737128",
"08-Sep-2026 17:11:21","11.96","4.11","13.91","On","12.925171,77.736968",
"08-Sep-2026 17:11:41","42.29","4.11","13.91","On","12.925451,77.735586",
"08-Sep-2026 17:12:11","28.42","4.11","13.93","On","12.925959,77.732276",
"08-Sep-2026 17:12:41","25.65","4.11","13.93","On","12.926358,77.729561",
"08-Sep-2026 17:12:51","12.5","4.11","13.93","On","12.926339,77.729252",
"08-Sep-2026 17:12:56","1.53","4.11","13.93","On","12.926306,77.729147",
"08-Sep-2026 17:13:11","0.44","4.11","13.93","On","12.926292,77.729066",
"08-Sep-2026 17:13:41","0.22","4.11","13.93","On","12.926281,77.72905",
"08-Sep-2026 17:14:11","1.15","4.11","13.88","On","12.926319,77.728967",
"08-Sep-2026 17:14:26","14.17","4.11","13.88","On","12.926352,77.729068",
"08-Sep-2026 17:14:41","29.36","4.11","13.91","On","12.926365,77.729795",
"08-Sep-2026 17:15:11","28.39","4.11","13.93","On","12.925973,77.732434",
"08-Sep-2026 17:15:41","36.23","4.11","13.93","On","12.925626,77.73487",
"08-Sep-2026 17:16:11","13.87","4.11","13.93","On","12.925255,77.73691",
"08-Sep-2026 17:16:11","13.87","4.11","13.93","On","12.925255,77.73691",
"08-Sep-2026 17:16:16","12.31","4.11","13.93","On","12.92519,77.737003",
"08-Sep-2026 17:16:26","11.78","4.11","13.93","On","12.925047,77.737064",
"08-Sep-2026 17:16:31","30.93","4.11","13.93","On","12.924592,77.736865",
"08-Sep-2026 17:16:41","38.17","4.11","13.91","On","12.923912,77.736576",
"08-Sep-2026 17:16:46","24.61","4.11","13.91","On","12.923566,77.736521",
"08-Sep-2026 17:17:11","2.68","4.11","13.98","On","12.922646,77.736468",
"08-Sep-2026 17:17:41","3.92","4.11","13.93","On","12.922416,77.736466",
"08-Sep-2026 17:18:11","0.4","4.11","13.93","On","12.922331,77.736469",
"08-Sep-2026 17:18:11","0.4","4.11","13.93","On","12.922331,77.736469",
"08-Sep-2026 17:18:41","5.74","4.11","13.91","On","12.922217,77.736497",
"08-Sep-2026 17:19:11","0.55","4.11","13.93","On","12.922119,77.736501",
"08-Sep-2026 17:19:41","0.39","4.11","13.93","On","12.922115,77.736494",
"08-Sep-2026 17:20:11","0.95","4.11","13.93","On","12.921898,77.736475",
"08-Sep-2026 17:20:41","4.14","4.11","13.91","On","12.921714,77.736466",
"08-Sep-2026 17:21:11","0.47","4.11","13.93","On","12.921502,77.736442",
"08-Sep-2026 17:21:41","4.87","4.11","13.93","On","12.921395,77.736425",
"08-Sep-2026 17:21:56","10.95","4.11","13.93","On","12.920942,77.736405",
"08-Sep-2026 17:22:11","8.88","4.11","13.95","On","12.920658,77.73643",
"08-Sep-2026 17:22:41","16.51","4.11","13.93","On","12.919647,77.736488",
"08-Sep-2026 17:22:51","9.84","4.11","13.93","On","12.919189,77.736388",
"08-Sep-2026 17:23:06","13.07","4.11","13.93","On","12.919177,77.736089",
"08-Sep-2026 17:23:11","7.22","4.11","13.93","On","12.919194,77.735845",
"08-Sep-2026 17:23:31","10.43","4.11","13.93","On","12.919166,77.735409",
"08-Sep-2026 17:23:41","16.42","4.11","13.93","On","12.918887,77.734926",
"08-Sep-2026 17:24:11","25.7","4.11","13.93","On","12.918539,77.73302",
"08-Sep-2026 17:24:41","27.36","4.11","13.95","On","12.918261,77.730985",
"08-Sep-2026 17:25:11","37.47","4.11","13.98","On","12.917988,77.727993",
"08-Sep-2026 17:25:41","17.97","4.11","13.91","On","12.917578,77.725927",
"08-Sep-2026 17:25:51","16.6","4.11","13.91","On","12.917371,77.725658",
"08-Sep-2026 17:26:11","17.22","4.11","13.91","On","12.916713,77.725154",
"08-Sep-2026 17:26:11","10.14","4.11","13.95","On","12.916605,77.725122",
"08-Sep-2026 17:26:36","11.99","4.11","13.95","On","12.91582,77.72469",
"08-Sep-2026 17:26:41","8.51","4.11","13.95","On","12.915756,77.724608",
"08-Sep-2026 17:26:46","12.34","4.11","13.95","On","12.915715,77.724512",
"08-Sep-2026 17:27:11","32.6","4.11","13.95","On","12.915525,77.723034",
"08-Sep-2026 17:27:26","25.94","4.11","13.95","On","12.915582,77.722065",
"08-Sep-2026 17:27:36","41.47","4.11","13.95","On","12.915494,77.720915",
"08-Sep-2026 17:27:41","42.73","4.11","13.95","On","12.91548,77.720487",
"08-Sep-2026 17:27:41","42.73","4.11","13.93","On","12.91548,77.720487",
"08-Sep-2026 17:28:01","32.31","4.11","13.93","On","12.915768,77.718282",
"08-Sep-2026 17:28:06","30.27","4.11","13.93","On","12.915593,77.718026",
"08-Sep-2026 17:28:11","14.84","4.11","13.93","On","12.915321,77.717634",
"08-Sep-2026 17:28:31","12.32","4.11","13.93","On","12.914929,77.716853",
"08-Sep-2026 17:28:36","31.88","4.11","13.93","On","12.915309,77.71678",
"08-Sep-2026 17:28:41","36.28","4.11","13.93","On","12.915692,77.716811",
"08-Sep-2026 17:28:41","36.28","4.11","13.91","On","12.915692,77.716811",
"08-Sep-2026 17:28:46","35.75","4.11","13.91","On","12.916088,77.716833",
"08-Sep-2026 17:29:06","20.34","4.11","13.91","On","12.917101,77.716768",
"08-Sep-2026 17:29:11","8.08","4.11","13.91","On","12.917238,77.716765",
"08-Sep-2026 17:29:11","11.79","4.11","13.93","On","12.917359,77.716743",
"08-Sep-2026 17:29:41","1.43","4.11","13.88","On","12.917605,77.71681",
"08-Sep-2026 17:30:11","0.4","4.11","13.93","On","12.917635,77.716881",
"08-Sep-2026 17:30:41","0.8","4.11","13.93","On","12.917631,77.716886",
"08-Sep-2026 17:31:11","0.55","4.11","13.95","On","12.917621,77.716917",
"08-Sep-2026 17:31:41","6","4.11","13.93","On","12.917685,77.717557",
"08-Sep-2026 17:32:11","0.12","4.11","13.93","On","12.917722,77.717799",
"08-Sep-2026 17:32:41","0.29","4.11","13.93","On","12.91775,77.717805",
"08-Sep-2026 17:33:11","0.15","4.11","13.95","On","12.917742,77.717808",
"08-Sep-2026 17:33:41","0.21","4.11","13.95","On","12.917748,77.717808",
"08-Sep-2026 17:34:11","0.24","4.11","13.95","On","12.917748,77.717805",
"08-Sep-2026 17:34:41","0.1","4.11","13.95","On","12.917745,77.717788",
"08-Sep-2026 17:35:11","0.28","4.11","13.93","On","12.917761,77.717794",
"08-Sep-2026 17:35:41","0.28","4.11","13.95","On","12.917763,77.717785",
"08-Sep-2026 17:36:11","0.34","4.11","13.95","On","12.917774,77.717783",
"08-Sep-2026 17:36:41","0.53","4.11","13.93","On","12.917784,77.717792",
"08-Sep-2026 17:37:11","0.31","4.11","13.95","On","12.917798,77.717799",
"08-Sep-2026 17:37:41","0.21","4.11","13.95","On","12.91782,77.717812",
"08-Sep-2026 17:38:11","0.36","4.11","13.93","On","12.91783,77.71781",
"08-Sep-2026 17:38:41","3.13","4.11","13.93","On","12.917881,77.717844",
"08-Sep-2026 17:39:11","10.66","4.11","13.93","On","12.917825,77.717592",
"08-Sep-2026 17:39:11","10.66","4.11","13.91","On","12.917825,77.717592",
"08-Sep-2026 17:39:41","1.61","4.11","13.93","On","12.917653,77.716922",
"08-Sep-2026 17:39:46","5.1","4.11","13.93","On","12.91763,77.716896",
"08-Sep-2026 17:40:11","9.13","4.11","13.93","On","12.917225,77.716922",
"08-Sep-2026 17:40:26","13.29","4.11","13.93","On","12.916822,77.716904",
"08-Sep-2026 17:40:41","8.08","4.11","13.93","On","12.916355,77.716897",
"08-Sep-2026 17:40:56","7.85","4.11","13.93","On","12.916052,77.716883",
"08-Sep-2026 17:41:11","6.85","4.11","13.93","On","12.915676,77.716867",
"08-Sep-2026 17:41:41","10.94","4.11","13.93","On","12.915216,77.716852",
"08-Sep-2026 17:42:01","15.51","4.11","13.93","On","12.915014,77.717012",
"08-Sep-2026 17:42:11","13.41","4.11","13.91","On","12.915363,77.717603",
"08-Sep-2026 17:42:36","30.78","4.11","13.91","On","12.915886,77.718797",
"08-Sep-2026 17:42:41","32.88","4.11","13.91","On","12.915835,77.719123",
"08-Sep-2026 17:43:01","51.3","4.11","13.91","On","12.915626,77.721153",
"08-Sep-2026 17:43:06","33.5","4.11","13.91","On","12.91565,77.72206",
"08-Sep-2026 17:43:11","29.22","4.11","13.88","On","12.915598,77.722341",
"08-Sep-2026 17:43:41","7.72","4.11","13.91","On","12.915646,77.723743",
"08-Sep-2026 17:43:46","25.96","4.11","13.91","On","12.915692,77.724148",
"08-Sep-2026 17:44:06","23.45","4.11","13.91","On","12.916123,77.724826",
"08-Sep-2026 17:44:11","16.37","4.11","13.91","On","12.916344,77.724939",
"08-Sep-2026 17:44:41","5.05","4.11","13.93","On","12.917174,77.725396",
"08-Sep-2026 17:44:51","5.12","4.11","13.93","On","12.917396,77.725608",
"08-Sep-2026 17:45:11","13.39","4.11","13.93","On","12.917673,77.726026",
"08-Sep-2026 17:45:16","22.97","4.11","13.93","On","12.917746,77.726216",
"08-Sep-2026 17:45:41","18.7","4.11","13.91","On","12.918005,77.727534",
"08-Sep-2026 17:46:11","40.27","4.11","13.91","On","12.918185,77.730046",
"08-Sep-2026 17:46:41","32.76","4.11","13.93","On","12.918478,77.732193",
"08-Sep-2026 17:47:11","5.51","4.11","13.88","On","12.918712,77.733878",
"08-Sep-2026 17:47:41","0.51","4.11","13.91","On","12.91872,77.733907",
"08-Sep-2026 17:48:06","1.81","4.11","13.91","On","12.918748,77.734154",
"08-Sep-2026 17:48:11","0.17","4.11","13.91","On","12.918748,77.734158",
"08-Sep-2026 17:48:41","0.21","4.11","13.91","On","12.918763,77.734304",
"08-Sep-2026 17:49:11","1.02","4.11","13.91","On","12.918802,77.734564",
"08-Sep-2026 17:49:36","10.15","4.11","13.91","On","12.918884,77.734845",
"08-Sep-2026 17:49:41","3.86","4.11","13.88","On","12.918929,77.734931",
"08-Sep-2026 17:49:46","4.29","4.11","13.88","On","12.918972,77.734944",
"08-Sep-2026 17:50:11","10.03","4.11","13.88","On","12.919415,77.73473",
"08-Sep-2026 17:50:11","10.03","4.11","13.91","On","12.919415,77.73473",
"08-Sep-2026 17:50:21","4.43","4.11","13.91","On","12.919647,77.734761",
"08-Sep-2026 17:50:36","13.2","4.11","13.91","On","12.919921,77.734872",
"08-Sep-2026 17:50:41","10.9","4.11","13.91","On","12.920063,77.73487",
"08-Sep-2026 17:50:41","10.9","4.11","13.93","On","12.920063,77.73487",
"08-Sep-2026 17:50:51","19.07","4.11","13.93","On","12.92053,77.734922",
"08-Sep-2026 17:51:01","6.62","4.11","13.93","On","12.920806,77.734931",
"08-Sep-2026 17:51:11","11.96","4.11","13.91","On","12.920934,77.734635",
"08-Sep-2026 17:51:16","14.89","4.11","13.91","On","12.92101,77.734555",
"08-Sep-2026 17:51:31","20.64","4.11","13.91","On","12.921289,77.734158",
"08-Sep-2026 17:51:41","21.6","4.11","13.88","On","12.921427,77.733712",
"08-Sep-2026 17:52:11","21.45","4.11","13.88","On","12.92227,77.731432",
"08-Sep-2026 17:52:26","9.1","4.11","13.88","On","12.922387,77.731094",
"08-Sep-2026 17:52:36","10.61","4.11","13.88","On","12.922726,77.730731",
"08-Sep-2026 17:52:41","11.59","4.11","13.91","On","12.922803,77.730697",
"08-Sep-2026 17:52:51","7.88","4.11","13.91","On","12.923263,77.730575",
"08-Sep-2026 17:53:11","10.67","4.11","13.93","On","12.923763,77.730291",
"08-Sep-2026 17:53:41","29.39","4.11","13.91","On","12.924764,77.729701",
"08-Sep-2026 17:54:11","11.34","4.11","13.95","On","12.925928,77.728856",
"08-Sep-2026 17:54:36","11.97","4.11","13.95","On","12.926428,77.728819",
"08-Sep-2026 17:54:41","17.22","4.11","13.93","On","12.926574,77.728885",
"08-Sep-2026 17:54:56","17.99","4.11","13.93","On","12.92725,77.729122",
"08-Sep-2026 17:55:01","30.36","4.11","13.93","On","12.927466,77.72913",
"08-Sep-2026 17:55:06","26.44","4.11","13.93","On","12.927789,77.729135",
"08-Sep-2026 17:55:11","5.66","4.11","13.93","On","12.928085,77.729169",
"08-Sep-2026 17:55:41","21.84","4.11","13.93","On","12.929235,77.729377",
"08-Sep-2026 17:55:56","12.04","4.11","13.93","On","12.929821,77.729519",
"08-Sep-2026 17:56:01","14.74","4.11","13.93","On","12.929876,77.729627",
"08-Sep-2026 17:56:06","19.82","4.11","13.93","On","12.929849,77.729816",
"08-Sep-2026 17:56:11","24.03","4.11","13.91","On","12.929761,77.730291",
"08-Sep-2026 17:56:41","27.56","4.11","13.93","On","12.929626,77.731641",
"08-Sep-2026 17:56:51","0.05","4.11","13.93","On","12.929749,77.732073",
"08-Sep-2026 17:57:11","2.14","4.11","13.88","On","12.929733,77.732071",
"08-Sep-2026 17:57:41","0.19","4.11","13.93","On","12.929711,77.732144",
"08-Sep-2026 17:58:11","5.24","4.11","13.93","On","12.929654,77.732142",
"08-Sep-2026 17:58:21","10.17","4.11","13.93","On","12.929567,77.732218",
"08-Sep-2026 17:58:26","7.94","4.11","13.93","On","12.929582,77.732321",
"08-Sep-2026 17:58:41","2.05","4.11","13.93","On","12.929725,77.732532",
"08-Sep-2026 17:59:11","0.36","4.11","13.86","On","12.929721,77.732529",
"08-Sep-2026 17:59:41","0.23","4.11","13.86","On","12.929711,77.732513",
"08-Sep-2026 18:00:11","0.33","4.11","13.86","On","12.929706,77.732505",
"08-Sep-2026 18:00:41","11.62","4.11","13.86","On","12.929583,77.73262",
"08-Sep-2026 18:00:41","11.62","4.11","13.88","On","12.929583,77.73262",
"08-Sep-2026 18:00:56","13.91","4.11","13.88","On","12.929633,77.733091",
"08-Sep-2026 18:01:11","6.62","4.11","13.91","On","12.929968,77.733256",
"08-Sep-2026 18:01:26","12.57","4.11","13.91","On","12.930235,77.733332",
"08-Sep-2026 18:01:41","11.54","4.11","13.91","On","12.93068,77.733413",
"08-Sep-2026 18:01:46","8.01","4.11","13.91","On","12.930777,77.733401",
"08-Sep-2026 18:01:56","14.6","4.11","13.91","On","12.93101,77.733316",
"08-Sep-2026 18:02:01","13.17","4.11","13.91","On","12.931145,77.733258",
"08-Sep-2026 18:02:06","6.25","4.11","13.91","On","12.931237,77.733199",
"08-Sep-2026 18:02:11","7.44","4.11","13.91","On","12.931412,77.733158",
"08-Sep-2026 18:02:16","11.83","4.11","13.91","On","12.931503,77.733139",
"08-Sep-2026 18:02:21","16.59","4.11","13.91","On","12.931673,77.733109",
"08-Sep-2026 18:02:36","8.04","4.11","13.91","On","12.932121,77.733003",
"08-Sep-2026 18:02:41","10.89","4.11","13.91","On","12.932197,77.73296",
"08-Sep-2026 18:02:46","12.13","4.11","13.91","On","12.932337,77.732901",
"08-Sep-2026 18:02:51","11.48","4.11","13.91","On","12.932429,77.732825",
"08-Sep-2026 18:02:56","20.74","4.11","13.91","On","12.932385,77.732616",
"08-Sep-2026 18:03:11","4.72","4.11","13.91","On","12.932042,77.732541",
"08-Sep-2026 18:03:16","11.91","4.11","13.91","On","12.932023,77.732411",
"08-Sep-2026 18:03:36","11.09","4.11","13.91","On","12.931961,77.73199",
"08-Sep-2026 18:03:41","2.52","4.11","13.91","On","12.931905,77.731991",
"08-Sep-2026 18:04:01","9.77","4.11","13.91","On","12.931695,77.731937",
"08-Sep-2026 18:04:11","2.65","4.11","13.91","On","12.93158,77.731908",
"08-Sep-2026 18:04:41","0.09","4.11","13.59","Off","12.931572,77.731891",
"08-Sep-2026 18:05:11","0.39","4.11","13.52","Off","12.931561,77.731914",
"08-Sep-2026 18:05:41","0.25","4.11","13.52","Off","12.93154,77.731923",
"08-Sep-2026 18:06:11","0.94","4.11","13.5","Off","12.931583,77.731893",
"08-Sep-2026 18:06:41","0.52","4.11","13.47","Off","12.931548,77.731888",
"08-Sep-2026 18:07:11","0.55","4.11","13.42","Off","12.931519,77.731912",
"08-Sep-2026 18:07:16","0.55","4.11","13.42","Off","12.931519,77.731912",
"08-Sep-2026 18:07:54","0.55","4.11","13.4","Off","12.931519,77.731912",
"08-Sep-2026 18:07:54","0.9","4.11","13.4","Off","12.931529,77.731886",
"08-Sep-2026 18:08:11","11.55","4.11","13.4","Off","12.931477,77.73187",
"08-Sep-2026 18:08:11","11.55","4.11","13.69","On","12.931477,77.73187",
"08-Sep-2026 18:08:31","4.81","4.11","13.69","On","12.931154,77.731792",
"08-Sep-2026 18:08:36","18.38","4.11","13.69","On","12.931299,77.73188",
"08-Sep-2026 18:08:41","17.54","4.11","13.88","On","12.931544,77.731902",
"08-Sep-2026 18:09:01","18.27","4.11","13.88","On","12.932052,77.732296",
"08-Sep-2026 18:09:11","6.59","4.11","13.88","On","12.932022,77.73254",
"08-Sep-2026 18:09:11","6.59","4.11","13.91","On","12.932022,77.73254",
"08-Sep-2026 18:09:16","10.34","4.11","13.91","On","12.932099,77.732595",
"08-Sep-2026 18:09:26","18.08","4.11","13.91","On","12.932465,77.732774",
"08-Sep-2026 18:09:31","19.68","4.11","13.91","On","12.932397,77.732948",
"08-Sep-2026 18:09:41","7.69","4.11","13.91","On","12.93195,77.733171",
"08-Sep-2026 18:09:41","7.69","4.11","13.91","On","12.93195,77.733171",
"08-Sep-2026 18:09:46","22.09","4.11","13.91","On","12.931792,77.733147",
"08-Sep-2026 18:10:01","17.84","4.11","13.91","On","12.931254,77.73315",
"08-Sep-2026 18:10:06","18.35","4.11","13.91","On","12.931087,77.733254",
"08-Sep-2026 18:10:11","14.55","4.11","13.95","On","12.930903,77.733253",
"08-Sep-2026 18:10:16","12.48","4.11","13.95","On","12.930829,77.733345",
"08-Sep-2026 18:10:21","12.63","4.11","13.95","On","12.930602,77.733388",
"08-Sep-2026 18:10:41","12.98","4.11","13.93","On","12.929906,77.733231",
"08-Sep-2026 18:10:46","18.1","4.11","13.93","On","12.929762,77.733156",
"08-Sep-2026 18:10:56","15.45","4.11","13.93","On","12.929502,77.732954",
"08-Sep-2026 18:11:01","16.48","4.11","13.93","On","12.929576,77.732659",
"08-Sep-2026 18:11:11","2.82","4.11","13.93","On","12.929567,77.73237",
"08-Sep-2026 18:11:41","24.35","4.11","13.95","On","12.929592,77.730947",
"08-Sep-2026 18:12:01","10.54","4.11","13.95","On","12.929798,77.729555",
"08-Sep-2026 18:12:11","19.59","4.11","13.95","On","12.929548,77.729481",
"08-Sep-2026 18:12:41","12.83","4.11","13.95","On","12.928042,77.729145",
"08-Sep-2026 18:12:41","12.83","4.11","13.95","On","12.928042,77.729145",
"08-Sep-2026 18:13:11","0.27","4.11","13.93","On","12.926613,77.728918",
"08-Sep-2026 18:13:31","0.95","4.11","13.93","On","12.92649,77.728871",
"08-Sep-2026 18:13:41","0.19","4.11","13.95","On","12.926457,77.728865",
"08-Sep-2026 18:14:11","3.88","4.11","13.93","On","12.926369,77.728864",
"08-Sep-2026 18:14:21","14.26","4.11","13.93","On","12.92608,77.728886",
"08-Sep-2026 18:14:36","36.7","4.11","13.93","On","12.925435,77.729181",
"08-Sep-2026 18:14:41","34.95","4.11","13.95","On","12.925041,77.729535",
"08-Sep-2026 18:14:56","24.84","4.11","13.95","On","12.924239,77.730122",
"08-Sep-2026 18:15:11","26.84","4.11","13.95","On","12.923507,77.73048",
"08-Sep-2026 18:15:31","25.86","4.11","13.95","On","12.922467,77.731031",
"08-Sep-2026 18:15:41","22.46","4.11","13.93","On","12.922251,77.731709",
"08-Sep-2026 18:16:11","21.25","4.11","13.95","On","12.921552,77.733374",
"08-Sep-2026 18:16:26","10.7","4.11","13.95","On","12.921424,77.733816",
"08-Sep-2026 18:16:41","8.82","4.11","13.93","On","12.921275,77.734236",
"08-Sep-2026 18:17:11","8.92","4.11","13.93","On","12.921265,77.734876",
"08-Sep-2026 18:17:31","0.5","4.11","13.93","On","12.92124,77.735182",
"08-Sep-2026 18:17:41","0.55","4.11","13.93","On","12.921234,77.735202",
"08-Sep-2026 18:18:11","2.39","4.11","13.93","On","12.921247,77.735266",
"08-Sep-2026 18:18:41","1.06","4.11","13.93","On","12.921244,77.735311",
"08-Sep-2026 18:19:11","0.31","4.11","13.95","On","12.921226,77.735394",
"08-Sep-2026 18:19:41","0.94","4.11","13.93","On","12.921221,77.735393",
"08-Sep-2026 18:20:11","10.92","4.11","13.95","On","12.921228,77.735472",
"08-Sep-2026 18:20:31","10.92","4.11","13.95","On","12.921259,77.736194",
"08-Sep-2026 18:20:36","0.74","4.11","13.95","On","12.921267,77.736215",
"08-Sep-2026 18:20:41","0.29","4.11","13.93","On","12.921269,77.736241",
"08-Sep-2026 18:21:11","0.46","4.11","13.93","On","12.921295,77.736255",
"08-Sep-2026 18:21:41","0.23","4.11","13.91","On","12.921307,77.736294",
"08-Sep-2026 18:22:11","0.27","4.11","13.93","On","12.921306,77.736294",
"08-Sep-2026 18:22:41","0.04","4.11","13.93","On","12.921307,77.736305",
"08-Sep-2026 18:23:11","1","4.11","13.91","On","12.921295,77.736309",
"08-Sep-2026 18:23:41","6","4.11","13.91","On","12.921195,77.736453",
"08-Sep-2026 18:23:46","10.61","4.11","13.91","On","12.921107,77.736471",
"08-Sep-2026 18:23:51","13.06","4.11","13.91","On","12.920989,77.736516",
"08-Sep-2026 18:23:56","12.98","4.11","13.91","On","12.920922,77.736608",
"08-Sep-2026 18:24:11","8.09","4.11","13.93","On","12.920869,77.737016",
"08-Sep-2026 18:24:41","8.43","4.11","13.95","On","12.920568,77.738714",
"08-Sep-2026 18:24:51","27.05","4.11","13.95","On","12.920631,77.73906",
"08-Sep-2026 18:25:06","28.88","4.11","13.95","On","12.920715,77.739956",
"08-Sep-2026 18:25:11","15.88","4.11","13.93","On","12.920621,77.740174",
"08-Sep-2026 18:25:16","18.47","4.11","13.93","On","12.920547,77.740296",
"08-Sep-2026 18:25:26","10.19","4.11","13.93","On","12.920378,77.740697",
"08-Sep-2026 18:25:41","9.87","4.11","13.93","On","12.920326,77.74132",
"08-Sep-2026 18:26:11","5.02","4.11","13.95","On","12.920239,77.74199",
"08-Sep-2026 18:26:41","25.39","4.11","13.93","On","12.920189,77.74284",
"08-Sep-2026 18:27:11","33.36","4.11","13.95","On","12.919973,77.744535",
"08-Sep-2026 18:27:41","42.7","4.11","13.91","On","12.919685,77.746666",
"08-Sep-2026 18:28:11","44.83","4.11","13.95","On","12.919114,77.749969",
"08-Sep-2026 18:28:41","37.62","4.11","13.93","On","12.918465,77.75267",
"08-Sep-2026 18:29:11","11.27","4.11","13.93","On","12.918182,77.754594",
"08-Sep-2026 18:29:11","11.27","4.11","13.88","On","12.918182,77.754594",
"08-Sep-2026 18:29:16","16.14","4.11","13.88","On","12.918073,77.754604",
"08-Sep-2026 18:29:41","29.03","4.11","13.93","On","12.916452,77.754185",
"08-Sep-2026 18:29:46","3.41","4.11","13.93","On","12.916076,77.754111",
"08-Sep-2026 18:30:11","1.07","4.11","13.93","On","12.915973,77.754044",
"08-Sep-2026 18:30:16","13.59","4.11","13.93","On","12.915913,77.754032",
"08-Sep-2026 18:30:41","20.93","4.11","13.95","On","12.914856,77.753759",
"08-Sep-2026 18:31:11","12.02","4.11","13.93","On","12.913779,77.753491",
"08-Sep-2026 18:31:41","10.01","4.11","13.93","On","12.912928,77.753129",
"08-Sep-2026 18:32:01","25.22","4.11","13.93","On","12.912268,77.753072",
"08-Sep-2026 18:32:06","21.05","4.11","13.93","On","12.911881,77.753451",
"08-Sep-2026 18:32:11","21.78","4.11","13.95","On","12.911817,77.753677",
"08-Sep-2026 18:32:21","6.78","4.11","13.95","On","12.911777,77.753959",
"08-Sep-2026 18:32:41","0.31","4.11","13.88","On","12.911799,77.753979",
"08-Sep-2026 18:32:51","11.34","4.11","13.88","On","12.911895,77.754065",
"08-Sep-2026 18:32:56","5.2","4.11","13.88","On","12.911926,77.754117",
"08-Sep-2026 18:33:11","11.63","4.11","13.93","On","12.91231,77.754183",
"08-Sep-2026 18:33:21","15.66","4.11","13.93","On","12.912448,77.754339",
"08-Sep-2026 18:33:31","10.91","4.11","13.93","On","12.912544,77.754621",
"08-Sep-2026 18:33:41","12.67","4.11","13.93","On","12.912848,77.75468",
"08-Sep-2026 18:34:11","4.97","4.11","13.93","On","12.913726,77.754824",
"08-Sep-2026 18:34:11","4.97","4.11","13.93","On","12.913726,77.754824",
"08-Sep-2026 18:34:31","15.19","4.11","13.93","On","12.91364,77.754851",
"08-Sep-2026 18:34:41","15.32","4.11","13.91","On","12.91333,77.754798",
"08-Sep-2026 18:35:11","0.29","4.11","13.93","On","12.913006,77.754742",
"08-Sep-2026 18:35:41","0.16","4.11","13.95","On","12.912987,77.754722",
"08-Sep-2026 18:36:11","0.16","4.11","13.98","On","12.912984,77.754708",
"08-Sep-2026 18:36:41","0.35","4.11","13.95","On","12.912978,77.754706",
"08-Sep-2026 18:37:11","0.19","4.11","13.98","On","12.912976,77.754702",
"08-Sep-2026 18:37:41","0.43","4.11","13.93","On","12.912967,77.754701",
"08-Sep-2026 18:38:11","0.78","4.11","13.95","On","12.912964,77.754695",
"08-Sep-2026 18:38:41","0.48","4.11","13.98","On","12.912961,77.754688",
"08-Sep-2026 18:39:11","0.22","4.11","13.95","On","12.912955,77.754685",
"08-Sep-2026 18:39:41","0.25","4.11","13.95","On","12.912969,77.754691",
"08-Sep-2026 18:40:11","1.17","4.11","13.95","On","12.912961,77.754682",
"08-Sep-2026 18:40:41","0.26","4.11","13.95","On","12.912952,77.754673",
"08-Sep-2026 18:41:11","0.28","4.11","13.95","On","12.91295,77.75468",
"08-Sep-2026 18:41:41","0.57","4.11","13.95","On","12.912957,77.754688",
"08-Sep-2026 18:42:11","0.45","4.11","13.95","On","12.91295,77.754688",
"08-Sep-2026 18:42:41","0.26","4.11","13.95","On","12.912954,77.754696",
"08-Sep-2026 18:43:11","0.44","4.11","13.98","On","12.91296,77.754703",
"08-Sep-2026 18:43:41","0.65","4.11","13.98","On","12.912962,77.754705",
"08-Sep-2026 18:44:11","0.35","4.11","13.98","On","12.912958,77.754711",
"08-Sep-2026 18:44:41","0.14","4.11","13.98","On","12.912952,77.754708",
"08-Sep-2026 18:45:11","0.11","4.11","13.98","On","12.912965,77.754717",
"08-Sep-2026 18:45:41","0.27","4.11","13.98","On","12.912959,77.754723",
"08-Sep-2026 18:46:11","0.24","4.11","13.98","On","12.912949,77.754716",
"08-Sep-2026 18:46:41","0.47","4.11","13.98","On","12.912941,77.754716",
"08-Sep-2026 18:47:11","0.35","4.11","13.95","On","12.912941,77.75471",
"08-Sep-2026 18:47:41","0.62","4.11","13.98","On","12.912947,77.75471",
"08-Sep-2026 18:48:11","0.42","4.11","13.95","On","12.912953,77.75471",
"08-Sep-2026 18:48:41","0.56","4.11","13.95","On","12.912947,77.754706",
"08-Sep-2026 18:49:11","0.48","4.11","13.95","On","12.912958,77.754719",
"08-Sep-2026 18:49:41","0.52","4.11","13.98","On","12.912958,77.754715",
"08-Sep-2026 18:50:11","0.16","4.11","13.98","On","12.912962,77.754722",
"08-Sep-2026 18:50:41","0.65","4.11","13.98","On","12.912975,77.754723",
"08-Sep-2026 18:51:11","20.97","4.11","13.76","On","12.91283,77.754675",
"08-Sep-2026 18:51:21","21.88","4.11","13.76","On","12.91241,77.754431",
"08-Sep-2026 18:51:26","11.79","4.11","13.76","On","12.912438,77.754257",
"08-Sep-2026 18:51:31","13.15","4.11","13.76","On","12.912342,77.754203",
"08-Sep-2026 18:51:41","9.95","4.11","13.76","On","12.911863,77.7541",
"08-Sep-2026 18:51:41","9.95","4.11","13.59","On","12.911863,77.7541",
"08-Sep-2026 18:52:11","0.21","4.11","13.59","On","12.911737,77.75398",
"08-Sep-2026 18:52:41","1.43","4.11","13.54","On","12.91168,77.753965",
"08-Sep-2026 18:52:51","13.4","4.11","13.54","On","12.911703,77.753865",
"08-Sep-2026 18:53:06","19","4.11","13.54","On","12.91193,77.753311",
"08-Sep-2026 18:53:11","20.82","4.11","13.57","On","12.912116,77.753168",
"08-Sep-2026 18:53:16","13.11","4.11","13.57","On","12.912354,77.752989",
"08-Sep-2026 18:53:21","21.04","4.11","13.57","On","12.912517,77.753015",
"08-Sep-2026 18:53:41","20.81","4.11","13.57","On","12.913455,77.753348",
"08-Sep-2026 18:54:11","14.12","4.11","13.57","On","12.914456,77.753627",
"08-Sep-2026 18:54:41","15.53","4.11","13.59","On","12.91554,77.753908",
"08-Sep-2026 18:55:11","12.58","4.11","13.59","On","12.916474,77.754171",
"08-Sep-2026 18:55:41","11.27","4.11","13.57","On","12.917481,77.75443",
"08-Sep-2026 18:56:06","7.07","4.11","13.57","On","12.918182,77.754562",
"08-Sep-2026 18:56:11","10.56","4.11","13.57","On","12.9182,77.754472",
"08-Sep-2026 18:56:11","10.56","4.11","13.57","On","12.9182,77.754472",
"08-Sep-2026 18:56:41","20.4","4.11","13.57","On","12.91831,77.753319",
"08-Sep-2026 18:57:11","27","4.11","13.57","On","12.918645,77.751751",
"08-Sep-2026 18:57:41","24.48","4.11","13.57","On","12.919109,77.749753",
"08-Sep-2026 18:58:11","25.69","4.11","13.57","On","12.91944,77.748117",
"08-Sep-2026 18:58:41","7.82","4.11","13.52","On","12.919735,77.746234",
"08-Sep-2026 18:59:11","30.44","4.11","13.57","On","12.919913,77.74479",
"08-Sep-2026 18:59:41","10.68","4.11","13.57","On","12.92016,77.742922",
"08-Sep-2026 19:00:11","6.99","4.11","13.57","On","12.920184,77.742248",
"08-Sep-2026 19:00:41","8.99","4.11","13.57","On","12.920274,77.741525",
"08-Sep-2026 19:01:11","18.47","4.11","13.57","On","12.920432,77.740364",
"08-Sep-2026 19:01:11","18.47","4.11","13.57","On","12.920432,77.740364",
"08-Sep-2026 19:01:21","20.72","4.11","13.57","On","12.920687,77.739799",
"08-Sep-2026 19:01:41","13.8","4.11","13.57","On","12.920561,77.738987",
"08-Sep-2026 19:01:41","13.8","4.11","13.59","On","12.920561,77.738987",
"08-Sep-2026 19:01:51","7.29","4.11","13.59","On","12.920535,77.738768",
"08-Sep-2026 19:02:11","18.84","4.11","13.59","On","12.920709,77.737816",
"08-Sep-2026 19:02:41","11.56","4.11","13.59","On","12.92084,77.736664",
"08-Sep-2026 19:02:56","14.04","4.11","13.59","On","12.920705,77.73646",
"08-Sep-2026 19:03:11","21.46","4.11","13.54","On","12.919969,77.736451",
"08-Sep-2026 19:03:41","0.06","4.11","13.52","On","12.9196,77.736478",
"08-Sep-2026 19:04:11","1.6","4.11","13.5","On","12.919578,77.736481",
"08-Sep-2026 19:04:41","0.1","4.11","13.57","On","12.919585,77.736491",
"08-Sep-2026 19:05:11","0.03","4.11","13.54","On","12.919587,77.7365",
"08-Sep-2026 19:05:41","0.4","4.11","13.57","On","12.919588,77.736492",
"08-Sep-2026 19:06:11","0.45","4.11","13.57","On","12.919591,77.736481",
"08-Sep-2026 19:06:41","0.27","4.11","13.57","On","12.919584,77.736489",
"08-Sep-2026 19:07:11","0.17","4.11","13.57","On","12.919581,77.736494",
"08-Sep-2026 19:07:41","0.15","4.11","13.59","On","12.919579,77.736509",
"08-Sep-2026 19:08:11","0.54","4.11","13.57","On","12.919568,77.736496",
"08-Sep-2026 19:08:41","0.04","4.11","13.59","On","12.919573,77.736496",
"08-Sep-2026 19:09:11","0.34","4.11","13.62","On","12.919561,77.736499",
"08-Sep-2026 19:09:41","0.2","4.11","13.59","On","12.919542,77.736495",
"08-Sep-2026 19:10:11","0.08","4.11","13.57","On","12.919547,77.73649",
"08-Sep-2026 19:10:41","0.21","4.11","13.57","On","12.919557,77.736472",
"08-Sep-2026 19:11:11","0.32","4.11","13.54","On","12.919456,77.73647",
"08-Sep-2026 19:11:41","0.55","4.11","13.57","On","12.919301,77.736477",
"08-Sep-2026 19:12:11","0.32","4.11","13.59","On","12.919294,77.736464",
"08-Sep-2026 19:12:41","0.44","4.11","13.57","On","12.919278,77.736464",
"08-Sep-2026 19:13:11","0.48","4.11","13.62","On","12.919279,77.736472",
"08-Sep-2026 19:13:41","6.38","4.11","13.62","On","12.919223,77.736428",
"08-Sep-2026 19:13:41","6.38","4.11","13.62","On","12.919223,77.736428",
"08-Sep-2026 19:14:11","0.48","4.11","13.62","On","12.919182,77.7361",
"08-Sep-2026 19:14:41","1.37","4.11","13.62","On","12.91919,77.73596",
"08-Sep-2026 19:15:11","5.26","4.11","13.59","On","12.919218,77.735495",
"08-Sep-2026 19:15:41","4.2","4.11","13.62","On","12.918933,77.735011",
"08-Sep-2026 19:16:11","0.06","4.11","13.62","On","12.918895,77.7349",
"08-Sep-2026 19:16:41","6.74","4.11","13.62","On","12.918803,77.734719",
"08-Sep-2026 19:16:51","12.14","4.11","13.62","On","12.918718,77.734459",
"08-Sep-2026 19:17:11","16.58","4.11","13.59","On","12.918604,77.733506",
"08-Sep-2026 19:17:41","19.28","4.11","13.62","On","12.918417,77.732202",
"08-Sep-2026 19:18:11","12","4.11","13.59","On","12.91821,77.730653",
"08-Sep-2026 19:18:16","4.12","4.11","13.59","On","12.918199,77.730564",
"08-Sep-2026 19:18:31","10.23","4.11","13.59","On","12.918178,77.730286",
"08-Sep-2026 19:18:41","15.09","4.11","13.59","On","12.918147,77.730054",
"08-Sep-2026 19:19:11","29.47","4.11","13.59","On","12.918011,77.728301",
"08-Sep-2026 19:19:41","24.77","4.11","13.59","On","12.917787,77.726485",
"08-Sep-2026 19:19:46","26.51","4.11","13.59","On","12.917729,77.726231",
"08-Sep-2026 19:19:56","13.2","4.11","13.59","On","12.917437,77.725727",
"08-Sep-2026 19:20:11","24.39","4.11","13.62","On","12.916863,77.725239",
"08-Sep-2026 19:20:41","25.14","4.11","13.62","On","12.915904,77.724767",
"08-Sep-2026 19:20:51","18.07","4.11","13.62","On","12.915689,77.724454",
"08-Sep-2026 19:21:11","20.43","4.11","13.59","On","12.915538,77.723138",
"08-Sep-2026 19:21:41","27.14","4.11","13.59","On","12.915655,77.721684",
"08-Sep-2026 19:22:01","34.19","4.11","13.59","On","12.915577,77.720048",
"08-Sep-2026 19:22:11","32.35","4.11","13.59","On","12.915721,77.719362",
"08-Sep-2026 19:22:21","28.47","4.11","13.59","On","12.915811,77.718396",
"08-Sep-2026 19:22:31","23.85","4.11","13.59","On","12.915541,77.71797",
"08-Sep-2026 19:22:41","24.68","4.11","13.59","On","12.915159,77.717358",
"08-Sep-2026 19:23:11","17.41","4.11","13.59","On","12.914266,77.716085",
"08-Sep-2026 19:23:36","25.53","4.11","13.59","On","12.912996,77.71507",
"08-Sep-2026 19:23:41","19.6","4.11","13.62","On","12.912789,77.714958",
"08-Sep-2026 19:23:56","20.37","4.11","13.62","On","12.91224,77.714432",
"08-Sep-2026 19:24:11","19.85","4.11","13.62","On","12.912541,77.713808",
"08-Sep-2026 19:24:26","18.6","4.11","13.62","On","12.912904,77.713021",
"08-Sep-2026 19:24:36","28.57","4.11","13.62","On","12.912495,77.712773",
"08-Sep-2026 19:24:41","26.77","4.11","13.62","On","12.912221,77.712765",
"08-Sep-2026 19:25:11","39.59","4.11","13.64","On","12.910022,77.712864",
"08-Sep-2026 19:25:16","44.88","4.11","13.64","On","12.909313,77.712526",
"08-Sep-2026 19:25:41","38.31","4.11","13.64","On","12.90712,77.711172",
"08-Sep-2026 19:26:11","20.43","4.11","13.59","On","12.90455,77.709881",
"08-Sep-2026 19:26:41","35.1","4.11","13.62","On","12.901668,77.708573",
"08-Sep-2026 19:26:46","17.58","4.11","13.62","On","12.901413,77.708489",
"08-Sep-2026 19:26:51","6.09","4.11","13.62","On","12.901308,77.708496",
"08-Sep-2026 19:27:01","10.15","4.11","13.62","On","12.901181,77.708696",
"08-Sep-2026 19:27:11","4.94","4.11","13.57","On","12.901093,77.708865",
"08-Sep-2026 19:27:36","2.45","4.11","13.57","On","12.900857,77.70922",
"08-Sep-2026 19:27:41","1.69","4.11","13.57","On","12.900848,77.70921",
"08-Sep-2026 19:27:51","22.76","4.11","13.57","On","12.900894,77.709056",
"08-Sep-2026 19:28:11","23.37","4.11","13.59","On","12.901548,77.707684",
"08-Sep-2026 19:28:41","46.05","4.11","13.59","On","12.902499,77.705778",
"08-Sep-2026 19:29:11","39.17","4.11","13.64","On","12.903636,77.703649",
"08-Sep-2026 19:29:41","40.85","4.11","13.62","On","12.904983,77.701145",
"08-Sep-2026 19:30:11","40.44","4.11","13.62","On","12.906339,77.698491",
"08-Sep-2026 19:30:41","3.45","4.11","13.62","On","12.906527,77.697748",
"08-Sep-2026 19:31:11","31.26","4.11","13.62","On","12.907153,77.695674",
"08-Sep-2026 19:31:41","28.34","4.11","13.64","On","12.907948,77.692642",
"08-Sep-2026 19:32:11","30.39","4.11","13.62","On","12.90835,77.691045",
"08-Sep-2026 19:32:41","46.03","4.11","13.64","On","12.909303,77.688097",
"08-Sep-2026 19:33:11","15.62","4.11","13.62","On","12.910037,77.686194",
"08-Sep-2026 19:33:41","11.63","4.11","13.62","On","12.910301,77.68553",
"08-Sep-2026 19:34:11","3.94","4.11","13.59","On","12.910443,77.685124",
"08-Sep-2026 19:34:41","1.51","4.11","13.62","On","12.910554,77.6848",
"08-Sep-2026 19:35:11","0.53","4.11","13.59","On","12.910621,77.684622",
"08-Sep-2026 19:35:41","0.58","4.11","13.62","On","12.91065,77.684563",
"08-Sep-2026 19:36:11","0.57","4.11","13.62","On","12.910656,77.684559",
"08-Sep-2026 19:36:41","0.4","4.11","13.64","On","12.910671,77.684549",
"08-Sep-2026 19:37:11","0.31","4.11","13.62","On","12.91067,77.684546",
"08-Sep-2026 19:37:41","0.32","4.11","13.64","On","12.910662,77.684545",
"08-Sep-2026 19:38:11","0.92","4.11","13.59","On","12.910659,77.684541",
"08-Sep-2026 19:38:41","0.64","4.11","13.59","On","12.910685,77.684476",
"08-Sep-2026 19:39:11","0.77","4.11","13.62","On","12.910703,77.684419",
"08-Sep-2026 19:39:41","0.39","4.11","13.62","On","12.910714,77.684423",
"08-Sep-2026 19:40:11","0.66","4.11","13.62","On","12.910738,77.684415",
"08-Sep-2026 19:40:41","0.35","4.11","13.62","On","12.910756,77.684433",
"08-Sep-2026 19:41:11","5.18","4.11","13.62","On","12.910844,77.68425",
"08-Sep-2026 19:41:41","15.08","4.11","13.62","On","12.911115,77.683471",
"08-Sep-2026 19:42:11","5","4.11","13.59","On","12.911272,77.683114",
"08-Sep-2026 19:42:41","8.39","4.11","13.59","On","12.911425,77.682798",
"08-Sep-2026 19:43:11","1.11","4.11","13.59","On","12.911621,77.682369",
"08-Sep-2026 19:43:41","5.41","4.11","13.62","On","12.911764,77.682087",
"08-Sep-2026 19:44:11","12.04","4.11","13.62","On","12.912088,77.681466",
"08-Sep-2026 19:44:41","12.44","4.11","13.59","On","12.912534,77.68057",
"08-Sep-2026 19:45:11","0.29","4.11","13.59","On","12.912783,77.680069",
"08-Sep-2026 19:45:41","0.48","4.11","13.59","On","12.912915,77.679813",
"08-Sep-2026 19:46:11","6.29","4.11","13.57","On","12.913025,77.679614",
"08-Sep-2026 19:46:41","0.31","4.11","13.62","On","12.913075,77.679546",
"08-Sep-2026 19:47:11","0.31","4.11","13.62","On","12.913175,77.679397",
"08-Sep-2026 19:47:41","0.16","4.11","13.62","On","12.913175,77.679398",
"08-Sep-2026 19:48:11","4.28","4.11","13.59","On","12.913267,77.679194",
"08-Sep-2026 19:48:41","3.65","4.11","13.59","On","12.913346,77.679051",
"08-Sep-2026 19:49:11","2.38","4.11","13.57","On","12.913398,77.678879",
"08-Sep-2026 19:49:41","5.46","4.11","13.59","On","12.913448,77.678712",
"08-Sep-2026 19:50:11","41.99","4.11","13.62","On","12.914082,77.677075",
"08-Sep-2026 19:50:41","41.73","4.11","13.59","On","12.915134,77.674754",
"08-Sep-2026 19:50:51","40.17","4.11","13.59","On","12.91594,77.673799",
"08-Sep-2026 19:51:11","26.2","4.11","13.59","On","12.916992,77.673066",
"08-Sep-2026 19:51:11","26.2","4.11","13.59","On","12.916992,77.673066",
"08-Sep-2026 19:51:41","24.22","4.11","13.59","On","12.917703,77.671734",
"08-Sep-2026 19:52:11","15.82","4.11","13.62","On","12.918349,77.670253",
"08-Sep-2026 19:52:41","3.61","4.11","13.59","On","12.918435,77.670005",
"08-Sep-2026 19:52:51","2.99","4.11","13.59","On","12.918449,77.669963",
"08-Sep-2026 19:53:11","2.51","4.11","13.59","On","12.918477,77.669843",
"08-Sep-2026 19:53:41","0.5","4.11","13.62","On","12.918535,77.669678",
"08-Sep-2026 19:54:11","26.44","4.11","13.59","On","12.918754,77.668993",
"08-Sep-2026 19:54:41","15.08","4.11","13.62","On","12.919635,77.66721",
"08-Sep-2026 19:55:11","20","4.11","13.62","On","12.92009,77.666206",
"08-Sep-2026 19:55:41","0.8","4.11","13.59","On","12.920169,77.665738",
"08-Sep-2026 19:56:11","0.58","4.11","13.59","On","12.92016,77.665689",
"08-Sep-2026 19:56:41","0.61","4.11","13.59","On","12.920202,77.665603",
"08-Sep-2026 19:57:11","2.55","4.11","13.62","On","12.920251,77.665464",
"08-Sep-2026 19:57:41","28.14","4.11","13.62","On","12.92068,77.664084",
"08-Sep-2026 19:58:11","15.8","4.11","13.62","On","12.921214,77.662279",
"08-Sep-2026 19:58:41","5.43","4.11","13.59","On","12.921495,77.661247",
"08-Sep-2026 19:59:11","3.6","4.11","13.59","On","12.921636,77.660899",
"08-Sep-2026 19:59:41","0.7","4.11","13.62","On","12.921799,77.660331",
"08-Sep-2026 20:00:11","13.72","4.11","13.59","On","12.921922,77.659909",
"08-Sep-2026 20:00:41","0.36","4.11","13.62","On","12.922021,77.659623",
"08-Sep-2026 20:01:11","0.26","4.11","13.59","On","12.922125,77.659333",
"08-Sep-2026 20:01:41","0.22","4.11","13.59","On","12.92224,77.659037",
"08-Sep-2026 20:02:11","0.82","4.11","13.59","On","12.922339,77.658711",
"08-Sep-2026 20:02:41","4.67","4.11","13.59","On","12.922448,77.658375",
"08-Sep-2026 20:03:11","7","4.11","13.59","On","12.922517,77.658185",
"08-Sep-2026 20:03:41","8.04","4.11","13.57","On","12.922686,77.657723",
"08-Sep-2026 20:04:11","9.77","4.11","13.54","On","12.922857,77.65728",
"08-Sep-2026 20:04:41","59.62","4.11","13.57","On","12.923702,77.654088",
"08-Sep-2026 20:05:11","59.87","4.11","13.59","On","12.924359,77.650008",
"08-Sep-2026 20:05:21","58.14","4.11","13.59","On","12.924216,77.648201",
"08-Sep-2026 20:05:41","46.92","4.11","13.59","On","12.923097,77.646162",
"08-Sep-2026 20:05:41","46.92","4.11","13.59","On","12.923097,77.646162",
"08-Sep-2026 20:06:11","0.56","4.11","13.59","On","12.922284,77.645316",
"08-Sep-2026 20:06:41","3.68","4.11","13.59","On","12.92228,77.645279",
"08-Sep-2026 20:07:11","38.3","4.11","13.59","On","12.920985,77.644053",
"08-Sep-2026 20:07:41","39.98","4.11","13.59","On","12.918529,77.642128",
"08-Sep-2026 20:08:11","52.33","4.11","13.62","On","12.916266,77.639561",
"08-Sep-2026 20:08:16","57.12","4.11","13.62","On","12.916067,77.639035",
"08-Sep-2026 20:08:21","57.54","4.11","13.62","On","12.91586,77.63788",
"08-Sep-2026 20:08:41","50.76","4.11","13.59","On","12.916194,77.635139",
"08-Sep-2026 20:09:11","6.12","4.11","13.59","On","12.916283,77.633073",
"08-Sep-2026 20:09:41","1.85","4.11","13.59","On","12.916111,77.632995",
"08-Sep-2026 20:10:11","1.79","4.11","13.62","On","12.916097,77.632958",
"08-Sep-2026 20:10:41","2.66","4.11","13.62","On","12.916028,77.632971",
"08-Sep-2026 20:11:11","20.95","4.11","13.62","On","12.916257,77.631948",
"08-Sep-2026 20:11:41","27.13","4.11","13.62","On","12.916543,77.629707",
"08-Sep-2026 20:12:01","9.94","4.11","13.62","On","12.916551,77.629178",
"08-Sep-2026 20:12:11","21.49","4.11","13.62","On","12.916534,77.628987",
"08-Sep-2026 20:12:11","21.49","4.11","13.62","On","12.916534,77.628987",
"08-Sep-2026 20:12:26","7.44","4.11","13.62","On","12.916668,77.628306",
"08-Sep-2026 20:12:41","36.87","4.11","13.59","On","12.916864,77.627824",
"08-Sep-2026 20:13:06","44.95","4.11","13.59","On","12.917608,77.625412",
"08-Sep-2026 20:13:11","37.41","4.11","13.62","On","12.9176,77.624981",
"08-Sep-2026 20:13:41","1.53","4.11","13.59","On","12.917222,77.623569",
"08-Sep-2026 20:14:06","3.86","4.11","13.59","On","12.917186,77.623292",
"08-Sep-2026 20:14:11","1.47","4.11","13.59","On","12.917199,77.623271",
"08-Sep-2026 20:14:21","10.43","4.11","13.59","On","12.917203,77.62318",
"08-Sep-2026 20:14:26","4.78","4.11","13.59","On","12.917211,77.622928",
"08-Sep-2026 20:14:41","15.72","4.11","13.59","On","12.917032,77.622836",
"08-Sep-2026 20:14:41","16.2","4.11","13.57","On","12.916842,77.622776",
"08-Sep-2026 20:14:46","24.45","4.11","13.57","On","12.916765,77.622509",
"08-Sep-2026 20:15:11","20.22","4.11","13.57","On","12.916543,77.621511",
"08-Sep-2026 20:15:21","13.98","4.11","13.57","On","12.916442,77.621166",
"08-Sep-2026 20:15:41","4.16","4.11","13.57","On","12.916101,77.61992",
"08-Sep-2026 20:15:46","15.52","4.11","13.57","On","12.916155,77.619838",
"08-Sep-2026 20:16:11","2.77","4.11","13.57","On","12.916099,77.618986",
"08-Sep-2026 20:16:41","17.32","4.11","13.54","On","12.916117,77.616949",
"08-Sep-2026 20:16:46","20.73","4.11","13.54","On","12.915976,77.616829",
"08-Sep-2026 20:17:06","11.35","4.11","13.54","On","12.915331,77.616601",
"08-Sep-2026 20:17:11","17.78","4.11","13.57","On","12.915168,77.616608",
"08-Sep-2026 20:17:16","14.27","4.11","13.57","On","12.915023,77.616656",
"08-Sep-2026 20:17:41","27.89","4.11","13.59","On","12.913917,77.617891",
"08-Sep-2026 20:17:56","11.6","4.11","13.59","On","12.913126,77.618659",
"08-Sep-2026 20:18:11","6.73","4.11","13.59","On","12.912897,77.618949",
"08-Sep-2026 20:18:26","26.17","4.11","13.59","On","12.91254,77.619648",
"08-Sep-2026 20:18:41","37.5","4.11","13.57","On","12.912603,77.620808",
"08-Sep-2026 20:19:11","17.23","4.11","13.57","On","12.912771,77.622616",
"08-Sep-2026 20:19:36","22.22","4.11","13.57","On","12.912753,77.62374",
"08-Sep-2026 20:19:41","16.65","4.11","13.57","On","12.912891,77.623882",
"08-Sep-2026 20:19:41","16.65","4.11","13.57","On","12.912891,77.623882",
"08-Sep-2026 20:20:01","7.36","4.11","13.57","On","12.912795,77.624516",
"08-Sep-2026 20:20:11","13.67","4.11","13.54","On","12.912481,77.624446",
"08-Sep-2026 20:20:26","18.05","4.11","13.54","On","12.911805,77.624308",
"08-Sep-2026 20:20:41","14.02","4.11","13.57","On","12.911184,77.624234",
"08-Sep-2026 20:21:11","10.54","4.11","13.57","On","12.909985,77.624377",
"08-Sep-2026 20:21:41","0.4","4.11","13.59","On","12.909763,77.624335",
"08-Sep-2026 20:22:11","0.76","4.11","13.62","On","12.909755,77.62429",
"08-Sep-2026 20:22:41","0.3","4.11","13.62","On","12.909728,77.624297",
"08-Sep-2026 20:23:06","0.49","4.11","13.62","On","12.909736,77.624314",
"08-Sep-2026 20:23:11","0.27","4.11","13.59","On","12.909737,77.624314",
"08-Sep-2026 20:23:41","0.74","4.11","13.57","On","12.909802,77.624317",
"08-Sep-2026 20:24:11","0.54","4.11","13.59","On","12.909824,77.624323",
"08-Sep-2026 20:24:41","0.13","4.11","13.59","On","12.909818,77.624321",
"08-Sep-2026 20:25:11","0.14","4.11","13.62","On","12.909814,77.624321",
"08-Sep-2026 20:25:41","0.26","4.11","13.59","On","12.909825,77.62431",
"08-Sep-2026 20:26:11","0.51","4.11","13.62","On","12.909828,77.624314",
"08-Sep-2026 20:26:41","0.05","4.11","13.59","On","12.909835,77.624308",
"08-Sep-2026 20:27:11","0.4","4.11","13.59","On","12.909853,77.624324",
"08-Sep-2026 20:27:41","0.29","4.11","13.59","On","12.909826,77.624318",
"08-Sep-2026 20:28:11","0.29","4.11","13.59","On","12.909828,77.624329",
"08-Sep-2026 20:28:41","9.94","4.11","13.59","On","12.909923,77.624304",
"08-Sep-2026 20:28:46","27.26","4.11","13.59","On","12.910113,77.624306",
"08-Sep-2026 20:29:01","5.02","4.11","13.59","On","12.910694,77.624334",
"08-Sep-2026 20:29:11","15.54","4.11","13.59","On","12.910995,77.624311",
"08-Sep-2026 20:29:11","15.54","4.11","13.59","On","12.910995,77.624311",
"08-Sep-2026 20:29:16","6.3","4.11","13.59","On","12.911152,77.624263",
"08-Sep-2026 20:29:21","11.4","4.11","13.59","On","12.911231,77.624238",
"08-Sep-2026 20:29:26","4.24","4.11","13.59","On","12.911407,77.624263",
"08-Sep-2026 20:29:31","11.79","4.11","13.59","On","12.911597,77.624289",
"08-Sep-2026 20:29:41","14.13","4.11","13.57","On","12.912115,77.624358",
"08-Sep-2026 20:30:11","20.43","4.11","13.59","On","12.912653,77.624502",
"08-Sep-2026 20:30:21","1.03","4.11","13.59","On","12.912785,77.62454",
"08-Sep-2026 20:30:41","7.16","4.11","13.59","On","12.912888,77.62485",
"08-Sep-2026 20:30:46","10.38","4.11","13.59","On","12.91292,77.624949",
"08-Sep-2026 20:30:51","11.16","4.11","13.59","On","12.913084,77.624939",
"08-Sep-2026 20:31:11","43.84","4.11","13.59","On","12.914419,77.624126",
"08-Sep-2026 20:31:41","13.47","4.11","13.57","On","12.915799,77.623389",
"08-Sep-2026 20:32:06","7.27","4.11","13.57","On","12.916248,77.623153",
"08-Sep-2026 20:32:11","6.05","4.11","13.57","On","12.916287,77.623159",
"08-Sep-2026 20:32:16","10.1","4.11","13.57","On","12.916433,77.623316",
"08-Sep-2026 20:32:21","12.37","4.11","13.57","On","12.916416,77.623509",
"08-Sep-2026 20:32:41","35.67","4.11","13.59","On","12.915446,77.624115",
"08-Sep-2026 20:33:11","17.32","4.11","13.59","On","12.913859,77.624939",
"08-Sep-2026 20:33:41","6.07","4.11","13.59","On","12.913321,77.625261",
"08-Sep-2026 20:34:11","13.97","4.11","13.59","On","12.912883,77.62554",
"08-Sep-2026 20:34:41","17.33","4.11","13.59","On","12.911941,77.626175",
"08-Sep-2026 20:35:11","23.32","4.11","13.59","On","12.910727,77.626862",
"08-Sep-2026 20:35:41","37.26","4.11","13.59","On","12.908647,77.628168",
"08-Sep-2026 20:36:11","14.4","4.11","13.59","On","12.907169,77.629057",
"08-Sep-2026 20:36:41","12.32","4.11","13.59","On","12.905959,77.629792",
"08-Sep-2026 20:37:11","11.41","4.11","13.59","On","12.904924,77.630417",
"08-Sep-2026 20:37:41","28.55","4.11","13.59","On","12.903103,77.631448",
"08-Sep-2026 20:38:11","60.38","4.11","13.59","On","12.900792,77.633281",
"08-Sep-2026 20:38:41","47.43","4.11","13.57","On","12.89688,77.635464",
"08-Sep-2026 20:39:06","3.73","4.11","13.57","On","12.895532,77.636277",
"08-Sep-2026 20:39:11","2.66","4.11","13.59","On","12.895518,77.636282",
"08-Sep-2026 20:39:41","0.99","4.11","13.59","On","12.895482,77.636235",
"08-Sep-2026 20:40:11","0.74","4.11","13.59","On","12.895434,77.636229",
"08-Sep-2026 20:40:21","19.74","4.11","13.59","On","12.89517,77.636356",
"08-Sep-2026 20:40:41","26.77","4.11","13.59","On","12.894384,77.636857",
"08-Sep-2026 20:41:11","17.14","4.11","13.57","On","12.892491,77.638062",
"08-Sep-2026 20:41:41","20.23","4.11","13.59","On","12.890242,77.639417",
"08-Sep-2026 20:42:11","0.54","4.11","13.59","On","12.889618,77.63993",
"08-Sep-2026 20:42:41","13.71","4.11","13.57","On","12.889483,77.639994",
"08-Sep-2026 20:43:11","46.37","4.11","13.59","On","12.887691,77.641052",
"08-Sep-2026 20:43:41","56.54","4.11","13.59","On","12.884112,77.643247",
"08-Sep-2026 20:44:11","55.9","4.11","13.59","On","12.880687,77.645393",
"08-Sep-2026 20:44:41","59.91","4.11","13.57","On","12.876848,77.647589",
"08-Sep-2026 20:45:11","59.63","4.11","13.59","On","12.873799,77.650324",
"08-Sep-2026 20:45:41","4.01","4.11","13.54","On","12.87089,77.652722",
"08-Sep-2026 20:45:46","3.18","4.11","13.54","On","12.870876,77.652736",
"08-Sep-2026 20:46:01","12.6","4.11","13.54","On","12.87072,77.652896",
"08-Sep-2026 20:46:11","10.29","4.11","13.54","On","12.870584,77.653079",
"08-Sep-2026 20:46:41","0.4","4.11","13.59","On","12.870169,77.653489",
"08-Sep-2026 20:47:11","0.56","4.11","13.59","On","12.870173,77.653468",
"08-Sep-2026 20:47:41","0.15","4.11","13.57","On","12.870171,77.653451",
"08-Sep-2026 20:48:11","0.56","4.11","13.54","On","12.870167,77.653453",
"08-Sep-2026 20:48:41","58.86","4.11","13.5","On","12.86823,77.655082",
"08-Sep-2026 20:49:11","57.69","4.11","13.57","On","12.864843,77.657567",
"08-Sep-2026 20:49:41","58.01","4.11","13.57","On","12.861151,77.660535",
"08-Sep-2026 20:50:11","60.83","4.11","13.59","On","12.858256,77.662837",
"08-Sep-2026 20:50:41","0.69","4.11","13.59","On","12.856354,77.66434",
"08-Sep-2026 20:51:11","38.77","4.11","13.59","On","12.854674,77.665634",
"08-Sep-2026 20:51:41","50.7","4.11","13.59","On","12.852269,77.667708",
"08-Sep-2026 20:52:11","52.14","4.11","13.57","On","12.848782,77.670391",
"08-Sep-2026 20:52:41","18.8","4.11","13.57","On","12.846799,77.67214",
"08-Sep-2026 20:53:11","32.01","4.11","13.59","On","12.845036,77.673361",
"08-Sep-2026 20:53:41","29.97","4.11","13.59","On","12.843806,77.674295",
"08-Sep-2026 20:54:11","14.6","4.11","13.59","On","12.842391,77.675478",
"08-Sep-2026 20:54:41","13.45","4.11","13.59","On","12.841643,77.676034",
"08-Sep-2026 20:55:11","22.18","4.11","13.59","On","12.840246,77.677017",
"08-Sep-2026 20:55:41","32.89","4.11","13.59","On","12.838443,77.678395",
"08-Sep-2026 20:55:51","12.62","4.11","13.59","On","12.837818,77.678684",
"08-Sep-2026 20:56:11","33.2","4.11","13.59","On","12.836655,77.679101",
"08-Sep-2026 20:56:41","40.42","4.11","13.59","On","12.833875,77.680137",
"08-Sep-2026 20:57:11","52.18","4.11","13.59","On","12.830241,77.681289",
"08-Sep-2026 20:57:41","43.25","4.11","13.62","On","12.827041,77.682415",
"08-Sep-2026 20:57:51","59.3","4.11","13.62","On","12.825694,77.683175",
"08-Sep-2026 20:58:11","42.92","4.11","13.59","On","12.823598,77.684864",
"08-Sep-2026 20:58:21","18.79","4.11","13.59","On","12.82331,77.685199",
"08-Sep-2026 20:58:41","23.95","4.11","13.62","On","12.822601,77.685911",
"08-Sep-2026 20:59:11","29.69","4.11","13.62","On","12.821025,77.687397",
"08-Sep-2026 20:59:41","26.01","4.11","13.64","On","12.819703,77.688655",
"08-Sep-2026 20:59:51","12.15","4.11","13.64","On","12.819102,77.689211",
"08-Sep-2026 20:59:56","13.87","4.11","13.64","On","12.818993,77.68922",
"08-Sep-2026 21:00:01","17.7","4.11","13.64","On","12.818917,77.689098",
"08-Sep-2026 21:00:06","9.03","4.11","13.64","On","12.818822,77.688992",
"08-Sep-2026 21:00:11","27.43","4.11","13.59","On","12.818555,77.688663",
"08-Sep-2026 21:00:41","17.92","4.11","13.62","On","12.817287,77.68727",
"08-Sep-2026 21:01:11","30.03","4.11","13.59","On","12.815594,77.685412",
"08-Sep-2026 21:01:26","10.9","4.11","13.59","On","12.815223,77.684966",
"08-Sep-2026 21:01:31","26.94","4.11","13.59","On","12.814935,77.684656",
"08-Sep-2026 21:01:41","22.1","4.11","13.59","On","12.814552,77.684284",
"08-Sep-2026 21:02:11","17.11","4.11","13.59","On","12.812981,77.682516",
"08-Sep-2026 21:02:41","21.96","4.11","13.59","On","12.811942,77.681394",
"08-Sep-2026 21:03:11","0.33","4.11","13.59","On","12.811245,77.680619",
"08-Sep-2026 21:03:41","0.15","4.11","13.59","On","12.811242,77.680623",
"08-Sep-2026 21:04:11","0.47","4.11","13.62","On","12.811241,77.680622",
"08-Sep-2026 21:04:41","0.39","4.11","13.62","On","12.811232,77.680624",
"08-Sep-2026 21:05:11","0.11","4.11","13.62","On","12.811236,77.680619",
"08-Sep-2026 21:05:41","0.25","4.11","13.62","On","12.811239,77.680635",
"08-Sep-2026 21:06:11","0.28","4.11","13.62","On","12.811238,77.680631",
"08-Sep-2026 21:06:41","0.16","4.11","13.62","On","12.811241,77.680639",
"08-Sep-2026 21:07:11","0.48","4.11","13.62","On","12.811227,77.680644",
"08-Sep-2026 21:07:41","0.32","4.11","13.62","On","12.811213,77.680652",
"08-Sep-2026 21:08:11","0.15","4.11","13.62","On","12.811208,77.680652",
"08-Sep-2026 21:08:41","6.16","4.11","13.62","On","12.811221,77.680612",
"08-Sep-2026 21:08:41","6.16","4.11","13.57","On","12.811221,77.680612",
"08-Sep-2026 21:08:51","13.71","4.11","13.57","On","12.811344,77.680734",
"08-Sep-2026 21:09:11","24.29","4.11","13.59","On","12.812057,77.681417",
"08-Sep-2026 21:09:41","29.7","4.11","13.59","On","12.813551,77.683065",
"08-Sep-2026 21:10:11","12.64","4.11","13.59","On","12.814614,77.684253",
"08-Sep-2026 21:10:41","10.11","4.11","13.62","On","12.815433,77.685187",
"08-Sep-2026 21:11:11","30.37","4.11","13.59","On","12.816498,77.686348",
"08-Sep-2026 21:11:31","4.85","4.11","13.59","On","12.817371,77.687263",
"08-Sep-2026 21:11:41","32.58","4.11","13.62","On","12.817897,77.687838",
"08-Sep-2026 21:11:51","26.13","4.11","13.62","On","12.818308,77.688315",
"08-Sep-2026 21:12:06","9.11","4.11","13.62","On","12.818922,77.688919",
"08-Sep-2026 21:12:11","12.71","4.11","13.59","On","12.819043,77.689033",
"08-Sep-2026 21:12:16","13.69","4.11","13.59","On","12.819183,77.689092",
"08-Sep-2026 21:12:21","2.97","4.11","13.59","On","12.819419,77.688918",
"08-Sep-2026 21:12:41","21.28","4.11","13.59","On","12.819962,77.688419",
"08-Sep-2026 21:13:11","34.44","4.11","13.62","On","12.821252,77.687166",
"08-Sep-2026 21:13:41","18.01","4.11","13.62","On","12.822998,77.685497",
"08-Sep-2026 21:14:11","37.33","4.11","13.62","On","12.824357,77.68426",
"08-Sep-2026 21:14:21","33.51","4.11","13.62","On","12.825204,77.683585",
"08-Sep-2026 21:14:41","29.59","4.11","13.59","On","12.826586,77.682725",
"08-Sep-2026 21:15:11","15.45","4.11","13.62","On","12.827777,77.682168",
"08-Sep-2026 21:15:41","33.74","4.11","13.62","On","12.829749,77.681519",
"08-Sep-2026 21:15:46","37.95","4.11","13.62","On","12.830105,77.681415",
"08-Sep-2026 21:16:11","30.4","4.11","13.59","On","12.83205,77.680815",
"08-Sep-2026 21:16:41","33.08","4.11","13.62","On","12.834178,77.680108",
"08-Sep-2026 21:17:11","8.61","4.11","13.59","On","12.83543,77.679652",
"08-Sep-2026 21:17:41","32.93","4.11","13.62","On","12.837024,77.679073",
"08-Sep-2026 21:18:06","29.36","4.11","13.62","On","12.838489,77.678252",
"08-Sep-2026 21:18:11","33.79","4.11","13.62","On","12.838747,77.678071",
"08-Sep-2026 21:18:36","10.26","4.11","13.62","On","12.840039,77.677098",
"08-Sep-2026 21:18:41","10.32","4.11","13.62","On","12.840123,77.677114",
"08-Sep-2026 21:18:41","10.32","4.11","13.57","On","12.840123,77.677114",
"08-Sep-2026 21:19:11","7.63","4.11","13.62","On","12.840939,77.67834",
"08-Sep-2026 21:19:41","38.07","4.11","13.59","On","12.842257,77.680404",
"08-Sep-2026 21:19:46","21.09","4.11","13.59","On","12.842405,77.68088",
"08-Sep-2026 21:20:11","13.11","4.11","13.59","On","12.841826,77.681408",
"08-Sep-2026 21:20:11","13.11","4.11","13.59","On","12.841826,77.681408",
"08-Sep-2026 21:20:36","10.15","4.11","13.59","On","12.842754,77.682746",
"08-Sep-2026 21:20:41","6.4","4.11","13.59","On","12.842717,77.682808",
"08-Sep-2026 21:20:41","6.4","4.11","13.59","On","12.842717,77.682808",
"08-Sep-2026 21:21:11","1.58","4.11","13.59","On","12.84232,77.683212",
"08-Sep-2026 21:21:41","1.46","4.11","13.52","On","12.842339,77.683235",
"08-Sep-2026 21:22:11","1.92","4.11","13.52","On","12.842399,77.68329",
"08-Sep-2026 21:22:41","0.41","4.11","13.54","On","12.842381,77.683367",
"08-Sep-2026 21:23:11","0.86","4.11","13.59","On","12.842343,77.683421",
"08-Sep-2026 21:23:41","2.62","4.11","13.59","On","12.842347,77.683512",
"08-Sep-2026 21:24:11","3.37","4.11","13.59","On","12.842353,77.683528",
"08-Sep-2026 21:24:41","1.26","4.11","13.62","On","12.842353,77.68349",
"08-Sep-2026 21:25:11","2.54","4.11","13.57","On","12.842352,77.683501",
"08-Sep-2026 21:25:41","1.41","4.11","13.52","On","12.842369,77.683513",
"08-Sep-2026 21:26:11","2.82","4.11","13.52","On","12.842388,77.683506",
"08-Sep-2026 21:26:41","0.86","4.11","13.52","On","12.842416,77.683459",
"08-Sep-2026 21:27:11","1.79","4.11","13.54","On","12.84245,77.683383",
"08-Sep-2026 21:27:41","1.57","4.11","13.57","On","12.842316,77.683411",
"08-Sep-2026 21:28:11","1.83","4.11","13.54","On","12.842251,77.683419",
"08-Sep-2026 21:28:41","2.35","4.11","13.54","On","12.842242,77.68339",
"08-Sep-2026 21:29:11","1.9","4.11","13.52","On","12.842218,77.683353",
"08-Sep-2026 21:29:41","4.55","4.11","13.83","On","12.842202,77.68329",
"08-Sep-2026 21:30:11","1.4","4.11","13.71","Off","12.842237,77.683251",
"08-Sep-2026 21:30:41","3.52","4.11","13.5","Off","12.842163,77.683205",
"08-Sep-2026 21:31:02","3.52","4.11","13.47","Off","12.842163,77.683205",
"08-Sep-2026 21:31:41","3.02","4.11","13.5","Off","12.842179,77.683206",
"08-Sep-2026 21:32:11","2.26","4.11","13.45","Off","12.842165,77.683304",
"08-Sep-2026 21:32:42","2.26","4.11","13.3","Off","12.842165,77.683304",
"08-Sep-2026 21:32:42","0.77","4.11","13.3","Off","12.842137,77.683264",
"08-Sep-2026 21:33:11","0.26","4.11","12.87","Off","12.842158,77.683269",
"08-Sep-2026 21:33:41","1.08","4.11","12.7","Off","12.842169,77.683243",
"08-Sep-2026 21:34:11","0.1","4.11","12.7","Off","12.842141,77.683273",
"08-Sep-2026 21:34:14","0.1","4.11","12.72","Off","12.842141,77.683273",
"08-Sep-2026 21:34:28","0.1","4.11","12.72","Off","12.842141,77.683273",
"08-Sep-2026 21:34:41","1.56","4.11","13.21","On","12.84218,77.683244",
"08-Sep-2026 21:35:11","4.32","4.11","13.86","On","12.842268,77.683279",
"08-Sep-2026 21:35:41","1.45","4.11","13.93","On","12.842279,77.683299",
"08-Sep-2026 21:36:11","4.3","4.11","13.91","On","12.84232,77.683342",
"08-Sep-2026 21:36:41","2.85","4.11","13.98","On","12.84228,77.6833",
"08-Sep-2026 21:37:11","4.23","4.11","13.11","Off","12.842282,77.683349",
"08-Sep-2026 21:37:41","1.3","4.11","13.38","Off","12.842206,77.683278",
"08-Sep-2026 21:38:11","0.61","4.11","13.88","Off","12.842156,77.683235",
"08-Sep-2026 21:38:41","2.76","4.11","13.95","Off","12.842158,77.683313",
"08-Sep-2026 21:39:11","2.5","4.11","13.95","Off","12.842133,77.683294",
"08-Sep-2026 21:39:19","2.5","4.11","13.95","Off","12.842133,77.683294",
"08-Sep-2026 21:40:11","1.59","4.11","13.95","Off","12.842141,77.683151",
"08-Sep-2026 21:41:11","2.18","4.11","13.95","Off","12.842166,77.68321",
"08-Sep-2026 21:41:21","2.18","4.11","13.95","Off","12.842166,77.68321",
"08-Sep-2026 21:41:41","2.7","4.11","13.95","Off","12.842173,77.683233",
"08-Sep-2026 21:42:11","1.26","4.11","13.98","Off","12.842174,77.683237",
"08-Sep-2026 21:42:41","4.1","4.11","13.95","Off","12.842127,77.683205",
"08-Sep-2026 21:42:53","4.1","4.11","13.98","Off","12.842127,77.683205",
"08-Sep-2026 21:43:41","3.93","4.11","13.98","Off","12.842193,77.683206",
"08-Sep-2026 21:44:11","3.15","4.11","13.98","Off","12.842206,77.683176",
"08-Sep-2026 21:45:11","1.2","4.11","13.98","Off","12.842127,77.683256",
"08-Sep-2026 21:46:11","1.19","4.11","13.98","Off","12.842171,77.683249",
"08-Sep-2026 21:46:53","1.19","4.11","14","Off","12.842171,77.683249",
"08-Sep-2026 21:51:43","1.19","4.11","13.95","Off","12.842171,77.683249",
"08-Sep-2026 21:51:43","1.45","4.11","13.95","Off","12.842164,77.683246",
"08-Sep-2026 21:51:45","1.45","4.11","13.95","Off","12.842164,77.683246",
"08-Sep-2026 21:51:45","1.45","4.11","13.95","Off","12.842164,77.683246",
"08-Sep-2026 21:52:11","0","4.11","13.98","Off","12.842269,77.683114",
"08-Sep-2026 21:52:41","0","4.11","13.98","Off","12.842263,77.683144",
"08-Sep-2026 21:52:45","0","4.11","13.98","Off","12.842263,77.683144",
"08-Sep-2026 21:53:41","0","4.11","14","Off","12.842238,77.683261",
"08-Sep-2026 21:54:11","0","4.11","14","Off","12.842193,77.683218",
"08-Sep-2026 21:55:11","0","4.11","14","Off","12.842147,77.683324",
"08-Sep-2026 21:56:11","0","4.11","13.98","Off","12.842202,77.683301",
"08-Sep-2026 21:56:45","0","4.11","14","Off","12.842202,77.683301",
"08-Sep-2026 22:32:52","0","4.11","14.03","Off","12.842202,77.683301",
"08-Sep-2026 22:33:11","0","4.11","14.03","Off","12.841979,77.683432",
"08-Sep-2026 22:34:11","0","4.11","13.98","Off","12.842051,77.683546",
"08-Sep-2026 22:35:11","0","4.11","13.98","Off","12.842186,77.683372",
"08-Sep-2026 22:36:11","0","4.11","14","Off","12.842325,77.683074",
"08-Sep-2026 22:36:52","0","4.11","13.98","Off","12.842325,77.683074",
"08-Sep-2026 22:44:11","0","4.11","14.03","Off","12.842325,77.683074",
"08-Sep-2026 22:44:41","0","4.11","13.95","Off","12.842442,77.683443",
"08-Sep-2026 22:45:11","0","4.11","13.98","Off","12.842473,77.683453",
"08-Sep-2026 22:45:21","0","4.11","13.98","Off","12.842473,77.683453",
"08-Sep-2026 22:46:11","0","4.11","14","Off","12.84226,77.68324",
"08-Sep-2026 22:47:11","0","4.11","13.95","Off","12.842458,77.683434",
"08-Sep-2026 22:57:11","0","4.11","13.95","On","12.842469,77.683466",
"08-Sep-2026 22:57:41","0","4.11","13.91","On","12.842504,77.683484",
"08-Sep-2026 22:58:11","6.56","4.11","13.64","On","12.84271,77.682782",
"08-Sep-2026 22:58:23","20.39","4.11","13.64","On","12.842889,77.682901",
"08-Sep-2026 22:58:41","8.01","4.11","13.59","On","12.843815,77.684071",
"08-Sep-2026 22:58:48","2.24","4.11","13.59","On","12.843942,77.684049",
"08-Sep-2026 22:59:11","30.61","4.11","13.62","On","12.844358,77.682937",
"08-Sep-2026 22:59:41","16","4.11","13.62","On","12.844934,77.681187",
"08-Sep-2026 22:59:48","28.7","4.11","13.62","On","12.845204,77.680972",
"08-Sep-2026 22:59:58","39.63","4.11","13.62","On","12.845946,77.68095",
"08-Sep-2026 23:00:08","18.74","4.11","13.62","On","12.846678,77.680962",
"08-Sep-2026 23:00:11","11.31","4.11","13.59","On","12.846813,77.680936",
"08-Sep-2026 23:00:13","26.77","4.11","13.59","On","12.846845,77.68079",
"08-Sep-2026 23:00:41","36.64","4.11","13.62","On","12.847003,77.678299",
"08-Sep-2026 23:01:11","38.12","4.11","13.59","On","12.847589,77.6756",
"08-Sep-2026 23:01:23","9.97","4.11","13.59","On","12.847504,77.67485",
"08-Sep-2026 23:01:28","21.99","4.11","13.59","On","12.847604,77.674924",
"08-Sep-2026 23:01:41","26.49","4.11","13.57","On","12.848097,77.676106",
"08-Sep-2026 23:02:11","0.53","4.11","13.57","On","12.848694,77.677273",
"08-Sep-2026 23:02:38","11.53","4.11","13.57","On","12.848871,77.677635",
"08-Sep-2026 23:02:41","23.06","4.11","13.57","On","12.849011,77.677559",
"08-Sep-2026 23:03:11","35.89","4.11","13.59","On","12.851119,77.676478",
"08-Sep-2026 23:03:41","16.66","4.11","13.62","On","12.852918,77.675586",
"08-Sep-2026 23:04:11","23.67","4.11","13.59","On","12.8541,77.674977",
"08-Sep-2026 23:04:18","10.6","4.11","13.59","On","12.854412,77.674795",
"08-Sep-2026 23:04:41","22.34","4.11","13.62","On","12.855814,77.674096",
"08-Sep-2026 23:04:43","22.34","4.11","13.62","On","12.855814,77.674096",
"08-Sep-2026 23:04:48","27.77","4.11","13.62","On","12.856045,77.674147",
"08-Sep-2026 23:04:53","15.35","4.11","13.62","On","12.856413,77.674101",
"08-Sep-2026 23:05:08","27.38","4.11","13.62","On","12.85706,77.673649",
"08-Sep-2026 23:05:11","32.82","4.11","13.59","On","12.857327,77.673799",
"08-Sep-2026 23:05:41","33.7","4.11","13.59","On","12.86025,77.674569",
"08-Sep-2026 23:05:58","20.68","4.11","13.59","On","12.86151,77.675102",
"08-Sep-2026 23:06:03","7.28","4.11","13.59","On","12.861628,77.675201",
"08-Sep-2026 23:06:11","21.66","4.11","13.57","On","12.862079,77.675269",
"08-Sep-2026 23:06:28","14.88","4.11","13.57","On","12.862291,77.675131",
"08-Sep-2026 23:06:41","11.15","4.11","13.57","On","12.862469,77.674598",
"08-Sep-2026 23:06:43","11.15","4.11","13.57","On","12.862469,77.674598",
"08-Sep-2026 23:06:48","17.59","4.11","13.57","On","12.862655,77.67464",
"08-Sep-2026 23:06:58","19.99","4.11","13.57","On","12.863222,77.674855",
"08-Sep-2026 23:07:11","26.13","4.11","13.57","On","12.863972,77.674995",
"08-Sep-2026 23:07:13","11.31","4.11","13.57","On","12.864178,77.675039",
"08-Sep-2026 23:07:18","11.44","4.11","13.57","On","12.864153,77.675116",
"08-Sep-2026 23:07:23","11.7","4.11","13.57","On","12.86414,77.675264",
"08-Sep-2026 23:07:28","11.29","4.11","13.57","On","12.86419,77.675355",
"08-Sep-2026 23:07:41","3.6","4.11","13.59","On","12.864572,77.675441",
"08-Sep-2026 23:07:43","3.6","4.11","13.59","On","12.864572,77.675441",
"08-Sep-2026 23:08:11","0.85","4.11","13.5","Off","12.864626,77.675554",
"08-Sep-2026 23:08:41","0.71","4.11","13.42","Off","12.86462,77.675547",
"08-Sep-2026 23:09:11","0.12","4.11","13.42","Off","12.864624,77.675538",
"08-Sep-2026 23:09:41","0.33","4.11","13.4","Off","12.864627,77.675527",
"08-Sep-2026 23:09:57","0.33","4.11","13.4","Off","12.864627,77.675527",
"08-Sep-2026 23:10:41","0.99","4.11","13.38","Off","12.864638,77.675523",
"08-Sep-2026 23:11:11","0.51","4.11","13.38","Off","12.864645,77.675531",
"08-Sep-2026 23:12:11","0.09","4.11","13.35","Off","12.864637,77.675528",
"08-Sep-2026 23:13:11","0.19","4.11","13.3","Off","12.864634,77.675523",
"08-Sep-2026 23:13:57","0.19","4.11","13.28","Off","12.864634,77.675523",
"09-Sep-2026 00:13:57","0.19","4.11","12.97","Off","12.864634,77.675523",
"09-Sep-2026 00:13:57","0.68","4.11","12.97","Off","12.864639,77.675523",
"09-Sep-2026 00:14:11","0.68","4.11","12.97","Off","12.864639,77.675523",
"09-Sep-2026 00:15:11","2.71","4.11","12.89","Off","12.864604,77.675531",
"09-Sep-2026 00:16:11","0.1","4.11","12.87","Off","12.864591,77.675525",
"09-Sep-2026 00:17:11","0.27","4.11","12.87","Off","12.864622,77.675578",
"09-Sep-2026 00:17:57","0.27","4.11","12.85","Off","12.864622,77.675578",
"09-Sep-2026 01:17:57","0.27","4.11","12.92","Off","12.864622,77.675578",
"09-Sep-2026 01:17:57","0.3","4.11","12.92","Off","12.864602,77.675599",
"09-Sep-2026 01:18:11","0.3","4.11","12.92","Off","12.864602,77.675599",
"09-Sep-2026 01:19:11","1.58","4.11","12.87","Off","12.864543,77.675427",
"09-Sep-2026 01:20:11","0.36","4.11","12.82","Off","12.864515,77.675437",
"09-Sep-2026 01:21:11","0.46","4.11","12.82","Off","12.864532,77.675489",
"09-Sep-2026 01:21:57","0.46","4.11","12.8","Off","12.864532,77.675489",
"09-Sep-2026 02:21:57","0.46","4.11","12.87","Off","12.864532,77.675489",
"09-Sep-2026 02:21:57","0.94","4.11","12.87","Off","12.864555,77.675516",
"09-Sep-2026 02:22:11","0.94","4.11","12.87","Off","12.864555,77.675516",
"09-Sep-2026 02:23:11","0.39","4.11","12.82","Off","12.864647,77.675587",
"09-Sep-2026 02:24:11","0.4","4.11","12.8","Off","12.864629,77.675585",
"09-Sep-2026 02:25:11","0.31","4.11","12.82","Off","12.864618,77.675572",
"09-Sep-2026 02:25:57","0.31","4.11","12.8","Off","12.864618,77.675572",
"09-Sep-2026 03:25:57","0.31","4.11","12.92","Off","12.864618,77.675572",
"09-Sep-2026 03:25:57","0.88","4.11","12.92","Off","12.864625,77.675573",
"09-Sep-2026 03:26:11","0.88","4.11","12.89","Off","12.864625,77.675573",
"09-Sep-2026 03:27:11","0.25","4.11","12.85","Off","12.864565,77.675531",
"09-Sep-2026 03:28:11","2.13","4.11","12.82","Off","12.86456,77.675559",
"09-Sep-2026 03:29:11","1.07","4.11","12.8","Off","12.864588,77.675565",
"09-Sep-2026 03:29:57","1.07","4.11","12.8","Off","12.864588,77.675565",
"09-Sep-2026 04:29:57","1.07","4.11","12.85","Off","12.864588,77.675565",
"09-Sep-2026 04:29:57","0.2","4.11","12.85","Off","12.864584,77.67557",
"09-Sep-2026 04:30:11","0.2","4.11","12.85","Off","12.864584,77.67557",
"09-Sep-2026 04:31:11","0.65","4.11","12.8","Off","12.864579,77.675535",
"09-Sep-2026 04:32:11","0.2","4.11","12.77","Off","12.864584,77.675559",
"09-Sep-2026 04:33:11","0.24","4.11","12.75","Off","12.864586,77.675579",
"09-Sep-2026 04:33:57","0.24","4.11","12.72","Off","12.864586,77.675579",
"09-Sep-2026 05:33:57","0.24","4.11","12.8","Off","12.864586,77.675579",
"09-Sep-2026 05:33:57","0.38","4.11","12.8","Off","12.864594,77.675561",
"09-Sep-2026 05:34:11","0.38","4.11","12.8","Off","12.864594,77.675561",
"09-Sep-2026 05:35:11","0.43","4.11","12.72","Off","12.864548,77.675543",
"09-Sep-2026 05:36:11","0.28","4.11","12.68","Off","12.864596,77.675573",
"09-Sep-2026 05:37:11","0.53","4.11","12.68","Off","12.864588,77.675544",
"09-Sep-2026 05:37:57","0.53","4.11","12.68","Off","12.864588,77.675544",
"09-Sep-2026 06:37:57","0.53","4.11","12.7","Off","12.864588,77.675544",
"09-Sep-2026 06:37:57","0.66","4.11","12.7","Off","12.864585,77.675551",
"09-Sep-2026 06:38:11","0.66","4.11","12.72","Off","12.864585,77.675551",
"09-Sep-2026 06:39:11","3.27","4.11","12.7","Off","12.864605,77.675553",
"09-Sep-2026 06:40:11","0.63","4.11","12.68","Off","12.864615,77.675502",
"09-Sep-2026 06:41:11","0.53","4.11","12.65","Off","12.864609,77.675533",
"09-Sep-2026 06:41:57","0.53","4.11","12.63","Off","12.864609,77.675533",
"09-Sep-2026 07:04:19","0.53","4.11","12.75","On","12.864609,77.675533",
"09-Sep-2026 07:04:19","0.53","4.11","12.75","On","12.864609,77.675533",
"09-Sep-2026 07:04:41","1.15","4.11","13.64","On","12.864631,77.675511",
"09-Sep-2026 07:05:41","0.64","4.11","13.69","Off","12.864583,77.675545",
"09-Sep-2026 07:06:11","0.36","4.11","13.81","On","12.864575,77.675503",
"09-Sep-2026 07:06:41","3.18","4.11","13.95","On","12.864477,77.67543",
"09-Sep-2026 07:07:11","2.55","4.11","13.91","On","12.864511,77.67547",
"09-Sep-2026 07:07:41","4.04","4.11","13.98","On","12.864539,77.675584",
"09-Sep-2026 07:08:02","10.86","4.11","13.98","On","12.86424,77.6756",
"09-Sep-2026 07:08:07","5.74","4.11","13.98","On","12.864108,77.675585",
"09-Sep-2026 07:08:11","7.63","4.11","13.98","On","12.864067,77.675629",
"09-Sep-2026 07:08:37","11.68","4.11","13.98","On","12.863698,77.675645",
"09-Sep-2026 07:08:41","5.95","4.11","13.98","On","12.863627,77.67564",
"09-Sep-2026 07:08:57","8.28","4.11","13.98","On","12.863259,77.675521",
"09-Sep-2026 07:09:11","2.45","4.11","14","On","12.863094,77.675419",
"09-Sep-2026 07:09:41","11.56","4.11","13.98","On","12.862625,77.675318",
"09-Sep-2026 07:09:42","11.56","4.11","13.98","On","12.862625,77.675318",
"09-Sep-2026 07:10:07","12.13","4.11","13.98","On","12.86174,77.675271",
"09-Sep-2026 07:10:11","6.59","4.11","13.98","On","12.861619,77.675246",
"09-Sep-2026 07:10:22","12.72","4.11","13.98","On","12.861485,77.675183",
"09-Sep-2026 07:10:32","14.92","4.11","13.98","On","12.861296,77.67484",
"09-Sep-2026 07:10:41","21.71","4.11","13.98","On","12.860887,77.674723",
"09-Sep-2026 07:11:11","11.8","4.11","14","On","12.859539,77.674442",
"09-Sep-2026 07:11:41","18.81","4.11","14","On","12.858273,77.674229",
"09-Sep-2026 07:12:02","24.08","4.11","14","On","12.857208,77.673791",
"09-Sep-2026 07:12:07","14.54","4.11","14","On","12.856849,77.673676",
"09-Sep-2026 07:12:11","19.97","4.11","13.95","On","12.856732,77.67381",
"09-Sep-2026 07:12:12","19.97","4.11","13.95","On","12.856732,77.67381",
"09-Sep-2026 07:12:27","26.55","4.11","13.95","On","12.855926,77.674126",
"09-Sep-2026 07:12:32","17.79","4.11","13.95","On","12.855714,77.674165",
"09-Sep-2026 07:12:41","23.77","4.11","13.98","On","12.85524,77.674442",
"09-Sep-2026 07:13:11","18.16","4.11","14","On","12.853656,77.675246",
"09-Sep-2026 07:13:41","9.43","4.11","13.98","On","12.852665,77.675778",
"09-Sep-2026 07:14:11","22","4.11","13.98","On","12.851391,77.676397",
"09-Sep-2026 07:14:41","40.65","4.11","14","On","12.849663,77.677342",
"09-Sep-2026 07:15:11","2.25","4.11","14","On","12.849128,77.677612",
"09-Sep-2026 07:15:32","11.99","4.11","14","On","12.848703,77.677632",
"09-Sep-2026 07:15:41","22.87","4.11","13.98","On","12.848503,77.677201",
"09-Sep-2026 07:16:11","12.48","4.11","14","On","12.847744,77.675529",
"09-Sep-2026 07:16:41","16.03","4.11","13.98","On","12.847269,77.674607",
"09-Sep-2026 07:17:11","27.58","4.11","13.98","On","12.846443,77.672935",
"09-Sep-2026 07:17:12","19.55","4.11","13.98","On","12.846239,77.672846",
"09-Sep-2026 07:17:17","11.07","4.11","13.98","On","12.846101,77.672848",
"09-Sep-2026 07:17:22","17.49","4.11","13.98","On","12.845982,77.672859",
"09-Sep-2026 07:17:41","27.73","4.11","13.98","On","12.84508,77.673861",
"09-Sep-2026 07:17:42","27.73","4.11","13.98","On","12.84508,77.673861",
"09-Sep-2026 07:17:52","13.41","4.11","13.98","On","12.844785,77.674214",
"09-Sep-2026 07:17:57","26.93","4.11","13.98","On","12.844558,77.674298",
"09-Sep-2026 07:18:11","15.28","4.11","13.95","On","12.843958,77.674431",
"09-Sep-2026 07:18:12","21.86","4.11","13.95","On","12.843728,77.674487",
"09-Sep-2026 07:18:41","23.61","4.11","14","On","12.842806,77.675125",
"09-Sep-2026 07:19:11","10.11","4.11","13.98","On","12.841856,77.675915",
"09-Sep-2026 07:19:41","19.12","4.11","13.98","On","12.840775,77.676678",
"09-Sep-2026 07:20:11","13.99","4.11","14","On","12.839791,77.677398",
"09-Sep-2026 07:20:41","23.98","4.11","14","On","12.83843,77.678412",
"09-Sep-2026 07:21:11","37.5","4.11","13.98","On","12.836457,77.679209",
"09-Sep-2026 07:21:41","57.52","4.11","13.95","On","12.832593,77.680567",
"09-Sep-2026 07:22:11","52.14","4.11","13.95","On","12.82867,77.681765",
"09-Sep-2026 07:22:41","46.69","4.11","13.93","On","12.825608,77.68325",
"09-Sep-2026 07:23:11","33.8","4.11","13.95","On","12.823429,77.685006",
"09-Sep-2026 07:23:17","12.98","4.11","13.95","On","12.82314,77.685342",
"09-Sep-2026 07:23:32","14.07","4.11","13.95","On","12.822967,77.685541",
"09-Sep-2026 07:23:41","29.45","4.11","13.98","On","12.822423,77.686058",
"09-Sep-2026 07:24:11","37.86","4.11","14","On","12.820699,77.687677",
"09-Sep-2026 07:24:37","5.53","4.11","14","On","12.819015,77.689162",
"09-Sep-2026 07:24:41","2.68","4.11","13.95","On","12.818987,77.689168",
"09-Sep-2026 07:24:57","13.22","4.11","13.95","On","12.818791,77.688947",
"09-Sep-2026 07:25:11","25.73","4.11","13.98","On","12.818279,77.688397",
"09-Sep-2026 07:25:41","33.96","4.11","13.98","On","12.816511,77.686416",
"09-Sep-2026 07:26:11","7.95","4.11","13.98","On","12.81518,77.684985",
"09-Sep-2026 07:26:41","1.3","4.11","14","On","12.814064,77.683738",
"09-Sep-2026 07:27:11","26.83","4.11","14","On","12.813597,77.68322",
"09-Sep-2026 07:27:27","4.95","4.11","14","On","12.813028,77.682593",
"09-Sep-2026 07:27:41","41.44","4.11","13.98","On","12.812385,77.683133",
"09-Sep-2026 07:28:11","43.43","4.11","14","On","12.809976,77.685394",
"09-Sep-2026 07:28:41","1.45","4.11","14","On","12.808571,77.68688",
"09-Sep-2026 07:29:11","7.37","4.11","13.93","Off","12.808459,77.686986",
"09-Sep-2026 07:29:41","0.29","4.11","13.74","Off","12.808444,77.686954",
"09-Sep-2026 07:30:11","0.28","4.11","13.66","Off","12.808443,77.686926",
"09-Sep-2026 07:30:41","0.32","4.11","13.57","Off","12.808439,77.686915",
"09-Sep-2026 07:30:51","0.32","4.11","13.54","Off","12.808439,77.686915",
"09-Sep-2026 07:31:41","0.17","4.11","13.52","Off","12.808433,77.686925",
"09-Sep-2026 07:32:11","0.31","4.11","13.5","Off","12.808424,77.68692",
"09-Sep-2026 07:33:11","0.13","4.11","13.45","Off","12.808402,77.686902",
"09-Sep-2026 07:34:11","0.62","4.11","13.4","Off","12.808411,77.686924",
"09-Sep-2026 07:34:51","0.62","4.11","13.35","Off","12.808411,77.686924",
"09-Sep-2026 07:39:22","0.62","4.11","13.35","On","12.808411,77.686924",
"09-Sep-2026 07:39:22","0.62","4.11","13.35","On","12.808411,77.686924",
"09-Sep-2026 07:39:41","0.4","4.11","13.69","On","12.80841,77.686923",
"09-Sep-2026 07:40:11","0.54","4.11","13.88","On","12.808453,77.686961",
"09-Sep-2026 07:40:41","1.83","4.11","13.95","On","12.808476,77.687011",
"09-Sep-2026 07:41:11","0.39","4.11","13.98","On","12.808414,77.686979",
"09-Sep-2026 07:41:41","1.66","4.11","13.98","On","12.808381,77.68697",
"09-Sep-2026 07:42:11","0.45","4.11","13.98","On","12.80833,77.686945",
"09-Sep-2026 07:42:41","4.56","4.11","14","On","12.808381,77.686941",
"09-Sep-2026 07:43:11","7.29","4.11","14","On","12.808375,77.686936",
"09-Sep-2026 07:43:41","1.75","4.11","14","On","12.808409,77.686976",
"09-Sep-2026 07:44:11","1.67","4.11","14","On","12.808441,77.687051",
"09-Sep-2026 07:44:41","0.61","4.11","14","On","12.808429,77.687014",
"09-Sep-2026 07:45:11","0.65","4.11","14","On","12.80836,77.686943",
"09-Sep-2026 07:45:41","0.32","4.11","14","On","12.808356,77.686936",
"09-Sep-2026 07:46:11","2.01","4.11","14","On","12.808397,77.686936",
"09-Sep-2026 07:46:41","1.43","4.11","13.98","On","12.808421,77.686947",
"09-Sep-2026 07:47:11","1.71","4.11","14","On","12.808417,77.686972",
"09-Sep-2026 07:47:41","1.22","4.11","14","On","12.808379,77.686939",
"09-Sep-2026 07:48:11","0.71","4.11","14","On","12.808349,77.686902",
"09-Sep-2026 07:48:41","2.88","4.11","13.98","On","12.808322,77.686896",
"09-Sep-2026 07:49:11","0.4","4.11","13.98","On","12.808324,77.686898",
"09-Sep-2026 07:49:41","1.32","4.11","13.98","On","12.808312,77.686886",
"09-Sep-2026 07:50:11","0.67","4.11","13.95","On","12.808306,77.686838",
"09-Sep-2026 07:50:41","1.79","4.11","14","On","12.808354,77.686839",
"09-Sep-2026 07:51:11","0.44","4.11","14","On","12.80835,77.686831",
"09-Sep-2026 07:51:41","5.4","4.11","14","On","12.808355,77.686846",
"09-Sep-2026 07:52:11","0.52","4.11","14","On","12.80835,77.686851",
"09-Sep-2026 07:52:41","1.54","4.11","14","On","12.808332,77.686847",
"09-Sep-2026 07:53:11","1.33","4.11","14","On","12.808344,77.686892",
"09-Sep-2026 07:53:41","2.11","4.11","13.98","On","12.80832,77.686855",
"09-Sep-2026 07:54:11","1.29","4.11","14","On","12.808331,77.686862",
"09-Sep-2026 07:54:41","1.02","4.11","14","On","12.808326,77.686832",
"09-Sep-2026 07:55:11","1.97","4.11","14","On","12.808307,77.686827",
"09-Sep-2026 07:55:41","2.03","4.11","14","On","12.808315,77.686863",
"09-Sep-2026 07:56:11","1.78","4.11","14","On","12.808285,77.686832",
"09-Sep-2026 07:56:41","1.86","4.11","13.98","On","12.808305,77.686877",
"09-Sep-2026 07:57:11","0.21","4.11","14","On","12.808301,77.686909",
"09-Sep-2026 07:57:41","0.48","4.11","13.98","On","12.808315,77.686897",
"09-Sep-2026 07:58:11","1.26","4.11","14","On","12.808339,77.686879",
"09-Sep-2026 07:58:41","2.16","4.11","14","On","12.808365,77.686903",
"09-Sep-2026 07:59:11","0.79","4.11","14","On","12.808321,77.68688",
"09-Sep-2026 07:59:41","0.47","4.11","14","On","12.808304,77.686867",
"09-Sep-2026 08:00:11","0.86","4.11","14","On","12.808307,77.686853",
"09-Sep-2026 08:00:41","0.76","4.11","14","On","12.808272,77.686841",
"09-Sep-2026 08:01:11","0.59","4.11","14","On","12.808257,77.686802",
"09-Sep-2026 08:01:41","2.03","4.11","14","On","12.808236,77.686763",
"09-Sep-2026 08:02:11","2.53","4.11","14","On","12.808194,77.686757",
"09-Sep-2026 08:02:41","1.32","4.11","13.98","On","12.808196,77.686758",
"09-Sep-2026 08:03:11","2.86","4.11","13.98","On","12.80825,77.68681",
"09-Sep-2026 08:03:41","2.21","4.11","14","On","12.808268,77.686806",
"09-Sep-2026 08:04:11","1.05","4.11","14","On","12.808235,77.686764",
"09-Sep-2026 08:04:41","1.42","4.11","14","On","12.80824,77.686726",
"09-Sep-2026 08:05:11","1.06","4.11","14.03","On","12.808268,77.686744",
"09-Sep-2026 08:05:41","1.82","4.11","14.03","On","12.808287,77.686759",
"09-Sep-2026 08:06:11","0.52","4.11","14","On","12.808274,77.686767",
"09-Sep-2026 08:06:41","1.68","4.11","14","On","12.808281,77.686777",
"09-Sep-2026 08:07:11","0.27","4.11","14.03","On","12.808274,77.686774",
"09-Sep-2026 08:07:41","1.16","4.11","14.03","On","12.808265,77.686755",
"09-Sep-2026 08:08:11","1","4.11","14","On","12.808278,77.686752",
"09-Sep-2026 08:08:41","0.39","4.11","14","On","12.808281,77.686778",
"09-Sep-2026 08:09:11","1.76","4.11","13.98","On","12.808301,77.6868",
"09-Sep-2026 08:09:41","1.29","4.11","13.98","On","12.808319,77.686801",
"09-Sep-2026 08:10:11","0.49","4.11","13.98","On","12.808346,77.686837",
"09-Sep-2026 08:10:41","1.08","4.11","14","On","12.80831,77.686831",
"09-Sep-2026 08:11:11","1.39","4.11","14","On","12.808314,77.686818",
"09-Sep-2026 08:11:41","0.9","4.11","14","On","12.808317,77.686819",
"09-Sep-2026 08:12:11","1.04","4.11","14","On","12.808304,77.686818",
"09-Sep-2026 08:12:41","2.66","4.11","13.98","On","12.808305,77.686781",
"09-Sep-2026 08:13:11","0.76","4.11","14","On","12.808307,77.686826",
"09-Sep-2026 08:13:41","0.28","4.11","13.98","On","12.808263,77.686805",
"09-Sep-2026 08:14:11","0.65","4.11","14","On","12.808255,77.686795",
"09-Sep-2026 08:14:41","1.06","4.11","14.03","On","12.808278,77.686782",
"09-Sep-2026 08:15:11","1.49","4.11","14","On","12.808274,77.68679",
"09-Sep-2026 08:15:41","0.22","4.11","14","On","12.808281,77.686801",
"09-Sep-2026 08:16:11","1.38","4.11","14","On","12.808238,77.686781",
"09-Sep-2026 08:16:41","1.5","4.11","14","On","12.808261,77.686835",
"09-Sep-2026 08:17:11","4.66","4.11","14","On","12.808288,77.68688",
"09-Sep-2026 08:17:41","2.11","4.11","13.98","On","12.808332,77.686898",
"09-Sep-2026 08:18:11","0.67","4.11","14","On","12.808352,77.686882",
"09-Sep-2026 08:18:41","0.55","4.11","14","On","12.808373,77.686893",
"09-Sep-2026 08:19:11","1.46","4.11","14","On","12.808348,77.686813",
"09-Sep-2026 08:19:41","1.68","4.11","14","On","12.808341,77.686786",
"09-Sep-2026 08:20:11","0.28","4.11","13.98","On","12.808383,77.686793",
"09-Sep-2026 08:20:41","1.97","4.11","13.98","On","12.808376,77.686784",
"09-Sep-2026 08:21:11","3.1","4.11","13.95","On","12.808343,77.68675",
"09-Sep-2026 08:21:41","0.26","4.11","14","On","12.808343,77.686765",
"09-Sep-2026 08:22:11","1.24","4.11","14","On","12.808348,77.68679",
"09-Sep-2026 08:22:41","2.83","4.11","14","On","12.808335,77.686767",
"09-Sep-2026 08:23:11","0.35","4.11","13.98","On","12.808338,77.686755",
"09-Sep-2026 08:23:41","2.46","4.11","14","On","12.808346,77.686761",
"09-Sep-2026 08:24:11","0.1","4.11","13.98","On","12.808355,77.686799",
"09-Sep-2026 08:24:41","1.92","4.11","13.98","On","12.808355,77.686823",
"09-Sep-2026 08:25:11","0.92","4.11","14","On","12.808353,77.686828",
"09-Sep-2026 08:25:41","2.83","4.11","14","On","12.808312,77.686819",
"09-Sep-2026 08:26:11","1.85","4.11","13.98","On","12.808301,77.686771",
"09-Sep-2026 08:26:41","1.38","4.11","14","On","12.808303,77.68682",
"09-Sep-2026 08:27:11","0.39","4.11","13.98","On","12.808317,77.686821",
"09-Sep-2026 08:27:41","1.06","4.11","14","On","12.808335,77.686836",
"09-Sep-2026 08:28:11","1.3","4.11","14","On","12.808375,77.686872",
"09-Sep-2026 08:28:41","0.28","4.11","13.98","On","12.808383,77.686858",
"09-Sep-2026 08:29:11","1.17","4.11","13.98","On","12.808389,77.686873",
"09-Sep-2026 08:29:41","0.64","4.11","14","On","12.808382,77.686848",
"09-Sep-2026 08:30:11","1.31","4.11","13.98","On","12.808341,77.686788",
"09-Sep-2026 08:30:41","3.7","4.11","13.98","On","12.808341,77.686832",
"09-Sep-2026 08:31:11","0.36","4.11","14","On","12.80834,77.686864",
"09-Sep-2026 08:31:41","2.01","4.11","13.95","On","12.808265,77.68678",
"09-Sep-2026 08:32:11","2.99","4.11","13.98","On","12.808281,77.686808",
"09-Sep-2026 08:32:41","1.48","4.11","13.98","On","12.808241,77.686796",
"09-Sep-2026 08:33:11","1.16","4.11","13.98","On","12.808278,77.686824",
"09-Sep-2026 08:33:41","0.42","4.11","14","On","12.808276,77.686835",
"09-Sep-2026 08:34:11","0.82","4.11","14","On","12.808269,77.686818",
"09-Sep-2026 08:34:41","0.57","4.11","14","On","12.808273,77.686845",
"09-Sep-2026 08:35:11","2.29","4.11","14","On","12.80828,77.686864",
"09-Sep-2026 08:35:41","1.5","4.11","14","On","12.80831,77.686912",
"09-Sep-2026 08:36:11","0.84","4.11","14","On","12.808294,77.686867",
"09-Sep-2026 08:36:41","0.36","4.11","14","On","12.808333,77.686893",
"09-Sep-2026 08:37:11","0.71","4.11","14","On","12.808329,77.686898",
"09-Sep-2026 08:37:41","1.75","4.11","14","On","12.808306,77.686906",
"09-Sep-2026 08:38:11","0.81","4.11","14","On","12.808319,77.686857",
"09-Sep-2026 08:38:41","0.99","4.11","14","On","12.808297,77.686807",
"09-Sep-2026 08:39:11","2.7","4.11","13.98","On","12.808355,77.686841",
"09-Sep-2026 08:39:41","0.87","4.11","13.98","On","12.808345,77.686864",
"09-Sep-2026 08:40:11","1.97","4.11","13.98","On","12.808309,77.686837",
"09-Sep-2026 08:40:41","0.73","4.11","14","On","12.808412,77.686706",
"09-Sep-2026 08:41:11","0.48","4.11","14","On","12.808456,77.686735",
"09-Sep-2026 08:41:41","0.85","4.11","13.98","On","12.808471,77.686759",
"09-Sep-2026 08:42:09","19.35","4.11","13.98","On","12.808514,77.686682",
"09-Sep-2026 08:42:11","19.35","4.11","14","On","12.808514,77.686682",
"09-Sep-2026 08:42:14","38.74","4.11","14","On","12.808749,77.6865",
"09-Sep-2026 08:42:41","40.21","4.11","14","On","12.811009,77.684399",
"09-Sep-2026 08:43:11","2.11","4.11","14","On","12.812848,77.682609",
"09-Sep-2026 08:43:19","1.19","4.11","14","On","12.812931,77.682499",
"09-Sep-2026 08:43:24","18.56","4.11","14","On","12.812901,77.682411",
"09-Sep-2026 08:43:41","13.33","4.11","13.98","On","12.812215,77.681652",
"09-Sep-2026 08:44:11","19.53","4.11","13.95","On","12.811495,77.680813",
"09-Sep-2026 08:44:41","12.39","4.11","14","On","12.810463,77.679819",
"09-Sep-2026 08:45:11","9.5","4.11","13.98","On","12.809969,77.679477",
"09-Sep-2026 08:45:41","0.46","4.11","14","On","12.809855,77.679411",
"09-Sep-2026 08:45:54","1.1","4.11","14","On","12.809827,77.679389",
"09-Sep-2026 08:46:11","3.98","4.11","13.98","On","12.809761,77.679337",
"09-Sep-2026 08:46:41","14.37","4.11","13.98","On","12.809263,77.679098",
"09-Sep-2026 08:46:54","10.56","4.11","13.98","On","12.808911,77.678939",
"09-Sep-2026 08:46:59","3.16","4.11","13.98","On","12.808871,77.67898",
"09-Sep-2026 08:47:11","6.67","4.11","13.95","On","12.808635,77.678893",
"09-Sep-2026 08:47:41","0.88","4.11","13.98","On","12.80828,77.678733",
"09-Sep-2026 08:48:11","0.26","4.11","14","On","12.808244,77.678738",
"09-Sep-2026 08:48:41","3.33","4.11","13.98","On","12.808176,77.678701",
"09-Sep-2026 08:49:09","10.27","4.11","13.98","On","12.808374,77.678779",
"09-Sep-2026 08:49:11","10.27","4.11","13.98","On","12.808374,77.678779",
"09-Sep-2026 08:49:14","3.31","4.11","13.98","On","12.808451,77.678815",
"09-Sep-2026 08:49:39","12.16","4.11","13.98","On","12.808965,77.678899",
"09-Sep-2026 08:49:41","17.5","4.11","13.95","On","12.809173,77.67901",
"09-Sep-2026 08:50:04","4.87","4.11","13.95","On","12.809641,77.67934",
"09-Sep-2026 08:50:11","7.84","4.11","13.98","On","12.809737,77.679308",
"09-Sep-2026 08:50:19","11.12","4.11","13.98","On","12.809947,77.679455",
"09-Sep-2026 08:50:41","14.38","4.11","13.98","On","12.810417,77.679753",
"09-Sep-2026 08:51:11","16.72","4.11","13.98","On","12.811125,77.680386",
"09-Sep-2026 08:51:41","22.29","4.11","13.98","On","12.8122,77.681574",
"09-Sep-2026 08:52:11","2.84","4.11","13.98","On","12.81309,77.682552",
"09-Sep-2026 08:52:41","21.19","4.11","14","On","12.814149,77.683724",
"09-Sep-2026 08:52:54","8.6","4.11","14","On","12.814435,77.684041",
"09-Sep-2026 08:53:11","15.12","4.11","13.98","On","12.814975,77.684653",
"09-Sep-2026 08:53:41","20.69","4.11","13.98","On","12.816071,77.685815",
"09-Sep-2026 08:54:11","25.82","4.11","13.98","On","12.817003,77.686841",
"09-Sep-2026 08:54:41","0.76","4.11","13.98","On","12.817869,77.687825",
"09-Sep-2026 08:55:11","0.83","4.11","14","On","12.817884,77.68786",
"09-Sep-2026 08:55:41","2.24","4.11","14.03","On","12.817917,77.687885",
"09-Sep-2026 08:56:11","0.54","4.11","14","On","12.817932,77.687887",
"09-Sep-2026 08:56:41","2.69","4.11","13.95","On","12.818042,77.68804",
"09-Sep-2026 08:57:11","1.86","4.11","13.98","On","12.818084,77.688132",
"09-Sep-2026 08:57:41","1.09","4.11","13.98","On","12.818171,77.688229",
"09-Sep-2026 08:58:11","0.64","4.11","14","On","12.818213,77.688217",
"09-Sep-2026 08:58:41","0.69","4.11","13.98","On","12.818208,77.688196",
"09-Sep-2026 08:59:11","0.33","4.11","13.98","On","12.8182,77.688212",
"09-Sep-2026 08:59:41","2.16","4.11","14","On","12.818243,77.688271",
"09-Sep-2026 09:00:11","0.25","4.11","13.98","On","12.818423,77.688442",
"09-Sep-2026 09:00:41","3.08","4.11","13.98","On","12.818663,77.688687",
"09-Sep-2026 09:01:11","0.45","4.11","14","On","12.818687,77.688705",
"09-Sep-2026 09:01:41","0.43","4.11","13.98","On","12.818705,77.688706",
"09-Sep-2026 09:02:11","0.55","4.11","13.98","On","12.818704,77.688713",
"09-Sep-2026 09:02:41","1.37","4.11","14","On","12.818716,77.688711",
"09-Sep-2026 09:03:11","0.38","4.11","14","On","12.81872,77.68871",
"09-Sep-2026 09:03:41","0.72","4.11","14","On","12.818712,77.688712",
"09-Sep-2026 09:04:11","0.58","4.11","14","On","12.818707,77.688727",
"09-Sep-2026 09:04:41","1.17","4.11","13.98","On","12.818741,77.688756",
"09-Sep-2026 09:04:59","17.06","4.11","13.98","On","12.818976,77.688788",
"09-Sep-2026 09:05:11","21.77","4.11","13.95","On","12.819361,77.688513",
"09-Sep-2026 09:05:29","8.2","4.11","13.95","On","12.820244,77.687544",
"09-Sep-2026 09:05:41","3.48","4.11","14","On","12.820334,77.687491",
"09-Sep-2026 09:06:11","4.25","4.11","14","On","12.82048,77.687405",
"09-Sep-2026 09:06:34","11.58","4.11","14","On","12.820746,77.687093",
"09-Sep-2026 09:06:41","27.65","4.11","13.98","On","12.821045,77.686829",
"09-Sep-2026 09:07:11","41.46","4.11","14","On","12.822648,77.685423",
"09-Sep-2026 09:07:41","35.29","4.11","14","On","12.825374,77.683182",
"09-Sep-2026 09:08:11","37.71","4.11","13.98","On","12.827843,77.681879",
"09-Sep-2026 09:08:14","37.35","4.11","13.98","On","12.828212,77.681738",
"09-Sep-2026 09:08:41","55.97","4.11","13.98","On","12.831299,77.680771",
"09-Sep-2026 09:09:11","47.59","4.11","13.98","On","12.834757,77.67962",
"09-Sep-2026 09:09:41","26.41","4.11","13.95","On","12.837963,77.678298",
"09-Sep-2026 09:09:44","9.86","4.11","13.95","On","12.838105,77.678185",
"09-Sep-2026 09:09:49","19.95","4.11","13.95","On","12.838201,77.678107",
"09-Sep-2026 09:10:11","29.64","4.11","13.95","On","12.838821,77.677718",
"09-Sep-2026 09:10:41","44.37","4.11","13.98","On","12.841088,77.675971",
"09-Sep-2026 09:11:11","50.07","4.11","13.95","On","12.843929,77.673763",
"09-Sep-2026 09:11:41","42.34","4.11","13.98","On","12.847019,77.671328",
"09-Sep-2026 09:12:11","48.92","4.11","13.98","On","12.849429,77.66936",
"09-Sep-2026 09:12:41","17.67","4.11","13.98","On","12.852044,77.667342",
"09-Sep-2026 09:12:44","8.01","4.11","13.98","On","12.852129,77.667301",
"09-Sep-2026 09:13:11","8.68","4.11","13.98","On","12.85248,77.667115",
"09-Sep-2026 09:13:14","15.45","4.11","13.98","On","12.852613,77.667018",
"09-Sep-2026 09:13:19","16.9","4.11","13.98","On","12.852784,77.666884",
"09-Sep-2026 09:13:41","13.48","4.11","13.95","On","12.854078,77.665745",
"09-Sep-2026 09:13:44","15.05","4.11","13.95","On","12.854166,77.665606",
"09-Sep-2026 09:13:49","4.87","4.11","13.95","On","12.854216,77.665542",
"09-Sep-2026 09:14:09","10.21","4.11","13.95","On","12.854309,77.66552",
"09-Sep-2026 09:14:11","10.21","4.11","13.95","On","12.854309,77.66552",
"09-Sep-2026 09:14:41","2.23","4.11","13.98","On","12.85434,77.665377",
"09-Sep-2026 09:15:11","4.15","4.11","14","On","12.854366,77.665393",
"09-Sep-2026 09:15:41","1.32","4.11","14","On","12.854359,77.665398",
"09-Sep-2026 09:16:11","1.35","4.11","13.98","On","12.85434,77.665429",
"09-Sep-2026 09:16:34","1.2","4.11","13.98","On","12.854297,77.665378",
"09-Sep-2026 09:16:41","5.52","4.11","13.98","On","12.854318,77.665335",
"09-Sep-2026 09:16:49","14.69","4.11","13.98","On","12.854565,77.66516",
"09-Sep-2026 09:17:11","12.59","4.11","13.98","On","12.855144,77.664782",
"09-Sep-2026 09:17:41","14.88","4.11","13.95","On","12.855848,77.664264",
"09-Sep-2026 09:18:11","38.91","4.11","13.98","On","12.85767,77.662892",
"09-Sep-2026 09:18:41","25.69","4.11","13.95","On","12.859691,77.661433",
"09-Sep-2026 09:19:11","54.95","4.11","13.98","On","12.862424,77.659194",
"09-Sep-2026 09:19:41","53.34","4.11","13.95","On","12.865449,77.656712",
"09-Sep-2026 09:20:11","0.41","4.11","13.93","On","12.866876,77.655488",
"09-Sep-2026 09:20:14","3.85","4.11","13.93","On","12.866891,77.655452",
"09-Sep-2026 09:20:41","8.1","4.11","13.95","On","12.866974,77.655327",
"09-Sep-2026 09:21:11","5.85","4.11","13.98","On","12.867048,77.655226",
"09-Sep-2026 09:21:19","12.35","4.11","13.98","On","12.867158,77.655099",
"09-Sep-2026 09:21:41","29.68","4.11","13.98","On","12.867895,77.654544",
"09-Sep-2026 09:22:04","1.24","4.11","13.98","On","12.868684,77.653738",
"09-Sep-2026 09:22:11","1.71","4.11","13.95","On","12.868665,77.653705",
"09-Sep-2026 09:22:19","11.86","4.11","13.95","On","12.868693,77.653667",
"09-Sep-2026 09:22:41","3.02","4.11","13.98","On","12.868982,77.653441",
"09-Sep-2026 09:22:59","6.11","4.11","13.98","On","12.869065,77.653449",
"09-Sep-2026 09:23:11","2.33","4.11","13.98","On","12.869195,77.653386",
"09-Sep-2026 09:23:41","0.17","4.11","13.95","On","12.869258,77.653396",
"09-Sep-2026 09:24:09","11.52","4.11","13.95","On","12.869373,77.653352",
"09-Sep-2026 09:24:11","15.8","4.11","13.93","On","12.869519,77.653237",
"09-Sep-2026 09:24:41","19.7","4.11","13.98","On","12.870146,77.65252",
"09-Sep-2026 09:25:04","9.36","4.11","13.98","On","12.871014,77.651793",
"09-Sep-2026 09:25:09","15.31","4.11","13.98","On","12.871172,77.651797",
"09-Sep-2026 09:25:11","8.39","4.11","13.98","On","12.871327,77.651796",
"09-Sep-2026 09:25:14","7.31","4.11","13.98","On","12.871425,77.651749",
"09-Sep-2026 09:25:41","3.01","4.11","13.95","On","12.871565,77.651668",
"09-Sep-2026 09:26:11","3.11","4.11","13.98","On","12.871801,77.651479",
"09-Sep-2026 09:26:41","2.37","4.11","13.95","On","12.871831,77.651454",
"09-Sep-2026 09:27:11","1.51","4.11","13.91","On","12.871842,77.651448",
"09-Sep-2026 09:27:41","23.48","4.11","13.95","On","12.872018,77.651416",
"09-Sep-2026 09:28:11","49.11","4.11","13.95","On","12.874506,77.649393",
"09-Sep-2026 09:28:41","42.01","4.11","13.98","On","12.87713,77.647117",
"09-Sep-2026 09:29:11","6","4.11","13.98","On","12.880195,77.645192",
"09-Sep-2026 09:29:19","12.2","4.11","13.98","On","12.880122,77.64502",
"09-Sep-2026 09:29:41","9.91","4.11","13.95","On","12.879538,77.644031",
"09-Sep-2026 09:29:59","24.13","4.11","13.95","On","12.879338,77.64333",
"09-Sep-2026 09:30:11","25.39","4.11","13.98","On","12.879843,77.642436",
"09-Sep-2026 09:30:14","25.39","4.11","13.98","On","12.879843,77.642436",
"09-Sep-2026 09:30:24","13.09","4.11","13.98","On","12.880378,77.642199",
"09-Sep-2026 09:30:29","10.81","4.11","13.98","On","12.880386,77.642095",
"09-Sep-2026 09:30:41","7.9","4.11","14","On","12.880223,77.641703",
"09-Sep-2026 09:31:11","30.07","4.11","13.98","On","12.879619,77.639865",
"09-Sep-2026 09:31:41","13.95","4.11","13.95","On","12.878906,77.637859",
"09-Sep-2026 09:31:44","8.68","4.11","13.95","On","12.878865,77.637736",
"09-Sep-2026 09:31:59","17.69","4.11","13.95","On","12.878956,77.637278",
"09-Sep-2026 09:32:04","16.97","4.11","13.95","On","12.878954,77.637092",
"09-Sep-2026 09:32:09","18.28","4.11","13.95","On","12.878962,77.636903",
"09-Sep-2026 09:32:11","14.61","4.11","13.98","On","12.879069,77.63673",
"09-Sep-2026 09:32:41","24.61","4.11","13.95","On","12.879492,77.635628",
"09-Sep-2026 09:32:49","32.53","4.11","13.95","On","12.879543,77.634992",
"09-Sep-2026 09:33:11","5.89","4.11","13.95","On","12.879314,77.633686",
"09-Sep-2026 09:33:39","23.64","4.11","13.95","On","12.878787,77.632655",
"09-Sep-2026 09:33:41","23.64","4.11","13.95","On","12.878787,77.632655",
"09-Sep-2026 09:33:44","23.17","4.11","13.95","On","12.878628,77.632491",
"09-Sep-2026 09:33:49","27.17","4.11","13.95","On","12.878568,77.632243",
"09-Sep-2026 09:34:11","17.78","4.11","13.95","On","12.878272,77.630596",
"09-Sep-2026 09:34:41","48.91","4.11","13.93","On","12.877909,77.627819",
"09-Sep-2026 09:35:11","11.96","4.11","13.93","On","12.877818,77.625512",
"09-Sep-2026 09:35:14","11.96","4.11","13.93","On","12.877818,77.625512",
"09-Sep-2026 09:35:29","17.46","4.11","13.93","On","12.878184,77.62493",
"09-Sep-2026 09:35:39","20.06","4.11","13.93","On","12.878738,77.624674",
"09-Sep-2026 09:35:41","20.06","4.11","13.95","On","12.878738,77.624674",
"09-Sep-2026 09:35:44","20.57","4.11","13.95","On","12.87895,77.624674",
"09-Sep-2026 09:36:11","14.33","4.11","13.93","On","12.880175,77.624508",
"09-Sep-2026 09:36:14","14.33","4.11","13.93","On","12.880175,77.624508",
"09-Sep-2026 09:36:19","3.82","4.11","13.93","On","12.880482,77.624545",
"09-Sep-2026 09:36:41","1","4.11","13.93","On","12.880634,77.624548",
"09-Sep-2026 09:37:11","1.46","4.11","13.95","On","12.880793,77.624578",
"09-Sep-2026 09:37:29","15.63","4.11","13.95","On","12.88095,77.624464",
"09-Sep-2026 09:37:41","10.94","4.11","13.98","On","12.881052,77.624005",
"09-Sep-2026 09:37:59","14.66","4.11","13.98","On","12.881401,77.6233",
"09-Sep-2026 09:38:11","18.85","4.11","13.98","On","12.881856,77.62335",
"09-Sep-2026 09:38:24","7.76","4.11","13.98","On","12.882383,77.623384",
"09-Sep-2026 09:38:39","19.33","4.11","13.98","On","12.882961,77.623035",
"09-Sep-2026 09:38:41","19.33","4.11","13.95","On","12.882961,77.623035",
"09-Sep-2026 09:38:44","11.86","4.11","13.95","On","12.88305,77.622914",
"09-Sep-2026 09:38:49","18.67","4.11","13.95","On","12.883102,77.622737",
"09-Sep-2026 09:38:59","15.77","4.11","13.95","On","12.883552,77.622182",
"09-Sep-2026 09:39:04","23.48","4.11","13.95","On","12.883781,77.622105",
"09-Sep-2026 09:39:11","19.29","4.11","13.93","On","12.884232,77.622025",
"09-Sep-2026 09:39:34","31.03","4.11","13.93","On","12.885181,77.621796",
"09-Sep-2026 09:39:41","20.84","4.11","13.93","On","12.885743,77.621862",
"09-Sep-2026 09:39:59","12.16","4.11","13.93","On","12.886923,77.621912",
"09-Sep-2026 09:40:04","11.28","4.11","13.93","On","12.886998,77.621849",
"09-Sep-2026 09:40:11","15.48","4.11","13.98","On","12.887191,77.621721",
"09-Sep-2026 09:40:24","14.76","4.11","13.98","On","12.887548,77.621469",
"09-Sep-2026 09:40:39","20.65","4.11","13.98","On","12.888227,77.621444",
"09-Sep-2026 09:40:41","20.65","4.11","14","On","12.888227,77.621444",
"09-Sep-2026 09:40:44","13.61","4.11","14","On","12.888405,77.621426",
"09-Sep-2026 09:40:54","14.92","4.11","14","On","12.888632,77.6213",
"09-Sep-2026 09:41:11","6.14","4.11","13.98","On","12.88872,77.620675",
"09-Sep-2026 09:41:29","6.17","4.11","13.98","On","12.888831,77.619971",
"09-Sep-2026 09:41:41","0.59","4.11","13.98","On","12.888655,77.619703",
"09-Sep-2026 09:42:04","14.23","4.11","13.98","On","12.888342,77.619454",
"09-Sep-2026 09:42:09","9.13","4.11","13.98","On","12.88826,77.619358",
"09-Sep-2026 09:42:11","9.13","4.11","13.98","On","12.88826,77.619358",
"09-Sep-2026 09:42:41","20.71","4.11","13.98","On","12.888346,77.618063",
"09-Sep-2026 09:43:04","11.78","4.11","13.98","On","12.888432,77.617093",
"09-Sep-2026 09:43:11","16.28","4.11","13.95","On","12.888443,77.616916",
"09-Sep-2026 09:43:29","18.35","4.11","13.95","On","12.888663,77.616035",
"09-Sep-2026 09:43:34","16.01","4.11","13.95","On","12.888827,77.615983",
"09-Sep-2026 09:43:39","13.04","4.11","13.95","On","12.888874,77.615805",
"09-Sep-2026 09:43:41","0.72","4.11","13.95","On","12.88888,77.615752",
"09-Sep-2026 09:43:49","2.75","4.11","13.95","On","12.888924,77.615647",
"09-Sep-2026 09:44:09","10.03","4.11","13.95","On","12.889297,77.615201",
"09-Sep-2026 09:44:11","10.03","4.11","13.95","On","12.889297,77.615201",
"09-Sep-2026 09:44:41","28.74","4.11","13.95","On","12.890026,77.613607",
"09-Sep-2026 09:45:11","35.04","4.11","13.98","On","12.890623,77.612334",
"09-Sep-2026 09:45:19","20.1","4.11","13.98","On","12.891086,77.611942",
"09-Sep-2026 09:45:24","25.1","4.11","13.98","On","12.891602,77.611861",
"09-Sep-2026 09:45:39","10.81","4.11","13.98","On","12.892074,77.611617",
"09-Sep-2026 09:45:41","15.47","4.11","14","On","12.892206,77.611596",
"09-Sep-2026 09:45:44","14.08","4.11","14","On","12.89234,77.611527",
"09-Sep-2026 09:45:49","13.39","4.11","14","On","12.892417,77.611425",
"09-Sep-2026 09:46:11","7.34","4.11","13.98","On","12.892534,77.611177",
"09-Sep-2026 09:46:34","11.51","4.11","13.98","On","12.892852,77.610462",
"09-Sep-2026 09:46:39","22.78","4.11","13.98","On","12.89303,77.610489",
"09-Sep-2026 09:46:41","21.05","4.11","13.93","On","12.89324,77.610554",
"09-Sep-2026 09:47:10","20.57","4.11","13.93","On","12.895165,77.610958",
"09-Sep-2026 09:47:11","20.57","4.11","13.98","On","12.895165,77.610958",
"09-Sep-2026 09:47:20","18.51","4.11","13.98","On","12.895525,77.610973",
"09-Sep-2026 09:47:25","8.55","4.11","13.98","On","12.89567,77.611069",
"09-Sep-2026 09:47:41","0.56","4.11","13.98","On","12.895623,77.611388",
"09-Sep-2026 09:48:11","0.13","4.11","14","On","12.895625,77.611417",
"09-Sep-2026 09:48:41","0.51","4.11","14","On","12.895622,77.611434",
"09-Sep-2026 09:49:11","1.17","4.11","13.95","On","12.89563,77.611474",
"09-Sep-2026 09:49:41","0.68","4.11","13.95","On","12.895674,77.611422",
"09-Sep-2026 09:50:11","0.65","4.11","13.98","On","12.895672,77.611271",
"09-Sep-2026 09:50:41","0.54","4.11","14","On","12.895646,77.61111",
"09-Sep-2026 09:51:11","0.87","4.11","14","On","12.895621,77.611079",
"09-Sep-2026 09:51:41","0.2","4.11","13.98","On","12.895608,77.611062",
"09-Sep-2026 09:52:11","0.81","4.11","13.98","On","12.895598,77.611042",
"09-Sep-2026 09:52:41","0.36","4.11","13.98","On","12.895578,77.611014",
"09-Sep-2026 09:53:11","0.61","4.11","13.98","On","12.895591,77.610998",
"09-Sep-2026 09:53:41","0.21","4.11","13.98","On","12.895584,77.611012",
"09-Sep-2026 09:54:11","0.14","4.11","13.98","On","12.895574,77.611023",
"09-Sep-2026 09:54:41","0.57","4.11","14","On","12.895585,77.611034",
"09-Sep-2026 09:55:11","0.25","4.11","13.98","On","12.895595,77.611052",
"09-Sep-2026 09:55:41","0.56","4.11","14","On","12.895596,77.611059",
"09-Sep-2026 09:56:11","0.19","4.11","14","On","12.895605,77.611068",
"09-Sep-2026 09:56:41","0.35","4.11","14","On","12.895605,77.611084",
"09-Sep-2026 09:57:11","0.54","4.11","14","On","12.895585,77.611065",
"09-Sep-2026 09:57:41","0.26","4.11","13.98","On","12.895589,77.611053",
"09-Sep-2026 09:58:11","19.84","4.11","13.95","On","12.895783,77.610998",
"09-Sep-2026 09:58:15","23.87","4.11","13.95","On","12.896012,77.610995",
"09-Sep-2026 09:58:30","21.88","4.11","13.95","On","12.896691,77.610983",
"09-Sep-2026 09:58:35","26.16","4.11","13.95","On","12.89722,77.610977",
"09-Sep-2026 09:58:41","22.32","4.11","13.98","On","12.897457,77.610974",
"09-Sep-2026 09:58:55","8.2","4.11","13.98","On","12.898015,77.61089",
"09-Sep-2026 09:59:11","22.01","4.11","13.95","On","12.898183,77.61042",
"09-Sep-2026 09:59:15","27.23","4.11","13.95","On","12.898386,77.61023",
"09-Sep-2026 09:59:35","7.83","4.11","13.95","On","12.899187,77.609463",
"09-Sep-2026 09:59:41","8.37","4.11","13.93","On","12.899244,77.609371",
"09-Sep-2026 10:00:11","13.6","4.11","13.93","On","12.899807,77.608274",
"09-Sep-2026 10:00:15","12.07","4.11","13.93","On","12.899834,77.608133",
"09-Sep-2026 10:00:20","15.81","4.11","13.93","On","12.899761,77.608025",
"09-Sep-2026 10:00:35","3.47","4.11","13.93","On","12.899263,77.607663",
"09-Sep-2026 10:00:41","9.87","4.11","13.95","On","12.899164,77.607573",
"09-Sep-2026 10:00:50","21.6","4.11","13.95","On","12.898967,77.607442",
"09-Sep-2026 10:01:10","10.01","4.11","13.95","On","12.898035,77.606656",
"09-Sep-2026 10:01:11","7.45","4.11","13.98","On","12.897989,77.606566",
"09-Sep-2026 10:01:15","1.31","4.11","13.98","On","12.897933,77.606518",
"09-Sep-2026 10:01:35","11.01","4.11","13.98","On","12.897937,77.606335",
"09-Sep-2026 10:01:41","15.1","4.11","13.95","On","12.898,77.606215",
"09-Sep-2026 10:02:11","21.41","4.11","13.98","On","12.898972,77.605331",
"09-Sep-2026 10:02:41","23.83","4.11","13.98","On","12.900189,77.604185",
"09-Sep-2026 10:03:11","0.12","4.11","13.98","On","12.901001,77.603261",
"09-Sep-2026 10:03:41","0.29","4.11","13.98","On","12.901019,77.603241",
"09-Sep-2026 10:04:10","10.79","4.11","13.98","On","12.901346,77.602864",
"09-Sep-2026 10:04:11","19.22","4.11","13.98","On","12.901412,77.602694",
"09-Sep-2026 10:04:41","0.71","4.11","13.98","On","12.901866,77.601767",
"09-Sep-2026 10:05:11","0.37","4.11","13.98","On","12.901879,77.601742",
"09-Sep-2026 10:05:41","0.09","4.11","13.98","On","12.901889,77.601745",
"09-Sep-2026 10:06:11","0.3","4.11","13.98","On","12.901904,77.601737",
"09-Sep-2026 10:06:41","1.11","4.11","14","On","12.901901,77.60174",
"09-Sep-2026 10:07:11","0.07","4.11","13.98","On","12.901903,77.601744",
"09-Sep-2026 10:07:41","0.53","4.11","14","On","12.901914,77.601727",
"09-Sep-2026 10:08:11","0.41","4.11","14","On","12.901912,77.601728",
"09-Sep-2026 10:08:41","0.08","4.11","13.98","On","12.901914,77.601731",
"09-Sep-2026 10:09:11","0.36","4.11","13.98","On","12.901916,77.60172",
"09-Sep-2026 10:09:41","1.7","4.11","13.98","On","12.901926,77.60172",
"09-Sep-2026 10:09:50","10.09","4.11","13.98","On","12.901937,77.601626",
"09-Sep-2026 10:10:00","4.3","4.11","13.98","On","12.902007,77.601339",
"09-Sep-2026 10:10:11","12.34","4.11","13.93","On","12.902175,77.601146",
"09-Sep-2026 10:10:15","12.34","4.11","13.93","On","12.902175,77.601146",
"09-Sep-2026 10:10:41","30.24","4.11","13.95","On","12.903828,77.601397",
"09-Sep-2026 10:11:05","20.66","4.11","13.95","On","12.90538,77.601708",
"09-Sep-2026 10:11:11","16.4","4.11","13.98","On","12.905789,77.601623",
"09-Sep-2026 10:11:30","0.82","4.11","13.98","On","12.90621,77.601399",
"09-Sep-2026 10:11:41","0.38","4.11","13.95","On","12.906213,77.601377",
"09-Sep-2026 10:12:11","31.62","4.11","13.98","On","12.907224,77.600544",
"09-Sep-2026 10:12:41","1.7","4.11","13.98","On","12.908246,77.600254",
"09-Sep-2026 10:12:55","10.8","4.11","13.98","On","12.908412,77.600239",
"09-Sep-2026 10:13:10","28.56","4.11","13.98","On","12.909288,77.600144",
"09-Sep-2026 10:13:11","35.75","4.11","13.95","On","12.909636,77.600157",
"09-Sep-2026 10:13:23","13.36","4.11","13.95","On","12.910517,77.600075",
"09-Sep-2026 10:13:41","27.45","4.11","13.95","On","12.911285,77.599945",
"09-Sep-2026 10:14:11","23.61","4.11","13.98","On","12.913132,77.599838",
"09-Sep-2026 10:14:18","27.55","4.11","13.98","On","12.913415,77.59982",
"09-Sep-2026 10:14:41","17.73","4.11","13.98","On","12.914655,77.59988",
"09-Sep-2026 10:14:48","19.23","4.11","13.98","On","12.914997,77.59993",
"09-Sep-2026 10:15:23","14.38","4.11","13.98","On","12.917755,77.599975",
"09-Sep-2026 10:15:28","8.71","4.11","13.98","On","12.917846,77.599984",
"09-Sep-2026 10:15:33","16.4","4.11","13.98","On","12.917975,77.599992",
"09-Sep-2026 10:15:38","16.09","4.11","13.98","On","12.918114,77.599977",
"09-Sep-2026 10:15:41","18.12","4.11","13.98","On","12.918287,77.599989",
"09-Sep-2026 10:15:48","14.07","4.11","13.98","On","12.918649,77.599975",
"09-Sep-2026 10:16:11","30.5","4.11","13.98","On","12.920179,77.599995",
"09-Sep-2026 10:16:18","16.3","4.11","13.98","On","12.920418,77.59999",
"09-Sep-2026 10:16:23","12.7","4.11","13.98","On","12.920537,77.599822",
"09-Sep-2026 10:16:41","23.09","4.11","13.95","On","12.920534,77.598648",
"09-Sep-2026 10:17:11","12.89","4.11","13.98","On","12.920513,77.597326",
"09-Sep-2026 10:17:18","4.8","4.11","13.98","On","12.920511,77.597222",
"09-Sep-2026 10:17:33","15","4.11","13.98","On","12.920507,77.596858",
"09-Sep-2026 10:17:41","22.84","4.11","13.98","On","12.920528,77.596428",
"09-Sep-2026 10:18:11","28.13","4.11","13.98","On","12.920542,77.594559",
"09-Sep-2026 10:18:41","14.85","4.11","13.95","On","12.920579,77.59317",
"09-Sep-2026 10:19:11","33.26","4.11","13.95","On","12.920614,77.591072",
"09-Sep-2026 10:19:41","2.62","4.11","13.95","On","12.920572,77.589581",
"09-Sep-2026 10:20:11","16.52","4.11","13.95","On","12.920632,77.587754",
"09-Sep-2026 10:20:28","8.67","4.11","13.95","On","12.920552,77.587221",
"09-Sep-2026 10:20:41","6.16","4.11","13.93","On","12.920253,77.587167",
"09-Sep-2026 10:21:11","0.55","4.11","13.95","On","12.920184,77.587433",
"09-Sep-2026 10:21:41","0.69","4.11","13.98","On","12.920144,77.587412",
"09-Sep-2026 10:22:11","0.2","4.11","13.98","On","12.920167,77.587402",
"09-Sep-2026 10:22:41","5.48","4.11","13.95","On","12.920124,77.587431",
"09-Sep-2026 10:23:11","0.8","4.11","13.59","Off","12.920139,77.587507",
"09-Sep-2026 10:23:41","0.39","4.11","13.5","Off","12.920157,77.587486",
"09-Sep-2026 10:24:11","0.16","4.11","13.5","Off","12.920158,77.587467",
"09-Sep-2026 10:24:24","0.16","4.11","13.47","Off","12.920158,77.587467",
"09-Sep-2026 10:25:11","0.2","4.11","13.47","Off","12.920181,77.587456",
"09-Sep-2026 10:26:11","0.26","4.11","13.45","Off","12.920169,77.587457",
"09-Sep-2026 10:27:11","0.15","4.11","13.42","Off","12.920164,77.587473",
"09-Sep-2026 10:27:28","0.15","4.11","13.4","Off","12.920164,77.587473",
"09-Sep-2026 10:27:41","0.61","4.11","13.35","Off","12.920162,77.587469",
"09-Sep-2026 10:28:11","0.19","4.11","13.33","Off","12.920187,77.587467",
"09-Sep-2026 10:28:28","0.19","4.11","13.3","Off","12.920187,77.587467",
"09-Sep-2026 10:29:11","0.66","4.11","13.33","Off","12.920132,77.587508",
"09-Sep-2026 10:30:00","0.66","4.11","13.28","On","12.920132,77.587508",
"09-Sep-2026 10:30:00","0.44","4.11","13.28","On","12.920148,77.587522",
"09-Sep-2026 10:30:11","0.93","4.11","13.5","On","12.920144,77.587526",
"09-Sep-2026 10:30:28","11.95","4.11","13.5","On","12.920188,77.587618",
"09-Sep-2026 10:30:33","3.7","4.11","13.5","On","12.920176,77.587727",
"09-Sep-2026 10:30:41","7.66","4.11","13.91","On","12.920207,77.587923",
"09-Sep-2026 10:31:08","28.89","4.11","13.91","On","12.920666,77.587527",
"09-Sep-2026 10:31:11","28.89","4.11","13.95","On","12.920666,77.587527",
"09-Sep-2026 10:31:41","12.78","4.11","13.95","On","12.920736,77.58584",
"09-Sep-2026 10:31:43","12.78","4.11","13.95","On","12.920736,77.58584",
"09-Sep-2026 10:32:11","1.25","4.11","13.98","On","12.921402,77.585847",
"09-Sep-2026 10:32:38","25.74","4.11","13.98","On","12.922509,77.585842",
"09-Sep-2026 10:32:41","15.02","4.11","13.93","On","12.92273,77.585852",
"09-Sep-2026 10:32:43","15.02","4.11","13.93","On","12.92273,77.585852",
"09-Sep-2026 10:32:53","12.36","4.11","13.93","On","12.92329,77.585801",
"09-Sep-2026 10:32:58","25.02","4.11","13.93","On","12.923317,77.585681",
"09-Sep-2026 10:33:11","9.74","4.11","13.95","On","12.923338,77.584966",
"09-Sep-2026 10:33:41","28.04","4.11","13.95","On","12.923395,77.583016",
"09-Sep-2026 10:34:11","20.39","4.11","13.98","On","12.923409,77.581633",
"09-Sep-2026 10:34:33","0.7","4.11","13.98","On","12.923409,77.580543",
"09-Sep-2026 10:34:41","1.19","4.11","13.98","On","12.923402,77.580524",
"09-Sep-2026 10:35:11","11.81","4.11","13.95","On","12.923414,77.580274",
"09-Sep-2026 10:35:41","20.55","4.11","13.95","On","12.923445,77.579415",
"09-Sep-2026 10:35:43","20.55","4.11","13.95","On","12.923445,77.579415",
"09-Sep-2026 10:36:11","7.15","4.11","13.93","On","12.923456,77.578087",
"09-Sep-2026 10:36:13","11.2","4.11","13.93","On","12.923534,77.578022",
"09-Sep-2026 10:36:18","24.36","4.11","13.93","On","12.923723,77.578007",
"09-Sep-2026 10:36:23","28.41","4.11","13.93","On","12.924029,77.577988",
"09-Sep-2026 10:36:28","15.32","4.11","13.93","On","12.924277,77.577978",
"09-Sep-2026 10:36:33","13.48","4.11","13.93","On","12.924659,77.577963",
"09-Sep-2026 10:36:38","26.47","4.11","13.93","On","12.924939,77.577973",
"09-Sep-2026 10:36:41","22.01","4.11","13.98","On","12.925224,77.577967",
"09-Sep-2026 10:36:53","25.6","4.11","13.98","On","12.926038,77.57796",
"09-Sep-2026 10:36:58","21.86","4.11","13.98","On","12.926305,77.577973",
"09-Sep-2026 10:37:11","24.32","4.11","13.98","On","12.926993,77.578017",
"09-Sep-2026 10:37:13","11.23","4.11","13.98","On","12.92717,77.57796",
"09-Sep-2026 10:37:18","14.88","4.11","13.98","On","12.927256,77.5779",
"09-Sep-2026 10:37:41","0.08","4.11","13.98","On","12.927266,77.577306",
"09-Sep-2026 10:38:11","0.31","4.11","13.98","On","12.92727,77.577264",
"09-Sep-2026 10:38:38","12.46","4.11","13.98","On","12.927337,77.576924",
"09-Sep-2026 10:38:41","20.24","4.11","13.95","On","12.927489,77.576876",
"09-Sep-2026 10:38:43","20.24","4.11","13.95","On","12.927489,77.576876",
"09-Sep-2026 10:39:11","35.69","4.11","13.95","On","12.929997,77.576465",
"09-Sep-2026 10:39:41","11.9","4.11","13.98","On","12.931371,77.575899",
"09-Sep-2026 10:39:58","18.27","4.11","13.98","On","12.931926,77.575682",
"09-Sep-2026 10:40:03","27.6","4.11","13.98","On","12.932188,77.575645",
"09-Sep-2026 10:40:11","14.92","4.11","13.98","On","12.932695,77.575556",
"09-Sep-2026 10:40:41","25","4.11","13.98","On","12.933973,77.575293",
"09-Sep-2026 10:40:58","11.32","4.11","13.98","On","12.93458,77.575124",
"09-Sep-2026 10:41:03","10.4","4.11","13.98","On","12.934688,77.575107",
"09-Sep-2026 10:41:08","8.75","4.11","13.98","On","12.934736,77.575029",
"09-Sep-2026 10:41:11","14.63","4.11","13.98","On","12.934785,77.574914",
"09-Sep-2026 10:41:38","15.68","4.11","13.98","On","12.935223,77.573856",
"09-Sep-2026 10:41:41","21.82","4.11","13.93","On","12.935455,77.573828",
"09-Sep-2026 10:41:53","23.19","4.11","13.93","On","12.935882,77.573793",
"09-Sep-2026 10:41:58","27.36","4.11","13.93","On","12.936499,77.573782",
"09-Sep-2026 10:42:11","7.9","4.11","13.95","On","12.936776,77.573734",
"09-Sep-2026 10:42:18","32.69","4.11","13.95","On","12.936866,77.57342",
"09-Sep-2026 10:42:41","3.9","4.11","13.93","On","12.936904,77.572101",
"09-Sep-2026 10:42:43","3.9","4.11","13.93","On","12.936904,77.572101",
"09-Sep-2026 10:43:11","0.36","4.11","13.95","On","12.936946,77.572683",
"09-Sep-2026 10:43:41","0.36","4.11","13.98","On","12.936929,77.572715",
"09-Sep-2026 10:44:11","0.29","4.11","14","On","12.936935,77.572751",
"09-Sep-2026 10:44:41","0.5","4.11","13.98","On","12.936944,77.572764",
"09-Sep-2026 10:45:11","0.5","4.11","14","On","12.936946,77.572777",
"09-Sep-2026 10:45:41","1","4.11","13.98","On","12.936935,77.572778",
"09-Sep-2026 10:46:11","0.8","4.11","14","On","12.936941,77.572759",
"09-Sep-2026 10:46:41","0.33","4.11","13.95","On","12.936962,77.572753",
"09-Sep-2026 10:47:11","0.4","4.11","14","On","12.936959,77.572784",
"09-Sep-2026 10:47:41","0.43","4.11","14.03","On","12.93694,77.57278",
"09-Sep-2026 10:48:11","0.38","4.11","13.98","On","12.936968,77.572747",
"09-Sep-2026 10:48:41","0.44","4.11","13.98","On","12.936966,77.572747",
"09-Sep-2026 10:49:11","0.17","4.11","14","On","12.93697,77.572753",
"09-Sep-2026 10:49:41","0.19","4.11","14","On","12.936947,77.572773",
"09-Sep-2026 10:50:11","1.14","4.11","13.98","On","12.936923,77.572779",
"09-Sep-2026 10:50:41","0.16","4.11","13.98","On","12.936923,77.572788",
"09-Sep-2026 10:51:11","0.65","4.11","13.98","On","12.936914,77.572762",
"09-Sep-2026 10:51:41","1.62","4.11","14","On","12.936913,77.572762",
"09-Sep-2026 10:52:11","1.23","4.11","14","On","12.936935,77.572766",
"09-Sep-2026 10:52:41","0.13","4.11","14","On","12.936954,77.572737",
"09-Sep-2026 10:53:11","1.46","4.11","14","On","12.93695,77.572736",
"09-Sep-2026 10:53:41","0.63","4.11","14.03","On","12.936955,77.572759",
"09-Sep-2026 10:54:11","0.26","4.11","14","On","12.936986,77.572728",
"09-Sep-2026 10:54:41","0.54","4.11","13.98","On","12.936951,77.572749",
"09-Sep-2026 10:55:11","0.17","4.11","13.98","On","12.936916,77.57276",
"09-Sep-2026 10:55:41","0.53","4.11","14","On","12.936913,77.572772",
"09-Sep-2026 10:56:11","1.06","4.11","14","On","12.936906,77.572785",
"09-Sep-2026 10:56:41","0.78","4.11","13.98","On","12.936926,77.572791",
"09-Sep-2026 10:57:11","0.92","4.11","14","On","12.936939,77.572768",
"09-Sep-2026 10:57:41","1.02","4.11","13.98","On","12.936944,77.572731",
"09-Sep-2026 10:58:11","0.45","4.11","14","On","12.936945,77.572733",
"09-Sep-2026 10:58:41","1","4.11","14","On","12.936928,77.57275",
"09-Sep-2026 10:59:11","0.51","4.11","13.93","On","12.936934,77.572768",
"09-Sep-2026 10:59:41","4.9","4.11","13.93","On","12.936864,77.57292",
"09-Sep-2026 10:59:48","21.62","4.11","13.93","On","12.936854,77.572758",
"09-Sep-2026 11:00:03","4.61","4.11","13.93","On","12.936866,77.571978",
"09-Sep-2026 11:00:11","1.19","4.11","13.95","On","12.936832,77.571907",
"09-Sep-2026 11:00:41","3.39","4.11","13.95","On","12.936582,77.571685",
"09-Sep-2026 11:01:11","1.29","4.11","13.98","On","12.936562,77.571339",
"09-Sep-2026 11:01:41","3.24","4.11","13.98","On","12.936522,77.571096",
"09-Sep-2026 11:02:11","7.15","4.11","13.98","On","12.936519,77.570701",
"09-Sep-2026 11:02:41","0.27","4.11","13.98","On","12.936564,77.570518",
"09-Sep-2026 11:03:11","0.8","4.11","13.98","On","12.936573,77.570469",
"09-Sep-2026 11:03:41","1.29","4.11","13.98","On","12.936594,77.570436",
"09-Sep-2026 11:04:11","1.52","4.11","13.98","On","12.936576,77.570445",
"09-Sep-2026 11:04:41","0.97","4.11","14","On","12.936572,77.570453",
"09-Sep-2026 11:05:11","0.92","4.11","13.98","On","12.936587,77.570485",
"09-Sep-2026 11:05:41","1.06","4.11","13.98","On","12.936566,77.570489",
"09-Sep-2026 11:06:11","1.01","4.11","14","On","12.936587,77.570458",
"09-Sep-2026 11:06:41","0.69","4.11","13.91","On","12.936587,77.570441",
"09-Sep-2026 11:07:11","1.34","4.11","13.93","On","12.936584,77.570447",
"09-Sep-2026 11:07:41","2.3","4.11","13.98","On","12.936564,77.570435",
"09-Sep-2026 11:08:11","0.65","4.11","13.98","On","12.936536,77.570416",
"09-Sep-2026 11:08:41","0.36","4.11","13.98","On","12.936549,77.57042",
"09-Sep-2026 11:09:11","1.15","4.11","13.98","On","12.936563,77.570423",
"09-Sep-2026 11:09:41","0.68","4.11","14","On","12.93656,77.57043",
"09-Sep-2026 11:10:11","1.56","4.11","13.98","On","12.936551,77.570417",
"09-Sep-2026 11:10:41","2.65","4.11","13.98","On","12.936529,77.570261",
"09-Sep-2026 11:11:11","0.47","4.11","14","On","12.936517,77.570213",
"09-Sep-2026 11:11:41","0.4","4.11","14","On","12.936506,77.570209",
"09-Sep-2026 11:12:11","0.52","4.11","13.98","On","12.936489,77.570211",
"09-Sep-2026 11:12:41","0.27","4.11","13.98","On","12.936489,77.570195",
"09-Sep-2026 11:13:11","0.53","4.11","13.98","On","12.936501,77.5702",
"09-Sep-2026 11:13:41","0.35","4.11","13.98","On","12.936493,77.570195",
"09-Sep-2026 11:14:11","0.06","4.11","13.98","On","12.936471,77.570209",
"09-Sep-2026 11:14:41","0.18","4.11","14","On","12.93648,77.570182",
"09-Sep-2026 11:15:11","0.2","4.11","13.98","On","12.936497,77.570178",
"09-Sep-2026 11:15:41","6.16","4.11","13.95","On","12.936504,77.569921",
"09-Sep-2026 11:15:58","20.34","4.11","13.95","On","12.936563,77.569217",
"09-Sep-2026 11:16:03","6.48","4.11","13.95","On","12.936556,77.56906",
"09-Sep-2026 11:16:11","7.71","4.11","13.95","On","12.936623,77.568963",
"09-Sep-2026 11:16:33","12.5","4.11","13.95","On","12.937067,77.568887",
"09-Sep-2026 11:16:41","14.67","4.11","13.98","On","12.937371,77.568832",
"09-Sep-2026 11:16:43","7.45","4.11","13.98","On","12.937439,77.568837",
"09-Sep-2026 11:17:11","3.47","4.11","13.95","On","12.937798,77.568628",
"09-Sep-2026 11:17:41","2.33","4.11","13.98","On","12.937854,77.568522",
"09-Sep-2026 11:18:11","0.84","4.11","13.95","On","12.937846,77.568424",
"09-Sep-2026 11:18:28","11.59","4.11","13.95","On","12.937814,77.568225",
"09-Sep-2026 11:18:41","10.72","4.11","13.98","On","12.937759,77.567598",
"09-Sep-2026 11:19:03","16.89","4.11","13.98","On","12.937741,77.566372",
"09-Sep-2026 11:19:08","14.08","4.11","13.98","On","12.93773,77.566183",
"09-Sep-2026 11:19:11","20.52","4.11","13.98","On","12.937707,77.56597",
"09-Sep-2026 11:19:13","20.52","4.11","13.98","On","12.937707,77.56597",
"09-Sep-2026 11:19:41","16","4.11","14","On","12.937655,77.564782",
"09-Sep-2026 11:19:58","8.73","4.11","14","On","12.93764,77.564329",
"09-Sep-2026 11:20:11","9.68","4.11","14","On","12.93763,77.564007",
"09-Sep-2026 11:20:41","4.37","4.11","13.95","On","12.937632,77.563346",
"09-Sep-2026 11:21:08","11.54","4.11","13.95","On","12.937536,77.562866",
"09-Sep-2026 11:21:11","2.49","4.11","13.95","On","12.937555,77.562787",
"09-Sep-2026 11:21:41","0.57","4.11","13.98","On","12.937769,77.562134",
"09-Sep-2026 11:22:11","0.09","4.11","13.98","On","12.937814,77.562019",
"09-Sep-2026 11:22:41","0.41","4.11","13.95","On","12.937828,77.561999",
"09-Sep-2026 11:23:11","0.43","4.11","13.98","On","12.93783,77.561965",
"09-Sep-2026 11:23:41","0.36","4.11","13.98","On","12.937836,77.561946",
"09-Sep-2026 11:24:11","0.32","4.11","14","On","12.937844,77.561947",
"09-Sep-2026 11:24:38","6.17","4.11","14","On","12.937857,77.561953",
"09-Sep-2026 11:24:41","1.89","4.11","13.95","On","12.937901,77.561948",
"09-Sep-2026 11:25:11","2.24","4.11","13.93","On","12.937884,77.561936",
"09-Sep-2026 11:25:41","0.69","4.11","13.98","On","12.937862,77.562005",
"09-Sep-2026 11:26:11","1.01","4.11","13.98","On","12.937792,77.562168",
"09-Sep-2026 11:26:41","1.36","4.11","13.98","On","12.937787,77.562175",
"09-Sep-2026 11:27:11","1.29","4.11","13.98","On","12.937777,77.56218",
"09-Sep-2026 11:27:41","0.87","4.11","13.98","On","12.937788,77.562175",
"09-Sep-2026 11:28:11","1.23","4.11","14","On","12.937782,77.562187",
"09-Sep-2026 11:28:41","2.09","4.11","13.98","On","12.937789,77.562201",
"09-Sep-2026 11:29:11","0.65","4.11","14","On","12.937813,77.562218",
"09-Sep-2026 11:29:41","3.04","4.11","13.98","On","12.937793,77.562257",
"09-Sep-2026 11:30:11","8.54","4.11","13.95","On","12.9376,77.562702",
"09-Sep-2026 11:30:23","14.27","4.11","13.95","On","12.937656,77.562879",
"09-Sep-2026 11:30:41","13.51","4.11","13.95","On","12.937655,77.563451",
"09-Sep-2026 11:30:58","13.25","4.11","13.95","On","12.937653,77.564147",
"09-Sep-2026 11:31:11","4.07","4.11","13.95","On","12.937637,77.564509",
"09-Sep-2026 11:31:13","4.07","4.11","13.95","On","12.937637,77.564509",
"09-Sep-2026 11:31:23","20.42","4.11","13.95","On","12.937098,77.564284",
"09-Sep-2026 11:31:33","10.18","4.11","13.95","On","12.936745,77.564167",
"09-Sep-2026 11:31:38","7.15","4.11","13.95","On","12.936689,77.564076",
"09-Sep-2026 11:31:41","3.98","4.11","13.98","On","12.936654,77.564007",
"09-Sep-2026 11:31:58","10.33","4.11","13.98","On","12.936507,77.563856",
"09-Sep-2026 11:32:11","6.12","4.11","13.98","On","12.936203,77.563768",
"09-Sep-2026 11:32:13","6.12","4.11","13.98","On","12.936203,77.563768",
"09-Sep-2026 11:32:41","0.92","4.11","13.98","On","12.936031,77.563706",
"09-Sep-2026 11:33:11","0.11","4.11","14","On","12.935987,77.563701",
"09-Sep-2026 11:33:41","0.28","4.11","13.93","On","12.935936,77.563617",
"09-Sep-2026 11:34:11","5.79","4.11","13.91","On","12.935902,77.563588",
"09-Sep-2026 11:34:41","1.29","4.11","13.98","On","12.935942,77.563451",
"09-Sep-2026 11:35:11","2.3","4.11","13.98","On","12.93602,77.5633",
"09-Sep-2026 11:35:41","0.9","4.11","13.95","On","12.936087,77.563122",
"09-Sep-2026 11:36:11","2.81","4.11","13.91","On","12.936071,77.563128",
"09-Sep-2026 11:36:41","0.19","4.11","13.91","On","12.936033,77.563318",
"09-Sep-2026 11:37:11","0.02","4.11","13.93","On","12.936039,77.563322",
"09-Sep-2026 11:37:41","0.33","4.11","13.98","On","12.936054,77.563337",
"09-Sep-2026 11:38:11","0.5","4.11","13.98","On","12.936048,77.563328",
"09-Sep-2026 11:38:41","0.31","4.11","13.98","On","12.936049,77.563315",
"09-Sep-2026 11:39:11","0.29","4.11","13.95","On","12.936047,77.563326",
"09-Sep-2026 11:39:41","0.64","4.11","13.98","On","12.936039,77.563319",
"09-Sep-2026 11:40:11","0.14","4.11","13.98","On","12.936039,77.563312",
"09-Sep-2026 11:40:41","0.98","4.11","13.98","On","12.93605,77.563325",
"09-Sep-2026 11:41:11","1.06","4.11","13.98","On","12.936056,77.563358",
"09-Sep-2026 11:41:41","3.09","4.11","13.98","On","12.936053,77.56341",
"09-Sep-2026 11:42:03","11.63","4.11","13.98","On","12.935981,77.563652",
"09-Sep-2026 11:42:11","8.99","4.11","13.98","On","12.936185,77.563695",
"09-Sep-2026 11:42:23","11.24","4.11","13.98","On","12.936618,77.563813",
"09-Sep-2026 11:42:28","17.62","4.11","13.98","On","12.936739,77.563583",
"09-Sep-2026 11:42:41","13.17","4.11","13.98","On","12.936981,77.563009",
"09-Sep-2026 11:42:58","6.07","4.11","13.98","On","12.93715,77.562628",
"09-Sep-2026 11:43:11","7.06","4.11","13.98","On","12.936926,77.562412",
"09-Sep-2026 11:43:23","10.09","4.11","13.98","On","12.936744,77.56222",
"09-Sep-2026 11:43:28","8.87","4.11","13.98","On","12.936632,77.562127",
"09-Sep-2026 11:43:41","14.3","4.11","13.95","On","12.935987,77.561547",
"09-Sep-2026 11:44:11","0.67","4.11","13.93","On","12.935361,77.560843",
"09-Sep-2026 11:44:41","0.37","4.11","13.91","On","12.935332,77.560822",
"09-Sep-2026 11:45:11","1.27","4.11","13.93","On","12.935254,77.560759",
"09-Sep-2026 11:45:41","10.47","4.11","13.93","On","12.93533,77.560672",
"09-Sep-2026 11:45:43","10.47","4.11","13.93","On","12.93533,77.560672",
"09-Sep-2026 11:45:58","16.57","4.11","13.93","On","12.935748,77.560213",
"09-Sep-2026 11:46:11","9.01","4.11","13.95","On","12.936079,77.559897",
"09-Sep-2026 11:46:41","9.02","4.11","13.98","On","12.936808,77.559111",
"09-Sep-2026 11:47:11","11.84","4.11","13.95","On","12.937371,77.558356",
"09-Sep-2026 11:47:38","8.76","4.11","13.95","On","12.937755,77.557609",
"09-Sep-2026 11:47:41","8.74","4.11","13.98","On","12.937801,77.557521",
"09-Sep-2026 11:48:11","17.2","4.11","13.98","On","12.938131,77.556776",
"09-Sep-2026 11:48:41","19.22","4.11","13.98","On","12.93832,77.555851",
"09-Sep-2026 11:49:11","10.3","4.11","13.98","On","12.938442,77.554584",
"09-Sep-2026 11:49:41","13.48","4.11","13.95","On","12.938524,77.55351",
"09-Sep-2026 11:50:11","12.7","4.11","13.93","On","12.938805,77.552289",
"09-Sep-2026 11:50:18","14.95","4.11","13.93","On","12.938693,77.552143",
"09-Sep-2026 11:50:28","6.41","4.11","13.93","On","12.938552,77.551805",
"09-Sep-2026 11:50:38","11.47","4.11","13.93","On","12.938436,77.551536",
"09-Sep-2026 11:50:41","22.66","4.11","13.95","On","12.93828,77.551296",
"09-Sep-2026 11:51:11","7.18","4.11","13.95","On","12.937672,77.550415",
"09-Sep-2026 11:51:23","21.12","4.11","13.95","On","12.937309,77.549968",
"09-Sep-2026 11:51:41","8.47","4.11","13.95","On","12.936651,77.549399",
"09-Sep-2026 11:51:43","8.47","4.11","13.95","On","12.936651,77.549399",
"09-Sep-2026 11:52:11","10.26","4.11","13.93","On","12.936312,77.549556",
"09-Sep-2026 11:52:41","0.65","4.11","13.95","On","12.935848,77.549722",
"09-Sep-2026 11:53:11","0.56","4.11","13.95","On","12.935816,77.549681",
"09-Sep-2026 11:53:41","0.76","4.11","14","On","12.935797,77.549656",
"09-Sep-2026 11:54:11","0.39","4.11","13.98","On","12.935767,77.549663",
"09-Sep-2026 11:54:41","0.86","4.11","14","On","12.935795,77.549705",
"09-Sep-2026 11:55:11","0.86","4.11","13.98","On","12.935776,77.54968",
"09-Sep-2026 11:55:41","0.52","4.11","14","On","12.935784,77.549692",
"09-Sep-2026 11:56:11","0.41","4.11","13.98","On","12.935763,77.54968",
"09-Sep-2026 11:56:41","1","4.11","13.98","On","12.935792,77.549684",
"09-Sep-2026 11:57:11","0.69","4.11","13.95","On","12.935771,77.549702",
"09-Sep-2026 11:57:41","7.85","4.11","13.95","On","12.935745,77.549735",
"09-Sep-2026 11:58:11","1.33","4.11","13.91","On","12.935467,77.549913",
"09-Sep-2026 11:58:38","11.98","4.11","13.91","On","12.935748,77.549654",
"09-Sep-2026 11:58:41","11.98","4.11","13.95","On","12.935748,77.549654",
"09-Sep-2026 11:58:58","7.74","4.11","13.95","On","12.936267,77.549531",
"09-Sep-2026 11:59:11","8.55","4.11","13.98","On","12.936262,77.549726",
"09-Sep-2026 11:59:18","13.78","4.11","13.98","On","12.936072,77.54993",
"09-Sep-2026 11:59:28","4.82","4.11","13.98","On","12.935937,77.550097",
"09-Sep-2026 11:59:33","14.9","4.11","13.98","On","12.936005,77.550128",
"09-Sep-2026 11:59:41","14.09","4.11","13.95","On","12.9363,77.550249",
"09-Sep-2026 11:59:43","6.71","4.11","13.95","On","12.936384,77.550308",
"09-Sep-2026 11:59:58","10.52","4.11","13.95","On","12.93626,77.550579",
"09-Sep-2026 12:00:11","14.34","4.11","13.98","On","12.936155,77.550864",
"09-Sep-2026 12:00:41","12.98","4.11","13.98","On","12.935706,77.551879",
"09-Sep-2026 12:01:11","5.24","4.11","13.95","On","12.935108,77.552948",
"09-Sep-2026 12:01:33","10.39","4.11","13.95","On","12.934819,77.553322",
"09-Sep-2026 12:01:38","14.83","4.11","13.95","On","12.934735,77.553599",
"09-Sep-2026 12:01:41","14.83","4.11","13.95","On","12.934735,77.553599",
"09-Sep-2026 12:01:58","8.79","4.11","13.95","On","12.934509,77.554046",
"09-Sep-2026 12:02:11","14.45","4.11","13.95","On","12.934204,77.553971",
"09-Sep-2026 12:02:41","8.04","4.11","13.95","On","12.933609,77.55391",
"09-Sep-2026 12:02:43","13.12","4.11","13.95","On","12.933577,77.554019",
"09-Sep-2026 12:03:11","11.27","4.11","13.98","On","12.933279,77.554734",
"09-Sep-2026 12:03:13","11.27","4.11","13.98","On","12.933279,77.554734",
"09-Sep-2026 12:03:18","2.1","4.11","13.98","On","12.933256,77.554886",
"09-Sep-2026 12:03:41","5.01","4.11","13.95","On","12.933135,77.555241",
"09-Sep-2026 12:04:11","8.3","4.11","13.98","On","12.932794,77.555756",
"09-Sep-2026 12:04:41","0.36","4.11","13.98","On","12.932656,77.55569",
"09-Sep-2026 12:05:11","0.46","4.11","13.95","On","12.932596,77.555626",
"09-Sep-2026 12:05:41","0.23","4.11","13.98","On","12.932592,77.555603",
"09-Sep-2026 12:06:11","0.55","4.11","13.98","On","12.932573,77.555636",
"09-Sep-2026 12:06:41","0.31","4.11","13.98","On","12.932574,77.555623",
"09-Sep-2026 12:07:11","0.6","4.11","13.98","On","12.932568,77.555637",
"09-Sep-2026 12:07:41","0.4","4.11","14","On","12.932567,77.555651",
"09-Sep-2026 12:08:11","0.5","4.11","14","On","12.932564,77.555684",
"09-Sep-2026 12:08:41","1.2","4.11","13.98","On","12.932578,77.555645",
"09-Sep-2026 12:09:11","1.04","4.11","13.98","On","12.932582,77.555625",
"09-Sep-2026 12:09:41","0.51","4.11","14","On","12.932583,77.555635",
"09-Sep-2026 12:10:11","0.4","4.11","14","On","12.932569,77.555649",
"09-Sep-2026 12:10:41","0.85","4.11","14","On","12.932572,77.555646",
"09-Sep-2026 12:11:11","4.7","4.11","13.98","On","12.932546,77.555642",
"09-Sep-2026 12:11:33","17.62","4.11","13.98","On","12.932597,77.555283",
"09-Sep-2026 12:11:41","14.15","4.11","13.98","On","12.932722,77.554987",
"09-Sep-2026 12:11:53","4.56","4.11","13.98","On","12.932777,77.554794",
"09-Sep-2026 12:12:11","14.74","4.11","13.98","On","12.932114,77.554558",
"09-Sep-2026 12:12:33","12.96","4.11","13.98","On","12.931663,77.554328",
"09-Sep-2026 12:12:41","10.75","4.11","13.98","On","12.931713,77.553976",
"09-Sep-2026 12:13:03","4.71","4.11","13.98","On","12.93186,77.5536",
"09-Sep-2026 12:13:11","6.28","4.11","13.95","On","12.931926,77.5534",
"09-Sep-2026 12:13:28","13.19","4.11","13.95","On","12.932016,77.553097",
"09-Sep-2026 12:13:38","10.47","4.11","13.95","On","12.932023,77.552885",
"09-Sep-2026 12:13:41","3.91","4.11","13.95","On","12.931953,77.552847",
"09-Sep-2026 12:14:11","10.92","4.11","14","On","12.930907,77.552621",
"09-Sep-2026 12:14:41","2.95","4.11","13.98","On","12.930182,77.55235",
"09-Sep-2026 12:14:43","2.95","4.11","13.98","On","12.930182,77.55235",
"09-Sep-2026 12:14:53","10.82","4.11","13.98","On","12.93019,77.552217",
"09-Sep-2026 12:15:11","3.08","4.11","13.95","On","12.930236,77.551664",
"09-Sep-2026 12:15:41","0.87","4.11","13.98","On","12.930269,77.551597",
"09-Sep-2026 12:16:11","0.37","4.11","13.98","On","12.930266,77.551586",
"09-Sep-2026 12:16:41","0.61","4.11","13.98","On","12.930233,77.551585",
"09-Sep-2026 12:17:11","2.08","4.11","13.98","On","12.930233,77.551587",
"09-Sep-2026 12:17:41","1.39","4.11","13.98","On","12.930242,77.551587",
"09-Sep-2026 12:17:53","2.12","4.11","13.98","On","12.930246,77.551593",
"09-Sep-2026 12:18:11","1.04","4.11","13.95","On","12.930212,77.551576",
"09-Sep-2026 12:18:41","1.91","4.11","13.98","On","12.930234,77.55156",
"09-Sep-2026 12:19:11","1.28","4.11","13.98","On","12.9302,77.551563",
"09-Sep-2026 12:19:41","1.7","4.11","13.98","On","12.930212,77.551564",
"09-Sep-2026 12:20:11","0.83","4.11","13.95","On","12.930211,77.551565",
"09-Sep-2026 12:20:41","1.51","4.11","13.98","On","12.930226,77.55156",
"09-Sep-2026 12:21:11","2.11","4.11","13.98","On","12.930258,77.551558",
"09-Sep-2026 12:21:41","1.12","4.11","13.98","On","12.930216,77.551574",
"09-Sep-2026 12:22:11","0.41","4.11","13.98","On","12.930237,77.551571",
"09-Sep-2026 12:22:41","0.34","4.11","13.98","On","12.930233,77.551564",
"09-Sep-2026 12:23:11","1.3","4.11","13.95","On","12.93021,77.551553",
"09-Sep-2026 12:23:41","0.27","4.11","13.98","On","12.930214,77.551549",
"09-Sep-2026 12:24:11","1.42","4.11","13.98","On","12.930229,77.551525",
"09-Sep-2026 12:24:41","1.41","4.11","13.98","On","12.930232,77.551542",
"09-Sep-2026 12:25:11","1.68","4.11","13.98","On","12.930195,77.551571",
"09-Sep-2026 12:25:41","0.7","4.11","13.95","On","12.930194,77.551579",
"09-Sep-2026 12:26:11","1.22","4.11","13.98","On","12.930193,77.551555",
"09-Sep-2026 12:26:41","0.51","4.11","13.98","On","12.930205,77.551533",
"09-Sep-2026 12:27:11","1.88","4.11","13.98","On","12.930221,77.551524",
"09-Sep-2026 12:27:41","0.96","4.11","13.88","On","12.930212,77.551577",
"09-Sep-2026 12:28:11","1.34","4.11","13.95","On","12.930141,77.551715",
"09-Sep-2026 12:28:41","0.93","4.11","13.95","On","12.930158,77.551764",
"09-Sep-2026 12:29:11","1.79","4.11","13.98","On","12.930177,77.551814",
"09-Sep-2026 12:29:41","0.95","4.11","13.98","On","12.930203,77.551835",
"09-Sep-2026 12:30:11","1.21","4.11","13.95","On","12.930145,77.552114",
"09-Sep-2026 12:30:41","0.75","4.11","13.95","On","12.930094,77.552278",
"09-Sep-2026 12:31:11","14.78","4.11","13.95","On","12.930117,77.552161",
"09-Sep-2026 12:31:13","14.78","4.11","13.95","On","12.930117,77.552161",
"09-Sep-2026 12:31:38","7.14","4.11","13.95","On","12.930256,77.55129",
"09-Sep-2026 12:31:41","7.14","4.11","13.95","On","12.930256,77.55129",
"09-Sep-2026 12:31:58","14.18","4.11","13.95","On","12.929694,77.551389",
"09-Sep-2026 12:32:11","7.11","4.11","13.93","On","12.929577,77.551989",
"09-Sep-2026 12:32:23","19.1","4.11","13.93","On","12.929425,77.552107",
"09-Sep-2026 12:32:41","21.13","4.11","13.95","On","12.92856,77.55192",
"09-Sep-2026 12:32:48","27.17","4.11","13.95","On","12.92809,77.551681",
"09-Sep-2026 12:33:11","25.84","4.11","13.98","On","12.926625,77.550803",
"09-Sep-2026 12:33:41","2.8","4.11","13.98","On","12.925566,77.550175",
"09-Sep-2026 12:34:11","0.97","4.11","13.95","On","12.925531,77.550162",
"09-Sep-2026 12:34:41","0.23","4.11","13.98","On","12.925516,77.550143",
"09-Sep-2026 12:35:11","0.72","4.11","14","On","12.92551,77.550128",
"09-Sep-2026 12:35:41","0.16","4.11","14","On","12.9255,77.55011",
"09-Sep-2026 12:36:11","0.05","4.11","13.98","On","12.925489,77.550095",
"09-Sep-2026 12:36:41","0.69","4.11","13.98","On","12.925487,77.550088",
"09-Sep-2026 12:37:11","0.41","4.11","14","On","12.925493,77.550075",
"09-Sep-2026 12:37:41","0.78","4.11","14","On","12.925483,77.550065",
"09-Sep-2026 12:38:11","11.35","4.11","13.98","On","12.924532,77.549514",
"09-Sep-2026 12:38:13","11.35","4.11","13.98","On","12.924532,77.549514",
"09-Sep-2026 12:38:18","4.94","4.11","13.98","On","12.924486,77.549485",
"09-Sep-2026 12:38:28","22.36","4.11","13.98","On","12.923882,77.549114",
"09-Sep-2026 12:38:41","17.99","4.11","13.95","On","12.923198,77.54892",
"09-Sep-2026 12:38:48","9.58","4.11","13.95","On","12.92299,77.548818",
"09-Sep-2026 12:39:08","15.27","4.11","13.95","On","12.922554,77.54865",
"09-Sep-2026 12:39:11","15.27","4.11","13.98","On","12.922554,77.54865",
"09-Sep-2026 12:39:41","5","4.11","13.98","On","12.92136,77.548396",
"09-Sep-2026 12:39:43","5","4.11","13.98","On","12.92136,77.548396",
"09-Sep-2026 12:40:03","11.69","4.11","13.98","On","12.921437,77.547739",
"09-Sep-2026 12:40:11","5.14","4.11","13.98","On","12.921465,77.547532",
"09-Sep-2026 12:40:18","8.48","4.11","13.98","On","12.921466,77.547404",
"09-Sep-2026 12:40:41","26.29","4.11","13.98","On","12.92023,77.547174",
"09-Sep-2026 12:41:11","20.18","4.11","14","On","12.918564,77.546846",
"09-Sep-2026 12:41:41","12.39","4.11","13.98","On","12.91735,77.546589",
"09-Sep-2026 12:42:08","21.6","4.11","13.98","On","12.916273,77.546009",
"09-Sep-2026 12:42:11","21.6","4.11","13.98","On","12.916273,77.546009",
"09-Sep-2026 12:42:23","3.32","4.11","13.98","On","12.915988,77.545847",
"09-Sep-2026 12:42:28","11.95","4.11","13.98","On","12.915867,77.545875",
"09-Sep-2026 12:42:41","25.47","4.11","13.95","On","12.915633,77.546429",
"09-Sep-2026 12:42:48","12.42","4.11","13.95","On","12.915521,77.546699",
"09-Sep-2026 12:42:53","9.26","4.11","13.95","On","12.91536,77.546681",
"09-Sep-2026 12:43:08","10.55","4.11","13.95","On","12.914692,77.546613",
"09-Sep-2026 12:43:11","10.55","4.11","13.95","On","12.914692,77.546613",
"09-Sep-2026 12:43:18","4.21","4.11","13.95","On","12.914609,77.546835",
"09-Sep-2026 12:43:28","21.33","4.11","13.95","On","12.914225,77.546834",
"09-Sep-2026 12:43:41","13.76","4.11","13.95","On","12.913636,77.546751",
"09-Sep-2026 12:44:11","2.79","4.11","13.95","On","12.912434,77.546402",
"09-Sep-2026 12:44:41","24.37","4.11","13.95","On","12.910945,77.546053",
"09-Sep-2026 12:44:48","10.04","4.11","13.95","On","12.910583,77.546017",
"09-Sep-2026 12:44:53","5.14","4.11","13.95","On","12.910573,77.546113",
"09-Sep-2026 12:45:11","2.76","4.11","13.93","On","12.91071,77.546658",
"09-Sep-2026 12:45:13","10.8","4.11","13.93","On","12.910683,77.546739",
"09-Sep-2026 12:45:41","7.53","4.11","13.93","On","12.909833,77.546794",
"09-Sep-2026 12:45:43","7.53","4.11","13.93","On","12.909833,77.546794",
"09-Sep-2026 12:45:48","16.5","4.11","13.93","On","12.909771,77.547082",
"09-Sep-2026 12:46:08","9.53","4.11","13.93","On","12.909523,77.547586",
"09-Sep-2026 12:46:11","9.53","4.11","13.93","On","12.909523,77.547586",
"09-Sep-2026 12:46:41","12","4.11","13.98","On","12.90883,77.547465",
"09-Sep-2026 12:47:11","2.41","4.11","13.98","On","12.908438,77.547363",
"09-Sep-2026 12:47:41","0.32","4.11","14","On","12.908444,77.547403",
"09-Sep-2026 12:48:11","1.25","4.11","13.98","On","12.908428,77.547385",
"09-Sep-2026 12:48:41","1.24","4.11","13.98","On","12.908422,77.547347",
"09-Sep-2026 12:49:11","1.44","4.11","13.95","On","12.908398,77.547354",
"09-Sep-2026 12:49:41","1.31","4.11","13.98","On","12.908406,77.547336",
"09-Sep-2026 12:50:11","1.23","4.11","13.98","On","12.908408,77.547361",
"09-Sep-2026 12:50:41","1.9","4.11","13.95","On","12.908413,77.547365",
"09-Sep-2026 12:51:11","1.06","4.11","13.98","On","12.908395,77.547357",
"09-Sep-2026 12:51:41","0.81","4.11","13.98","On","12.908376,77.547363",
"09-Sep-2026 12:52:11","1.26","4.11","13.98","On","12.908364,77.54738",
"09-Sep-2026 12:52:41","2.86","4.11","13.98","On","12.90834,77.547322",
"09-Sep-2026 12:53:11","0.7","4.11","13.98","On","12.908364,77.547302",
"09-Sep-2026 12:53:41","1.38","4.11","14","On","12.908367,77.547299",
"09-Sep-2026 12:54:11","1.05","4.11","14","On","12.90834,77.547309",
"09-Sep-2026 12:54:41","1.51","4.11","13.98","On","12.908349,77.547308",
"09-Sep-2026 12:55:11","1.08","4.11","13.98","On","12.908344,77.547328",
"09-Sep-2026 12:55:41","1.23","4.11","14","On","12.90834,77.547331",
"09-Sep-2026 12:56:11","1.69","4.11","14.03","On","12.908341,77.547335",
"09-Sep-2026 12:56:41","0.88","4.11","14","On","12.908361,77.547336",
"09-Sep-2026 12:57:11","1.78","4.11","13.98","On","12.908368,77.547316",
"09-Sep-2026 12:57:41","1.44","4.11","13.98","On","12.908377,77.547328",
"09-Sep-2026 12:58:11","0.69","4.11","13.98","On","12.908381,77.547316",
"09-Sep-2026 12:58:41","0.29","4.11","13.95","On","12.908339,77.547314",
"09-Sep-2026 12:59:11","1.96","4.11","13.98","On","12.907963,77.547113",
"09-Sep-2026 12:59:41","5.03","4.11","13.93","On","12.907967,77.547089",
"09-Sep-2026 12:59:53","12.31","4.11","13.93","On","12.908142,77.547196",
"09-Sep-2026 13:00:08","3.04","4.11","13.93","On","12.908563,77.547382",
"09-Sep-2026 13:00:11","8.74","4.11","13.95","On","12.908625,77.547395",
"09-Sep-2026 13:00:28","12.65","4.11","13.95","On","12.909014,77.547504",
"09-Sep-2026 13:00:41","11.21","4.11","13.98","On","12.909278,77.547527",
"09-Sep-2026 13:00:43","10.62","4.11","13.98","On","12.909432,77.54756",
"09-Sep-2026 13:00:58","20.34","4.11","13.98","On","12.909646,77.547399",
"09-Sep-2026 13:01:11","11.75","4.11","13.95","On","12.909736,77.546978",
"09-Sep-2026 13:01:18","13.1","4.11","13.95","On","12.90985,77.546783",
"09-Sep-2026 13:01:28","19.72","4.11","13.95","On","12.910215,77.546793",
"09-Sep-2026 13:01:33","20.94","4.11","13.95","On","12.910387,77.546786",
"09-Sep-2026 13:01:41","4.96","4.11","13.91","On","12.910724,77.546773",
"09-Sep-2026 13:01:43","17.84","4.11","13.91","On","12.910737,77.546679",
"09-Sep-2026 13:01:53","6.28","4.11","13.91","On","12.910522,77.546164",
"09-Sep-2026 13:02:03","12.93","4.11","13.91","On","12.910326,77.545639",
"09-Sep-2026 13:02:08","9.05","4.11","13.91","On","12.910387,77.545561",
"09-Sep-2026 13:02:11","16.27","4.11","13.95","On","12.9104,77.54543",
"09-Sep-2026 13:02:13","16.27","4.11","13.95","On","12.9104,77.54543",
"09-Sep-2026 13:02:33","4.91","4.11","13.95","On","12.91003,77.544609",
"09-Sep-2026 13:02:41","8.79","4.11","13.93","On","12.910004,77.544426",
"09-Sep-2026 13:02:48","13.98","4.11","13.93","On","12.909802,77.544298",
"09-Sep-2026 13:03:11","0.77","4.11","13.98","On","12.90908,77.543954",
"09-Sep-2026 13:03:41","12.86","4.11","13.95","On","12.908283,77.543514",
"09-Sep-2026 13:04:03","1.42","4.11","13.95","On","12.907952,77.543349",
"09-Sep-2026 13:04:11","0.18","4.11","13.95","On","12.907922,77.543346",
"09-Sep-2026 13:04:33","17.06","4.11","13.95","On","12.907767,77.543277",
"09-Sep-2026 13:04:41","19.02","4.11","13.95","On","12.907441,77.543133",
"09-Sep-2026 13:05:11","2.3","4.11","13.95","On","12.906472,77.542824",
"09-Sep-2026 13:05:18","1.04","4.11","13.95","On","12.90646,77.542827",
"09-Sep-2026 13:05:33","15.54","4.11","13.95","On","12.906284,77.542764",
"09-Sep-2026 13:05:38","3.39","4.11","13.95","On","12.906094,77.542667",
"09-Sep-2026 13:05:41","3.39","4.11","13.98","On","12.906094,77.542667",
"09-Sep-2026 13:06:08","16.47","4.11","13.98","On","12.905833,77.54238",
"09-Sep-2026 13:06:11","24.56","4.11","13.98","On","12.905865,77.542147",
"09-Sep-2026 13:06:18","21.73","4.11","13.98","On","12.906047,77.541783",
"09-Sep-2026 13:06:41","24.1","4.11","13.98","On","12.907002,77.541372",
"09-Sep-2026 13:06:43","23.13","4.11","13.98","On","12.907172,77.541177",
"09-Sep-2026 13:07:11","28.9","4.11","14","On","12.908024,77.539831",
"09-Sep-2026 13:07:28","22.95","4.11","14","On","12.908519,77.538777",
"09-Sep-2026 13:07:33","24.74","4.11","14","On","12.908511,77.538554",
"09-Sep-2026 13:07:41","15.12","4.11","13.98","On","12.908379,77.538117",
"09-Sep-2026 13:08:08","31.61","4.11","13.98","On","12.908383,77.53671",
"09-Sep-2026 13:08:11","32.62","4.11","13.98","On","12.90849,77.5364",
"09-Sep-2026 13:08:13","32.62","4.11","13.98","On","12.90849,77.5364",
"09-Sep-2026 13:08:38","22.8","4.11","13.98","On","12.908893,77.535377",
"09-Sep-2026 13:08:41","28.5","4.11","13.95","On","12.908777,77.535158",
"09-Sep-2026 13:08:43","23.01","4.11","13.95","On","12.908593,77.534961",
"09-Sep-2026 13:08:48","3.57","4.11","13.95","On","12.908515,77.53483",
"09-Sep-2026 13:08:58","11.28","4.11","13.95","On","12.908516,77.534743",
"09-Sep-2026 13:09:08","8.52","4.11","13.95","On","12.908631,77.534526",
"09-Sep-2026 13:09:11","9.32","4.11","13.93","On","12.908723,77.53453",
"09-Sep-2026 13:09:41","0.22","4.11","13.86","Off","12.908862,77.534576",
"09-Sep-2026 13:10:11","0.39","4.11","13.59","Off","12.908874,77.534568",
"09-Sep-2026 13:10:41","0.94","4.11","13.5","On","12.908887,77.534556",
"09-Sep-2026 13:10:53","14.13","4.11","13.5","On","12.908979,77.534595",
"09-Sep-2026 13:11:03","0.9","4.11","13.5","On","12.909088,77.534625",
"09-Sep-2026 13:11:11","0.09","4.11","13.64","Off","12.9091,77.534634",
"09-Sep-2026 13:11:41","0.58","4.11","13.54","Off","12.909114,77.534632",
"09-Sep-2026 13:12:11","0.09","4.11","13.5","Off","12.909108,77.534632",
"09-Sep-2026 13:12:39","0.09","4.11","13.47","Off","12.909108,77.534632",
"09-Sep-2026 13:13:11","0.09","4.11","13.47","Off","12.909105,77.534647",
"09-Sep-2026 13:14:11","0.75","4.11","13.45","Off","12.909112,77.534669",
"09-Sep-2026 13:15:11","0.17","4.11","13.4","Off","12.909126,77.534655",
"09-Sep-2026 13:16:11","1.35","4.11","13.38","Off","12.909142,77.534652",
"09-Sep-2026 13:16:39","1.35","4.11","13.35","Off","12.909142,77.534652",
"09-Sep-2026 13:20:29","1.35","4.11","13.33","Off","12.909142,77.534652",
"09-Sep-2026 13:20:29","0.79","4.11","13.33","Off","12.909128,77.534666",
"09-Sep-2026 13:20:31","0.79","4.11","13.33","Off","12.909128,77.534666",
"09-Sep-2026 13:20:41","0.79","4.11","13.3","Off","12.909128,77.534666",
"09-Sep-2026 13:21:11","4.91","4.11","13.81","On","12.909207,77.534678",
"09-Sep-2026 13:22:11","5.72","4.11","13.91","On","12.908698,77.534473",
"09-Sep-2026 13:22:19","12.55","4.11","13.91","On","12.908706,77.534316",
"09-Sep-2026 13:22:24","6.16","4.11","13.91","On","12.908732,77.534214",
"09-Sep-2026 13:22:29","11.58","4.11","13.91","On","12.908772,77.534137",
"09-Sep-2026 13:22:41","2.26","4.11","13.95","On","12.908815,77.53394",
"09-Sep-2026 13:22:44","7.87","4.11","13.95","On","12.908843,77.533893",
"09-Sep-2026 13:22:49","14.81","4.11","13.95","On","12.908874,77.533784",
"09-Sep-2026 13:23:04","18.84","4.11","13.95","On","12.908908,77.533232",
"09-Sep-2026 13:23:11","18.45","4.11","13.95","On","12.908753,77.533119",
"09-Sep-2026 13:23:29","11.19","4.11","13.95","On","12.907687,77.532558",
"09-Sep-2026 13:23:41","16.16","4.11","13.93","On","12.907815,77.532076",
"09-Sep-2026 13:23:49","19.42","4.11","13.93","On","12.907989,77.531704",
"09-Sep-2026 13:24:11","2.2","4.11","13.91","On","12.908421,77.53067",
"09-Sep-2026 13:24:14","16.45","4.11","13.91","On","12.908405,77.530575",
"09-Sep-2026 13:24:19","8.75","4.11","13.91","On","12.908348,77.53039",
"09-Sep-2026 13:24:41","39.52","4.11","13.93","On","12.90624,77.529695",
"09-Sep-2026 13:25:11","4.1","4.11","13.93","On","12.905166,77.52938",
"09-Sep-2026 13:25:14","15.48","4.11","13.93","On","12.905118,77.529488",
"09-Sep-2026 13:25:41","8.18","4.11","13.93","On","12.904407,77.530869",
"09-Sep-2026 13:25:49","11.18","4.11","13.93","On","12.904331,77.531003",
"09-Sep-2026 13:25:54","11.59","4.11","13.93","On","12.904213,77.531032",
"09-Sep-2026 13:26:11","0.11","4.11","13.93","On","12.903708,77.530816",
"09-Sep-2026 13:26:41","0.79","4.11","13.93","On","12.903666,77.5308",
"09-Sep-2026 13:27:11","0.4","4.11","13.95","On","12.903662,77.530793",
"09-Sep-2026 13:27:41","0.53","4.11","13.93","On","12.903638,77.530785",
"09-Sep-2026 13:28:11","0.43","4.11","13.93","On","12.903643,77.530793",
"09-Sep-2026 13:28:41","0.29","4.11","13.91","On","12.903641,77.530801",
"09-Sep-2026 13:29:11","0.39","4.11","13.93","On","12.903638,77.530801",
"09-Sep-2026 13:29:24","1.39","4.11","13.93","On","12.903655,77.530794",
"09-Sep-2026 13:29:41","0.38","4.11","13.93","On","12.903649,77.530777",
"09-Sep-2026 13:30:11","0.72","4.11","13.91","On","12.903577,77.530737",
"09-Sep-2026 13:30:29","13.16","4.11","13.91","On","12.903904,77.530855",
"09-Sep-2026 13:30:41","1.26","4.11","13.93","On","12.904227,77.530973",
"09-Sep-2026 13:30:44","1.26","4.11","13.93","On","12.904227,77.530973",
"09-Sep-2026 13:30:49","13.4","4.11","13.93","On","12.904319,77.530864",
"09-Sep-2026 13:31:11","21.71","4.11","13.95","On","12.904739,77.530113",
"09-Sep-2026 13:31:41","0.81","4.11","13.93","On","12.904952,77.529307",
"09-Sep-2026 13:31:49","5.28","4.11","13.93","On","12.904962,77.529285",
"09-Sep-2026 13:32:11","0.66","4.11","13.95","On","12.904977,77.529268",
"09-Sep-2026 13:32:41","2.42","4.11","13.74","On","12.904989,77.529227",
"09-Sep-2026 13:33:11","1.51","4.11","13.64","On","12.904997,77.529254",
"09-Sep-2026 13:33:39","11.3","4.11","13.64","On","12.905018,77.529149",
"09-Sep-2026 13:33:41","17.42","4.11","13.66","On","12.905033,77.529001",
"09-Sep-2026 13:33:54","19.22","4.11","13.66","On","12.904919,77.528473",
"09-Sep-2026 13:34:11","11.51","4.11","13.79","On","12.904706,77.527716",
"09-Sep-2026 13:34:19","8.69","4.11","13.79","On","12.904637,77.527577",
"09-Sep-2026 13:34:41","1.26","4.11","13.91","On","12.904586,77.527741",
"09-Sep-2026 13:35:11","0.72","4.11","13.95","On","12.904573,77.527761",
"09-Sep-2026 13:35:41","1.39","4.11","13.95","On","12.90463,77.527849",
"09-Sep-2026 13:36:11","0.71","4.11","13.95","On","12.904645,77.52788",
"09-Sep-2026 13:36:41","0.67","4.11","13.98","On","12.904636,77.527898",
"09-Sep-2026 13:37:11","2.29","4.11","13.95","On","12.904628,77.527925",
"09-Sep-2026 13:37:19","13.06","4.11","13.95","On","12.904659,77.528091",
"09-Sep-2026 13:37:24","12.88","4.11","13.95","On","12.90458,77.528169",
"09-Sep-2026 13:37:29","9.99","4.11","13.95","On","12.904488,77.528177",
"09-Sep-2026 13:37:41","2.7","4.11","13.93","On","12.904235,77.528118",
"09-Sep-2026 13:38:11","0.76","4.11","13.95","On","12.904243,77.528052",
"09-Sep-2026 13:38:41","0.27","4.11","13.98","On","12.904252,77.528044",
"09-Sep-2026 13:39:11","5.9","4.11","13.98","On","12.904236,77.527999",
"09-Sep-2026 13:39:41","3.44","4.11","13.98","On","12.90419,77.52799",
"09-Sep-2026 13:40:11","1.18","4.11","13.95","On","12.904181,77.528055",
"09-Sep-2026 13:40:41","1.03","4.11","13.98","On","12.904279,77.528117",
"09-Sep-2026 13:41:11","0.94","4.11","13.98","On","12.904287,77.528121",
"09-Sep-2026 13:41:41","1.05","4.11","13.95","On","12.904305,77.528104",
"09-Sep-2026 13:42:11","3.04","4.11","13.95","On","12.904341,77.528102",
"09-Sep-2026 13:42:41","1.37","4.11","13.98","On","12.904271,77.528114",
"09-Sep-2026 13:43:11","1.25","4.11","14","On","12.904276,77.528161",
"09-Sep-2026 13:43:41","1.57","4.11","13.95","On","12.904257,77.528174",
"09-Sep-2026 13:44:11","3.69","4.11","13.98","On","12.904283,77.528166",
"09-Sep-2026 13:44:41","3.06","4.11","13.95","On","12.904298,77.528185",
"09-Sep-2026 13:45:11","2.5","4.11","13.93","On","12.904298,77.528169",
"09-Sep-2026 13:45:41","2.18","4.11","13.93","On","12.904326,77.528163",
"09-Sep-2026 13:46:11","6.47","4.11","13.95","On","12.904324,77.528187",
"09-Sep-2026 13:46:19","10.43","4.11","13.95","On","12.904315,77.528161",
"09-Sep-2026 13:46:24","6.42","4.11","13.95","On","12.904257,77.528126",
"09-Sep-2026 13:46:34","13.94","4.11","13.95","On","12.903932,77.528068",
"09-Sep-2026 13:46:41","8.26","4.11","13.91","On","12.903709,77.527974",
"09-Sep-2026 13:47:09","18.78","4.11","13.91","On","12.902534,77.527786",
"09-Sep-2026 13:47:11","15.27","4.11","13.93","On","12.902518,77.527603",
"09-Sep-2026 13:47:14","15.27","4.11","13.93","On","12.902518,77.527603",
"09-Sep-2026 13:47:29","11.38","4.11","13.93","On","12.902535,77.527218",
"09-Sep-2026 13:47:34","1.79","4.11","13.93","On","12.902579,77.527187",
"09-Sep-2026 13:47:41","1.13","4.11","13.95","On","12.902596,77.527183",
"09-Sep-2026 13:48:09","27.76","4.11","13.95","On","12.902669,77.526792",
"09-Sep-2026 13:48:11","4.41","4.11","13.95","On","12.902674,77.52663",
"09-Sep-2026 13:48:14","4.41","4.11","13.95","On","12.902674,77.52663",
"09-Sep-2026 13:48:24","20.65","4.11","13.95","On","12.90305,77.526469",
"09-Sep-2026 13:48:34","3.05","4.11","13.95","On","12.903361,77.526505",
"09-Sep-2026 13:48:39","20.06","4.11","13.95","On","12.903595,77.526491",
"09-Sep-2026 13:48:41","20.06","4.11","13.95","On","12.903595,77.526491",
"09-Sep-2026 13:48:59","4.11","4.11","13.95","On","12.904314,77.526838",
"09-Sep-2026 13:49:11","5.25","4.11","13.95","On","12.904442,77.526946",
"09-Sep-2026 13:49:19","29.95","4.11","13.95","On","12.904439,77.526731",
"09-Sep-2026 13:49:41","26.4","4.11","13.95","On","12.903863,77.525216",
"09-Sep-2026 13:50:11","18.37","4.11","13.95","On","12.903266,77.523582",
"09-Sep-2026 13:50:14","18.37","4.11","13.95","On","12.903266,77.523582",
"09-Sep-2026 13:50:41","8.25","4.11","13.93","On","12.901586,77.523456",
"09-Sep-2026 13:51:11","24.67","4.11","13.93","On","12.899571,77.523284",
"09-Sep-2026 13:51:41","22.52","4.11","13.95","On","12.897755,77.523178",
"09-Sep-2026 13:52:11","5.53","4.11","13.98","On","12.895208,77.523092",
"09-Sep-2026 13:52:39","8.28","4.11","13.98","On","12.892906,77.522926",
"09-Sep-2026 13:52:41","8.28","4.11","13.98","On","12.892906,77.522926",
"09-Sep-2026 13:52:59","26.43","4.11","13.98","On","12.892854,77.523302",
"09-Sep-2026 13:53:11","33.39","4.11","13.95","On","12.89288,77.524257",
"09-Sep-2026 13:53:41","40.87","4.11","13.95","On","12.892956,77.526462",
"09-Sep-2026 13:54:11","6.83","4.11","13.98","On","12.892981,77.528767",
"09-Sep-2026 13:54:14","6.83","4.11","13.98","On","12.892981,77.528767",
"09-Sep-2026 13:54:19","35.87","4.11","13.98","On","12.892819,77.52928",
"09-Sep-2026 13:54:24","4.79","4.11","13.98","On","12.892755,77.529443",
"09-Sep-2026 13:54:29","19.92","4.11","13.98","On","12.892701,77.529548",
"09-Sep-2026 13:54:41","52.54","4.11","13.91","On","12.892116,77.530606",
"09-Sep-2026 13:55:11","34.61","4.11","13.93","On","12.891047,77.53313",
"09-Sep-2026 13:55:39","3.03","4.11","13.93","On","12.890464,77.534753",
"09-Sep-2026 13:55:41","3.03","4.11","13.91","On","12.890464,77.534753",
"09-Sep-2026 13:56:11","1.21","4.11","13.91","On","12.890448,77.534741",
"09-Sep-2026 13:56:41","0.34","4.11","13.93","On","12.890432,77.534782",
"09-Sep-2026 13:57:11","0.73","4.11","13.93","On","12.89041,77.534764",
"09-Sep-2026 13:57:41","27.79","4.11","13.91","On","12.889953,77.535239",
"09-Sep-2026 13:58:11","28.96","4.11","13.91","On","12.888293,77.53672",
"09-Sep-2026 13:58:14","28.96","4.11","13.91","On","12.888293,77.53672",
"09-Sep-2026 13:58:41","8.44","4.11","13.95","On","12.888273,77.538412",
"09-Sep-2026 13:58:44","20.16","4.11","13.95","On","12.8884,77.538442",
"09-Sep-2026 13:59:09","20.81","4.11","13.95","On","12.890216,77.53868",
"09-Sep-2026 13:59:11","24.84","4.11","13.95","On","12.890452,77.538656",
"09-Sep-2026 13:59:19","12.75","4.11","13.95","On","12.890631,77.538608",
"09-Sep-2026 13:59:24","1.46","4.11","13.95","On","12.890687,77.538423",
"09-Sep-2026 13:59:41","0.51","4.11","13.91","On","12.890703,77.538434",
"09-Sep-2026 14:00:11","1.16","4.11","13.93","On","12.890693,77.538435",
"09-Sep-2026 14:00:41","0.35","4.11","13.93","On","12.890674,77.538457",
"09-Sep-2026 14:00:55","10.67","4.11","13.93","On","12.890526,77.538363",
"09-Sep-2026 14:01:05","3.65","4.11","13.93","On","12.890258,77.538309",
"09-Sep-2026 14:01:11","12.08","4.11","13.93","On","12.889948,77.538302",
"09-Sep-2026 14:01:41","14.56","4.11","13.93","On","12.889553,77.538235",
"09-Sep-2026 14:01:50","12.71","4.11","13.93","On","12.889377,77.538168",
"09-Sep-2026 14:01:55","22.45","4.11","13.93","On","12.889356,77.537996",
"09-Sep-2026 14:02:00","2.26","4.11","13.93","On","12.889382,77.537937",
"09-Sep-2026 14:02:10","15.15","4.11","13.93","On","12.889507,77.537782",
"09-Sep-2026 14:02:11","15.15","4.11","13.93","On","12.889507,77.537782",
"09-Sep-2026 14:02:15","3.07","4.11","13.93","On","12.889563,77.537711",
"09-Sep-2026 14:02:41","2.87","4.11","13.95","On","12.889606,77.537709",
"09-Sep-2026 14:03:11","1.47","4.11","13.95","On","12.889675,77.537709",
"09-Sep-2026 14:03:41","1.21","4.11","13.98","On","12.889659,77.537714",
"09-Sep-2026 14:04:11","1.91","4.11","13.98","On","12.889735,77.537701",
"09-Sep-2026 14:04:41","1.91","4.11","13.98","On","12.889748,77.537695",
"09-Sep-2026 14:05:11","6.52","4.11","13.93","On","12.889788,77.537709",
"09-Sep-2026 14:06:11","0.68","4.11","14","On","12.889695,77.537674",
"09-Sep-2026 14:07:11","0.93","4.11","14","On","12.889677,77.537724",
"09-Sep-2026 14:07:41","1.52","4.11","14","On","12.88971,77.537741",
"09-Sep-2026 14:08:11","0.31","4.11","13.98","On","12.889758,77.537725",
"09-Sep-2026 14:08:41","2.57","4.11","13.98","On","12.889786,77.537724",
"09-Sep-2026 14:09:11","0.75","4.11","13.95","On","12.889855,77.537758",
"09-Sep-2026 14:09:41","0.65","4.11","13.98","On","12.889868,77.537747",
"09-Sep-2026 14:10:11","1.15","4.11","14","On","12.889755,77.53774",
"09-Sep-2026 14:10:41","2.26","4.11","14","On","12.889612,77.537715",
"09-Sep-2026 14:11:11","2.78","4.11","13.98","On","12.889587,77.537717",
"09-Sep-2026 14:11:41","2.66","4.11","13.98","On","12.889583,77.537704",
"09-Sep-2026 14:12:11","0.84","4.11","13.98","On","12.889624,77.537718",
"09-Sep-2026 14:12:29","16.08","4.11","13.98","On","12.88976,77.5373",
"09-Sep-2026 14:12:34","9.42","4.11","13.98","On","12.889793,77.53719",
"09-Sep-2026 14:12:39","15.72","4.11","13.98","On","12.889943,77.537162",
"09-Sep-2026 14:12:41","8.37","4.11","13.95","On","12.890073,77.537142",
"09-Sep-2026 14:12:44","8.37","4.11","13.95","On","12.890073,77.537142",
"09-Sep-2026 14:12:59","13.35","4.11","13.95","On","12.890525,77.537339",
"09-Sep-2026 14:13:04","17.12","4.11","13.95","On","12.890688,77.537499",
"09-Sep-2026 14:13:11","6.76","4.11","13.95","On","12.890619,77.537879",
"09-Sep-2026 14:13:19","17.48","4.11","13.95","On","12.890611,77.538275",
"09-Sep-2026 14:13:29","11.27","4.11","13.95","On","12.890735,77.538513",
"09-Sep-2026 14:13:39","13.97","4.11","13.95","On","12.890658,77.538652",
"09-Sep-2026 14:13:41","16.5","4.11","13.95","On","12.890478,77.538693",
"09-Sep-2026 14:13:59","11.1","4.11","13.95","On","12.889652,77.538938",
"09-Sep-2026 14:14:09","36.18","4.11","13.95","On","12.889292,77.539851",
"09-Sep-2026 14:14:11","36.18","4.11","13.95","On","12.889292,77.539851",
"09-Sep-2026 14:14:19","25.97","4.11","13.95","On","12.888858,77.54037",
"09-Sep-2026 14:14:39","14.83","4.11","13.95","On","12.888654,77.541265",
"09-Sep-2026 14:14:41","24.34","4.11","13.95","On","12.888436,77.541269",
"09-Sep-2026 14:15:11","35.29","4.11","13.95","On","12.886148,77.541703",
"09-Sep-2026 14:15:19","13.85","4.11","13.95","On","12.885668,77.541762",
"09-Sep-2026 14:15:24","21.03","4.11","13.95","On","12.8856,77.541909",
"09-Sep-2026 14:15:41","16.21","4.11","13.95","On","12.885239,77.543182",
"09-Sep-2026 14:16:11","13.24","4.11","13.95","On","12.884854,77.545179",
"09-Sep-2026 14:16:34","11.45","4.11","13.95","On","12.884803,77.546061",
"09-Sep-2026 14:16:41","19.86","4.11","13.98","On","12.884818,77.546428",
"09-Sep-2026 14:16:49","1.02","4.11","13.98","On","12.884858,77.546614",
"09-Sep-2026 14:17:11","2.55","4.11","13.98","On","12.8849,77.546756",
"09-Sep-2026 14:17:14","11.35","4.11","13.98","On","12.884908,77.546828",
"09-Sep-2026 14:17:41","51.58","4.11","13.95","On","12.88466,77.5493",
"09-Sep-2026 14:17:59","3.98","4.11","13.95","On","12.884296,77.550745",
"09-Sep-2026 14:18:09","10.1","4.11","13.95","On","12.884071,77.550832",
"09-Sep-2026 14:18:11","10.1","4.11","13.95","On","12.884071,77.550832",
"09-Sep-2026 14:18:19","22.79","4.11","13.95","On","12.883945,77.550495",
"09-Sep-2026 14:18:34","5.18","4.11","13.95","On","12.883756,77.549959",
"09-Sep-2026 14:18:41","8.14","4.11","13.91","On","12.883688,77.549958",
"09-Sep-2026 14:18:59","14.51","4.11","13.91","On","12.883133,77.550123",
"09-Sep-2026 14:19:11","16.44","4.11","13.95","On","12.882441,77.550277",
"09-Sep-2026 14:19:19","27.58","4.11","13.95","On","12.882164,77.550417",
"09-Sep-2026 14:19:41","28.54","4.11","13.95","On","12.880853,77.552214",
"09-Sep-2026 14:20:11","48.65","4.11","13.95","On","12.879158,77.554483",
"09-Sep-2026 14:20:41","47.04","4.11","13.93","On","12.878083,77.555987",
"09-Sep-2026 14:21:11","45.89","4.11","13.93","On","12.876303,77.558378",
"09-Sep-2026 14:21:29","32.9","4.11","13.93","On","12.875041,77.559852",
"09-Sep-2026 14:21:41","19.28","4.11","13.93","On","12.874346,77.559786",
"09-Sep-2026 14:21:44","29.82","4.11","13.93","On","12.874263,77.560017",
"09-Sep-2026 14:22:11","25.06","4.11","13.93","On","12.873891,77.561429",
"09-Sep-2026 14:22:41","9.24","4.11","13.95","On","12.873544,77.563093",
"09-Sep-2026 14:23:11","37.42","4.11","13.95","On","12.873082,77.565043",
"09-Sep-2026 14:23:24","6.05","4.11","13.95","On","12.872834,77.566224",
"09-Sep-2026 14:23:39","15.56","4.11","13.95","On","12.872912,77.566593",
"09-Sep-2026 14:23:41","13.2","4.11","13.95","On","12.873049,77.5666",
"09-Sep-2026 14:23:54","35.98","4.11","13.95","On","12.873999,77.566669",
"09-Sep-2026 14:23:59","42.38","4.11","13.95","On","12.874398,77.56665",
"09-Sep-2026 14:24:11","43.49","4.11","13.93","On","12.875796,77.566815",
"09-Sep-2026 14:24:24","3.45","4.11","13.93","On","12.876388,77.566947",
"09-Sep-2026 14:24:29","13.7","4.11","13.93","On","12.876408,77.567041",
"09-Sep-2026 14:24:41","26.63","4.11","13.95","On","12.876167,77.567584",
"09-Sep-2026 14:25:09","7.3","4.11","13.95","On","12.875687,77.568614",
"09-Sep-2026 14:25:11","7.3","4.11","13.95","On","12.875687,77.568614",
"09-Sep-2026 14:25:41","15.2","4.11","13.95","On","12.875219,77.56959",
"09-Sep-2026 14:26:11","9.04","4.11","13.95","On","12.874729,77.570271",
"09-Sep-2026 14:26:19","13.91","4.11","13.95","On","12.874541,77.570415",
"09-Sep-2026 14:26:24","5.05","4.11","13.95","On","12.874355,77.57046",
"09-Sep-2026 14:26:29","16.23","4.11","13.95","On","12.874248,77.570455",
"09-Sep-2026 14:26:39","6.38","4.11","13.95","On","12.873914,77.570489",
"09-Sep-2026 14:26:41","10.87","4.11","13.95","On","12.873846,77.570512",
"09-Sep-2026 14:26:49","29.72","4.11","13.95","On","12.873598,77.570795",
"09-Sep-2026 14:26:59","27.15","4.11","13.95","On","12.873615,77.57141",
"09-Sep-2026 14:27:11","33.75","4.11","13.95","On","12.873861,77.572428",
"09-Sep-2026 14:27:29","25.02","4.11","13.95","On","12.873908,77.573317",
"09-Sep-2026 14:27:34","27.76","4.11","13.95","On","12.87365,77.573353",
"09-Sep-2026 14:27:41","16.4","4.11","13.98","On","12.873093,77.573264",
"09-Sep-2026 14:27:54","31.41","4.11","13.98","On","12.872494,77.573332",
"09-Sep-2026 14:28:11","26.6","4.11","13.93","On","12.871519,77.573899",
"09-Sep-2026 14:28:39","3.58","4.11","13.93","On","12.869926,77.574459",
"09-Sep-2026 14:28:41","9.92","4.11","13.98","On","12.869894,77.574525",
"09-Sep-2026 14:29:11","10.79","4.11","13.98","On","12.869438,77.575652",
"09-Sep-2026 14:29:14","21.34","4.11","13.98","On","12.869346,77.575789",
"09-Sep-2026 14:29:34","30.66","4.11","13.98","On","12.868374,77.576698",
"09-Sep-2026 14:29:41","20.11","4.11","13.93","On","12.867885,77.576885",
"09-Sep-2026 14:29:49","11.95","4.11","13.93","On","12.867511,77.577095",
"09-Sep-2026 14:30:09","39.64","4.11","13.93","On","12.866566,77.578243",
"09-Sep-2026 14:30:11","39.64","4.11","13.95","On","12.866566,77.578243",
"09-Sep-2026 14:30:29","25.75","4.11","13.95","On","12.86593,77.579242",
"09-Sep-2026 14:30:39","18.11","4.11","13.95","On","12.865656,77.579561",
"09-Sep-2026 14:30:41","17.18","4.11","13.95","On","12.865626,77.579737",
"09-Sep-2026 14:30:44","17.18","4.11","13.95","On","12.865626,77.579737",
"09-Sep-2026 14:31:11","11.18","4.11","13.93","On","12.865754,77.580842",
"09-Sep-2026 14:31:14","3.72","4.11","13.93","On","12.865722,77.580916",
"09-Sep-2026 14:31:34","33.4","4.11","13.93","On","12.864914,77.581825",
"09-Sep-2026 14:31:41","32.35","4.11","13.93","On","12.8647,77.582209",
"09-Sep-2026 14:32:09","35.61","4.11","13.93","On","12.863689,77.584369",
"09-Sep-2026 14:32:11","35.61","4.11","13.93","On","12.863689,77.584369",
"09-Sep-2026 14:32:41","21.35","4.11","13.95","On","12.861074,77.58535",
"09-Sep-2026 14:32:49","24.76","4.11","13.95","On","12.860854,77.585615",
"09-Sep-2026 14:33:11","32.74","4.11","13.98","On","12.860388,77.586777",
"09-Sep-2026 14:33:14","27.85","4.11","13.98","On","12.860209,77.587018",
"09-Sep-2026 14:33:34","20.93","4.11","13.98","On","12.859438,77.587768",
"09-Sep-2026 14:33:41","27.6","4.11","13.93","On","12.859088,77.587734",
"09-Sep-2026 14:33:49","16.15","4.11","13.93","On","12.858624,77.58775",
"09-Sep-2026 14:34:09","23.01","4.11","13.93","On","12.858162,77.588392",
"09-Sep-2026 14:34:11","23.01","4.11","13.93","On","12.858162,77.588392",
"09-Sep-2026 14:34:24","11.89","4.11","13.93","On","12.857571,77.58871",
"09-Sep-2026 14:34:29","1.48","4.11","13.93","On","12.857529,77.588778",
"09-Sep-2026 14:34:41","6.57","4.11","13.93","On","12.857475,77.588891",
"09-Sep-2026 14:34:49","12.66","4.11","13.93","On","12.857357,77.588945",
"09-Sep-2026 14:35:11","24.89","4.11","13.95","On","12.856412,77.58888",
"09-Sep-2026 14:35:41","21.84","4.11","13.98","On","12.85404,77.588603",
"09-Sep-2026 14:36:11","0.12","4.11","13.98","On","12.853033,77.588559",
"09-Sep-2026 14:36:41","38.75","4.11","13.95","On","12.852302,77.588474",
"09-Sep-2026 14:37:11","29.91","4.11","13.93","On","12.849813,77.588381",
"09-Sep-2026 14:37:41","7.99","4.11","13.93","On","12.848082,77.588355",
"09-Sep-2026 14:38:11","31.95","4.11","13.93","On","12.846872,77.588292",
"09-Sep-2026 14:38:41","0.99","4.11","13.71","Off","12.845184,77.588194",
"09-Sep-2026 14:39:11","0.92","4.11","13.54","Off","12.845171,77.588196",
"09-Sep-2026 14:39:41","0.37","4.11","13.5","Off","12.845154,77.588197",
"09-Sep-2026 14:40:11","0.4","4.11","13.45","Off","12.845149,77.588198",
"09-Sep-2026 14:40:18","0.4","4.11","13.45","Off","12.845149,77.588198",
"09-Sep-2026 14:41:11","0.16","4.11","13.45","Off","12.845138,77.588208",
"09-Sep-2026 14:42:11","0.2","4.11","13.45","Off","12.845135,77.588227",
"09-Sep-2026 14:43:11","0.41","4.11","13.4","Off","12.845121,77.588229",
"09-Sep-2026 14:44:11","0.13","4.11","13.35","Off","12.845134,77.588223",
"09-Sep-2026 14:44:18","0.13","4.11","13.35","Off","12.845134,77.588223",
"09-Sep-2026 14:45:18","0.13","4.11","13.38","Off","12.845134,77.588223",
"09-Sep-2026 14:45:18","0.35","4.11","13.38","Off","12.845133,77.588221",
"09-Sep-2026 14:45:41","0.35","4.11","13.3","Off","12.845133,77.588221",
"09-Sep-2026 14:45:48","0.72","4.11","13.3","Off","12.845093,77.588183",
"09-Sep-2026 14:46:11","0.23","4.11","13.62","On","12.845154,77.588183",
"09-Sep-2026 14:46:41","1.12","4.11","13.93","On","12.845148,77.588193",
"09-Sep-2026 14:47:11","0.38","4.11","13.98","On","12.845151,77.588212",
"09-Sep-2026 14:47:41","0.16","4.11","13.98","On","12.845019,77.588207",
"09-Sep-2026 14:48:11","0.76","4.11","13.98","On","12.845015,77.588183",
"09-Sep-2026 14:48:41","0.34","4.11","13.98","On","12.845018,77.588188",
"09-Sep-2026 14:49:11","0.25","4.11","13.98","On","12.844999,77.588211",
"09-Sep-2026 14:49:41","0.41","4.11","13.95","On","12.845003,77.588214",
"09-Sep-2026 14:50:11","0.45","4.11","14","On","12.845014,77.588213",
"09-Sep-2026 14:50:41","0.14","4.11","13.98","On","12.845016,77.588194",
"09-Sep-2026 14:51:11","0.62","4.11","13.98","On","12.845026,77.588193",
"09-Sep-2026 14:51:41","0.21","4.11","13.98","On","12.845012,77.588209",
"09-Sep-2026 14:51:58","24.81","4.11","13.98","On","12.844596,77.588178",
"09-Sep-2026 14:52:11","15.31","4.11","13.95","On","12.843839,77.588163",
"09-Sep-2026 14:52:23","16.18","4.11","13.95","On","12.843235,77.588264",
"09-Sep-2026 14:52:41","17.75","4.11","13.95","On","12.842273,77.588517",
"09-Sep-2026 14:53:11","0.65","4.11","13.93","On","12.84209,77.58854",
"09-Sep-2026 14:53:28","3.88","4.11","13.93","On","12.841981,77.588528",
"09-Sep-2026 14:53:41","4.63","4.11","13.93","On","12.841864,77.588534",
"09-Sep-2026 14:54:11","46.43","4.11","13.95","On","12.840921,77.588685",
"09-Sep-2026 14:54:41","57.05","4.11","13.93","On","12.837415,77.589078",
"09-Sep-2026 14:55:11","49.26","4.11","13.95","On","12.833116,77.589169",
"09-Sep-2026 14:55:41","53.68","4.11","13.93","On","12.829767,77.587744",
"09-Sep-2026 14:56:11","57.89","4.11","13.98","On","12.826019,77.586406",
"09-Sep-2026 14:56:41","61.43","4.11","13.95","On","12.82312,77.58533",
"09-Sep-2026 14:57:11","35.18","4.11","13.95","On","12.819286,77.584716",
"09-Sep-2026 14:57:41","37.06","4.11","13.95","On","12.816224,77.583382",
"09-Sep-2026 14:58:03","27.11","4.11","13.95","On","12.8144,77.582559",
"09-Sep-2026 14:58:11","24.25","4.11","13.93","On","12.814114,77.582166",
"09-Sep-2026 14:58:13","24.25","4.11","13.93","On","12.814114,77.582166",
"09-Sep-2026 14:58:28","24.15","4.11","13.93","On","12.813719,77.581258",
"09-Sep-2026 14:58:33","30.85","4.11","13.93","On","12.813429,77.58122",
"09-Sep-2026 14:58:38","37.14","4.11","13.93","On","12.813159,77.581456",
"09-Sep-2026 14:58:41","52.45","4.11","13.93","On","12.812897,77.581879",
"09-Sep-2026 14:59:11","55.48","4.11","13.95","On","12.81089,77.586143",
"09-Sep-2026 14:59:41","13.38","4.11","13.95","On","12.809092,77.589407",
"09-Sep-2026 14:59:58","7.18","4.11","13.95","On","12.80852,77.590336",
"09-Sep-2026 15:00:03","43.57","4.11","13.95","On","12.808345,77.590549",
"09-Sep-2026 15:00:11","59.92","4.11","13.93","On","12.807225,77.591903",
"09-Sep-2026 15:00:41","58.25","4.11","13.95","On","12.804491,77.594788",
"09-Sep-2026 15:01:11","59.61","4.11","13.95","On","12.801452,77.597657",
"09-Sep-2026 15:01:41","58.18","4.11","13.93","On","12.798977,77.600868",
"09-Sep-2026 15:01:48","15.83","4.11","13.93","On","12.798647,77.601687",
"09-Sep-2026 15:02:11","43.14","4.11","13.93","On","12.797775,77.604446",
"09-Sep-2026 15:02:41","51.95","4.11","13.93","On","12.797334,77.606749",
"09-Sep-2026 15:02:48","47.53","4.11","13.93","On","12.797391,77.607756",
"09-Sep-2026 15:03:11","15.2","4.11","13.93","On","12.797858,77.610219",
"09-Sep-2026 15:03:41","28.91","4.11","13.95","On","12.797985,77.612468",
"09-Sep-2026 15:03:48","35.07","4.11","13.95","On","12.79775,77.613086",
"09-Sep-2026 15:04:11","34.26","4.11","13.95","On","12.797027,77.6148",
"09-Sep-2026 15:04:41","61.51","4.11","13.95","On","12.795877,77.61743",
"09-Sep-2026 15:05:11","40.53","4.11","13.93","On","12.794023,77.621371",
"09-Sep-2026 15:05:13","40.53","4.11","13.93","On","12.794023,77.621371",
"09-Sep-2026 15:05:41","26.66","4.11","13.91","On","12.792068,77.623382",
"09-Sep-2026 15:06:11","31.77","4.11","13.93","On","12.789981,77.626051",
"09-Sep-2026 15:06:13","31.77","4.11","13.93","On","12.789981,77.626051",
"09-Sep-2026 15:06:41","48.74","4.11","13.93","On","12.788828,77.629185",
"09-Sep-2026 15:06:48","30.65","4.11","13.93","On","12.788576,77.629588",
"09-Sep-2026 15:07:11","57.22","4.11","13.93","On","12.78564,77.629792",
"09-Sep-2026 15:07:41","42.61","4.11","13.93","On","12.782444,77.630247",
"09-Sep-2026 15:07:53","36.03","4.11","13.93","On","12.781265,77.630886",
"09-Sep-2026 15:08:03","44.98","4.11","13.93","On","12.780907,77.631695",
"09-Sep-2026 15:08:11","54.18","4.11","13.93","On","12.780554,77.633038",
"09-Sep-2026 15:08:41","16.39","4.11","13.95","On","12.779696,77.635927",
"09-Sep-2026 15:09:11","2.01","4.11","13.95","On","12.779561,77.63682",
"09-Sep-2026 15:09:41","49","4.11","13.95","On","12.779283,77.639004",
"09-Sep-2026 15:10:08","8.31","4.11","13.95","On","12.779054,77.641159",
"09-Sep-2026 15:10:11","4.31","4.11","13.91","On","12.778991,77.641169",
"09-Sep-2026 15:10:41","24.87","4.11","13.95","On","12.778034,77.641573",
"09-Sep-2026 15:11:11","28.56","4.11","13.95","On","12.776073,77.642658",
"09-Sep-2026 15:11:18","10.4","4.11","13.95","On","12.775837,77.642853",
"09-Sep-2026 15:11:23","22.53","4.11","13.95","On","12.775925,77.643013",
"09-Sep-2026 15:11:41","20.32","4.11","13.93","On","12.776431,77.64395",
"09-Sep-2026 15:12:11","4.18","4.11","13.93","On","12.776912,77.644891",
"09-Sep-2026 15:12:13","13.02","4.11","13.93","On","12.776891,77.644987",
"09-Sep-2026 15:12:41","54.95","4.11","13.95","On","12.774372,77.646548",
"09-Sep-2026 15:13:11","20.22","4.11","13.93","On","12.772218,77.648544",
"09-Sep-2026 15:13:33","20.65","4.11","13.93","On","12.771762,77.649164",
"09-Sep-2026 15:13:41","17.39","4.11","13.93","On","12.772124,77.649278",
"09-Sep-2026 15:13:48","5.75","4.11","13.93","On","12.772232,77.6493",
"09-Sep-2026 15:13:53","19.87","4.11","13.93","On","12.77253,77.649381",
"09-Sep-2026 15:14:08","6.88","4.11","13.93","On","12.772908,77.649456",
"09-Sep-2026 15:14:11","12.91","4.11","13.95","On","12.772968,77.649404",
"09-Sep-2026 15:14:13","10.26","4.11","13.95","On","12.773087,77.649426",
"09-Sep-2026 15:14:41","5.08","4.11","13.98","On","12.773173,77.649463",
"09-Sep-2026 15:14:43","5.08","4.11","13.98","On","12.773173,77.649463",
"09-Sep-2026 15:15:11","0.05","4.11","13.95","On","12.773156,77.649682",
"09-Sep-2026 15:15:41","0.14","4.11","13.98","On","12.773167,77.649654",
"09-Sep-2026 15:16:11","0.39","4.11","14","On","12.773173,77.649651",
"09-Sep-2026 15:16:41","0.48","4.11","14","On","12.77316,77.64966",
"09-Sep-2026 15:17:11","0.44","4.11","14","On","12.773147,77.649656",
"09-Sep-2026 15:17:41","0.3","4.11","14","On","12.773133,77.649663",
"09-Sep-2026 15:18:11","0.14","4.11","14.03","On","12.773128,77.649671",
"09-Sep-2026 15:18:41","0.4","4.11","14.03","On","12.773142,77.649678",
"09-Sep-2026 15:19:11","0.37","4.11","14","On","12.773143,77.649668",
"09-Sep-2026 15:19:41","0.19","4.11","14","On","12.773137,77.649662",
"09-Sep-2026 15:20:11","0.72","4.11","14","On","12.773146,77.649664",
"09-Sep-2026 15:20:41","0.69","4.11","14","On","12.773151,77.649661",
"09-Sep-2026 15:21:11","0.56","4.11","13.98","On","12.773153,77.649665",
"09-Sep-2026 15:21:41","0.34","4.11","13.98","On","12.773165,77.649666",
"09-Sep-2026 15:22:08","10.74","4.11","13.98","On","12.773003,77.649437",
"09-Sep-2026 15:22:11","8.52","4.11","13.98","On","12.772937,77.64948",
"09-Sep-2026 15:22:13","8.52","4.11","13.98","On","12.772937,77.64948",
"09-Sep-2026 15:22:18","13.31","4.11","13.98","On","12.772735,77.649465",
"09-Sep-2026 15:22:41","10.66","4.11","13.98","On","12.772089,77.649289",
"09-Sep-2026 15:23:03","24.45","4.11","13.98","On","12.771656,77.648944",
"09-Sep-2026 15:23:11","15.38","4.11","13.95","On","12.771867,77.648764",
"09-Sep-2026 15:23:41","45.02","4.11","13.98","On","12.773614,77.647105",
"09-Sep-2026 15:24:11","28.98","4.11","13.98","On","12.776292,77.645206",
"09-Sep-2026 15:24:41","28.47","4.11","13.93","On","12.77779,77.644395",
"09-Sep-2026 15:25:11","0.14","4.11","13.93","On","12.778864,77.643754",
"09-Sep-2026 15:25:41","0.3","4.11","13.93","On","12.77888,77.643742",
"09-Sep-2026 15:26:03","10.88","4.11","13.93","On","12.779072,77.64369",
"09-Sep-2026 15:26:08","10.89","4.11","13.93","On","12.779176,77.643739",
"09-Sep-2026 15:26:11","12.42","4.11","13.88","On","12.77924,77.643818",
"09-Sep-2026 15:26:13","12.42","4.11","13.88","On","12.77924,77.643818",
"09-Sep-2026 15:26:28","36.9","4.11","13.88","On","12.779599,77.644925",
"09-Sep-2026 15:26:38","6.86","4.11","13.88","On","12.779911,77.64515",
"09-Sep-2026 15:26:41","11.66","4.11","13.95","On","12.779984,77.645179",
"09-Sep-2026 15:27:11","49.76","4.11","13.95","On","12.782396,77.646442",
"09-Sep-2026 15:27:18","33.68","4.11","13.95","On","12.782699,77.646736",
"09-Sep-2026 15:27:41","54.65","4.11","13.95","On","12.784001,77.648828",
"09-Sep-2026 15:28:11","52.56","4.11","13.95","On","12.786026,77.652083",
"09-Sep-2026 15:28:41","8.38","4.11","13.95","On","12.787451,77.653987",
"09-Sep-2026 15:29:11","45.72","4.11","13.95","On","12.78886,77.655486",
"09-Sep-2026 15:29:41","40.95","4.11","13.98","On","12.791205,77.657374",
"09-Sep-2026 15:29:48","36.62","4.11","13.98","On","12.791812,77.657793",
"09-Sep-2026 15:30:11","45.87","4.11","13.98","On","12.793819,77.658984",
"09-Sep-2026 15:30:41","46.79","4.11","13.98","On","12.796773,77.660356",
"09-Sep-2026 15:31:11","20.48","4.11","13.95","On","12.799081,77.661112",
"09-Sep-2026 15:31:41","57.35","4.11","13.95","On","12.802382,77.662081",
"09-Sep-2026 15:32:11","42.16","4.11","13.95","On","12.806407,77.663263",
"09-Sep-2026 15:32:41","3.14","4.11","13.98","On","12.808133,77.663774",
"09-Sep-2026 15:32:43","3.14","4.11","13.98","On","12.808133,77.663774",
"09-Sep-2026 15:33:03","31.45","4.11","13.98","On","12.809103,77.664146",
"09-Sep-2026 15:33:11","34.81","4.11","13.98","On","12.810085,77.66469",
"09-Sep-2026 15:33:38","12.62","4.11","13.98","On","12.811131,77.665373",
"09-Sep-2026 15:33:41","10.47","4.11","13.95","On","12.811212,77.665444",
"09-Sep-2026 15:34:11","36.29","4.11","13.95","On","12.812969,77.667086",
"09-Sep-2026 15:34:41","42.09","4.11","13.95","On","12.814554,77.669491",
"09-Sep-2026 15:35:11","4.15","4.11","13.95","On","12.815134,77.670688",
"09-Sep-2026 15:35:23","4.38","4.11","13.95","On","12.815147,77.670721",
"09-Sep-2026 15:35:41","0.23","4.11","13.93","On","12.815241,77.670979",
"09-Sep-2026 15:36:11","6.57","4.11","13.95","On","12.815349,77.671328",
"09-Sep-2026 15:36:41","4.24","4.11","13.95","On","12.815472,77.671784",
"09-Sep-2026 15:37:11","13.22","4.11","13.95","On","12.815731,77.672691",
"09-Sep-2026 15:37:41","10.6","4.11","13.95","On","12.815911,77.673256",
"09-Sep-2026 15:38:11","8.35","4.11","13.95","On","12.816023,77.673631",
"09-Sep-2026 15:38:41","19.93","4.11","13.95","On","12.816316,77.674357",
"09-Sep-2026 15:39:11","9.93","4.1","13.95","On","12.816912,77.675724",
"09-Sep-2026 15:39:41","23.52","4.11","13.95","On","12.817243,77.677309",
"09-Sep-2026 15:40:08","18.92","4.11","13.95","On","12.817316,77.678573",
"09-Sep-2026 15:40:11","20.32","4.11","13.93","On","12.817165,77.678714",
"09-Sep-2026 15:40:41","10.87","4.11","13.95","On","12.816118,77.679689",
"09-Sep-2026 15:41:11","16.75","4.11","13.98","On","12.815468,77.6803",
"09-Sep-2026 15:41:41","21.44","4.11","13.95","On","12.814804,77.680935",
"09-Sep-2026 15:42:11","14.01","4.11","13.98","On","12.813233,77.682371",
"09-Sep-2026 15:42:18","7.31","4.11","13.98","On","12.813168,77.682469",
"09-Sep-2026 15:42:33","19.19","4.11","13.98","On","12.813312,77.682765",
"09-Sep-2026 15:42:41","12.76","4.11","13.95","On","12.813525,77.683007",
"09-Sep-2026 15:43:11","3.93","4.11","13.98","On","12.814217,77.683772",
"09-Sep-2026 15:43:41","0.13","4.11","14","On","12.814528,77.684111",
"09-Sep-2026 15:44:11","4.96","4.11","14","On","12.814543,77.684156",
"09-Sep-2026 15:44:41","15.59","4.11","13.98","On","12.815012,77.684666",
"09-Sep-2026 15:45:11","28.98","4.11","13.95","On","12.815936,77.685711",
"09-Sep-2026 15:45:41","32.75","4.11","13.98","On","12.817376,77.687287",
"09-Sep-2026 15:46:11","13.25","4.11","13.98","On","12.818657,77.688664",
"09-Sep-2026 15:46:33","3.65","4.11","13.98","On","12.818877,77.688933",
"09-Sep-2026 15:46:41","14.15","4.11","13.98","On","12.818924,77.689218",
"09-Sep-2026 15:46:43","14.15","4.11","13.98","On","12.818924,77.689218",
"09-Sep-2026 15:46:53","11.13","4.11","13.98","On","12.818581,77.689603",
"09-Sep-2026 15:47:11","21.32","4.11","13.98","On","12.817414,77.690533",
"09-Sep-2026 15:47:41","19.74","4.11","13.98","On","12.816529,77.691227",
"09-Sep-2026 15:48:11","28.33","4.11","14","On","12.81476,77.692623",
"09-Sep-2026 15:48:41","22.78","4.11","13.95","On","12.813984,77.693184",
"09-Sep-2026 15:49:11","56.7","4.11","13.98","On","12.811123,77.695377",
"09-Sep-2026 15:49:41","30.22","4.11","13.98","On","12.808157,77.697736",
"09-Sep-2026 15:50:11","38.07","4.11","13.98","On","12.806665,77.698983",
"09-Sep-2026 15:50:41","44.33","4.11","13.95","On","12.803728,77.701622",
"09-Sep-2026 15:50:48","46.18","4.11","13.95","On","12.803458,77.702008",
"09-Sep-2026 15:51:08","30.33","4.11","13.95","On","12.802713,77.703941",
"09-Sep-2026 15:51:11","3.26","4.11","13.95","On","12.802699,77.70403",
"09-Sep-2026 15:51:28","2.34","4.11","13.95","On","12.80271,77.704116",
"09-Sep-2026 15:51:41","0.08","4.11","13.95","On","12.802702,77.704187",
"09-Sep-2026 15:52:11","3","4.11","13.95","On","12.802693,77.704226",
"09-Sep-2026 15:52:41","2.46","4.11","13.95","On","12.80266,77.704376",
"09-Sep-2026 15:53:11","9.38","4.11","13.98","On","12.802585,77.704714",
"09-Sep-2026 15:53:41","11.04","4.11","13.98","On","12.802431,77.705112",
"09-Sep-2026 15:53:43","11.04","4.11","13.98","On","12.802431,77.705112",
"09-Sep-2026 15:53:53","9.31","4.11","13.98","On","12.802107,77.705068",
"09-Sep-2026 15:53:58","17.38","4.11","13.98","On","12.801991,77.705034",
"09-Sep-2026 15:54:11","16.74","4.11","13.98","On","12.801408,77.705162",
"09-Sep-2026 15:54:41","23.86","4.11","14","On","12.800408,77.705493",
"09-Sep-2026 15:55:11","34.7","4.11","13.98","On","12.798236,77.706132",
"09-Sep-2026 15:55:13","8.58","4.11","13.98","On","12.798048,77.706196",
"09-Sep-2026 15:55:41","28.38","4.11","14","On","12.796996,77.706502",
"09-Sep-2026 15:55:58","30.36","4.11","14","On","12.796176,77.706627",
"09-Sep-2026 15:56:11","28.14","4.11","13.98","On","12.795321,77.706656",
"09-Sep-2026 15:56:41","25.45","4.11","13.98","On","12.792983,77.706195",
"09-Sep-2026 15:56:53","8.84","4.11","13.98","On","12.792684,77.706133",
"09-Sep-2026 15:57:11","0.08","4.11","13.93","On","12.792599,77.706098",
"09-Sep-2026 15:57:41","28.56","4.11","13.95","On","12.792499,77.705732",
"09-Sep-2026 15:57:43","28.56","4.11","13.95","On","12.792499,77.705732",
"09-Sep-2026 15:58:11","53.39","4.11","13.98","On","12.792547,77.703071",
"09-Sep-2026 15:58:28","24.97","4.11","13.98","On","12.792402,77.701647",
"09-Sep-2026 15:58:41","10.24","4.11","13.98","On","12.791304,77.701616",
"09-Sep-2026 15:59:11","41.14","4.11","13.98","On","12.789028,77.70156",
"09-Sep-2026 15:59:41","24.53","4.11","13.98","On","12.786637,77.701524",
"09-Sep-2026 16:00:03","16.84","4.11","13.98","On","12.785646,77.701372",
"09-Sep-2026 16:00:11","32.81","4.11","13.98","On","12.785568,77.700856",
"09-Sep-2026 16:00:41","21.8","4.11","13.95","On","12.785433,77.697941",
"09-Sep-2026 16:01:11","7.5","4.11","13.98","On","12.785377,77.697047",
"09-Sep-2026 16:01:33","6.58","4.11","13.98","On","12.785364,77.696829",
"09-Sep-2026 16:01:41","3.82","4.11","13.98","On","12.785421,77.696924",
"09-Sep-2026 16:02:03","11.45","4.11","13.98","On","12.785435,77.697044",
"09-Sep-2026 16:02:11","18.58","4.11","14","On","12.785457,77.697369",
"09-Sep-2026 16:02:41","0.65","4.11","13.98","On","12.785504,77.698063",
"09-Sep-2026 16:03:11","4.03","4.11","13.98","On","12.785517,77.698402",
"09-Sep-2026 16:03:41","2.19","4.11","14","On","12.785528,77.698572",
"09-Sep-2026 16:04:03","6.18","4.11","14","On","12.785504,77.698642",
"09-Sep-2026 16:04:08","11.47","4.11","14","On","12.785466,77.698579",
"09-Sep-2026 16:04:11","12.7","4.11","13.98","On","12.785465,77.698446",
"09-Sep-2026 16:04:41","4.78","4.11","14","On","12.785424,77.697881",
"09-Sep-2026 16:05:11","0.33","4.11","13.98","On","12.785405,77.697808",
"09-Sep-2026 16:05:41","3.32","4.11","13.98","On","12.785408,77.69778",
"09-Sep-2026 16:05:43","3.32","4.11","13.98","On","12.785408,77.69778",
"09-Sep-2026 16:06:11","0.14","4.11","13.98","On","12.785401,77.697751",
"09-Sep-2026 16:06:41","3.79","4.11","13.98","On","12.785468,77.69744",
"09-Sep-2026 16:07:11","0.49","4.11","13.98","On","12.785481,77.697476",
"09-Sep-2026 16:07:41","4.21","4.11","13.98","On","12.785487,77.697504",
"09-Sep-2026 16:07:58","10.42","4.11","13.98","On","12.785488,77.697793",
"09-Sep-2026 16:08:11","7.78","4.11","13.98","On","12.7855,77.698041",
"09-Sep-2026 16:08:41","14.89","4.11","13.95","On","12.785538,77.698783",
"09-Sep-2026 16:08:53","12.97","4.11","13.95","On","12.785512,77.699068",
"09-Sep-2026 16:08:58","27.96","4.11","13.95","On","12.785505,77.699572",
"09-Sep-2026 16:09:11","31.59","4.11","13.95","On","12.785547,77.70051",
"09-Sep-2026 16:09:41","5.05","4.11","13.98","On","12.785645,77.701497",
"09-Sep-2026 16:09:53","5.51","4.11","13.98","On","12.785703,77.701849",
"09-Sep-2026 16:10:03","13.4","4.11","13.98","On","12.785897,77.702235",
"09-Sep-2026 16:10:11","12.08","4.11","13.98","On","12.786049,77.702459",
"09-Sep-2026 16:10:13","12.08","4.11","13.98","On","12.786049,77.702459",
"09-Sep-2026 16:10:38","1.92","4.11","13.98","On","12.786419,77.70312",
"09-Sep-2026 16:10:41","1.92","4.11","13.93","On","12.786419,77.70312",
"09-Sep-2026 16:11:11","1.57","4.11","13.95","On","12.786429,77.703148",
"09-Sep-2026 16:11:18","20.18","4.11","13.95","On","12.786149,77.703151",
"09-Sep-2026 16:11:41","9.88","4.11","13.98","On","12.785383,77.703107",
"09-Sep-2026 16:12:11","0.42","4.11","13.98","On","12.785277,77.703115",
"09-Sep-2026 16:12:33","2.27","4.11","13.98","On","12.785239,77.703133",
"09-Sep-2026 16:12:41","0.37","4.11","13.95","On","12.785239,77.703133",
"09-Sep-2026 16:13:11","0.16","4.11","13.98","On","12.785244,77.703121",
"09-Sep-2026 16:13:41","0.32","4.11","14","On","12.785228,77.703137",
"09-Sep-2026 16:14:11","0.38","4.11","13.95","On","12.785207,77.703143",
"09-Sep-2026 16:14:41","0.17","4.11","14","On","12.785227,77.703144",
"09-Sep-2026 16:15:11","0.52","4.11","13.98","On","12.785201,77.703159",
"09-Sep-2026 16:15:41","28.5","4.11","14","On","12.783874,77.703453",
"09-Sep-2026 16:16:08","29","4.11","14","On","12.78218,77.703958",
"09-Sep-2026 16:16:11","23.66","4.11","13.98","On","12.781936,77.703896",
"09-Sep-2026 16:16:18","23.11","4.11","13.98","On","12.781715,77.703777",
"09-Sep-2026 16:16:41","29.22","4.11","13.95","On","12.780242,77.702679",
"09-Sep-2026 16:16:48","8.5","4.11","13.95","On","12.780076,77.702485",
"09-Sep-2026 16:16:53","26.12","4.11","13.95","On","12.780201,77.702558",
"09-Sep-2026 16:17:11","10.45","4.11","13.95","On","12.781521,77.703536",
"09-Sep-2026 16:17:13","10.45","4.11","13.95","On","12.781521,77.703536",
"09-Sep-2026 16:17:18","17.32","4.11","13.95","On","12.781589,77.703431",
"09-Sep-2026 16:17:41","19.12","4.11","14","On","12.781905,77.702266",
"09-Sep-2026 16:18:11","8.72","4.11","13.98","On","12.782137,77.701451",
"09-Sep-2026 16:18:23","2.71","4.11","13.98","On","12.782204,77.701372",
"09-Sep-2026 16:18:41","1.76","4.11","13.98","On","12.782206,77.701411",
"09-Sep-2026 16:19:11","0.23","4.11","13.98","On","12.782223,77.701414",
"09-Sep-2026 16:19:41","0.21","4.11","14","On","12.78223,77.701421",
"09-Sep-2026 16:20:11","0.27","4.11","14","On","12.782234,77.70142",
"09-Sep-2026 16:20:41","0.56","4.11","14","On","12.782237,77.701434",
"09-Sep-2026 16:21:11","0.43","4.11","14","On","12.78224,77.701442",
"09-Sep-2026 16:21:41","0.2","4.11","14","On","12.782236,77.701427",
"09-Sep-2026 16:22:11","0.32","4.11","14","On","12.782248,77.701438",
"09-Sep-2026 16:22:41","0","4.11","14","On","12.782243,77.701443",
"09-Sep-2026 16:23:11","0.06","4.11","13.98","On","12.782236,77.701421",
"09-Sep-2026 16:23:38","12.71","4.11","13.98","On","12.782151,77.70164",
"09-Sep-2026 16:23:41","16.37","4.11","14","On","12.782104,77.701783",
"09-Sep-2026 16:24:11","16.32","4.11","14","On","12.78172,77.703064",
"09-Sep-2026 16:24:28","4.11","4.11","14","On","12.781583,77.703573",
"09-Sep-2026 16:24:41","5.04","4.11","13.95","On","12.78166,77.703647",
"09-Sep-2026 16:25:11","0.38","4.11","13.98","On","12.781715,77.70366",
"09-Sep-2026 16:25:41","0.08","4.11","13.98","On","12.781711,77.703648",
"09-Sep-2026 16:26:11","3.77","4.11","13.98","On","12.781776,77.703708",
"09-Sep-2026 16:26:41","0.13","4.11","13.95","On","12.781951,77.703796",
"09-Sep-2026 16:27:11","0.39","4.11","13.98","On","12.781948,77.703801",
"09-Sep-2026 16:27:41","2.32","4.11","13.98","On","12.781965,77.70381",
"09-Sep-2026 16:27:58","15.18","4.11","13.98","On","12.781982,77.70391",
"09-Sep-2026 16:28:11","37.54","4.11","13.98","On","12.780722,77.703061",
"09-Sep-2026 16:28:41","9.32","4.11","13.95","On","12.779008,77.702107",
"09-Sep-2026 16:28:43","9.32","4.11","13.95","On","12.779008,77.702107",
"09-Sep-2026 16:28:48","26.76","4.11","13.95","On","12.778999,77.701845",
"09-Sep-2026 16:28:58","29.92","4.11","13.95","On","12.778938,77.70101",
"09-Sep-2026 16:29:11","58.13","4.11","13.93","On","12.778642,77.699768",
"09-Sep-2026 16:29:41","44.02","4.11","13.98","On","12.778537,77.69699",
"09-Sep-2026 16:29:43","44.02","4.11","13.98","On","12.778537,77.69699",
"09-Sep-2026 16:29:48","45.83","4.11","13.98","On","12.778991,77.696265",
"09-Sep-2026 16:30:03","44.43","4.11","13.98","On","12.779978,77.695112",
"09-Sep-2026 16:30:11","6.94","4.11","13.93","On","12.780091,77.69465",
"09-Sep-2026 16:30:13","18.86","4.11","13.93","On","12.780092,77.69451",
"09-Sep-2026 16:30:33","2.06","4.11","13.93","On","12.78003,77.694077",
"09-Sep-2026 16:30:41","1.96","4.11","13.88","On","12.780048,77.693988",
"09-Sep-2026 16:31:03","10.83","4.11","13.88","On","12.780161,77.694593",
"09-Sep-2026 16:31:08","5.09","4.11","13.88","On","12.7804,77.694553",
"09-Sep-2026 16:31:11","5.09","4.11","13.93","On","12.7804,77.694553",
"09-Sep-2026 16:31:41","7.33","4.11","13.93","On","12.781519,77.694328",
"09-Sep-2026 16:32:11","2.07","4.11","13.93","On","12.781841,77.694586",
"09-Sep-2026 16:32:41","0.26","4.11","13.98","On","12.781859,77.694641",
"09-Sep-2026 16:33:11","6.04","4.11","13.93","On","12.781835,77.694684",
"09-Sep-2026 16:33:14","10.91","4.11","13.93","On","12.781814,77.694586",
"09-Sep-2026 16:33:19","9.16","4.11","13.93","On","12.781789,77.694491",
"09-Sep-2026 16:33:29","16.24","4.11","13.93","On","12.782023,77.694322",
"09-Sep-2026 16:33:41","22.3","4.11","13.91","On","12.782651,77.694171",
"09-Sep-2026 16:34:11","16.39","4.11","13.98","On","12.784715,77.69382",
"09-Sep-2026 16:34:29","2.34","4.11","13.98","On","12.785938,77.693388",
"09-Sep-2026 16:34:39","11.24","4.11","13.98","On","12.785944,77.69352",
"09-Sep-2026 16:34:41","18.67","4.11","13.93","On","12.785871,77.693646",
"09-Sep-2026 16:34:49","13.92","4.11","13.93","On","12.785701,77.693891",
"09-Sep-2026 16:35:09","20.39","4.11","13.93","On","12.785255,77.69477",
"09-Sep-2026 16:35:11","20.39","4.11","13.93","On","12.785255,77.69477",
"09-Sep-2026 16:35:24","19.29","4.11","13.93","On","12.785256,77.695477",
"09-Sep-2026 16:35:41","6.51","4.11","13.98","On","12.785442,77.696961",
"09-Sep-2026 16:36:11","17.5","4.11","13.95","On","12.78553,77.698485",
"09-Sep-2026 16:36:34","7.17","4.11","13.95","On","12.785568,77.69946",
"09-Sep-2026 16:36:41","13.16","4.11","13.98","On","12.785508,77.6997",
"09-Sep-2026 16:37:11","0.79","4.11","13.64","Off","12.785541,77.699893",
"09-Sep-2026 16:37:41","0.21","4.11","13.52","Off","12.785541,77.699895",
"09-Sep-2026 16:38:11","0.28","4.11","13.5","Off","12.785545,77.699886",
"09-Sep-2026 16:38:41","0.09","4.11","13.47","Off","12.78554,77.69989",
"09-Sep-2026 16:38:47","0.09","4.11","13.47","Off","12.78554,77.69989",
"09-Sep-2026 16:39:41","0.22","4.11","13.45","Off","12.785543,77.699888",
"09-Sep-2026 16:40:11","0.13","4.11","13.42","Off","12.785549,77.699893",
"09-Sep-2026 16:41:11","0.03","4.11","13.4","Off","12.785545,77.699886",
"09-Sep-2026 16:42:11","0.26","4.11","13.35","Off","12.785555,77.699892",
"09-Sep-2026 16:42:47","0.26","4.11","13.35","Off","12.785555,77.699892",
"09-Sep-2026 16:44:32","0.26","4.11","13.35","On","12.785555,77.699892",
"09-Sep-2026 16:44:32","0.26","4.11","13.35","On","12.785555,77.699892",
"09-Sep-2026 16:44:32","0.21","4.11","13.35","On","12.785549,77.69989",
"09-Sep-2026 16:44:41","0.21","4.11","13.57","On","12.785549,77.69989",
"09-Sep-2026 16:45:11","13.29","4.11","13.91","On","12.7856,77.701057",
"09-Sep-2026 16:45:12","13.29","4.11","13.91","On","12.7856,77.701057",
"09-Sep-2026 16:45:22","8.4","4.11","13.91","On","12.785637,77.701385",
"09-Sep-2026 16:45:32","19.29","4.11","13.91","On","12.785984,77.701414",
"09-Sep-2026 16:45:41","13.27","4.11","13.93","On","12.786426,77.701456",
"09-Sep-2026 16:46:11","49.38","4.11","13.93","On","12.788121,77.701518",
"09-Sep-2026 16:46:32","17.77","4.11","13.93","On","12.789902,77.701515",
"09-Sep-2026 16:46:37","25.16","4.11","13.93","On","12.790126,77.701519",
"09-Sep-2026 16:46:41","17.81","4.11","13.95","On","12.790268,77.701515",
"09-Sep-2026 16:46:42","17.81","4.11","13.95","On","12.790268,77.701515",
"09-Sep-2026 16:46:47","30.71","4.11","13.95","On","12.790646,77.701522",
"09-Sep-2026 16:47:02","30.42","4.11","13.95","On","12.791818,77.701566",
"09-Sep-2026 16:47:07","31.25","4.11","13.95","On","12.792132,77.701532",
"09-Sep-2026 16:47:11","18.87","4.11","13.93","On","12.792506,77.701577",
"09-Sep-2026 16:47:12","18.87","4.11","13.93","On","12.792506,77.701577",
"09-Sep-2026 16:47:17","28.69","4.11","13.93","On","12.792639,77.701759",
"09-Sep-2026 16:47:41","31.06","4.11","13.93","On","12.792611,77.704003",
"09-Sep-2026 16:48:11","42.86","4.11","13.95","On","12.792999,77.706114",
"09-Sep-2026 16:48:12","42.86","4.11","13.95","On","12.792999,77.706114",
"09-Sep-2026 16:48:41","33.15","4.11","13.95","On","12.795729,77.70657",
"09-Sep-2026 16:48:42","33.15","4.11","13.95","On","12.795729,77.70657",
"09-Sep-2026 16:49:11","15.39","4.11","13.95","On","12.797507,77.706263",
"09-Sep-2026 16:49:41","24.93","4.11","13.95","On","12.799087,77.705779",
"09-Sep-2026 16:50:11","30.92","4.11","13.93","On","12.801084,77.705154",
"09-Sep-2026 16:50:27","22.19","4.11","13.93","On","12.802054,77.704727",
"09-Sep-2026 16:50:32","12.77","4.11","13.93","On","12.802211,77.704474",
"09-Sep-2026 16:50:41","3.85","4.11","13.95","On","12.802229,77.704302",
"09-Sep-2026 16:51:11","55.79","4.11","13.95","On","12.802472,77.703383",
"09-Sep-2026 16:51:22","47.31","4.11","13.95","On","12.803206,77.701761",
"09-Sep-2026 16:51:41","52.33","4.11","13.95","On","12.805094,77.700002",
"09-Sep-2026 16:51:52","43.18","4.11","13.95","On","12.805971,77.699285",
"09-Sep-2026 16:52:11","58.72","4.11","13.93","On","12.807736,77.697868",
"09-Sep-2026 16:52:41","47.46","4.11","13.93","On","12.811392,77.694934",
"09-Sep-2026 16:53:11","42.1","4.11","13.93","On","12.81435,77.692562",
"09-Sep-2026 16:53:41","46.27","4.11","13.91","On","12.815813,77.691294",
"09-Sep-2026 16:54:11","36.39","4.11","13.93","On","12.818309,77.689238",
"09-Sep-2026 16:54:17","6.17","4.11","13.93","On","12.818631,77.688909",
"09-Sep-2026 16:54:28","13.15","4.11","13.93","On","12.818803,77.688801",
"09-Sep-2026 16:54:33","8.91","4.11","13.93","On","12.818993,77.6889",
"09-Sep-2026 16:54:41","26.19","4.11","13.95","On","12.819463,77.688665",
"09-Sep-2026 16:55:11","31.27","4.11","13.95","On","12.820888,77.687472",
"09-Sep-2026 16:55:41","20.66","4.11","13.95","On","12.823124,77.68531",
"09-Sep-2026 16:55:43","20.66","4.11","13.95","On","12.823124,77.68531",
"09-Sep-2026 16:55:48","33.04","4.11","13.95","On","12.823284,77.685143",
"09-Sep-2026 16:56:11","59.43","4.11","13.93","On","12.825611,77.683291",
"09-Sep-2026 16:56:41","14.7","4.11","13.93","On","12.827586,77.682233",
"09-Sep-2026 16:56:53","21.64","4.11","13.93","On","12.828041,77.682073",
"09-Sep-2026 16:57:11","31.7","4.11","13.93","On","12.829354,77.681625",
"09-Sep-2026 16:57:41","32.61","4.11","13.95","On","12.832368,77.680711",
"09-Sep-2026 16:58:11","21.28","4.11","13.93","On","12.835244,77.679705",
"09-Sep-2026 16:58:41","18.6","4.11","13.95","On","12.836029,77.679415",
"09-Sep-2026 16:59:11","25.83","4.11","13.95","On","12.837544,77.67887",
"09-Sep-2026 16:59:41","24.72","4.11","13.95","On","12.839642,77.677198",
"09-Sep-2026 16:59:43","24.72","4.11","13.95","On","12.839642,77.677198",
"09-Sep-2026 17:00:11","9.02","4.11","13.95","On","12.840762,77.676423",
"09-Sep-2026 17:00:13","4.46","4.11","13.95","On","12.84084,77.67638",
"09-Sep-2026 17:00:41","8.84","4.11","13.93","On","12.841682,77.675852",
"09-Sep-2026 17:00:58","23.6","4.11","13.93","On","12.842244,77.675472",
"09-Sep-2026 17:01:11","33.61","4.11","13.95","On","12.842923,77.674881",
"09-Sep-2026 17:01:41","16.23","4.11","13.98","On","12.844387,77.673729",
"09-Sep-2026 17:02:11","28.01","4.11","13.93","On","12.84589,77.672501",
"09-Sep-2026 17:02:23","18.33","4.11","13.93","On","12.846475,77.67232",
"09-Sep-2026 17:02:41","49.56","4.11","13.93","On","12.847209,77.67379",
"09-Sep-2026 17:02:48","34.53","4.11","13.93","On","12.847384,77.674203",
"09-Sep-2026 17:03:11","36.29","4.11","13.93","On","12.847901,77.675636",
"09-Sep-2026 17:03:41","16.03","4.11","13.88","On","12.848874,77.677576",
"09-Sep-2026 17:03:43","16.03","4.11","13.88","On","12.848874,77.677576",
"09-Sep-2026 17:04:11","28.92","4.11","13.93","On","12.850715,77.676617",
"09-Sep-2026 17:04:41","16.88","4.11","13.95","On","12.852624,77.675574",
"09-Sep-2026 17:05:11","13.65","4.11","13.95","On","12.853819,77.674922",
"09-Sep-2026 17:05:41","16.49","4.11","13.95","On","12.854971,77.674365",
"09-Sep-2026 17:05:58","15.6","4.11","13.95","On","12.855746,77.674028",
"09-Sep-2026 17:06:03","23.97","4.11","13.95","On","12.855932,77.67405",
"09-Sep-2026 17:06:11","17.74","4.11","13.93","On","12.856349,77.674063",
"09-Sep-2026 17:06:13","17.74","4.11","13.93","On","12.856349,77.674063",
"09-Sep-2026 17:06:23","19.68","4.11","13.93","On","12.856887,77.67358",
"09-Sep-2026 17:06:41","27.65","4.11","13.95","On","12.858296,77.674169",
"09-Sep-2026 17:07:11","26.49","4.11","13.98","On","12.859947,77.674439",
"09-Sep-2026 17:07:41","9.66","4.11","13.98","On","12.861055,77.674715",
"09-Sep-2026 17:07:53","15.01","4.11","13.98","On","12.861457,77.674928",
"09-Sep-2026 17:07:58","9.64","4.11","13.98","On","12.861486,77.675113",
"09-Sep-2026 17:08:08","20.64","4.11","13.98","On","12.861709,77.675187",
"09-Sep-2026 17:08:11","20.27","4.11","13.95","On","12.861906,77.67524",
"09-Sep-2026 17:08:18","5.76","4.11","13.95","On","12.862188,77.675274",
"09-Sep-2026 17:08:33","16.68","4.11","13.95","On","12.86243,77.675198",
"09-Sep-2026 17:08:38","11.77","4.11","13.95","On","12.86269,77.675151",
"09-Sep-2026 17:08:41","11.77","4.11","13.95","On","12.86269,77.675151",
"09-Sep-2026 17:08:43","7.13","4.11","13.95","On","12.862778,77.67516",
"09-Sep-2026 17:08:58","11.16","4.11","13.95","On","12.863096,77.67527",
"09-Sep-2026 17:09:03","11.45","4.11","13.95","On","12.863186,77.675371",
"09-Sep-2026 17:09:08","8.51","4.11","13.95","On","12.863225,77.675483",
"09-Sep-2026 17:09:11","12.26","4.11","13.95","On","12.863344,77.675514",
"09-Sep-2026 17:09:13","12.26","4.11","13.95","On","12.863344,77.675514",
"09-Sep-2026 17:09:28","7.77","4.11","13.95","On","12.863869,77.675634",
"09-Sep-2026 17:09:33","11.81","4.11","13.95","On","12.863997,77.675612",
"09-Sep-2026 17:09:41","15.68","4.11","13.95","On","12.864232,77.675551",
"09-Sep-2026 17:09:43","13.71","4.11","13.95","On","12.864374,77.675604",
"09-Sep-2026 17:09:48","8.06","4.11","13.95","On","12.864459,77.675536",
"09-Sep-2026 17:10:11","0.51","4.11","13.66","Off","12.86459,77.675451",
"09-Sep-2026 17:10:41","0.23","4.11","13.52","Off","12.864601,77.675453",
"09-Sep-2026 17:11:11","0.2","4.11","13.47","Off","12.864602,77.675456",
"09-Sep-2026 17:11:41","0.11","4.11","13.45","Off","12.864608,77.675461",
"09-Sep-2026 17:11:57","0.11","4.11","13.45","Off","12.864608,77.675461",
"09-Sep-2026 17:12:41","0.12","4.11","13.42","Off","12.864602,77.675476",
"09-Sep-2026 17:13:11","0.31","4.11","13.4","Off","12.864605,77.675478",
"09-Sep-2026 17:14:11","0.22","4.11","13.38","Off","12.864597,77.675473",
"09-Sep-2026 17:15:11","0.16","4.11","13.33","Off","12.864595,77.675474",
"09-Sep-2026 17:15:57","0.16","4.11","13.28","Off","12.864595,77.675474",
"09-Sep-2026 18:15:58","0.16","4.11","12.99","Off","12.864595,77.675474",
"09-Sep-2026 18:15:58","0.07","4.11","12.99","Off","12.864586,77.675475",
"09-Sep-2026 18:16:11","0.07","4.11","12.99","Off","12.864586,77.675475",
"09-Sep-2026 18:17:11","0.39","4.11","12.92","Off","12.86461,77.675504",
"09-Sep-2026 18:18:11","0.42","4.11","12.92","Off","12.864616,77.675455",
"09-Sep-2026 18:19:11","0.42","4.11","12.89","Off","12.86461,77.675464",
"09-Sep-2026 18:19:58","0.42","4.11","12.89","Off","12.86461,77.675464",
"09-Sep-2026 19:19:58","0.42","4.11","12.97","Off","12.86461,77.675464",
"09-Sep-2026 19:19:58","0.52","4.11","12.97","Off","12.864632,77.675462",
"09-Sep-2026 19:20:11","0.52","4.11","12.94","Off","12.864632,77.675462",
"09-Sep-2026 19:21:11","0.37","4.11","12.87","Off","12.864626,77.675484",
"09-Sep-2026 19:22:11","0.26","4.11","12.87","Off","12.864633,77.675476",
"09-Sep-2026 19:23:11","0.26","4.11","12.85","Off","12.864634,77.675476",
"09-Sep-2026 19:23:58","0.26","4.11","12.87","Off","12.864634,77.675476",
"09-Sep-2026 20:23:58","0.26","4.11","12.92","Off","12.864634,77.675476",
"09-Sep-2026 20:23:58","0.27","4.11","12.92","Off","12.864633,77.675481",
"09-Sep-2026 20:24:11","0.27","4.11","12.92","Off","12.864633,77.675481",
"09-Sep-2026 20:25:11","2.7","4.11","12.89","Off","12.864591,77.675526",
"09-Sep-2026 20:26:11","0.48","4.11","12.87","Off","12.864569,77.675518",
"09-Sep-2026 20:27:11","0.92","4.11","12.85","Off","12.864639,77.675498",
"09-Sep-2026 20:27:58","0.92","4.11","12.85","Off","12.864639,77.675498",
"09-Sep-2026 20:40:44","0.92","4.11","12.92","Off","12.864639,77.675498",
"09-Sep-2026 20:40:44","0.36","4.11","12.92","Off","12.864645,77.675481",
"09-Sep-2026 20:41:02","0.36","4.11","12.92","Off","12.864645,77.675481",
"09-Sep-2026 20:41:02","0.36","4.11","12.92","Off","12.864645,77.675481",
"09-Sep-2026 20:41:11","1.33","4.11","12.85","Off","12.864661,77.675504",
"09-Sep-2026 20:41:41","2.03","4.11","13.76","On","12.864655,77.675499",
"09-Sep-2026 20:42:11","0.62","4.11","13.93","On","12.864617,77.67547",
"09-Sep-2026 20:42:41","10.47","4.11","13.76","On","12.86422,77.675411",
"09-Sep-2026 20:43:11","0.69","4.11","13.59","On","12.864111,77.67534",
"09-Sep-2026 20:43:41","0.32","4.11","13.35","Off","12.864114,77.67532",
"09-Sep-2026 20:44:11","0.35","4.11","12.97","Off","12.864121,77.675309",
"09-Sep-2026 20:44:41","1.13","4.11","12.7","Off","12.864119,77.675312",
"09-Sep-2026 20:44:43","1.13","4.11","12.68","Off","12.864119,77.675312",
"09-Sep-2026 20:45:41","0.09","4.11","12.53","Off","12.864114,77.675318",
"09-Sep-2026 20:46:11","0.99","4.11","12.48","Off","12.864111,77.675326",
"09-Sep-2026 20:47:11","0.12","4.11","12.48","Off","12.864111,77.67534",
"09-Sep-2026 20:48:04","0.12","4.11","12.46","On","12.864111,77.67534",
"09-Sep-2026 20:48:04","0.62","4.11","12.46","On","12.864114,77.675336",
"09-Sep-2026 20:48:11","0.42","4.11","12.72","On","12.864113,77.675334",
"09-Sep-2026 20:48:41","0.95","4.11","13.47","On","12.864127,77.675337",
"09-Sep-2026 20:49:04","11.81","4.11","13.47","On","12.864111,77.675029",
"09-Sep-2026 20:49:11","23.05","4.11","13.54","On","12.863932,77.675021",
"09-Sep-2026 20:49:29","9.24","4.11","13.54","On","12.863124,77.67487",
"09-Sep-2026 20:49:34","14.51","4.11","13.54","On","12.863008,77.674841",
"09-Sep-2026 20:49:41","13.92","4.11","13.57","On","12.862777,77.67472",
"09-Sep-2026 20:49:54","6.14","4.11","13.57","On","12.86251,77.674636",
"09-Sep-2026 20:49:59","10.19","4.11","13.57","On","12.862469,77.674689",
"09-Sep-2026 20:50:04","19.55","4.11","13.57","On","12.862361,77.675049",
"09-Sep-2026 20:50:11","11.9","4.11","13.57","On","12.862341,77.675205",
"09-Sep-2026 20:50:19","10.16","4.11","13.57","On","12.8623,77.675319",
"09-Sep-2026 20:50:24","27.62","4.11","13.57","On","12.861942,77.675308",
"09-Sep-2026 20:50:39","11.55","4.11","13.57","On","12.861497,77.675198",
"09-Sep-2026 20:50:41","13.35","4.11","13.59","On","12.861468,77.675093",
"09-Sep-2026 20:50:49","14.76","4.11","13.59","On","12.861285,77.674874",
"09-Sep-2026 20:51:11","9.89","4.11","13.59","On","12.860526,77.674692",
"09-Sep-2026 20:51:41","12.08","4.11","13.62","On","12.859739,77.674491",
"09-Sep-2026 20:52:11","9.04","4.11","13.54","On","12.858229,77.674213",
"09-Sep-2026 20:52:29","28.15","4.11","13.54","On","12.857169,77.673766",
"09-Sep-2026 20:52:34","20.36","4.11","13.54","On","12.856795,77.673711",
"09-Sep-2026 20:52:41","19.95","4.11","13.57","On","12.856651,77.673873",
"09-Sep-2026 20:52:54","20.37","4.11","13.57","On","12.855965,77.674167",
"09-Sep-2026 20:53:04","17.34","4.11","13.57","On","12.855719,77.674197",
"09-Sep-2026 20:53:11","18.66","4.11","13.54","On","12.855389,77.674372",
"09-Sep-2026 20:53:41","18.62","4.11","13.59","On","12.854533,77.674811",
"09-Sep-2026 20:53:49","25.37","4.11","13.59","On","12.8542,77.674983",
"09-Sep-2026 20:54:11","24.73","4.11","13.59","On","12.852884,77.67567",
"09-Sep-2026 20:54:41","15.08","4.11","13.59","On","12.851876,77.676188",
"09-Sep-2026 20:55:11","29.19","4.11","13.59","On","12.849517,77.67742",
"09-Sep-2026 20:55:24","1.67","4.11","13.59","On","12.849201,77.677566",
"09-Sep-2026 20:55:41","0.38","4.11","13.57","On","12.849187,77.677574",
"09-Sep-2026 20:56:09","13.36","4.11","13.57","On","12.848924,77.677702",
"09-Sep-2026 20:56:11","12.96","4.11","13.59","On","12.848808,77.677724",
"09-Sep-2026 20:56:14","12.96","4.11","13.59","On","12.848808,77.677724",
"09-Sep-2026 20:56:19","14.24","4.11","13.59","On","12.84872,77.677603",
"09-Sep-2026 20:56:41","21.31","4.11","13.62","On","12.848109,77.676216",
"09-Sep-2026 20:56:49","5.04","4.11","13.62","On","12.847967,77.675977",
"09-Sep-2026 20:57:04","14.09","4.11","13.62","On","12.847755,77.675514",
"09-Sep-2026 20:57:11","16.88","4.11","13.59","On","12.847577,77.675156",
"09-Sep-2026 20:57:41","30.08","4.11","13.69","On","12.846911,77.673813",
"09-Sep-2026 20:58:04","16.6","4.11","13.69","On","12.846067,77.672848",
"09-Sep-2026 20:58:09","23.63","4.11","13.69","On","12.845939,77.672904",
"09-Sep-2026 20:58:11","25.48","4.11","13.59","On","12.845742,77.673068",
"09-Sep-2026 20:58:29","24.49","4.11","13.59","On","12.845167,77.673702",
"09-Sep-2026 20:58:41","9.08","4.11","13.62","On","12.84485,77.674213",
"09-Sep-2026 20:58:44","10.3","4.11","13.62","On","12.844766,77.674258",
"09-Sep-2026 20:59:11","34.86","4.11","13.64","On","12.843438,77.674628",
"09-Sep-2026 20:59:19","37.35","4.11","13.64","On","12.843116,77.674863",
"09-Sep-2026 20:59:41","16.89","4.11","13.62","On","12.841855,77.675905",
"09-Sep-2026 21:00:11","6.06","4.11","13.62","On","12.840998,77.67652",
"09-Sep-2026 21:00:41","17.9","4.11","13.62","On","12.839973,77.677271",
"09-Sep-2026 21:01:11","14.3","4.11","13.57","On","12.838249,77.678494",
"09-Sep-2026 21:01:19","3.01","4.11","13.57","On","12.838112,77.678582",
"09-Sep-2026 21:01:41","13","4.11","13.59","On","12.837449,77.67885",
"09-Sep-2026 21:02:11","31.26","4.11","13.59","On","12.836139,77.679353",
"09-Sep-2026 21:02:41","48.06","4.11","13.62","On","12.832341,77.680678",
"09-Sep-2026 21:03:11","48.61","4.11","13.62","On","12.828708,77.681806",
"09-Sep-2026 21:03:34","36.6","4.11","13.62","On","12.82665,77.682674",
"09-Sep-2026 21:03:41","53.56","4.11","13.62","On","12.825892,77.683115",
"09-Sep-2026 21:04:11","58.82","4.11","13.59","On","12.823016,77.685382",
"09-Sep-2026 21:04:41","53.02","4.11","13.59","On","12.819828,77.688378",
"09-Sep-2026 21:05:11","58.02","4.11","13.59","On","12.816641,77.691025",
"09-Sep-2026 21:05:41","59.15","4.11","13.59","On","12.813681,77.693354",
"09-Sep-2026 21:06:11","58.77","4.11","13.59","On","12.810415,77.695959",
"09-Sep-2026 21:06:41","40.81","4.11","13.59","On","12.807601,77.698205",
"09-Sep-2026 21:07:11","22.97","4.11","13.54","On","12.806065,77.699518",
"09-Sep-2026 21:07:41","40.46","4.11","13.57","On","12.80422,77.701099",
"09-Sep-2026 21:07:49","36.45","4.11","13.57","On","12.803702,77.701686",
"09-Sep-2026 21:08:11","28.81","4.11","13.57","On","12.802887,77.703319",
"09-Sep-2026 21:08:14","27.11","4.11","13.57","On","12.802804,77.70359",
"09-Sep-2026 21:08:41","12.88","4.11","13.57","On","12.802574,77.70486",
"09-Sep-2026 21:08:54","5.84","4.11","13.57","On","12.802482,77.705187",
"09-Sep-2026 21:09:11","13.76","4.11","13.59","On","12.80208,77.705151",
"09-Sep-2026 21:09:41","4.28","4.11","13.62","On","12.800757,77.705423",
"09-Sep-2026 21:10:11","11.46","4.11","13.59","On","12.799695,77.705718",
"09-Sep-2026 21:10:41","17.01","4.11","13.62","On","12.798217,77.706185",
"09-Sep-2026 21:11:11","20.87","4.11","13.62","On","12.797143,77.706494",
"09-Sep-2026 21:11:41","26.43","4.11","13.62","On","12.795911,77.706661",
"09-Sep-2026 21:11:54","25.52","4.11","13.62","On","12.795165,77.706651",
"09-Sep-2026 21:12:11","21.59","4.11","13.62","On","12.794101,77.706437",
"09-Sep-2026 21:12:41","1.26","4.11","13.59","On","12.793063,77.706268",
"09-Sep-2026 21:12:54","3.52","4.11","13.59","On","12.793073,77.70627",
"09-Sep-2026 21:13:11","0.72","4.11","13.71","On","12.793043,77.706275",
"09-Sep-2026 21:13:41","0.83","4.11","13.62","On","12.793064,77.706229",
"09-Sep-2026 21:14:11","0.22","4.11","13.4","Off","12.793067,77.706207",
"09-Sep-2026 21:14:41","0.19","4.11","13.13","Off","12.793054,77.706206",
"09-Sep-2026 21:15:11","0.42","4.11","12.87","Off","12.793055,77.706221",
"09-Sep-2026 21:15:41","0.59","4.11","12.68","Off","12.79306,77.70623",
"09-Sep-2026 21:15:45","0.59","4.11","12.65","Off","12.79306,77.70623",
"09-Sep-2026 21:16:41","0.26","4.11","12.63","Off","12.793052,77.706242",
"09-Sep-2026 21:17:11","0.18","4.11","12.6","Off","12.793046,77.706222",
"09-Sep-2026 21:18:11","0.07","4.11","12.6","Off","12.793048,77.706201",
"09-Sep-2026 21:19:11","0.08","4.11","12.58","Off","12.793034,77.706219",
"09-Sep-2026 21:19:45","0.08","4.11","12.58","Off","12.793034,77.706219",
"09-Sep-2026 21:20:45","0.08","4.11","13.28","On","12.793034,77.706219",
"09-Sep-2026 21:20:45","0.25","4.11","13.28","On","12.793026,77.706221",
"09-Sep-2026 21:21:11","0.25","4.11","13.52","On","12.793026,77.706221",
"09-Sep-2026 21:21:41","1.43","4.11","13.52","On","12.793026,77.706221",
"09-Sep-2026 21:22:11","0.46","4.11","13.57","On","12.793083,77.706214",
"09-Sep-2026 21:22:39","10.3","4.11","13.57","On","12.792736,77.706165",
"09-Sep-2026 21:22:41","11.84","4.11","13.59","On","12.792625,77.706115",
"09-Sep-2026 21:22:44","11.84","4.11","13.59","On","12.792625,77.706115",
"09-Sep-2026 21:22:49","12.92","4.11","13.59","On","12.792496,77.705881",
"09-Sep-2026 21:23:11","0.83","4.11","13.62","On","12.792507,77.70501",
"09-Sep-2026 21:23:24","4.07","4.11","13.62","On","12.792509,77.70501",
"09-Sep-2026 21:23:41","24.29","4.11","13.59","On","12.792513,77.704885",
"09-Sep-2026 21:23:44","24.29","4.11","13.59","On","12.792513,77.704885",
"09-Sep-2026 21:24:11","31.11","4.11","13.62","On","12.792551,77.703097",
"09-Sep-2026 21:24:34","12.89","4.11","13.62","On","12.79254,77.701702",
"09-Sep-2026 21:24:39","16.39","4.11","13.62","On","12.792429,77.701676",
"09-Sep-2026 21:24:41","22.57","4.11","13.62","On","12.792224,77.701674",
"09-Sep-2026 21:25:11","23.31","4.11","13.66","On","12.791157,77.70163",
"09-Sep-2026 21:25:41","5.95","4.11","13.64","On","12.78981,77.701602",
"09-Sep-2026 21:26:11","39.99","4.11","13.64","On","12.788072,77.701556",
"09-Sep-2026 21:26:41","12.43","4.11","13.62","On","12.786712,77.701526",
"09-Sep-2026 21:27:11","11.73","4.11","13.62","On","12.785777,77.701454",
"09-Sep-2026 21:27:19","12.42","4.11","13.62","On","12.785635,77.701357",
"09-Sep-2026 21:27:41","8.67","4.11","13.64","On","12.785537,77.700215",
"09-Sep-2026 21:27:59","9.7","4.11","13.64","On","12.785578,77.699823",
"09-Sep-2026 21:28:11","3.01","4.11","13.62","On","12.785699,77.699835",
"09-Sep-2026 21:28:41","0.26","4.11","13.45","Off","12.785732,77.699833",
"09-Sep-2026 21:29:11","0.4","4.11","13.18","Off","12.785727,77.699834",
"09-Sep-2026 21:29:41","0.25","4.11","12.92","Off","12.785729,77.699833",
"09-Sep-2026 21:30:11","0.01","4.11","12.77","Off","12.785728,77.699832",
"09-Sep-2026 21:30:18","0.01","4.11","12.75","Off","12.785728,77.699832",
"09-Sep-2026 21:31:11","0.12","4.11","12.68","Off","12.785717,77.699825",
"09-Sep-2026 21:32:11","0.19","4.11","12.63","Off","12.785716,77.69983",
"09-Sep-2026 21:33:11","0.1","4.11","12.58","Off","12.785718,77.699823",
"09-Sep-2026 21:34:11","0.09","4.11","12.56","Off","12.78572,77.699823",
"09-Sep-2026 21:34:18","0.09","4.11","12.53","Off","12.78572,77.699823",
"09-Sep-2026 21:36:40","0.09","4.11","12.53","Off","12.78572,77.699823",
"09-Sep-2026 21:36:40","0.52","4.11","12.53","Off","12.78572,77.699824",
"09-Sep-2026 21:36:42","0.52","4.11","12.53","Off","12.78572,77.699824",
"09-Sep-2026 21:36:42","0.52","4.11","12.53","Off","12.78572,77.699824",
"09-Sep-2026 21:37:11","0.29","4.11","13.26","On","12.785645,77.699861",
"09-Sep-2026 21:37:41","2.09","4.11","13.5","On","12.785573,77.699802",
"09-Sep-2026 21:38:00","42.88","4.11","13.5","On","12.785561,77.700361",
"09-Sep-2026 21:38:10","24.53","4.11","13.5","On","12.785617,77.70105",
"09-Sep-2026 21:38:11","26.57","4.11","13.57","On","12.785645,77.701323",
"09-Sep-2026 21:38:15","26.57","4.11","13.57","On","12.785645,77.701323",
"09-Sep-2026 21:38:20","31.8","4.11","13.57","On","12.78608,77.701436",
"09-Sep-2026 21:38:35","23.88","4.11","13.57","On","12.786683,77.70147",
"09-Sep-2026 21:38:40","18.06","4.11","13.57","On","12.786971,77.701476",
"09-Sep-2026 21:38:41","18.06","4.11","13.62","On","12.786971,77.701476",
"09-Sep-2026 21:39:11","29.11","4.11","13.66","On","12.78893,77.701527",
"09-Sep-2026 21:39:25","19.28","4.11","13.66","On","12.78979,77.701539",
"09-Sep-2026 21:39:30","22.15","4.11","13.66","On","12.789945,77.70154",
"09-Sep-2026 21:39:35","17.37","4.11","13.66","On","12.790178,77.701563",
"09-Sep-2026 21:39:40","34.28","4.11","13.66","On","12.790581,77.701565",
"09-Sep-2026 21:39:41","34.28","4.11","13.64","On","12.790581,77.701565",
"09-Sep-2026 21:39:50","26.68","4.11","13.64","On","12.791299,77.701586",
"09-Sep-2026 21:40:05","24.45","4.11","13.64","On","12.792236,77.701525",
"09-Sep-2026 21:40:10","5.21","4.11","13.64","On","12.792365,77.701544",
"09-Sep-2026 21:40:11","13.6","4.11","13.64","On","12.792485,77.701564",
"09-Sep-2026 21:40:15","13.6","4.11","13.64","On","12.792485,77.701564",
"09-Sep-2026 21:40:20","39.75","4.11","13.64","On","12.792661,77.701976",
"09-Sep-2026 21:40:41","11.59","4.11","13.64","On","12.79264,77.703859",
"09-Sep-2026 21:41:11","11.58","4.11","13.69","On","12.792681,77.70603",
"09-Sep-2026 21:41:15","11.58","4.11","13.69","On","12.792681,77.70603",
"09-Sep-2026 21:41:20","23.92","4.11","13.69","On","12.793062,77.706128",
"09-Sep-2026 21:41:41","25.68","4.11","13.83","On","12.794404,77.706403",
"09-Sep-2026 21:42:00","33.42","4.11","13.83","On","12.79571,77.706592",
"09-Sep-2026 21:42:11","25.88","4.11","13.66","On","12.796382,77.706533",
"09-Sep-2026 21:42:35","4.75","4.11","13.66","On","12.797705,77.706255",
"09-Sep-2026 21:42:40","40.7","4.11","13.66","On","12.798102,77.70614",
"09-Sep-2026 21:42:41","40.7","4.11","13.64","On","12.798102,77.70614",
"09-Sep-2026 21:43:11","8.38","4.11","13.66","On","12.800452,77.70541",
"09-Sep-2026 21:43:40","8.4","4.11","13.66","On","12.802033,77.70485",
"09-Sep-2026 21:43:41","8.4","4.11","13.69","On","12.802033,77.70485",
"09-Sep-2026 21:44:11","0.98","4.11","13.64","On","12.802237,77.704642",
"09-Sep-2026 21:44:30","14.77","4.11","13.64","On","12.802286,77.704484",
"09-Sep-2026 21:44:41","27.46","4.11","13.64","On","12.802417,77.703894",
"09-Sep-2026 21:45:11","31.49","4.11","13.66","On","12.803187,77.701802",
"09-Sep-2026 21:45:20","30.84","4.11","13.66","On","12.803863,77.701",
"09-Sep-2026 21:45:41","32.63","4.11","13.66","On","12.805359,77.699847",
"09-Sep-2026 21:46:11","37.93","4.11","13.69","On","12.807236,77.698355",
"09-Sep-2026 21:46:41","41.9","4.11","13.66","On","12.809753,77.696323",
"09-Sep-2026 21:47:11","47.37","4.11","13.64","On","12.812422,77.694196",
"09-Sep-2026 21:47:41","39.96","4.11","13.62","On","12.814959,77.692162",
"09-Sep-2026 21:48:11","46.83","4.11","13.62","On","12.817169,77.690403",
"09-Sep-2026 21:48:41","57.94","4.11","13.62","On","12.820538,77.687547",
"09-Sep-2026 21:49:11","40.81","4.11","13.62","On","12.822883,77.685355",
"09-Sep-2026 21:49:41","48.17","4.11","13.64","On","12.825977,77.682907",
"09-Sep-2026 21:50:00","50.54","4.11","13.64","On","12.827839,77.681979",
"09-Sep-2026 21:50:11","51.47","4.11","13.62","On","12.829252,77.681508",
"09-Sep-2026 21:50:41","39.71","4.11","13.62","On","12.832531,77.680462",
"09-Sep-2026 21:51:11","59.34","4.11","13.62","On","12.835901,77.679287",
"09-Sep-2026 21:51:41","24.9","4.11","13.57","On","12.839563,77.677157",
"09-Sep-2026 21:51:55","1.12","4.11","13.57","On","12.839799,77.677013",
"09-Sep-2026 21:52:11","3.06","4.11","13.52","On","12.839839,77.677017",
"09-Sep-2026 21:52:40","11.69","4.11","13.52","On","12.839923,77.677114",
"09-Sep-2026 21:52:41","33.54","4.11","13.57","On","12.839733,77.677258",
"09-Sep-2026 21:53:10","2.92","4.11","13.57","On","12.838084,77.678551",
"09-Sep-2026 21:53:11","2.92","4.11","13.59","On","12.838084,77.678551",
"09-Sep-2026 21:53:25","33.44","4.11","13.59","On","12.838325,77.678446",
"09-Sep-2026 21:53:41","26.92","4.11","13.62","On","12.839098,77.677888",
"09-Sep-2026 21:54:05","19.04","4.11","13.62","On","12.84013,77.677273",
"09-Sep-2026 21:54:11","31.22","4.11","13.62","On","12.84028,77.677468",
"09-Sep-2026 21:54:41","34.98","4.11","13.62","On","12.84142,77.679109",
"09-Sep-2026 21:55:10","15","4.11","13.62","On","12.842448,77.680853",
"09-Sep-2026 21:55:11","15","4.11","13.64","On","12.842448,77.680853",
"09-Sep-2026 21:55:35","6.53","4.11","13.64","On","12.841829,77.681358",
"09-Sep-2026 21:55:40","10.07","4.11","13.64","On","12.841828,77.681415",
"09-Sep-2026 21:55:41","12.65","4.11","13.62","On","12.841912,77.681522",
"09-Sep-2026 21:56:05","10.66","4.11","13.62","On","12.842754,77.682703",
"09-Sep-2026 21:56:10","10.5","4.11","13.62","On","12.842697,77.682776",
"09-Sep-2026 21:56:11","10.5","4.11","13.59","On","12.842697,77.682776",
"09-Sep-2026 21:56:35","2.61","4.11","13.59","On","12.84234,77.683137",
"09-Sep-2026 21:56:41","2.06","4.11","13.64","On","12.842334,77.683143",
"09-Sep-2026 21:57:11","2.01","4.11","13.62","On","12.842343,77.683133",
"09-Sep-2026 21:57:41","1.47","4.11","13.71","On","12.842283,77.683178",
"09-Sep-2026 21:58:11","1.03","4.11","13.95","Off","12.842205,77.683156",
"09-Sep-2026 21:58:41","0.89","4.11","13.66","Off","12.842161,77.68314",
"09-Sep-2026 21:59:11","0.89","4.11","13.62","Off","12.842161,77.68314",
"09-Sep-2026 21:59:35","0.89","4.11","13.59","On","12.842161,77.68314",
"09-Sep-2026 21:59:35","1.52","4.11","13.59","On","12.842133,77.683149",
"09-Sep-2026 21:59:41","1.85","4.11","13.64","On","12.842138,77.683145",
"09-Sep-2026 22:00:11","1.88","4.11","13.95","On","12.842129,77.683176",
"09-Sep-2026 22:00:41","0.93","4.11","13.66","Off","12.842148,77.683122",
"09-Sep-2026 22:01:11","3.26","4.11","13.42","Off","12.842162,77.683162",
"09-Sep-2026 22:01:23","3.26","4.11","13.28","Off","12.842162,77.683162",
"09-Sep-2026 22:02:11","2.8","4.11","13.42","Off","12.842149,77.683209",
"09-Sep-2026 22:03:11","2.16","4.11","13.81","Off","12.842161,77.683231",
"09-Sep-2026 22:04:11","0.47","4.11","13.93","Off","12.842131,77.683243",
"09-Sep-2026 22:05:11","0.99","4.11","13.95","Off","12.842167,77.683197",
"09-Sep-2026 22:05:23","0.99","4.11","13.98","Off","12.842167,77.683197",
"09-Sep-2026 22:12:05","0.99","4.11","14.05","Off","12.842167,77.683197",
"09-Sep-2026 22:12:05","1.71","4.11","14.05","Off","12.842153,77.683211",
"09-Sep-2026 22:12:07","1.71","4.11","14.05","Off","12.842153,77.683211",
"09-Sep-2026 22:12:07","1.71","4.11","14.05","Off","12.842153,77.683211",
"09-Sep-2026 22:12:11","1.71","4.11","14.05","Off","12.842153,77.683211",
"09-Sep-2026 22:12:41","0","4.11","13.98","Off","12.842119,77.683042",
"09-Sep-2026 22:13:11","0","4.11","13.95","Off","12.842054,77.683112",
"09-Sep-2026 22:13:41","0","4.11","13.98","Off","12.842274,77.683298",
"09-Sep-2026 22:13:51","0","4.11","13.98","Off","12.842274,77.683298",
"09-Sep-2026 22:14:41","0","4.11","14","Off","12.842316,77.683201",
"09-Sep-2026 22:16:11","0","4.11","14","Off","12.842024,77.683263",
"09-Sep-2026 22:17:11","0","4.11","13.93","Off","12.842002,77.683331",
"09-Sep-2026 22:17:51","0","4.11","13.95","Off","12.842002,77.683331",
"09-Sep-2026 22:22:39","0","4.11","14.05","Off","12.842002,77.683331",
"09-Sep-2026 22:23:11","0","4.11","14.03","Off","12.842067,77.683248",
"09-Sep-2026 22:23:56","0","4.11","14","Off","12.842067,77.683248",
"09-Sep-2026 22:23:56","0","4.11","14","Off","12.84199,77.683241",
"09-Sep-2026 22:24:11","0","4.11","13.98","Off","12.842011,77.683212",
"09-Sep-2026 22:24:41","0","4.11","14","Off","12.842013,77.683192",
"09-Sep-2026 22:26:11","0","4.11","14","Off","12.842181,77.683219",
"09-Sep-2026 22:27:11","0","4.11","13.93","Off","12.842185,77.683267",
"09-Sep-2026 22:28:11","0","4.11","13.95","Off","12.842072,77.683379",
"09-Sep-2026 22:29:11","0","4.11","14","Off","12.842074,77.683364",
"09-Sep-2026 22:29:29","0","4.11","13.98","Off","12.842074,77.683364",
"09-Sep-2026 22:54:13","0","4.11","14.03","Off","12.842074,77.683364",
"09-Sep-2026 22:55:11","0","4.11","14","Off","12.842067,77.683401",
"09-Sep-2026 22:55:44","0","4.11","14","Off","12.842067,77.683401",
"09-Sep-2026 22:55:44","0","4.11","14","Off","12.842062,77.683423",
"09-Sep-2026 22:56:11","0","4.11","13.98","Off","12.842145,77.68335",
"09-Sep-2026 22:56:41","0","4.11","13.98","Off","12.84215,77.683265",
"09-Sep-2026 22:57:11","0","4.11","13.98","Off","12.842196,77.683281",
"09-Sep-2026 22:57:18","0","4.11","13.98","Off","12.842196,77.683281",
"09-Sep-2026 22:58:11","0","4.11","13.98","Off","12.842234,77.683256",
"09-Sep-2026 22:59:11","0","4.11","13.95","Off","12.842131,77.683258",
"09-Sep-2026 22:59:53","0","4.11","13.93","Off","12.842131,77.683258",
"09-Sep-2026 22:59:53","0","4.11","13.93","Off","12.842047,77.683313",
"09-Sep-2026 23:00:11","0","4.11","13.93","Off","12.842031,77.683338",
"09-Sep-2026 23:00:41","0","4.11","13.95","Off","12.842068,77.68332",
"09-Sep-2026 23:01:11","0","4.11","13.98","Off","12.841915,77.683377",
"09-Sep-2026 23:01:29","0","4.11","13.98","Off","12.841915,77.683377",
"09-Sep-2026 23:02:11","0","4.11","13.98","Off","12.842175,77.683189",
"09-Sep-2026 23:03:11","0","4.11","13.98","Off","12.842054,77.683297",
"09-Sep-2026 23:04:11","0","4.11","13.98","Off","12.842469,77.683084",
"09-Sep-2026 23:04:51","0","4.11","13.76","On","12.842469,77.683084",
"09-Sep-2026 23:04:51","5.26","4.11","13.76","On","12.842103,77.683378",
"09-Sep-2026 23:05:11","3.47","4.11","13.91","On","12.841993,77.683392",
"09-Sep-2026 23:05:41","3.42","4.11","13.95","On","12.842021,77.683441",
"09-Sep-2026 23:06:41","8.59","4.11","13.69","On","12.842258,77.683179",
"09-Sep-2026 23:07:11","4.54","4.11","13.66","On","12.842702,77.68284",
"09-Sep-2026 23:07:41","4.24","4.11","13.66","On","12.842516,77.682451",
"09-Sep-2026 23:08:11","0.28","4.11","13.62","On","12.842432,77.682321",
"09-Sep-2026 23:08:41","0.62","4.11","13.64","On","12.842428,77.682294",
"09-Sep-2026 23:09:11","20.19","4.11","13.64","On","12.842316,77.682153",
"09-Sep-2026 23:09:12","20.19","4.11","13.64","On","12.842316,77.682153",
"09-Sep-2026 23:09:27","3.93","4.11","13.64","On","12.841857,77.681553",
"09-Sep-2026 23:09:41","13.68","4.11","13.64","On","12.841898,77.681241",
"09-Sep-2026 23:09:42","13.68","4.11","13.64","On","12.841898,77.681241",
"09-Sep-2026 23:09:57","13.94","4.11","13.64","On","12.842391,77.680729",
"09-Sep-2026 23:10:11","35.89","4.11","13.62","On","12.841905,77.679942",
"09-Sep-2026 23:10:41","6.49","4.11","13.64","On","12.84069,77.678068",
"09-Sep-2026 23:11:11","8.32","4.11","13.62","On","12.840173,77.677236",
"09-Sep-2026 23:11:17","4.94","4.11","13.62","On","12.840051,77.677189",
"09-Sep-2026 23:11:41","20.29","4.11","13.64","On","12.839146,77.677884",
"09-Sep-2026 23:12:11","22.51","4.11","13.59","On","12.837964,77.67862",
"09-Sep-2026 23:12:41","58.41","4.11","13.59","On","12.83405,77.680084",
"09-Sep-2026 23:13:11","57.34","4.11","13.66","On","12.830119,77.681327",
"09-Sep-2026 23:13:41","59.07","4.11","13.64","On","12.825892,77.683047",
"09-Sep-2026 23:14:02","31.49","4.11","13.64","On","12.823927,77.684519",
"09-Sep-2026 23:14:11","49.87","4.11","13.62","On","12.823367,77.685018",
"09-Sep-2026 23:14:41","55.23","4.11","13.62","On","12.819923,77.688243",
"09-Sep-2026 23:15:11","50.85","4.11","13.64","On","12.817512,77.690274",
"09-Sep-2026 23:15:41","13.1","4.11","13.62","On","12.814505,77.692707",
"09-Sep-2026 23:16:11","58.24","4.11","13.64","On","12.812768,77.694155",
"09-Sep-2026 23:16:41","43.85","4.11","13.59","On","12.809423,77.696801",
"09-Sep-2026 23:17:11","36.14","4.11","13.57","On","12.80776,77.698108",
"09-Sep-2026 23:17:41","43.82","4.11","13.57","On","12.804894,77.700433",
"09-Sep-2026 23:18:11","42.18","4.11","13.59","On","12.803026,77.702944",
"09-Sep-2026 23:18:12","42.18","4.11","13.59","On","12.803026,77.702944",
"09-Sep-2026 23:18:41","20.04","4.11","13.57","On","12.802667,77.704708",
"09-Sep-2026 23:18:52","11.68","4.11","13.57","On","12.802476,77.705148",
"09-Sep-2026 23:19:11","17.65","4.11","13.57","On","12.80164,77.705176",
"09-Sep-2026 23:19:17","35.73","4.11","13.57","On","12.801367,77.705238",
"09-Sep-2026 23:19:41","35.62","4.11","13.54","On","12.79953,77.70578",
"09-Sep-2026 23:20:11","24.1","4.11","13.59","On","12.797497,77.706412",
"09-Sep-2026 23:20:41","38.15","4.11","13.57","On","12.795626,77.706682",
"09-Sep-2026 23:20:42","33.59","4.11","13.57","On","12.795268,77.70667",
"09-Sep-2026 23:21:11","13.52","4.11","13.62","On","12.792897,77.706209",
"09-Sep-2026 23:21:41","23.39","4.11","13.59","On","12.792052,77.706008",
"09-Sep-2026 23:22:11","36.27","4.11","13.57","On","12.790051,77.705603",
"09-Sep-2026 23:22:17","38.78","4.11","13.57","On","12.789704,77.705463",
"09-Sep-2026 23:22:41","21.37","4.11","13.57","On","12.788198,77.704052",
"09-Sep-2026 23:23:07","30.94","4.11","13.57","On","12.787057,77.70336",
"09-Sep-2026 23:23:11","25.18","4.11","13.59","On","12.786796,77.703311",
"09-Sep-2026 23:23:41","4.6","4.11","13.57","On","12.785263,77.703169",
"09-Sep-2026 23:23:47","4.56","4.11","13.57","On","12.785262,77.703116",
"09-Sep-2026 23:24:11","12.74","4.11","13.66","On","12.786353,77.703195",
"09-Sep-2026 23:24:12","12.74","4.11","13.66","On","12.786353,77.703195",
"09-Sep-2026 23:24:17","5.6","4.11","13.66","On","12.786442,77.70318",
"09-Sep-2026 23:24:41","9.72","4.11","13.62","On","12.786302,77.702858",
"09-Sep-2026 23:24:52","12.61","4.11","13.62","On","12.786173,77.702631",
"09-Sep-2026 23:25:11","9.92","4.11","13.59","On","12.785772,77.702059",
"09-Sep-2026 23:25:22","10.56","4.11","13.59","On","12.785698,77.70184",
"09-Sep-2026 23:25:41","31.4","4.11","13.59","On","12.785533,77.700115",
"09-Sep-2026 23:25:47","7.89","4.11","13.59","On","12.785544,77.699839",
"09-Sep-2026 23:26:11","3.09","4.11","13.59","On","12.785734,77.699847",
"09-Sep-2026 23:26:41","0.6","4.11","13.59","On","12.785749,77.699847",
"09-Sep-2026 23:27:11","0.32","4.11","13.54","Off","12.785747,77.699848",
"09-Sep-2026 23:27:41","0.33","4.11","13.45","Off","12.785736,77.699842",
"09-Sep-2026 23:28:11","0.26","4.11","13.42","Off","12.785732,77.699851",
"09-Sep-2026 23:28:41","0.15","4.11","13.4","Off","12.785732,77.699847",
"09-Sep-2026 23:28:55","0.15","4.11","13.4","Off","12.785732,77.699847",
"09-Sep-2026 23:29:41","0.37","4.11","13.4","Off","12.78574,77.69983",
"09-Sep-2026 23:30:11","0.16","4.11","13.38","Off","12.785732,77.699829",
"09-Sep-2026 23:31:11","0.09","4.11","13.38","Off","12.785731,77.699821",
"09-Sep-2026 23:32:11","0.15","4.11","13.33","Off","12.78573,77.699825",
"09-Sep-2026 23:32:55","0.15","4.11","13.3","Off","12.78573,77.699825",
"09-Sep-2026 23:38:44","0.15","4.11","13.26","On","12.78573,77.699825",
"09-Sep-2026 23:38:44","0.15","4.11","13.26","On","12.78573,77.699825",
"09-Sep-2026 23:39:11","2.83","4.11","13.76","On","12.785744,77.699788",
"09-Sep-2026 23:39:41","2.22","4.11","13.88","On","12.785552,77.699839",
"09-Sep-2026 23:40:11","0.37","4.11","13.88","On","12.785549,77.699851",
"09-Sep-2026 23:40:41","0.67","4.11","13.54","Off","12.785552,77.699857",
"09-Sep-2026 23:41:11","0.44","4.11","13.5","Off","12.785555,77.699868",
"09-Sep-2026 23:41:41","0.07","4.11","13.42","Off","12.78555,77.699875",
"09-Sep-2026 23:41:46","0.07","4.11","13.42","Off","12.78555,77.699875",
"09-Sep-2026 23:42:41","0.04","4.11","13.45","Off","12.785547,77.699874",
"09-Sep-2026 23:43:11","0.04","4.11","13.42","Off","12.785542,77.699879",
"09-Sep-2026 23:44:11","0.08","4.11","13.38","Off","12.785538,77.699879",
"09-Sep-2026 23:45:11","0.27","4.11","13.35","Off","12.785542,77.699881",
"09-Sep-2026 23:45:46","0.27","4.11","13.33","Off","12.785542,77.699881",
"10-Sep-2026 00:45:46","0.27","4.11","12.99","Off","12.785542,77.699881",
"10-Sep-2026 00:45:46","0.29","4.11","12.99","Off","12.785543,77.699882",
"10-Sep-2026 00:46:11","0.29","4.11","12.97","Off","12.785543,77.699882",
"10-Sep-2026 00:47:11","0.65","4.11","12.94","Off","12.785553,77.699872",
"10-Sep-2026 00:48:11","0.37","4.11","12.89","Off","12.785564,77.699889",
"10-Sep-2026 00:49:11","0.1","4.11","12.89","Off","12.785588,77.699885",
"10-Sep-2026 00:49:46","0.1","4.11","12.89","Off","12.785588,77.699885",
"10-Sep-2026 01:49:46","0.1","4.11","12.92","Off","12.785588,77.699885",
"10-Sep-2026 01:49:46","0.21","4.11","12.92","Off","12.785588,77.699903",
"10-Sep-2026 01:50:11","0.21","4.11","12.89","Off","12.785588,77.699903",
"10-Sep-2026 01:51:11","0.2","4.11","12.87","Off","12.785536,77.69987",
"10-Sep-2026 01:52:11","0.05","4.11","12.85","Off","12.785536,77.699854",
"10-Sep-2026 01:53:11","0.28","4.11","12.85","Off","12.785533,77.699837",
"10-Sep-2026 01:53:46","0.28","4.11","12.82","Off","12.785533,77.699837",
"10-Sep-2026 02:53:46","0.28","4.11","12.94","Off","12.785533,77.699837",
"10-Sep-2026 02:53:46","0.55","4.11","12.94","Off","12.785536,77.69985",
"10-Sep-2026 02:54:11","0.55","4.11","12.89","Off","12.785536,77.69985",
"10-Sep-2026 02:55:11","0.2","4.11","12.87","Off","12.78554,77.699848",
"10-Sep-2026 02:56:11","0.18","4.11","12.85","Off","12.785537,77.69986",
"10-Sep-2026 02:57:11","0.35","4.11","12.82","Off","12.785536,77.699839",
"10-Sep-2026 02:57:46","0.35","4.11","12.82","Off","12.785536,77.699839",
"10-Sep-2026 03:57:46","0.35","4.11","12.94","Off","12.785536,77.699839",
"10-Sep-2026 03:57:46","0.6","4.11","12.94","Off","12.785531,77.699861",
"10-Sep-2026 03:58:11","0.6","4.11","12.89","Off","12.785531,77.699861",
"10-Sep-2026 03:59:11","1.16","4.11","12.85","Off","12.78553,77.699904",
"10-Sep-2026 04:00:11","0.59","4.11","12.8","Off","12.78553,77.699868",
"10-Sep-2026 04:01:11","0.36","4.11","12.8","Off","12.785526,77.699883",
"10-Sep-2026 04:01:46","0.36","4.11","12.8","Off","12.785526,77.699883",
"10-Sep-2026 05:01:46","0.36","4.11","12.77","Off","12.785526,77.699883",
"10-Sep-2026 05:01:46","0.21","4.11","12.77","Off","12.785522,77.699884",
"10-Sep-2026 05:02:11","0.21","4.11","12.75","Off","12.785522,77.699884",
"10-Sep-2026 05:03:11","0.47","4.11","12.72","Off","12.785545,77.699866",
"10-Sep-2026 05:04:11","1.36","4.11","12.68","Off","12.785543,77.699829",
"10-Sep-2026 05:05:11","0.5","4.11","12.68","Off","12.785524,77.699832",
"10-Sep-2026 05:05:46","0.5","4.11","12.68","Off","12.785524,77.699832",
"10-Sep-2026 06:05:46","0.5","4.11","12.75","Off","12.785524,77.699832",
"10-Sep-2026 06:05:46","0.13","4.11","12.75","Off","12.785548,77.699848",
"10-Sep-2026 06:06:11","0.13","4.11","12.72","Off","12.785548,77.699848",
"10-Sep-2026 06:07:11","0.77","4.11","12.68","Off","12.785548,77.699888",
"10-Sep-2026 06:08:11","0.51","4.11","12.65","Off","12.785555,77.699867",
"10-Sep-2026 06:09:11","0.8","4.11","12.65","Off","12.785562,77.699867",
"10-Sep-2026 06:09:46","0.8","4.11","12.65","Off","12.785562,77.699867",
"10-Sep-2026 07:09:46","0.8","4.11","12.68","Off","12.785562,77.699867",
"10-Sep-2026 07:09:46","0.49","4.11","12.68","Off","12.785564,77.699877",
"10-Sep-2026 07:10:11","0.49","4.11","12.68","Off","12.785564,77.699877",
"10-Sep-2026 07:11:11","0.22","4.11","12.65","Off","12.785562,77.69987",
"10-Sep-2026 07:12:11","0.36","4.11","12.63","Off","12.785532,77.699887",
"10-Sep-2026 07:13:11","0.49","4.11","12.6","Off","12.785537,77.699879",
"10-Sep-2026 07:13:46","0.49","4.11","12.58","Off","12.785537,77.699879",
"10-Sep-2026 07:42:30","0.49","4.11","12.72","Off","12.785537,77.699879",
"10-Sep-2026 07:42:30","0.26","4.11","12.72","Off","12.785541,77.699889",
"10-Sep-2026 07:43:11","0.33","4.11","12.68","Off","12.785564,77.699865",
"10-Sep-2026 07:44:06","0.36","4.11","12.63","Off","12.785557,77.699852",
"10-Sep-2026 07:45:05","0.36","4.11","12.63","Off","12.785557,77.699852",
"10-Sep-2026 07:45:05","0.57","4.11","12.63","Off","12.785554,77.699862",
"10-Sep-2026 07:45:06","0.57","4.11","12.6","Off","12.785554,77.699862",
"10-Sep-2026 07:45:35","18.04","4.11","12.6","Off","12.785513,77.699965",
"10-Sep-2026 07:45:36","19.39","4.11","13.71","On","12.785529,77.700127",
"10-Sep-2026 07:46:06","11.57","4.11","13.91","On","12.7857,77.701856",
"10-Sep-2026 07:46:10","23.01","4.11","13.91","On","12.785804,77.702057",
"10-Sep-2026 07:46:15","19.47","4.11","13.91","On","12.785965,77.702259",
"10-Sep-2026 07:46:25","11.42","4.11","13.91","On","12.786324,77.702799",
"10-Sep-2026 07:46:30","22.04","4.11","13.91","On","12.786357,77.702964",
"10-Sep-2026 07:46:36","8.63","4.11","13.95","On","12.786491,77.703181",
"10-Sep-2026 07:46:40","20.09","4.11","13.95","On","12.786611,77.7032",
"10-Sep-2026 07:47:00","35.34","4.11","13.95","On","12.787818,77.703625",
"10-Sep-2026 07:47:06","30.28","4.11","13.95","On","12.788084,77.703832",
"10-Sep-2026 07:47:30","45.32","4.11","13.95","On","12.790078,77.705486",
"10-Sep-2026 07:47:36","44.15","4.11","13.98","On","12.790562,77.705572",
"10-Sep-2026 07:48:06","36.51","4.11","13.98","On","12.793047,77.706119",
"10-Sep-2026 07:48:35","6.24","4.11","13.98","On","12.795405,77.706595",
"10-Sep-2026 07:48:36","6.24","4.11","13.95","On","12.795405,77.706595",
"10-Sep-2026 07:48:55","35.36","4.11","13.95","On","12.796755,77.706468",
"10-Sep-2026 07:49:00","20.43","4.11","13.95","On","12.797256,77.706383",
"10-Sep-2026 07:49:06","17.84","4.11","13.98","On","12.797448,77.706327",
"10-Sep-2026 07:49:36","31.67","4.11","13.98","On","12.798901,77.705861",
"10-Sep-2026 07:50:06","13.51","4.11","14","On","12.800501,77.705326",
"10-Sep-2026 07:50:35","18.66","4.11","14","On","12.802053,77.704854",
"10-Sep-2026 07:50:36","18.66","4.11","14","On","12.802053,77.704854",
"10-Sep-2026 07:50:45","14.53","4.11","14","On","12.802217,77.70442",
"10-Sep-2026 07:51:06","39.71","4.11","13.95","On","12.802485,77.703429",
"10-Sep-2026 07:51:25","47.23","4.11","13.95","On","12.803432,77.701374",
"10-Sep-2026 07:51:36","42.25","4.11","13.95","On","12.804133,77.700775",
"10-Sep-2026 07:52:00","17.81","4.11","13.95","On","12.805706,77.699532",
"10-Sep-2026 07:52:06","32.1","4.11","13.98","On","12.806042,77.699269",
"10-Sep-2026 07:52:36","42.74","4.11","13.98","On","12.808136,77.697616",
"10-Sep-2026 07:53:06","37.34","4.11","13.98","On","12.810968,77.695343",
"10-Sep-2026 07:53:36","38.06","4.11","13.98","On","12.813225,77.693463",
"10-Sep-2026 07:54:06","1.85","4.11","13.95","On","12.815067,77.692016",
"10-Sep-2026 07:54:20","1.72","4.11","13.95","On","12.81506,77.692034",
"10-Sep-2026 07:54:36","5.22","4.11","13.69","On","12.81495,77.692115",
"10-Sep-2026 07:55:06","1.62","4.11","13.62","On","12.814712,77.692271",
"10-Sep-2026 07:55:15","20.16","4.11","13.62","On","12.814783,77.692161",
"10-Sep-2026 07:55:36","17.9","4.11","13.91","On","12.815454,77.691603",
"10-Sep-2026 07:56:06","32.21","4.11","13.98","On","12.817066,77.690157",
"10-Sep-2026 07:56:36","10.32","4.11","13.98","On","12.818505,77.689014",
"10-Sep-2026 07:56:40","4.95","4.11","13.98","On","12.81858,77.688943",
"10-Sep-2026 07:57:06","2.23","4.11","13.93","On","12.818655,77.688857",
"10-Sep-2026 07:57:36","23.44","4.11","13.98","On","12.8179,77.688035",
"10-Sep-2026 07:57:40","30.23","4.11","13.98","On","12.817736,77.687828",
"10-Sep-2026 07:58:06","32.91","4.11","13.98","On","12.81629,77.686182",
"10-Sep-2026 07:58:36","8.27","4.11","13.98","On","12.815227,77.685001",
"10-Sep-2026 07:59:06","12.34","4.11","13.98","On","12.8145,77.68418",
"10-Sep-2026 07:59:36","33.93","4.11","13.95","On","12.813731,77.683349",
"10-Sep-2026 07:59:50","7.86","4.11","13.95","On","12.813019,77.682568",
"10-Sep-2026 08:00:06","27.72","4.11","13.98","On","12.812536,77.683009",
"10-Sep-2026 08:00:36","24.31","4.11","13.98","On","12.811261,77.684206",
"10-Sep-2026 08:01:06","28.97","4.11","13.95","On","12.809553,77.685847",
"10-Sep-2026 08:01:36","4.37","4.11","13.98","On","12.808614,77.686851",
"10-Sep-2026 08:02:06","0.53","4.11","14","On","12.808489,77.686953",
"10-Sep-2026 08:02:36","0.5","4.11","13.98","On","12.808472,77.686946",
"10-Sep-2026 08:03:06","1.01","4.11","13.88","Off","12.808507,77.68696",
"10-Sep-2026 08:03:36","2.43","4.11","13.69","Off","12.808419,77.686904",
"10-Sep-2026 08:04:06","2.11","4.11","13.59","Off","12.808388,77.686881",
"10-Sep-2026 08:04:13","2.11","4.11","13.57","Off","12.808388,77.686881",
"10-Sep-2026 08:05:06","0.12","4.11","13.54","Off","12.808364,77.686861",
"10-Sep-2026 08:06:06","0.51","4.11","13.47","Off","12.808309,77.686845",
"10-Sep-2026 08:07:06","1.3","4.11","13.38","Off","12.808248,77.686779",
"10-Sep-2026 08:08:06","2.02","4.11","13.33","Off","12.808248,77.686798",
"10-Sep-2026 08:08:13","2.02","4.11","13.33","Off","12.808248,77.686798",
"10-Sep-2026 08:23:38","2.02","4.11","13.23","Off","12.808248,77.686798",
"10-Sep-2026 08:23:38","2.44","4.11","13.23","Off","12.808259,77.686805",
"10-Sep-2026 08:25:06","0.24","4.11","13.18","Off","12.808448,77.686872",
"10-Sep-2026 08:26:06","3.49","4.11","13.16","Off","12.808475,77.686851",
"10-Sep-2026 08:27:06","1.7","4.11","13.11","Off","12.808471,77.686867",
"10-Sep-2026 08:27:38","1.7","4.11","13.11","Off","12.808471,77.686867",
"10-Sep-2026 08:35:25","1.7","4.11","13.18","Off","12.808471,77.686867",
"10-Sep-2026 08:35:25","0.24","4.11","13.18","Off","12.808459,77.68688",
"10-Sep-2026 08:35:27","0.24","4.11","13.16","Off","12.808459,77.68688",
"10-Sep-2026 08:35:36","0.24","4.11","13.13","Off","12.808459,77.68688",
"10-Sep-2026 08:36:36","1.75","4.11","13.16","Off","12.808379,77.686896",
"10-Sep-2026 08:37:06","3.39","4.11","13.11","Off","12.808271,77.686796",
"10-Sep-2026 08:37:36","6.85","4.11","13.66","On","12.808229,77.68678",
"10-Sep-2026 08:38:06","0.28","4.11","13.35","Off","12.808395,77.68685",
"10-Sep-2026 08:38:36","0.31","4.11","13.18","Off","12.808464,77.686911",
"10-Sep-2026 08:39:06","0.44","4.11","13.13","Off","12.808468,77.686914",
"10-Sep-2026 08:39:24","0.44","4.11","13.16","Off","12.808468,77.686914",
"10-Sep-2026 08:40:06","0.35","4.11","13.13","Off","12.808473,77.686908",
"10-Sep-2026 08:41:06","0.42","4.11","13.13","Off","12.808455,77.686915",
"10-Sep-2026 08:42:06","0.57","4.11","13.11","Off","12.808448,77.686911",
"10-Sep-2026 08:42:53","0.57","4.11","13.09","Off","12.808448,77.686911",
"10-Sep-2026 08:42:53","0.9","4.11","13.09","Off","12.808459,77.686937",
"10-Sep-2026 08:43:06","0.33","4.11","13.06","Off","12.808445,77.686939",
"10-Sep-2026 08:43:36","0.29","4.11","12.97","Off","12.808455,77.68695",
"10-Sep-2026 08:43:53","0.29","4.11","12.99","Off","12.808455,77.68695",
"10-Sep-2026 08:44:20","0.29","4.11","12.99","Off","12.808455,77.68695",
"10-Sep-2026 08:44:20","0.18","4.11","12.99","Off","12.808482,77.68695",
"10-Sep-2026 08:44:36","1.15","4.11","13.01","Off","12.808455,77.686923",
"10-Sep-2026 08:45:03","12.39","4.11","13.01","Off","12.808546,77.686722",
"10-Sep-2026 08:45:06","14.75","4.11","13.76","On","12.808684,77.686606",
"10-Sep-2026 08:45:36","2.99","4.11","13.93","On","12.809409,77.685854",
"10-Sep-2026 08:46:06","29.93","4.11","13.95","On","12.811054,77.684363",
"10-Sep-2026 08:46:36","15.18","4.11","13.98","On","12.812297,77.683174",
"10-Sep-2026 08:46:58","3.63","4.11","13.98","On","12.812824,77.682643",
"10-Sep-2026 08:47:06","0.46","4.11","13.98","On","12.81285,77.68263",
"10-Sep-2026 08:47:36","0.55","4.11","13.98","On","12.812843,77.682596",
"10-Sep-2026 08:48:06","1.29","4.11","13.98","On","12.812852,77.682574",
"10-Sep-2026 08:48:36","0.63","4.11","14","On","12.812884,77.682583",
"10-Sep-2026 08:49:06","0.75","4.11","14","On","12.812876,77.682601",
"10-Sep-2026 08:49:36","0.46","4.11","13.95","On","12.812862,77.682618",
"10-Sep-2026 08:50:06","0.54","4.11","13.98","On","12.812878,77.682618",
"10-Sep-2026 08:50:36","0.14","4.11","13.98","On","12.812879,77.682617",
"10-Sep-2026 08:51:06","1.44","4.11","13.98","On","12.812884,77.682626",
"10-Sep-2026 08:51:36","0.57","4.11","13.98","On","12.812881,77.682625",
"10-Sep-2026 08:52:06","0.31","4.11","14","On","12.812878,77.682633",
"10-Sep-2026 08:52:36","0.25","4.11","14","On","12.812868,77.682616",
"10-Sep-2026 08:53:06","0.21","4.11","14","On","12.812855,77.682586",
"10-Sep-2026 08:53:36","1.18","4.11","13.98","On","12.812838,77.682582",
"10-Sep-2026 08:54:06","0.26","4.11","13.95","On","12.812833,77.682559",
"10-Sep-2026 08:54:36","0.76","4.11","13.98","On","12.812856,77.682568",
"10-Sep-2026 08:55:06","2.07","4.11","14","On","12.812867,77.682596",
"10-Sep-2026 08:55:36","1.84","4.11","13.98","On","12.812844,77.682586",
"10-Sep-2026 08:56:06","0.17","4.11","13.98","On","12.812842,77.682583",
"10-Sep-2026 08:56:36","0.65","4.11","13.98","On","12.812889,77.682617",
"10-Sep-2026 08:57:06","0.75","4.1","13.93","On","12.813015,77.682541",
"10-Sep-2026 08:57:28","13.68","4.1","13.93","On","12.813294,77.682773",
"10-Sep-2026 08:57:36","18.48","4.11","13.98","On","12.813534,77.683045",
"10-Sep-2026 08:58:06","11.29","4.11","13.95","On","12.81426,77.683834",
"10-Sep-2026 08:58:36","18.79","4.11","13.98","On","12.815347,77.685062",
"10-Sep-2026 08:59:06","23.76","4.11","13.98","On","12.816375,77.686182",
"10-Sep-2026 08:59:36","18.64","4.11","13.98","On","12.817519,77.687498",
"10-Sep-2026 09:00:06","7.34","4.1","13.95","On","12.818528,77.688565",
"10-Sep-2026 09:00:13","2.11","4.1","13.95","On","12.818562,77.688585",
"10-Sep-2026 09:00:36","4.03","4.1","13.95","On","12.818615,77.688633",
"10-Sep-2026 09:01:06","5.19","4.11","13.95","On","12.818889,77.688899",
"10-Sep-2026 09:01:08","17.88","4.11","13.95","On","12.81899,77.689036",
"10-Sep-2026 09:01:13","13.79","4.11","13.95","On","12.81896,77.689265",
"10-Sep-2026 09:01:36","13.53","4.1","13.95","On","12.818077,77.690001",
"10-Sep-2026 09:02:06","12.57","4.11","13.95","On","12.817235,77.690696",
"10-Sep-2026 09:02:08","21.01","4.11","13.95","On","12.81708,77.690802",
"10-Sep-2026 09:02:36","32.31","4.1","13.95","On","12.815937,77.691688",
"10-Sep-2026 09:03:06","51.71","4.11","13.98","On","12.813825,77.69338",
"10-Sep-2026 09:03:36","13.8","4.1","13.98","On","12.810706,77.695897",
"10-Sep-2026 09:04:06","39.29","4.11","13.98","On","12.808987,77.697257",
"10-Sep-2026 09:04:36","60.35","4.1","13.93","On","12.806501,77.699112",
"10-Sep-2026 09:05:06","46.58","4.11","13.98","On","12.80376,77.701477",
"10-Sep-2026 09:05:08","46.61","4.11","13.98","On","12.803485,77.70186",
"10-Sep-2026 09:05:28","35.09","4.11","13.98","On","12.80272,77.70402",
"10-Sep-2026 09:05:36","15.98","4.11","13.91","On","12.802649,77.704464",
"10-Sep-2026 09:05:43","13.94","4.11","13.91","On","12.802686,77.704584",
"10-Sep-2026 09:06:06","45.86","4.11","13.95","On","12.804663,77.705449",
"10-Sep-2026 09:06:36","37.75","4.11","13.98","On","12.807756,77.707099",
"10-Sep-2026 09:06:48","33.08","4.11","13.98","On","12.808247,77.707554",
"10-Sep-2026 09:07:06","13.73","4.11","13.98","On","12.808661,77.70874",
"10-Sep-2026 09:07:33","17.46","4.11","13.98","On","12.80927,77.70983",
"10-Sep-2026 09:07:36","15.67","4.1","13.95","On","12.809361,77.709973",
"10-Sep-2026 09:07:58","28.92","4.1","13.95","On","12.809866,77.710963",
"10-Sep-2026 09:08:03","26.04","4.1","13.95","On","12.809961,77.711185",
"10-Sep-2026 09:08:06","22.1","4.11","13.95","On","12.810155,77.71132",
"10-Sep-2026 09:08:18","28.46","4.11","13.95","On","12.810598,77.711796",
"10-Sep-2026 09:08:23","29.27","4.11","13.95","On","12.810778,77.712027",
"10-Sep-2026 09:08:36","37.29","4.1","13.95","On","12.811999,77.712876",
"10-Sep-2026 09:08:43","40","4.1","13.95","On","12.812372,77.712996",
"10-Sep-2026 09:08:53","34.7","4.1","13.95","On","12.813353,77.713625",
"10-Sep-2026 09:09:06","33.89","4.11","13.95","On","12.814182,77.714451",
"10-Sep-2026 09:09:13","36.75","4.11","13.95","On","12.814749,77.71471",
"10-Sep-2026 09:09:23","37.42","4.11","13.95","On","12.815432,77.714522",
"10-Sep-2026 09:09:28","34.31","4.11","13.95","On","12.815683,77.714756",
"10-Sep-2026 09:09:36","37.07","4.11","13.98","On","12.816213,77.71566",
"10-Sep-2026 09:09:38","37.07","4.11","13.98","On","12.816213,77.71566",
"10-Sep-2026 09:09:48","38.61","4.11","13.98","On","12.816822,77.715996",
"10-Sep-2026 09:09:58","24.57","4.11","13.98","On","12.817201,77.717",
"10-Sep-2026 09:10:06","44.16","4.1","13.93","On","12.817822,77.717334",
"10-Sep-2026 09:10:08","44.16","4.1","13.93","On","12.817822,77.717334",
"10-Sep-2026 09:10:18","42.46","4.1","13.93","On","12.81929,77.717701",
"10-Sep-2026 09:10:28","25.36","4.1","13.93","On","12.820068,77.717541",
"10-Sep-2026 09:10:33","6.92","4.1","13.93","On","12.820319,77.717771",
"10-Sep-2026 09:10:36","1.35","4.11","13.93","On","12.820343,77.717808",
"10-Sep-2026 09:11:06","5.8","4.1","13.98","On","12.820521,77.71817",
"10-Sep-2026 09:11:36","2.11","4.1","13.93","On","12.820607,77.718372",
"10-Sep-2026 09:12:06","0.3","4.1","13.95","On","12.820679,77.718504",
"10-Sep-2026 09:12:36","2.35","4.1","13.93","On","12.820699,77.718511",
"10-Sep-2026 09:13:06","0.9","4.1","13.95","On","12.820704,77.718528",
"10-Sep-2026 09:13:33","14.77","4.1","13.95","On","12.821099,77.718787",
"10-Sep-2026 09:13:36","14.77","4.1","13.95","On","12.821099,77.718787",
"10-Sep-2026 09:13:43","12.27","4.1","13.95","On","12.821366,77.718771",
"10-Sep-2026 09:13:53","7.66","4.1","13.95","On","12.821474,77.718817",
"10-Sep-2026 09:14:06","20.71","4.1","13.95","On","12.821841,77.719007",
"10-Sep-2026 09:14:13","22.04","4.1","13.95","On","12.822313,77.719211",
"10-Sep-2026 09:14:36","27.52","4.11","13.95","On","12.823618,77.719315",
"10-Sep-2026 09:14:53","22.83","4.11","13.95","On","12.824936,77.719368",
"10-Sep-2026 09:14:58","28.5","4.11","13.95","On","12.825194,77.719291",
"10-Sep-2026 09:15:06","35.99","4.1","13.95","On","12.825837,77.719137",
"10-Sep-2026 09:15:08","35.99","4.1","13.95","On","12.825837,77.719137",
"10-Sep-2026 09:15:36","33.8","4.11","13.95","On","12.828586,77.719656",
"10-Sep-2026 09:15:53","42.51","4.11","13.95","On","12.830367,77.719864",
"10-Sep-2026 09:15:58","23.42","4.11","13.95","On","12.830714,77.719893",
"10-Sep-2026 09:16:06","22.3","4.1","13.98","On","12.831148,77.719927",
"10-Sep-2026 09:16:08","22.3","4.1","13.98","On","12.831148,77.719927",
"10-Sep-2026 09:16:36","26.75","4.11","13.95","On","12.8331,77.719699",
"10-Sep-2026 09:16:38","25.73","4.11","13.95","On","12.833342,77.719583",
"10-Sep-2026 09:17:03","12.06","4.11","13.95","On","12.834663,77.718876",
"10-Sep-2026 09:17:06","15.03","4.11","13.98","On","12.834774,77.718865",
"10-Sep-2026 09:17:08","15.03","4.11","13.98","On","12.834774,77.718865",
"10-Sep-2026 09:17:13","16.81","4.11","13.98","On","12.834944,77.7189",
"10-Sep-2026 09:17:18","14.31","4.11","13.98","On","12.835189,77.719247",
"10-Sep-2026 09:17:36","44.16","4.1","13.93","On","12.835774,77.720354",
"10-Sep-2026 09:17:43","39.25","4.1","13.93","On","12.835993,77.721133",
"10-Sep-2026 09:17:58","23.08","4.1","13.93","On","12.836657,77.722553",
"10-Sep-2026 09:18:06","20.7","4.1","13.98","On","12.836906,77.722931",
"10-Sep-2026 09:18:08","20.7","4.1","13.98","On","12.836906,77.722931",
"10-Sep-2026 09:18:23","39.38","4.1","13.98","On","12.837184,77.723874",
"10-Sep-2026 09:18:33","25.23","4.1","13.98","On","12.837585,77.724361",
"10-Sep-2026 09:18:36","18.96","4.11","13.98","On","12.837777,77.724521",
"10-Sep-2026 09:18:48","20.5","4.11","13.98","On","12.838339,77.725013",
"10-Sep-2026 09:19:06","16.39","4.1","13.98","On","12.838984,77.726038",
"10-Sep-2026 09:19:13","21.67","4.1","13.98","On","12.839144,77.72618",
"10-Sep-2026 09:19:18","17.04","4.1","13.98","On","12.83957,77.726399",
"10-Sep-2026 09:19:36","30.99","4.11","13.95","On","12.840543,77.726663",
"10-Sep-2026 09:20:06","27.66","4.11","13.95","On","12.841972,77.727137",
"10-Sep-2026 09:20:36","10.18","4.11","13.95","On","12.842852,77.727425",
"10-Sep-2026 09:21:06","42.01","4.11","14","On","12.845112,77.727871",
"10-Sep-2026 09:21:36","49.95","4.11","14","On","12.84836,77.728238",
"10-Sep-2026 09:22:06","32.76","4.11","14","On","12.851681,77.729553",
"10-Sep-2026 09:22:36","46.8","4.11","13.95","On","12.854381,77.730524",
"10-Sep-2026 09:23:06","52.09","4.11","13.95","On","12.857579,77.73169",
"10-Sep-2026 09:23:36","39.4","4.1","13.98","On","12.86092,77.732333",
"10-Sep-2026 09:23:38","38.58","4.1","13.98","On","12.861303,77.732334",
"10-Sep-2026 09:23:58","47.85","4.1","13.98","On","12.863385,77.732056",
"10-Sep-2026 09:24:06","39.39","4.11","13.98","On","12.864301,77.73218",
"10-Sep-2026 09:24:36","58.9","4.11","13.95","On","12.866942,77.73313",
"10-Sep-2026 09:25:06","54.34","4.11","13.98","On","12.871247,77.733829",
"10-Sep-2026 09:25:13","53.7","4.11","13.98","On","12.871808,77.733826",
"10-Sep-2026 09:25:18","47.59","4.11","13.98","On","12.872861,77.733852",
"10-Sep-2026 09:25:36","44.12","4.11","13.98","On","12.874358,77.734425",
"10-Sep-2026 09:26:06","43.38","4.11","13.98","On","12.877813,77.736073",
"10-Sep-2026 09:26:36","17.31","4.11","13.95","On","12.879885,77.73664",
"10-Sep-2026 09:27:06","32.82","4.11","14","On","12.881838,77.737173",
"10-Sep-2026 09:27:36","32.42","4.11","14","On","12.884601,77.737678",
"10-Sep-2026 09:28:06","21.03","4.11","13.98","On","12.886323,77.738136",
"10-Sep-2026 09:28:18","2.19","4.11","13.98","On","12.88664,77.738191",
"10-Sep-2026 09:28:23","11.51","4.11","13.98","On","12.886818,77.738219",
"10-Sep-2026 09:28:36","0.4","4.11","13.98","On","12.886879,77.738241",
"10-Sep-2026 09:29:06","0.1","4.11","14","On","12.886888,77.738249",
"10-Sep-2026 09:29:36","0.04","4.11","13.98","On","12.88688,77.738246",
"10-Sep-2026 09:30:06","10.79","4.1","13.95","On","12.887124,77.738293",
"10-Sep-2026 09:30:13","18.29","4.1","13.95","On","12.887373,77.738426",
"10-Sep-2026 09:30:18","14.88","4.1","13.95","On","12.887424,77.738561",
"10-Sep-2026 09:30:36","38.81","4.11","13.95","On","12.887246,77.740149",
"10-Sep-2026 09:30:48","46.48","4.11","13.95","On","12.887046,77.741536",
"10-Sep-2026 09:31:06","49.79","4.11","14","On","12.886332,77.743339",
"10-Sep-2026 09:31:36","46.78","4.11","14","On","12.885075,77.746953",
"10-Sep-2026 09:32:06","52.35","4.1","13.93","On","12.884006,77.750254",
"10-Sep-2026 09:32:28","15.47","4.1","13.93","On","12.883474,77.752104",
"10-Sep-2026 09:32:33","14.06","4.1","13.93","On","12.883561,77.752188",
"10-Sep-2026 09:32:36","23.67","4.11","13.93","On","12.883743,77.75218",
"10-Sep-2026 09:32:38","23.67","4.11","13.93","On","12.883743,77.75218",
"10-Sep-2026 09:33:06","30.45","4.11","13.93","On","12.88553,77.751491",
"10-Sep-2026 09:33:36","28.46","4.11","13.98","On","12.887321,77.750592",
"10-Sep-2026 09:34:06","57.86","4.11","13.98","On","12.890704,77.749711",
"10-Sep-2026 09:34:36","58.5","4.11","14","On","12.895251,77.748711",
"10-Sep-2026 09:35:06","46.19","4.11","13.98","On","12.8984,77.748135",
"10-Sep-2026 09:35:36","58.07","4.1","13.95","On","12.902876,77.747333",
"10-Sep-2026 09:36:06","53.84","4.11","13.95","On","12.90678,77.746238",
"10-Sep-2026 09:36:18","58.69","4.11","13.95","On","12.908105,77.74551",
"10-Sep-2026 09:36:36","53.99","4.11","13.98","On","12.90983,77.743304",
"10-Sep-2026 09:37:06","58.38","4.11","13.98","On","12.912088,77.740592",
"10-Sep-2026 09:37:13","56.9","4.11","13.98","On","12.912898,77.739762",
"10-Sep-2026 09:37:36","54.91","4.11","13.95","On","12.915798,77.738127",
"10-Sep-2026 09:38:06","33.25","4.11","13.93","On","12.918596,77.736566",
"10-Sep-2026 09:38:08","31.43","4.11","13.93","On","12.918933,77.736459",
"10-Sep-2026 09:38:13","13.11","4.11","13.93","On","12.919166,77.736397",
"10-Sep-2026 09:38:18","21.89","4.11","13.93","On","12.919177,77.736222",
"10-Sep-2026 09:38:33","3.34","4.11","13.93","On","12.91923,77.735502",
"10-Sep-2026 09:38:36","6.45","4.11","13.93","On","12.919266,77.735469",
"10-Sep-2026 09:38:48","12.56","4.11","13.93","On","12.91963,77.73539",
"10-Sep-2026 09:38:53","9.67","4.11","13.93","On","12.919696,77.735393",
"10-Sep-2026 09:39:06","12.03","4.11","13.95","On","12.919974,77.735381",
"10-Sep-2026 09:39:36","0.63","4.11","13.98","On","12.920556,77.735427",
"10-Sep-2026 09:40:06","0.37","4.11","13.98","On","12.920597,77.735428",
"10-Sep-2026 09:40:36","0.18","4.11","13.98","On","12.9206,77.735422",
"10-Sep-2026 09:41:06","0.12","4.11","13.98","On","12.920622,77.735431",
"10-Sep-2026 09:41:36","0.48","4.11","13.98","On","12.920611,77.735431",
"10-Sep-2026 09:42:06","0.21","4.11","13.98","On","12.920625,77.735435",
"10-Sep-2026 09:42:36","0.15","4.11","14","On","12.920618,77.735424",
"10-Sep-2026 09:43:06","0.3","4.11","13.98","On","12.920629,77.735423",
"10-Sep-2026 09:43:36","0.21","4.11","14","On","12.920621,77.735425",
"10-Sep-2026 09:44:06","0.24","4.11","14","On","12.920614,77.735418",
"10-Sep-2026 09:44:36","0.24","4.11","13.98","On","12.920594,77.735434",
"10-Sep-2026 09:45:06","0.26","4.11","14","On","12.920576,77.735438",
"10-Sep-2026 09:45:36","0.22","4.11","13.98","On","12.92059,77.735435",
"10-Sep-2026 09:46:06","0.66","4.11","14","On","12.920599,77.735433",
"10-Sep-2026 09:46:36","0.4","4.11","14","On","12.920608,77.735421",
"10-Sep-2026 09:47:06","0.24","4.11","14.03","On","12.920614,77.735419",
"10-Sep-2026 09:47:36","0.43","4.11","13.98","On","12.920616,77.735432",
"10-Sep-2026 09:48:06","0.53","4.11","14","On","12.920621,77.735431",
"10-Sep-2026 09:48:36","0.58","4.11","13.98","On","12.920606,77.73543",
"10-Sep-2026 09:49:06","0.33","4.11","14","On","12.920617,77.735439",
"10-Sep-2026 09:49:36","0.31","4.11","13.98","On","12.920608,77.735428",
"10-Sep-2026 09:50:06","0.15","4.1","13.98","On","12.920599,77.735432",
"10-Sep-2026 09:50:36","0.14","4.1","13.98","On","12.920592,77.735427",
"10-Sep-2026 09:51:06","0.69","4.1","13.98","On","12.920598,77.735423",
"10-Sep-2026 09:51:36","0.25","4.11","13.98","On","12.920601,77.735427",
"10-Sep-2026 09:52:06","0.56","4.11","13.98","On","12.920602,77.735438",
"10-Sep-2026 09:52:36","14.57","4.1","13.98","On","12.920843,77.735343",
"10-Sep-2026 09:52:38","13.89","4.1","13.98","On","12.920863,77.735197",
"10-Sep-2026 09:52:58","13.28","4.1","13.98","On","12.921022,77.734539",
"10-Sep-2026 09:53:03","10.53","4.1","13.98","On","12.921109,77.734458",
"10-Sep-2026 09:53:06","7.33","4.11","13.95","On","12.921183,77.734426",
"10-Sep-2026 09:53:08","7.33","4.11","13.95","On","12.921183,77.734426",
"10-Sep-2026 09:53:23","18.41","4.11","13.95","On","12.921385,77.733823",
"10-Sep-2026 09:53:36","26.49","4.1","13.98","On","12.921533,77.733292",
"10-Sep-2026 09:54:06","19.44","4.11","13.95","On","12.922298,77.731169",
"10-Sep-2026 09:54:13","18.77","4.11","13.95","On","12.922218,77.731037",
"10-Sep-2026 09:54:28","7.08","4.11","13.95","On","12.92186,77.730576",
"10-Sep-2026 09:54:36","7.09","4.11","13.95","On","12.921849,77.730483",
"10-Sep-2026 09:55:06","0.5","4.11","13.95","On","12.921816,77.730453",
"10-Sep-2026 09:55:36","0.45","4.11","13.95","On","12.921808,77.730441",
"10-Sep-2026 09:56:06","13.87","4.11","13.95","On","12.921733,77.730341",
"10-Sep-2026 09:56:36","10.43","4.11","13.98","On","12.921449,77.729136",
"10-Sep-2026 09:56:48","12.34","4.11","13.98","On","12.92168,77.729063",
"10-Sep-2026 09:57:06","0.44","4.1","13.98","On","12.921807,77.729005",
"10-Sep-2026 09:57:36","0.86","4.1","14","On","12.921824,77.728987",
"10-Sep-2026 09:58:06","0.51","4.1","13.98","On","12.921834,77.728977",
"10-Sep-2026 09:58:36","0.43","4.11","13.98","On","12.921842,77.728966",
"10-Sep-2026 09:59:06","0.81","4.11","14","On","12.921827,77.728967",
"10-Sep-2026 09:59:36","0.15","4.11","14","On","12.921824,77.728967",
"10-Sep-2026 10:00:06","0.43","4.11","14.03","On","12.921821,77.728968",
"10-Sep-2026 10:00:36","0.53","4.11","14","On","12.921815,77.728965",
"10-Sep-2026 10:01:06","0.75","4.11","14","On","12.921812,77.728977",
"10-Sep-2026 10:01:36","15.24","4.11","13.98","On","12.921985,77.728926",
"10-Sep-2026 10:01:48","7.15","4.11","13.98","On","12.922435,77.728813",
"10-Sep-2026 10:02:06","4.79","4.11","13.95","On","12.922393,77.72883",
"10-Sep-2026 10:02:13","18.47","4.11","13.95","On","12.922286,77.728868",
"10-Sep-2026 10:02:28","8.87","4.11","13.95","On","12.921461,77.729125",
"10-Sep-2026 10:02:33","11.03","4.11","13.95","On","12.921485,77.729214",
"10-Sep-2026 10:02:36","11.99","4.11","14","On","12.92151,77.72936",
"10-Sep-2026 10:03:06","10.25","4.11","13.98","On","12.921796,77.730396",
"10-Sep-2026 10:03:13","11.32","4.11","13.98","On","12.92189,77.730465",
"10-Sep-2026 10:03:18","4.96","4.11","13.98","On","12.921923,77.730533",
"10-Sep-2026 10:03:23","25.23","4.11","13.98","On","12.922054,77.730758",
"10-Sep-2026 10:03:33","11.49","4.11","13.98","On","12.922347,77.731007",
"10-Sep-2026 10:03:36","18.22","4.11","13.98","On","12.922435,77.730903",
"10-Sep-2026 10:03:38","18.22","4.11","13.98","On","12.922435,77.730903",
"10-Sep-2026 10:03:43","8.51","4.11","13.98","On","12.922706,77.730687",
"10-Sep-2026 10:04:06","7.86","4.11","13.95","On","12.923359,77.730528",
"10-Sep-2026 10:04:18","15.3","4.11","13.95","On","12.923614,77.730403",
"10-Sep-2026 10:04:36","3.98","4.11","13.98","On","12.924381,77.729987",
"10-Sep-2026 10:05:06","11.12","4.11","13.98","On","12.925165,77.729346",
"10-Sep-2026 10:05:23","11.56","4.11","13.98","On","12.926012,77.728819",
"10-Sep-2026 10:05:36","15.1","4.11","13.95","On","12.92634,77.728694",
"10-Sep-2026 10:05:38","15.1","4.11","13.95","On","12.92634,77.728694",
"10-Sep-2026 10:05:48","11.34","4.11","13.95","On","12.926429,77.728242",
"10-Sep-2026 10:06:06","26.09","4.11","13.95","On","12.926553,77.727549",
"10-Sep-2026 10:06:36","37.93","4.11","13.95","On","12.926917,77.72493",
"10-Sep-2026 10:07:06","44.87","4.11","13.95","On","12.927364,77.721919",
"10-Sep-2026 10:07:36","41.75","4.11","13.95","On","12.927873,77.718541",
"10-Sep-2026 10:07:43","15.63","4.11","13.95","On","12.927882,77.717996",
"10-Sep-2026 10:07:48","19.59","4.11","13.95","On","12.927765,77.717891",
"10-Sep-2026 10:08:06","42.32","4.1","13.95","On","12.926648,77.716831",
"10-Sep-2026 10:08:18","15.15","4.1","13.95","On","12.925771,77.716347",
"10-Sep-2026 10:08:23","33.4","4.1","13.95","On","12.926049,77.716079",
"10-Sep-2026 10:08:36","36.4","4.1","13.95","On","12.926979,77.715399",
"10-Sep-2026 10:09:03","28.96","4.1","13.95","On","12.92888,77.713664",
"10-Sep-2026 10:09:06","28.96","4.11","13.95","On","12.92888,77.713664",
"10-Sep-2026 10:09:28","13.83","4.11","13.95","On","12.929417,77.712726",
"10-Sep-2026 10:09:36","12.19","4.11","13.93","On","12.929704,77.712786",
"10-Sep-2026 10:10:03","2.39","4.11","13.93","On","12.930486,77.712928",
"10-Sep-2026 10:10:06","2.39","4.1","13.95","On","12.930486,77.712928",
"10-Sep-2026 10:10:36","0.28","4.1","13.95","On","12.930688,77.712953",
"10-Sep-2026 10:11:06","0.05","4.1","13.95","On","12.930692,77.712955",
"10-Sep-2026 10:11:36","0.12","4.1","13.98","On","12.9307,77.712966",
"10-Sep-2026 10:12:06","0.38","4.1","13.98","On","12.930715,77.712972",
"10-Sep-2026 10:12:36","0.41","4.1","13.98","On","12.930712,77.712967",
"10-Sep-2026 10:13:06","0.69","4.11","13.98","On","12.930707,77.712973",
"10-Sep-2026 10:13:36","0.79","4.1","13.95","On","12.930735,77.71298",
"10-Sep-2026 10:14:06","7.68","4.1","13.98","On","12.931048,77.713007",
"10-Sep-2026 10:14:36","0.11","4.11","13.88","On","12.931238,77.71305",
"10-Sep-2026 10:15:06","0.19","4.1","13.88","On","12.931235,77.713061",
"10-Sep-2026 10:15:36","0.2","4.1","13.91","On","12.931218,77.713046",
"10-Sep-2026 10:16:06","0.93","4.1","13.93","On","12.931189,77.713027",
"10-Sep-2026 10:16:36","3.82","4.1","13.95","On","12.930761,77.712974",
"10-Sep-2026 10:17:06","4.58","4.11","13.98","On","12.930542,77.712964",
"10-Sep-2026 10:17:36","5.34","4.11","13.98","On","12.929919,77.712841",
"10-Sep-2026 10:18:03","11.55","4.11","13.98","On","12.929406,77.71278",
"10-Sep-2026 10:18:06","17.54","4.1","13.95","On","12.929329,77.712911",
"10-Sep-2026 10:18:36","43.87","4.1","13.93","On","12.927933,77.714666",
"10-Sep-2026 10:19:03","21.91","4.1","13.93","On","12.926091,77.716079",
"10-Sep-2026 10:19:06","12.01","4.1","13.95","On","12.925915,77.716195",
"10-Sep-2026 10:19:08","20.6","4.1","13.95","On","12.925928,77.716334",
"10-Sep-2026 10:19:36","28.17","4.1","13.98","On","12.927952,77.71794",
"10-Sep-2026 10:19:53","33.56","4.1","13.98","On","12.929135,77.718549",
"10-Sep-2026 10:20:06","41.7","4.1","13.98","On","12.930041,77.718782",
"10-Sep-2026 10:20:36","35.92","4.11","13.98","On","12.933179,77.71895",
"10-Sep-2026 10:20:38","35.92","4.11","13.98","On","12.933179,77.71895",
"10-Sep-2026 10:21:06","54.72","4.11","13.98","On","12.936133,77.718482",
"10-Sep-2026 10:21:28","11.43","4.11","13.98","On","12.938891,77.717874",
"10-Sep-2026 10:21:33","21.96","4.11","13.98","On","12.938908,77.717728",
"10-Sep-2026 10:21:36","11.57","4.11","13.93","On","12.93887,77.717547",
"10-Sep-2026 10:21:43","6.61","4.11","13.93","On","12.938871,77.717472",
"10-Sep-2026 10:21:48","34.15","4.11","13.93","On","12.938996,77.717767",
"10-Sep-2026 10:22:06","4.28","4.1","13.95","On","12.939111,77.718677",
"10-Sep-2026 10:22:33","6.84","4.1","13.95","On","12.939241,77.720114",
"10-Sep-2026 10:22:36","6.84","4.1","13.93","On","12.939241,77.720114",
"10-Sep-2026 10:22:48","10.7","4.1","13.93","On","12.939072,77.720203",
"10-Sep-2026 10:22:53","3.48","4.1","13.93","On","12.938959,77.720208",
"10-Sep-2026 10:23:06","0.44","4.11","13.95","On","12.938937,77.720202",
"10-Sep-2026 10:23:36","0.19","4.1","13.95","On","12.938797,77.720184",
"10-Sep-2026 10:24:06","4.77","4.1","13.93","On","12.938795,77.720153",
"10-Sep-2026 10:24:36","6.2","4.11","13.93","On","12.938782,77.720158",
"10-Sep-2026 10:25:06","0.91","4.11","13.93","On","12.938423,77.720151",
"10-Sep-2026 10:25:36","1.3","4.11","13.93","On","12.938407,77.720186",
"10-Sep-2026 10:26:06","1.05","4.1","13.91","On","12.938348,77.720093",
"10-Sep-2026 10:26:36","1.51","4.1","13.91","On","12.938352,77.720028",
"10-Sep-2026 10:27:06","1.09","4.1","13.98","On","12.938348,77.719995",
"10-Sep-2026 10:27:36","0.77","4.11","13.98","On","12.938327,77.719963",
"10-Sep-2026 10:28:06","1.05","4.1","13.95","On","12.93835,77.719932",
"10-Sep-2026 10:28:36","0.92","4.1","13.95","On","12.938365,77.719962",
"10-Sep-2026 10:29:06","2.5","4.1","13.95","On","12.938359,77.719976",
"10-Sep-2026 10:29:36","1.29","4.1","13.98","On","12.938364,77.720004",
"10-Sep-2026 10:30:06","0.36","4.11","13.98","On","12.93833,77.719999",
"10-Sep-2026 10:30:36","0.87","4.1","13.98","On","12.93833,77.720039",
"10-Sep-2026 10:31:06","0.88","4.1","13.95","On","12.938319,77.720036",
"10-Sep-2026 10:31:36","7.12","4.11","13.95","On","12.938364,77.720041",
"10-Sep-2026 10:32:06","5.21","4.11","13.95","On","12.938924,77.720097",
"10-Sep-2026 10:32:36","10.57","4.1","13.98","On","12.939282,77.720268",
"10-Sep-2026 10:32:38","24.88","4.1","13.98","On","12.9393,77.720437",
"10-Sep-2026 10:33:06","34.47","4.1","13.95","On","12.939611,77.72266",
"10-Sep-2026 10:33:36","31.48","4.1","13.98","On","12.939797,77.724878",
"10-Sep-2026 10:33:58","10.55","4.1","13.98","On","12.939458,77.726334",
"10-Sep-2026 10:34:06","17.24","4.1","13.95","On","12.939176,77.726242",
"10-Sep-2026 10:34:36","25.29","4.1","13.95","On","12.937124,77.72603",
"10-Sep-2026 10:34:38","22.42","4.1","13.95","On","12.936873,77.726025",
"10-Sep-2026 10:34:53","18.16","4.1","13.95","On","12.936038,77.725994",
"10-Sep-2026 10:34:58","18.47","4.1","13.95","On","12.936014,77.725488",
"10-Sep-2026 10:35:06","20.09","4.11","13.95","On","12.936059,77.7251",
"10-Sep-2026 10:35:18","19.87","4.11","13.95","On","12.935968,77.724709",
"10-Sep-2026 10:35:36","0.15","4.1","13.98","On","12.935711,77.724679",
"10-Sep-2026 10:36:06","0.56","4.1","13.98","On","12.935703,77.724669",
"10-Sep-2026 10:36:36","0.61","4.11","13.98","On","12.935689,77.724673",
"10-Sep-2026 10:37:06","0.82","4.1","13.98","On","12.935681,77.724649",
"10-Sep-2026 10:37:36","0.22","4.11","13.98","On","12.935669,77.724633",
"10-Sep-2026 10:38:03","4.68","4.11","13.98","On","12.93567,77.724589",
"10-Sep-2026 10:38:06","5.89","4.11","13.98","On","12.935719,77.724589",
"10-Sep-2026 10:38:23","12.01","4.11","13.98","On","12.93604,77.724669",
"10-Sep-2026 10:38:28","14.85","4.11","13.98","On","12.936051,77.724811",
"10-Sep-2026 10:38:36","19.28","4.11","13.95","On","12.936036,77.72509",
"10-Sep-2026 10:38:58","16.66","4.11","13.95","On","12.935724,77.725933",
"10-Sep-2026 10:39:06","13.46","4.11","14","On","12.935497,77.725897",
"10-Sep-2026 10:39:36","8.68","4.11","13.98","On","12.934352,77.725786",
"10-Sep-2026 10:39:43","1.23","4.11","13.98","On","12.934249,77.725758",
"10-Sep-2026 10:39:53","11.18","4.11","13.98","On","12.934086,77.725752",
"10-Sep-2026 10:40:06","11.08","4.11","13.98","On","12.933671,77.725696",
"10-Sep-2026 10:40:28","11.42","4.11","13.98","On","12.9332,77.725608",
"10-Sep-2026 10:40:33","13.22","4.11","13.98","On","12.933172,77.725491",
"10-Sep-2026 10:40:36","11.89","4.1","13.98","On","12.933167,77.725367",
"10-Sep-2026 10:40:48","9.66","4.1","13.98","On","12.933174,77.724985",
"10-Sep-2026 10:40:53","10.48","4.1","13.98","On","12.933258,77.72493",
"10-Sep-2026 10:41:06","0.23","4.1","13.95","On","12.933315,77.724947",
"10-Sep-2026 10:41:36","0.57","4.11","13.95","On","12.933377,77.724922",
"10-Sep-2026 10:41:58","3.26","4.11","13.95","On","12.933385,77.724899",
"10-Sep-2026 10:42:06","11.76","4.1","13.93","On","12.933564,77.724945",
"10-Sep-2026 10:42:18","16.09","4.1","13.93","On","12.933696,77.724801",
"10-Sep-2026 10:42:36","0.16","4.11","13.95","On","12.933756,77.724237",
"10-Sep-2026 10:43:06","0.28","4.1","13.95","On","12.933765,77.724223",
"10-Sep-2026 10:43:23","4.93","4.1","13.95","On","12.933806,77.724183",
"10-Sep-2026 10:43:36","0.68","4.1","13.95","On","12.933803,77.72413",
"10-Sep-2026 10:44:06","0.26","4.1","13.98","On","12.933786,77.724108",
"10-Sep-2026 10:44:36","0.49","4.1","13.95","On","12.93379,77.724113",
"10-Sep-2026 10:45:06","0.26","4.1","13.98","On","12.933832,77.724111",
"10-Sep-2026 10:45:36","0.19","4.1","13.98","On","12.933832,77.72409",
"10-Sep-2026 10:46:06","0.47","4.1","13.98","On","12.933831,77.724086",
"10-Sep-2026 10:46:36","0.28","4.11","14","On","12.933824,77.724099",
"10-Sep-2026 10:47:06","0.24","4.1","13.98","On","12.933816,77.724112",
"10-Sep-2026 10:47:36","0.37","4.1","13.98","On","12.933804,77.724113",
"10-Sep-2026 10:48:06","0.27","4.11","13.98","On","12.933809,77.724123",
"10-Sep-2026 10:48:36","0.79","4.1","13.98","On","12.933805,77.724112",
"10-Sep-2026 10:49:06","0.2","4.11","13.98","On","12.933796,77.724109",
"10-Sep-2026 10:49:36","0.36","4.11","13.98","On","12.933781,77.724114",
"10-Sep-2026 10:50:06","0.55","4.1","13.95","On","12.933777,77.724099",
"10-Sep-2026 10:50:36","0.29","4.1","13.98","On","12.933784,77.724103",
"10-Sep-2026 10:51:06","0.15","4.11","13.95","On","12.933783,77.724115",
"10-Sep-2026 10:51:36","0.45","4.11","13.98","On","12.933789,77.72411",
"10-Sep-2026 10:52:06","0.31","4.11","13.95","On","12.933797,77.724104",
"10-Sep-2026 10:52:36","0.29","4.11","13.98","On","12.933802,77.724104",
"10-Sep-2026 10:53:06","0.34","4.11","14","On","12.933813,77.724098",
"10-Sep-2026 10:53:36","0.19","4.11","13.98","On","12.933824,77.724113",
"10-Sep-2026 10:54:06","0.1","4.11","13.98","On","12.933861,77.724108",
"10-Sep-2026 10:54:36","0.12","4.11","13.98","On","12.933862,77.724103",
"10-Sep-2026 10:55:06","0.34","4.1","14","On","12.933843,77.724094",
"10-Sep-2026 10:55:36","0.08","4.1","13.98","On","12.933877,77.724093",
"10-Sep-2026 10:56:06","0.69","4.1","13.98","On","12.933891,77.724105",
"10-Sep-2026 10:56:36","0.16","4.11","14","On","12.933909,77.724115",
"10-Sep-2026 10:57:06","0.24","4.1","13.98","On","12.933896,77.724101",
"10-Sep-2026 10:57:36","0.51","4.1","13.95","On","12.933864,77.724116",
"10-Sep-2026 10:58:06","0.21","4.1","13.98","On","12.933853,77.724108",
"10-Sep-2026 10:58:36","0.19","4.1","14","On","12.933809,77.724116",
"10-Sep-2026 10:59:06","0.38","4.11","14","On","12.933792,77.724105",
"10-Sep-2026 10:59:36","0.41","4.1","14","On","12.93379,77.72411",
"10-Sep-2026 11:00:06","0.84","4.1","13.98","On","12.9338,77.724106",
"10-Sep-2026 11:00:36","0.66","4.1","13.98","On","12.93381,77.724093",
"10-Sep-2026 11:01:06","0.69","4.1","13.98","On","12.933802,77.724093",
"10-Sep-2026 11:01:36","0.71","4.11","13.98","On","12.933808,77.724095",
"10-Sep-2026 11:02:06","0.24","4.1","13.98","On","12.933829,77.724097",
"10-Sep-2026 11:02:36","0.22","4.1","13.98","On","12.933864,77.724107",
"10-Sep-2026 11:03:06","1.1","4.11","14","On","12.933846,77.724102",
"10-Sep-2026 11:03:36","0.79","4.11","13.98","On","12.933846,77.724109",
"10-Sep-2026 11:04:06","1.11","4.1","13.98","On","12.933855,77.724107",
"10-Sep-2026 11:04:36","0.21","4.11","13.98","On","12.933841,77.724101",
"10-Sep-2026 11:05:06","0.17","4.1","13.98","On","12.933815,77.724111",
"10-Sep-2026 11:05:36","0.05","4.11","13.95","On","12.933754,77.724113",
"10-Sep-2026 11:06:06","0.75","4.1","13.98","On","12.933748,77.724108",
"10-Sep-2026 11:06:36","0.96","4.11","13.98","On","12.933793,77.724108",
"10-Sep-2026 11:07:06","0.33","4.1","13.98","On","12.93379,77.724093",
"10-Sep-2026 11:07:36","1.12","4.1","13.95","On","12.933849,77.724025",
"10-Sep-2026 11:07:48","14.22","4.1","13.95","On","12.93381,77.724205",
"10-Sep-2026 11:08:06","7.62","4.1","13.98","On","12.933644,77.724972",
"10-Sep-2026 11:08:08","7.62","4.1","13.98","On","12.933644,77.724972",
"10-Sep-2026 11:08:13","10.78","4.1","13.98","On","12.933556,77.724968",
"10-Sep-2026 11:08:28","4","4.1","13.98","On","12.933201,77.724933",
"10-Sep-2026 11:08:36","4.03","4.1","13.93","On","12.933155,77.724934",
"10-Sep-2026 11:08:58","15.63","4.1","13.93","On","12.93318,77.725068",
"10-Sep-2026 11:09:06","13.6","4.1","13.95","On","12.933186,77.725408",
"10-Sep-2026 11:09:18","16.13","4.1","13.95","On","12.933454,77.725703",
"10-Sep-2026 11:09:28","17.79","4.1","13.95","On","12.933812,77.725692",
"10-Sep-2026 11:09:36","17.11","4.11","13.95","On","12.934152,77.725732",
"10-Sep-2026 11:10:06","15.59","4.11","13.98","On","12.935657,77.725889",
"10-Sep-2026 11:10:36","23.99","4.1","13.98","On","12.93719,77.726017",
"10-Sep-2026 11:10:43","28.16","4.1","13.98","On","12.937665,77.726022",
"10-Sep-2026 11:10:48","28.18","4.1","13.98","On","12.937949,77.726015",
"10-Sep-2026 11:11:06","25.31","4.1","13.98","On","12.939023,77.726175",
"10-Sep-2026 11:11:18","3.53","4.1","13.98","On","12.939516,77.72633",
"10-Sep-2026 11:11:28","13.4","4.1","13.98","On","12.939559,77.726471",
"10-Sep-2026 11:11:36","34.27","4.1","13.93","On","12.939507,77.727028",
"10-Sep-2026 11:11:58","7.21","4.1","13.93","On","12.939598,77.72893",
"10-Sep-2026 11:12:03","21.18","4.1","13.93","On","12.93945,77.728939",
"10-Sep-2026 11:12:06","31.27","4.11","13.93","On","12.939149,77.728892",
"10-Sep-2026 11:12:36","0.98","4.1","13.95","On","12.937853,77.728704",
"10-Sep-2026 11:13:06","0.38","4.1","13.93","On","12.937808,77.728675",
"10-Sep-2026 11:13:23","3.29","4.1","13.93","On","12.937783,77.728663",
"10-Sep-2026 11:13:36","1.77","4.1","13.91","On","12.937777,77.728633",
"10-Sep-2026 11:13:48","28.03","4.1","13.91","On","12.937981,77.728686",
"10-Sep-2026 11:14:06","12.49","4.1","13.93","On","12.939013,77.728859",
"10-Sep-2026 11:14:18","1.71","4.1","13.93","On","12.93946,77.728958",
"10-Sep-2026 11:14:36","15.03","4.11","13.95","On","12.939611,77.72909",
"10-Sep-2026 11:14:38","18.44","4.11","13.95","On","12.939571,77.729271",
"10-Sep-2026 11:15:06","36","4.1","13.95","On","12.939279,77.731053",
"10-Sep-2026 11:15:36","40.28","4.1","13.98","On","12.939343,77.734132",
"10-Sep-2026 11:16:06","38.34","4.1","13.98","On","12.939392,77.736926",
"10-Sep-2026 11:16:36","41.88","4.1","13.98","On","12.939127,77.73999",
"10-Sep-2026 11:17:06","12.29","4.1","13.98","On","12.938677,77.7426",
"10-Sep-2026 11:17:36","6.9","4.1","13.95","On","12.93845,77.744782",
"10-Sep-2026 11:18:06","22.89","4.1","13.95","On","12.938244,77.746516",
"10-Sep-2026 11:18:28","10.87","4.1","13.95","On","12.938162,77.746778",
"10-Sep-2026 11:18:33","6.59","4.1","13.95","On","12.938094,77.746741",
"10-Sep-2026 11:18:36","22.76","4.1","13.93","On","12.937983,77.746644",
"10-Sep-2026 11:19:06","28.65","4.11","13.98","On","12.936381,77.744749",
"10-Sep-2026 11:19:36","10.4","4.1","13.98","On","12.935688,77.744003",
"10-Sep-2026 11:20:06","9.3","4.1","13.98","On","12.935383,77.743806",
"10-Sep-2026 11:20:08","13.17","4.1","13.98","On","12.935268,77.743759",
"10-Sep-2026 11:20:36","9.84","4.1","13.95","On","12.934544,77.743471",
"10-Sep-2026 11:21:06","2.93","4.1","13.91","On","12.93387,77.743167",
"10-Sep-2026 11:21:08","6.01","4.1","13.91","On","12.933832,77.743152",
"10-Sep-2026 11:21:36","1.74","4.1","13.91","On","12.933822,77.743144",
"10-Sep-2026 11:22:06","0.7","4.11","13.93","On","12.933814,77.743122",
"10-Sep-2026 11:22:13","11.07","4.11","13.93","On","12.933873,77.743019",
"10-Sep-2026 11:22:36","9.36","4.11","13.95","On","12.934186,77.74167",
"10-Sep-2026 11:22:38","9.36","4.11","13.95","On","12.934186,77.74167",
"10-Sep-2026 11:23:06","0.54","4.1","13.98","On","12.934199,77.741634",
"10-Sep-2026 11:23:36","1.35","4.1","13.93","On","12.934203,77.741608",
"10-Sep-2026 11:24:06","0.37","4.1","13.93","On","12.934204,77.741575",
"10-Sep-2026 11:24:36","12.32","4.1","13.95","On","12.934314,77.740863",
"10-Sep-2026 11:25:06","0.71","4.1","13.95","On","12.934348,77.740688",
"10-Sep-2026 11:25:36","1.17","4.1","13.95","On","12.934313,77.740679",
"10-Sep-2026 11:26:06","0.86","4.1","13.95","On","12.934275,77.740655",
"10-Sep-2026 11:26:36","0.72","4.1","13.98","On","12.934288,77.740654",
"10-Sep-2026 11:27:06","2.33","4.1","13.98","On","12.934309,77.740661",
"10-Sep-2026 11:27:36","1.16","4.1","13.98","On","12.934322,77.74066",
"10-Sep-2026 11:28:06","2.37","4.1","13.95","On","12.934381,77.740698",
"10-Sep-2026 11:28:36","0.12","4.1","13.93","On","12.934391,77.740711",
"10-Sep-2026 11:29:06","0.32","4.1","13.95","On","12.934396,77.740711",
"10-Sep-2026 11:29:36","0.4","4.1","13.98","On","12.934408,77.740705",
"10-Sep-2026 11:30:06","0.45","4.1","13.95","On","12.934438,77.740711",
"10-Sep-2026 11:30:36","0.05","4.1","13.91","On","12.934439,77.740708",
"10-Sep-2026 11:31:06","0.44","4.1","13.91","On","12.934448,77.740716",
"10-Sep-2026 11:31:36","0.84","4.11","13.95","On","12.934439,77.740711",
"10-Sep-2026 11:32:06","0.18","4.1","13.95","On","12.934425,77.740706",
"10-Sep-2026 11:32:36","0.12","4.1","13.93","On","12.934421,77.740712",
"10-Sep-2026 11:33:06","0.95","4.11","13.95","On","12.934415,77.740711",
"10-Sep-2026 11:33:36","0.37","4.11","13.98","On","12.934411,77.740744",
"10-Sep-2026 11:34:06","0.55","4.11","13.98","On","12.934417,77.74074",
"10-Sep-2026 11:34:36","0.33","4.1","13.95","On","12.934445,77.740762",
"10-Sep-2026 11:35:06","0.23","4.1","13.91","On","12.934485,77.740793",
"10-Sep-2026 11:35:36","1.04","4.11","13.98","On","12.93451,77.740768",
"10-Sep-2026 11:36:06","0.19","4.1","13.95","On","12.934526,77.740765",
"10-Sep-2026 11:36:36","1.48","4.1","13.95","On","12.934539,77.74078",
"10-Sep-2026 11:36:53","15.12","4.1","13.95","On","12.934428,77.741067",
"10-Sep-2026 11:36:58","17.37","4.1","13.95","On","12.934452,77.741234",
"10-Sep-2026 11:37:03","15.89","4.1","13.95","On","12.934413,77.741375",
"10-Sep-2026 11:37:06","7.72","4.1","13.95","On","12.934359,77.741493",
"10-Sep-2026 11:37:36","14.7","4.1","13.95","On","12.934141,77.742098",
"10-Sep-2026 11:38:06","1.84","4.1","13.93","On","12.933897,77.742986",
"10-Sep-2026 11:38:13","1.67","4.1","13.93","On","12.933893,77.743024",
"10-Sep-2026 11:38:36","1.49","4.1","13.95","On","12.933844,77.743139",
"10-Sep-2026 11:39:06","16.41","4.1","13.95","On","12.934209,77.743354",
"10-Sep-2026 11:39:08","16.41","4.1","13.95","On","12.934209,77.743354",
"10-Sep-2026 11:39:18","12.12","4.1","13.95","On","12.934523,77.743556",
"10-Sep-2026 11:39:23","8.96","4.1","13.95","On","12.934565,77.743676",
"10-Sep-2026 11:39:36","2.4","4.1","13.95","On","12.934547,77.74379",
"10-Sep-2026 11:40:06","0.08","4.1","13.95","On","12.934504,77.743932",
"10-Sep-2026 11:40:36","0.48","4.1","13.95","On","12.934486,77.743948",
"10-Sep-2026 11:41:06","0.46","4.1","13.98","On","12.934466,77.743951",
"10-Sep-2026 11:41:36","0.2","4.1","13.95","On","12.934465,77.743952",
"10-Sep-2026 11:42:06","13.05","4.11","13.95","On","12.934442,77.744266",
"10-Sep-2026 11:42:08","13.05","4.11","13.95","On","12.934442,77.744266",
"10-Sep-2026 11:42:28","3.61","4.11","13.95","On","12.934386,77.745052",
"10-Sep-2026 11:42:36","18.64","4.1","13.95","On","12.934339,77.745442",
"10-Sep-2026 11:42:38","31.99","4.1","13.95","On","12.934112,77.745472",
"10-Sep-2026 11:43:06","8.87","4.1","13.95","On","12.932706,77.745544",
"10-Sep-2026 11:43:13","6.83","4.1","13.95","On","12.932642,77.745576",
"10-Sep-2026 11:43:36","5.59","4.1","13.95","On","12.932594,77.745814",
"10-Sep-2026 11:43:53","13.69","4.1","13.95","On","12.932602,77.746074",
"10-Sep-2026 11:43:58","17.72","4.1","13.95","On","12.932451,77.746254",
"10-Sep-2026 11:44:06","0.17","4.1","13.95","On","12.932294,77.746253",
"10-Sep-2026 11:44:36","13.44","4.1","13.95","On","12.931518,77.746177",
"10-Sep-2026 11:45:06","0.63","4.1","13.98","On","12.931394,77.74621",
"10-Sep-2026 11:45:36","0.09","4.1","13.98","On","12.931389,77.746227",
"10-Sep-2026 11:46:06","0.22","4.1","13.98","On","12.931381,77.746237",
"10-Sep-2026 11:46:36","0.11","4.1","14","On","12.931382,77.746237",
"10-Sep-2026 11:47:06","0.18","4.1","13.98","On","12.931393,77.746246",
"10-Sep-2026 11:47:36","0.32","4.1","13.98","On","12.931386,77.746236",
"10-Sep-2026 11:48:06","0.16","4.1","13.95","On","12.931384,77.746226",
"10-Sep-2026 11:48:36","0.39","4.1","13.95","On","12.931376,77.746227",
"10-Sep-2026 11:49:06","0.47","4.1","13.95","On","12.931368,77.746236",
"10-Sep-2026 11:49:36","0.46","4.1","13.98","On","12.931373,77.746251",
"10-Sep-2026 11:50:06","1.03","4.1","13.95","On","12.931379,77.746263",
"10-Sep-2026 11:50:36","0.19","4.1","13.98","On","12.931376,77.746276",
"10-Sep-2026 11:51:06","0.43","4.1","13.95","On","12.931375,77.746274",
"10-Sep-2026 11:51:36","0.32","4.11","13.95","On","12.931379,77.746268",
"10-Sep-2026 11:52:06","0.23","4.1","13.98","On","12.931377,77.746271",
"10-Sep-2026 11:52:28","2.88","4.1","13.98","On","12.93136,77.746263",
"10-Sep-2026 11:52:36","13.28","4.1","13.93","On","12.931209,77.746321",
"10-Sep-2026 11:52:43","27.29","4.1","13.93","On","12.930962,77.746212",
"10-Sep-2026 11:53:03","13.57","4.1","13.93","On","12.931178,77.744526",
"10-Sep-2026 11:53:06","13.57","4.1","13.93","On","12.931178,77.744526",
"10-Sep-2026 11:53:08","19.44","4.1","13.93","On","12.931371,77.744581",
"10-Sep-2026 11:53:13","9.91","4.1","13.93","On","12.931489,77.744658",
"10-Sep-2026 11:53:18","21.67","4.1","13.93","On","12.931663,77.7446",
"10-Sep-2026 11:53:33","14.37","4.1","13.93","On","12.932259,77.744241",
"10-Sep-2026 11:53:36","13.13","4.1","13.95","On","12.932361,77.74436",
"10-Sep-2026 11:53:43","5.27","4.1","13.95","On","12.932478,77.74445",
"10-Sep-2026 11:54:06","0.76","4.1","13.93","On","12.932483,77.74443",
"10-Sep-2026 11:54:36","1.32","4.1","13.95","On","12.93249,77.744421",
"10-Sep-2026 11:55:06","0.68","4.1","13.93","On","12.932498,77.744398",
"10-Sep-2026 11:55:36","1.35","4.1","13.98","On","12.932484,77.744394",
"10-Sep-2026 11:56:06","0.64","4.11","13.95","On","12.932486,77.744404",
"10-Sep-2026 11:56:36","0.9","4.1","13.95","On","12.932501,77.744384",
"10-Sep-2026 11:57:06","0.66","4.1","13.95","On","12.93251,77.744378",
"10-Sep-2026 11:57:36","2.32","4.1","13.91","On","12.93252,77.744344",
"10-Sep-2026 11:58:06","1.52","4.1","13.83","On","12.932429,77.744371",
"10-Sep-2026 11:58:36","1.83","4.1","13.91","On","12.932395,77.744355",
"10-Sep-2026 11:59:06","0.71","4.1","13.93","On","12.932383,77.744354",
"10-Sep-2026 11:59:36","0.16","4.1","13.95","On","12.932386,77.744348",
"10-Sep-2026 12:00:06","0.16","4.1","13.93","On","12.932386,77.744341",
"10-Sep-2026 12:00:36","0.73","4.1","13.93","On","12.932374,77.744321",
"10-Sep-2026 12:01:06","1.18","4.1","13.93","On","12.932363,77.744318",
"10-Sep-2026 12:01:18","10.16","4.1","13.93","On","12.932358,77.744218",
"10-Sep-2026 12:01:23","12.39","4.1","13.93","On","12.932463,77.744138",
"10-Sep-2026 12:01:28","8.15","4.1","13.93","On","12.932712,77.744295",
"10-Sep-2026 12:01:33","13.73","4.1","13.93","On","12.932818,77.744348",
"10-Sep-2026 12:01:36","12.55","4.1","13.95","On","12.932991,77.744404",
"10-Sep-2026 12:01:58","13.11","4.1","13.95","On","12.933677,77.744668",
"10-Sep-2026 12:02:03","22.62","4.1","13.95","On","12.933767,77.74453",
"10-Sep-2026 12:02:06","10.62","4.1","13.95","On","12.933777,77.744314",
"10-Sep-2026 12:02:18","18.82","4.1","13.95","On","12.933932,77.743904",
"10-Sep-2026 12:02:23","17.89","4.1","13.95","On","12.934162,77.743905",
"10-Sep-2026 12:02:36","0.56","4.1","13.93","On","12.934354,77.743958",
"10-Sep-2026 12:03:06","0.1","4.1","13.95","On","12.934353,77.743953",
"10-Sep-2026 12:03:28","2.85","4.1","13.95","On","12.93433,77.743941",
"10-Sep-2026 12:03:36","7.63","4.1","13.93","On","12.934344,77.743885",
"10-Sep-2026 12:03:43","13.67","4.1","13.93","On","12.934362,77.743787",
"10-Sep-2026 12:03:48","14.61","4.1","13.93","On","12.934431,77.743634",
"10-Sep-2026 12:03:53","5.77","4.1","13.93","On","12.934511,77.743847",
"10-Sep-2026 12:04:06","0.27","4.1","13.95","On","12.934518,77.743876",
"10-Sep-2026 12:04:36","4.36","4.1","13.95","On","12.934474,77.744163",
"10-Sep-2026 12:05:06","22.1","4.1","13.98","On","12.9344,77.745258",
"10-Sep-2026 12:05:13","28.17","4.1","13.98","On","12.934069,77.745464",
"10-Sep-2026 12:05:36","13.5","4.1","13.93","On","12.933064,77.745528",
"10-Sep-2026 12:05:48","19.24","4.1","13.93","On","12.932611,77.745704",
"10-Sep-2026 12:06:03","16.96","4.1","13.93","On","12.932546,77.746268",
"10-Sep-2026 12:06:06","20.86","4.1","13.91","On","12.932348,77.746278",
"10-Sep-2026 12:06:08","20.86","4.1","13.91","On","12.932348,77.746278",
"10-Sep-2026 12:06:36","16.17","4.1","13.91","On","12.93124,77.7463",
"10-Sep-2026 12:06:43","6.5","4.1","13.91","On","12.931021,77.746379",
"10-Sep-2026 12:06:48","15","4.1","13.91","On","12.930956,77.746324",
"10-Sep-2026 12:06:53","26.53","4.1","13.91","On","12.930966,77.745815",
"10-Sep-2026 12:07:06","29.81","4.1","13.93","On","12.931092,77.744935",
"10-Sep-2026 12:07:13","4.22","4.1","13.93","On","12.931157,77.744543",
"10-Sep-2026 12:07:28","10.55","4.1","13.93","On","12.930971,77.744511",
"10-Sep-2026 12:07:36","5.84","4.1","13.91","On","12.930785,77.74445",
"10-Sep-2026 12:08:06","0.89","4.1","13.93","On","12.930693,77.744345",
"10-Sep-2026 12:08:36","0.55","4.1","13.93","On","12.930637,77.744328",
"10-Sep-2026 12:09:06","0.03","4.1","13.93","On","12.930574,77.744243",
"10-Sep-2026 12:09:28","3.56","4.1","13.93","On","12.930567,77.744237",
"10-Sep-2026 12:09:36","4.47","4.1","13.95","On","12.930581,77.744201",
"10-Sep-2026 12:10:06","0.51","4.1","14","On","12.930736,77.744231",
"10-Sep-2026 12:10:36","0.31","4.1","13.95","On","12.930763,77.74424",
"10-Sep-2026 12:11:06","0.44","4.11","13.98","On","12.930777,77.744263",
"10-Sep-2026 12:11:36","0.23","4.1","13.95","On","12.930795,77.74427",
"10-Sep-2026 12:12:06","0.67","4.1","13.98","On","12.930808,77.744266",
"10-Sep-2026 12:12:36","0.62","4.1","13.98","On","12.930817,77.744276",
"10-Sep-2026 12:13:06","0.86","4.1","13.98","On","12.930808,77.74429",
"10-Sep-2026 12:13:36","0.58","4.1","13.98","On","12.930808,77.744296",
"10-Sep-2026 12:14:06","0.54","4.1","13.95","On","12.930798,77.744344",
"10-Sep-2026 12:14:36","0.47","4.11","13.98","On","12.9308,77.744352",
"10-Sep-2026 12:15:06","0.11","4.11","13.98","On","12.930798,77.744341",
"10-Sep-2026 12:15:36","0.39","4.1","13.95","On","12.930806,77.744334",
"10-Sep-2026 12:16:06","0.2","4.11","13.95","On","12.930801,77.744306",
"10-Sep-2026 12:16:36","0.12","4.1","13.95","On","12.930804,77.744317",
"10-Sep-2026 12:17:06","0.44","4.1","13.95","On","12.930796,77.744291",
"10-Sep-2026 12:17:36","0.7","4.1","13.95","On","12.930799,77.744278",
"10-Sep-2026 12:18:06","1.2","4.1","13.95","On","12.930811,77.744287",
"10-Sep-2026 12:18:36","0.39","4.1","13.95","On","12.930813,77.744261",
"10-Sep-2026 12:19:06","0.45","4.1","13.95","On","12.930819,77.744265",
"10-Sep-2026 12:19:36","1.07","4.1","13.95","On","12.930844,77.744234",
"10-Sep-2026 12:20:06","0.46","4.1","13.98","On","12.930844,77.744193",
"10-Sep-2026 12:20:36","0.22","4.1","13.98","On","12.930884,77.74416",
"10-Sep-2026 12:21:06","0.37","4.1","13.98","On","12.930915,77.744144",
"10-Sep-2026 12:21:36","0.37","4.11","13.95","On","12.930953,77.744131",
"10-Sep-2026 12:22:06","0.16","4.1","13.98","On","12.93097,77.744114",
"10-Sep-2026 12:22:36","0.09","4.1","13.95","On","12.930971,77.744107",
"10-Sep-2026 12:23:06","0.74","4.1","13.95","On","12.93097,77.744113",
"10-Sep-2026 12:23:36","0.35","4.11","13.98","On","12.930995,77.744109",
"10-Sep-2026 12:24:06","0.62","4.1","13.95","On","12.930976,77.744053",
"10-Sep-2026 12:24:36","0.35","4.1","14","On","12.930979,77.744035",
"10-Sep-2026 12:25:06","8.26","4.1","13.98","On","12.93105,77.744071",
"10-Sep-2026 12:25:13","13.29","4.1","13.98","On","12.931237,77.74417",
"10-Sep-2026 12:25:28","12.71","4.1","13.98","On","12.931582,77.744379",
"10-Sep-2026 12:25:33","13.04","4.1","13.98","On","12.93171,77.744424",
"10-Sep-2026 12:25:36","13.04","4.1","13.95","On","12.93171,77.744424",
"10-Sep-2026 12:25:48","20.89","4.1","13.95","On","12.932056,77.744223",
"10-Sep-2026 12:25:53","10.03","4.1","13.95","On","12.932301,77.744058",
"10-Sep-2026 12:25:58","11.98","4.1","13.95","On","12.932367,77.744161",
"10-Sep-2026 12:26:03","12","4.1","13.95","On","12.932456,77.744208",
"10-Sep-2026 12:26:06","15.12","4.1","13.93","On","12.932553,77.744093",
"10-Sep-2026 12:26:13","9.43","4.1","13.93","On","12.932799,77.744199",
"10-Sep-2026 12:26:23","17.49","4.1","13.93","On","12.933037,77.744289",
"10-Sep-2026 12:26:36","2.82","4.1","13.91","On","12.933544,77.744535",
"10-Sep-2026 12:26:48","14.33","4.1","13.91","On","12.933814,77.744576",
"10-Sep-2026 12:26:53","16.17","4.1","13.91","On","12.933853,77.744425",
"10-Sep-2026 12:27:06","19.28","4.1","13.93","On","12.9339,77.744107",
"10-Sep-2026 12:27:08","15.84","4.1","13.93","On","12.93394,77.743929",
"10-Sep-2026 12:27:13","17.52","4.1","13.93","On","12.93408,77.743865",
"10-Sep-2026 12:27:23","8.6","4.1","13.93","On","12.934405,77.74373",
"10-Sep-2026 12:27:36","3.38","4.1","13.93","On","12.934477,77.74358",
"10-Sep-2026 12:28:06","1.87","4.11","13.95","On","12.934521,77.743566",
"10-Sep-2026 12:28:36","0.21","4.1","13.95","On","12.93454,77.743547",
"10-Sep-2026 12:29:06","0.7","4.1","13.95","On","12.934549,77.743529",
"10-Sep-2026 12:29:36","0.57","4.1","13.93","On","12.93454,77.743537",
"10-Sep-2026 12:30:06","0.12","4.1","13.95","On","12.934594,77.743492",
"10-Sep-2026 12:30:36","0.4","4.1","13.88","On","12.934583,77.743498",
"10-Sep-2026 12:31:06","1.94","4.1","13.86","On","12.934534,77.743542",
"10-Sep-2026 12:31:36","0.32","4.1","13.88","On","12.934537,77.743541",
"10-Sep-2026 12:32:06","0.42","4.11","13.93","On","12.934534,77.743533",
"10-Sep-2026 12:32:36","0.4","4.1","13.93","On","12.93453,77.743532",
"10-Sep-2026 12:33:06","0.25","4.1","13.93","On","12.934533,77.743536",
"10-Sep-2026 12:33:36","0.1","4.1","13.93","On","12.934527,77.743535",
"10-Sep-2026 12:34:06","0.32","4.1","13.95","On","12.934519,77.743539",
"10-Sep-2026 12:34:36","0.21","4.1","13.95","On","12.934518,77.743546",
"10-Sep-2026 12:35:06","0.32","4.1","13.93","On","12.934522,77.743539",
"10-Sep-2026 12:35:36","0.17","4.1","13.93","On","12.934531,77.743516",
"10-Sep-2026 12:36:06","0.96","4.1","13.93","On","12.934546,77.743495",
"10-Sep-2026 12:36:36","0.34","4.1","13.93","On","12.934541,77.743495",
"10-Sep-2026 12:37:06","0.25","4.1","13.98","On","12.934542,77.743493",
"10-Sep-2026 12:37:36","0.09","4.1","13.98","On","12.934552,77.743502",
"10-Sep-2026 12:38:06","0.32","4.1","13.91","On","12.934552,77.743501",
"10-Sep-2026 12:38:36","0.35","4.1","13.91","On","12.934545,77.74352",
"10-Sep-2026 12:39:06","0.2","4.1","13.95","On","12.934549,77.743521",
"10-Sep-2026 12:39:36","0.25","4.1","13.93","On","12.934539,77.743514",
"10-Sep-2026 12:40:06","0.28","4.1","13.93","On","12.93454,77.743519",
"10-Sep-2026 12:40:36","0.35","4.1","13.93","On","12.934546,77.743517",
"10-Sep-2026 12:41:06","0.84","4.1","13.95","On","12.934549,77.743516",
"10-Sep-2026 12:41:36","0.47","4.1","13.95","On","12.934549,77.743516",
"10-Sep-2026 12:42:06","0.71","4.1","13.93","On","12.934547,77.743514",
"10-Sep-2026 12:42:36","0.33","4.1","13.93","On","12.934548,77.743517",
"10-Sep-2026 12:43:06","0.33","4.1","13.93","On","12.934547,77.743511",
"10-Sep-2026 12:43:36","5.86","4.1","13.91","On","12.934582,77.743493",
"10-Sep-2026 12:44:06","1.04","4.1","13.91","On","12.934941,77.743548",
"10-Sep-2026 12:44:36","8.67","4.1","13.93","On","12.935299,77.74369",
"10-Sep-2026 12:44:53","12.43","4.1","13.93","On","12.935748,77.743884",
"10-Sep-2026 12:44:58","19.64","4.1","13.93","On","12.935887,77.744004",
"10-Sep-2026 12:45:06","16.6","4.1","13.95","On","12.936109,77.744223",
"10-Sep-2026 12:45:13","8.49","4.1","13.95","On","12.936253,77.744371",
"10-Sep-2026 12:45:18","11.31","4.1","13.95","On","12.936309,77.744452",
"10-Sep-2026 12:45:36","1.03","4.1","13.95","On","12.936404,77.74453",
"10-Sep-2026 12:46:06","0.27","4.1","13.95","On","12.936436,77.74459",
"10-Sep-2026 12:46:36","0.18","4.1","13.98","On","12.936434,77.744584",
"10-Sep-2026 12:47:06","0.27","4.1","13.95","On","12.936431,77.744583",
"10-Sep-2026 12:47:36","0.21","4.1","13.95","On","12.936444,77.744576",
"10-Sep-2026 12:48:06","0.48","4.1","13.95","On","12.936447,77.74458",
"10-Sep-2026 12:48:36","0.11","4.1","13.95","On","12.936443,77.744591",
"10-Sep-2026 12:49:06","0.36","4.1","13.95","On","12.936448,77.744618",
"10-Sep-2026 12:49:36","0.28","4.1","13.95","On","12.936443,77.744614",
"10-Sep-2026 12:50:06","0.06","4.1","13.98","On","12.936447,77.744634",
"10-Sep-2026 12:50:36","0.13","4.1","13.93","On","12.936471,77.744655",
"10-Sep-2026 12:51:06","2.64","4.1","13.91","On","12.936581,77.744751",
"10-Sep-2026 12:51:08","2.64","4.1","13.91","On","12.936581,77.744751",
"10-Sep-2026 12:51:36","0.84","4.1","13.93","On","12.936612,77.744873",
"10-Sep-2026 12:52:06","6.12","4.1","13.93","On","12.936952,77.745297",
"10-Sep-2026 12:52:36","0.33","4.1","13.93","On","12.93715,77.745499",
"10-Sep-2026 12:53:06","0.06","4.1","13.98","On","12.937175,77.74551",
"10-Sep-2026 12:53:36","0.09","4.1","13.98","On","12.937186,77.745515",
"10-Sep-2026 12:54:06","0.12","4.11","13.95","On","12.937201,77.74552",
"10-Sep-2026 12:54:36","0.06","4.1","13.95","On","12.937203,77.745516",
"10-Sep-2026 12:55:06","0.15","4.1","13.93","On","12.937202,77.745507",
"10-Sep-2026 12:55:36","0.33","4.1","13.95","On","12.937251,77.745611",
"10-Sep-2026 12:55:58","15.1","4.1","13.95","On","12.937488,77.745966",
"10-Sep-2026 12:56:06","10.27","4.1","13.93","On","12.937612,77.746122",
"10-Sep-2026 12:56:36","0.26","4.11","13.95","On","12.93771,77.746235",
"10-Sep-2026 12:57:06","0.14","4.1","13.95","On","12.937713,77.746241",
"10-Sep-2026 12:57:36","0.25","4.1","13.95","On","12.937711,77.746244",
"10-Sep-2026 12:58:06","0.3","4.1","13.93","On","12.937706,77.746253",
"10-Sep-2026 12:58:36","0.33","4.1","13.95","On","12.937701,77.746257",
"10-Sep-2026 12:59:06","0.17","4.11","13.93","On","12.9377,77.746267",
"10-Sep-2026 12:59:36","0.56","4.1","13.95","On","12.937693,77.746261",
"10-Sep-2026 13:00:06","0.26","4.11","13.95","On","12.9378,77.746379",
"10-Sep-2026 13:00:36","1.18","4.1","13.95","On","12.938219,77.746865",
"10-Sep-2026 13:00:58","2.32","4.1","13.95","On","12.938362,77.747019",
"10-Sep-2026 13:01:06","3.78","4.1","13.95","On","12.938425,77.747082",
"10-Sep-2026 13:01:36","0.3","4.1","13.93","On","12.938502,77.747173",
"10-Sep-2026 13:02:06","0.08","4.1","13.91","On","12.938518,77.747178",
"10-Sep-2026 13:02:36","0.55","4.1","13.91","On","12.938525,77.747173",
"10-Sep-2026 13:03:06","1.03","4.11","13.93","On","12.938522,77.747205",
"10-Sep-2026 13:03:36","17.38","4.1","13.95","On","12.938505,77.74749",
"10-Sep-2026 13:03:43","16.99","4.1","13.95","On","12.938453,77.747802",
"10-Sep-2026 13:03:58","26.77","4.1","13.95","On","12.938401,77.748432",
"10-Sep-2026 13:04:06","22.24","4.1","13.98","On","12.938432,77.748951",
"10-Sep-2026 13:04:18","15.28","4.1","13.98","On","12.938579,77.749553",
"10-Sep-2026 13:04:23","13.2","4.1","13.98","On","12.938741,77.749579",
"10-Sep-2026 13:04:28","14.29","4.1","13.98","On","12.938822,77.749673",
"10-Sep-2026 13:04:36","16.49","4.1","13.95","On","12.938814,77.74993",
"10-Sep-2026 13:04:58","11.43","4.1","13.95","On","12.938901,77.751087",
"10-Sep-2026 13:05:03","23.73","4.1","13.95","On","12.939076,77.751123",
"10-Sep-2026 13:05:06","13.89","4.1","13.95","On","12.939252,77.751146",
"10-Sep-2026 13:05:33","23.72","4.1","13.95","On","12.940329,77.751332",
"10-Sep-2026 13:05:36","24.82","4.1","13.95","On","12.940603,77.75134",
"10-Sep-2026 13:05:38","12.58","4.1","13.95","On","12.940815,77.751332",
"10-Sep-2026 13:05:48","14.76","4.1","13.95","On","12.940958,77.751248",
"10-Sep-2026 13:06:06","12.52","4.1","13.95","On","12.94118,77.7502",
"10-Sep-2026 13:06:13","20.55","4.1","13.95","On","12.941038,77.75015",
"10-Sep-2026 13:06:36","0.57","4.1","13.95","On","12.940759,77.750114",
"10-Sep-2026 13:07:06","0.37","4.1","13.98","On","12.940757,77.750103",
"10-Sep-2026 13:07:36","0.19","4.1","14","On","12.940787,77.750081",
"10-Sep-2026 13:08:06","0.47","4.1","13.98","On","12.940801,77.75009",
"10-Sep-2026 13:08:36","0.14","4.11","13.98","On","12.940798,77.750085",
"10-Sep-2026 13:09:06","0.54","4.1","13.98","On","12.9408,77.750083",
"10-Sep-2026 13:09:18","2.72","4.1","13.98","On","12.940782,77.750081",
"10-Sep-2026 13:09:36","4.33","4.1","13.95","On","12.940596,77.750146",
"10-Sep-2026 13:10:06","0.03","4.1","13.98","On","12.940754,77.750113",
"10-Sep-2026 13:10:36","0.23","4.1","13.95","On","12.940739,77.750115",
"10-Sep-2026 13:11:06","0.24","4.1","13.95","On","12.940742,77.750117",
"10-Sep-2026 13:11:36","0.19","4.1","13.95","On","12.940762,77.750109",
"10-Sep-2026 13:12:06","0.5","4.1","13.98","On","12.940787,77.750094",
"10-Sep-2026 13:12:36","0.2","4.11","13.98","On","12.940791,77.750096",
"10-Sep-2026 13:13:06","0.19","4.1","13.98","On","12.940807,77.750094",
"10-Sep-2026 13:13:36","0.58","4.1","13.98","On","12.940824,77.750083",
"10-Sep-2026 13:14:06","1.85","4.1","13.98","On","12.940925,77.750074",
"10-Sep-2026 13:14:18","10.51","4.1","13.98","On","12.941035,77.750079",
"10-Sep-2026 13:14:28","9.17","4.1","13.98","On","12.941238,77.750099",
"10-Sep-2026 13:14:33","10.86","4.1","13.98","On","12.941258,77.750014",
"10-Sep-2026 13:14:36","6.3","4.1","13.95","On","12.941254,77.749973",
"10-Sep-2026 13:14:53","7.88","4.1","13.95","On","12.941391,77.749513",
"10-Sep-2026 13:14:58","12.43","4.1","13.95","On","12.941472,77.749455",
"10-Sep-2026 13:15:06","19.03","4.11","13.95","On","12.941873,77.749331",
"10-Sep-2026 13:15:08","17.91","4.11","13.95","On","12.942082,77.749369",
"10-Sep-2026 13:15:13","15.8","4.11","13.95","On","12.94224,77.749401",
"10-Sep-2026 13:15:28","11.51","4.11","13.95","On","12.942728,77.749381",
"10-Sep-2026 13:15:36","19.28","4.11","13.95","On","12.942812,77.749761",
"10-Sep-2026 13:16:06","19.49","4.1","13.98","On","12.943296,77.750793",
"10-Sep-2026 13:16:13","13.38","4.1","13.98","On","12.943457,77.75105",
"10-Sep-2026 13:16:36","32.15","4.1","13.95","On","12.944304,77.751753",
"10-Sep-2026 13:17:06","11.11","4.1","13.95","On","12.946357,77.753468",
"10-Sep-2026 13:17:13","32.35","4.1","13.95","On","12.94657,77.754105",
"10-Sep-2026 13:17:18","14.08","4.1","13.95","On","12.946769,77.754321",
"10-Sep-2026 13:17:28","32.22","4.1","13.95","On","12.94705,77.754349",
"10-Sep-2026 13:17:33","35.51","4.1","13.95","On","12.947527,77.754578",
"10-Sep-2026 13:17:36","35.51","4.1","13.95","On","12.947527,77.754578",
"10-Sep-2026 13:17:53","27.11","4.1","13.95","On","12.948641,77.755957",
"10-Sep-2026 13:18:03","1.15","4.1","13.95","On","12.948983,77.75606",
"10-Sep-2026 13:18:06","0.26","4.1","13.93","On","12.948985,77.756059",
"10-Sep-2026 13:18:36","0.31","4.1","13.95","On","12.949053,77.756055",
"10-Sep-2026 13:19:06","7.2","4.1","13.95","On","12.949101,77.756084",
"10-Sep-2026 13:19:36","0.29","4.1","13.98","On","12.949349,77.756046",
"10-Sep-2026 13:20:06","1.25","4.1","13.93","On","12.949369,77.756031",
"10-Sep-2026 13:20:36","0.1","4.1","13.91","On","12.949372,77.756006",
"10-Sep-2026 13:21:06","6.67","4.1","13.93","On","12.949421,77.75605",
"10-Sep-2026 13:21:36","1.54","4.1","13.86","On","12.949367,77.756072",
"10-Sep-2026 13:22:06","0.82","4.1","13.86","On","12.949301,77.756094",
"10-Sep-2026 13:22:36","3.3","4.1","13.88","On","12.9493,77.756084",
"10-Sep-2026 13:23:06","0.74","4.1","13.86","On","12.949281,77.756101",
"10-Sep-2026 13:23:36","2.39","4.1","13.88","On","12.949135,77.756084",
"10-Sep-2026 13:24:06","2.55","4.1","13.88","On","12.94902,77.756045",
"10-Sep-2026 13:24:36","0.53","4.1","13.95","On","12.948975,77.756074",
"10-Sep-2026 13:25:06","1.72","4.1","13.91","On","12.948908,77.756039",
"10-Sep-2026 13:25:36","0.43","4.1","13.93","On","12.948908,77.756042",
"10-Sep-2026 13:26:06","0.07","4.1","13.98","On","12.948906,77.756014",
"10-Sep-2026 13:26:36","0.23","4.1","13.98","On","12.948905,77.756008",
"10-Sep-2026 13:27:06","0.52","4.1","13.98","On","12.948897,77.756032",
"10-Sep-2026 13:27:36","0.44","4.1","13.98","On","12.948909,77.756021",
"10-Sep-2026 13:28:06","0.6","4.1","13.95","On","12.948908,77.756016",
"10-Sep-2026 13:28:36","0.89","4.1","13.98","On","12.948911,77.75603",
"10-Sep-2026 13:29:06","0.18","4.1","13.95","On","12.948911,77.756035",
"10-Sep-2026 13:29:36","0.17","4.1","13.98","On","12.948958,77.756083",
"10-Sep-2026 13:30:06","1.44","4.1","13.93","On","12.94908,77.756203",
"10-Sep-2026 13:30:13","10.19","4.1","13.93","On","12.949026,77.75619",
"10-Sep-2026 13:30:18","23.02","4.1","13.93","On","12.948741,77.756012",
"10-Sep-2026 13:30:33","15.41","4.1","13.93","On","12.948163,77.755738",
"10-Sep-2026 13:30:36","18.9","4.1","13.95","On","12.948086,77.755579",
"10-Sep-2026 13:30:58","27","4.1","13.95","On","12.947213,77.754368",
"10-Sep-2026 13:31:06","24.11","4.11","13.98","On","12.946719,77.754306",
"10-Sep-2026 13:31:08","24.11","4.11","13.98","On","12.946719,77.754306",
"10-Sep-2026 13:31:13","19.99","4.11","13.98","On","12.946575,77.754147",
"10-Sep-2026 13:31:28","17.92","4.11","13.98","On","12.946214,77.753337",
"10-Sep-2026 13:31:36","19.01","4.11","13.98","On","12.945922,77.753201",
"10-Sep-2026 13:31:38","9.13","4.11","13.98","On","12.945779,77.753244",
"10-Sep-2026 13:32:06","26.72","4.1","13.95","On","12.944242,77.753959",
"10-Sep-2026 13:32:18","11.5","4.1","13.95","On","12.943367,77.754368",
"10-Sep-2026 13:32:23","20.65","4.1","13.95","On","12.943318,77.75451",
"10-Sep-2026 13:32:36","30.42","4.11","13.98","On","12.943112,77.755212",
"10-Sep-2026 13:33:03","29.56","4.11","13.98","On","12.942246,77.757067",
"10-Sep-2026 13:33:06","23.97","4.1","13.95","On","12.942111,77.757302",
"10-Sep-2026 13:33:23","22.94","4.1","13.95","On","12.941388,77.758199",
"10-Sep-2026 13:33:33","21.24","4.1","13.95","On","12.940934,77.758308",
"10-Sep-2026 13:33:36","9.49","4.1","13.95","On","12.940812,77.758311",
"10-Sep-2026 13:33:43","21.94","4.1","13.95","On","12.940513,77.758409",
"10-Sep-2026 13:33:58","21.59","4.1","13.95","On","12.939803,77.75909",
"10-Sep-2026 13:34:06","9.26","4.1","14","On","12.939725,77.759487",
"10-Sep-2026 13:34:18","39.06","4.1","14","On","12.939763,77.760213",
"10-Sep-2026 13:34:36","19.93","4.1","13.95","On","12.940085,77.761343",
"10-Sep-2026 13:34:38","9.32","4.1","13.95","On","12.940192,77.761424",
"10-Sep-2026 13:35:03","11.44","4.1","13.95","On","12.940848,77.761936",
"10-Sep-2026 13:35:06","5.93","4.1","13.95","On","12.940885,77.762011",
"10-Sep-2026 13:35:18","10.26","4.1","13.95","On","12.94092,77.762262",
"10-Sep-2026 13:35:36","20.83","4.1","13.98","On","12.940822,77.762914",
"10-Sep-2026 13:35:58","8.93","4.1","13.98","On","12.940691,77.763851",
"10-Sep-2026 13:36:03","13.74","4.1","13.98","On","12.940758,77.76395",
"10-Sep-2026 13:36:06","11.03","4.11","13.95","On","12.940824,77.764003",
"10-Sep-2026 13:36:23","19.23","4.11","13.95","On","12.941543,77.764357",
"10-Sep-2026 13:36:36","15","4.1","13.93","On","12.942059,77.764576",
"10-Sep-2026 13:36:48","10.41","4.1","13.93","On","12.942341,77.764617",
"10-Sep-2026 13:37:03","5.77","4.1","13.93","On","12.942222,77.764167",
"10-Sep-2026 13:37:06","0.95","4.1","13.93","On","12.942192,77.764158",
"10-Sep-2026 13:37:36","4.69","4.1","13.93","On","12.942133,77.764175",
"10-Sep-2026 13:37:58","19.91","4.1","13.93","On","12.942086,77.76396",
"10-Sep-2026 13:38:06","12.37","4.11","13.95","On","12.942142,77.763654",
"10-Sep-2026 13:38:36","0.53","4.1","13.98","On","12.942138,77.763527",
"10-Sep-2026 13:39:06","0.13","4.11","13.98","On","12.942128,77.763503",
"10-Sep-2026 13:39:36","0.16","4.1","13.98","On","12.942118,77.763504",
"10-Sep-2026 13:40:06","0.49","4.1","13.98","On","12.942126,77.763491",
"10-Sep-2026 13:40:36","0.3","4.1","14","On","12.942126,77.763498",
"10-Sep-2026 13:41:06","0.24","4.1","13.95","On","12.942106,77.763502",
"10-Sep-2026 13:41:36","0.56","4.1","13.98","On","12.942113,77.763524",
"10-Sep-2026 13:42:06","1.09","4.1","13.93","On","12.942132,77.763521",
"10-Sep-2026 13:42:13","1.25","4.1","13.93","On","12.942115,77.763547",
"10-Sep-2026 13:42:23","11.43","4.1","13.93","On","12.94212,77.763625",
"10-Sep-2026 13:42:28","7.02","4.1","13.93","On","12.942082,77.76389",
"10-Sep-2026 13:42:36","0.24","4.1","13.95","On","12.94208,77.763919",
"10-Sep-2026 13:43:06","0.27","4.1","13.98","On","12.942092,77.763923",
"10-Sep-2026 13:43:36","0.4","4.1","14","On","12.942095,77.763936",
"10-Sep-2026 13:44:06","0.39","4.1","13.98","On","12.942079,77.763932",
"10-Sep-2026 13:44:36","0.09","4.1","13.98","On","12.942069,77.763945",
"10-Sep-2026 13:45:06","0.71","4.1","13.95","On","12.942081,77.763957",
"10-Sep-2026 13:45:36","0.05","4.1","13.98","On","12.942068,77.76394",
"10-Sep-2026 13:46:06","0.22","4.1","13.98","On","12.942086,77.763941",
"10-Sep-2026 13:46:36","0.7","4.1","13.98","On","12.942063,77.763947",
"10-Sep-2026 13:47:06","0.46","4.1","14","On","12.942057,77.763976",
"10-Sep-2026 13:47:36","0.31","4.1","13.98","On","12.942048,77.763945",
"10-Sep-2026 13:48:06","0.28","4.1","14","On","12.942058,77.763942",
"10-Sep-2026 13:48:36","1.03","4.1","13.98","On","12.942046,77.763962",
"10-Sep-2026 13:49:06","0.47","4.11","14","On","12.942038,77.763974",
"10-Sep-2026 13:49:36","0.21","4.1","13.98","On","12.942046,77.763984",
"10-Sep-2026 13:50:06","0.22","4.11","13.98","On","12.942054,77.763978",
"10-Sep-2026 13:50:36","0.27","4.11","14","On","12.942067,77.763955",
"10-Sep-2026 13:51:06","0.06","4.11","14","On","12.942059,77.763952",
"10-Sep-2026 13:51:36","0.42","4.1","13.98","On","12.942058,77.763955",
"10-Sep-2026 13:52:06","0.68","4.1","13.98","On","12.942042,77.763965",
"10-Sep-2026 13:52:36","0.54","4.1","13.95","On","12.94205,77.763972",
"10-Sep-2026 13:53:06","0.62","4.1","13.98","On","12.942046,77.763979",
"10-Sep-2026 13:53:36","0.41","4.1","14","On","12.942045,77.763973",
"10-Sep-2026 13:54:06","0.35","4.1","13.98","On","12.942033,77.763958",
"10-Sep-2026 13:54:36","0.22","4.1","14.03","On","12.942032,77.763941",
"10-Sep-2026 13:55:06","3.9","4.11","13.98","On","12.942038,77.763984",
"10-Sep-2026 13:55:36","4.84","4.11","13.98","On","12.942027,77.764185",
"10-Sep-2026 13:56:06","0.46","4.11","13.93","On","12.942039,77.76459",
"10-Sep-2026 13:56:13","13.63","4.11","13.93","On","12.94196,77.764601",
"10-Sep-2026 13:56:36","27.09","4.11","13.98","On","12.940843,77.764064",
"10-Sep-2026 13:56:38","24.15","4.11","13.98","On","12.940675,77.763894",
"10-Sep-2026 13:56:43","34.24","4.11","13.98","On","12.940687,77.763573",
"10-Sep-2026 13:57:06","4.62","4.1","13.98","On","12.940921,77.762193",
"10-Sep-2026 13:57:13","11.14","4.1","13.98","On","12.940872,77.762003",
"10-Sep-2026 13:57:18","6.75","4.1","13.98","On","12.940813,77.76194",
"10-Sep-2026 13:57:36","9.23","4.1","13.98","On","12.940449,77.761656",
"10-Sep-2026 13:57:48","18.86","4.1","13.98","On","12.940059,77.761282",
"10-Sep-2026 13:57:58","1.54","4.1","13.98","On","12.939891,77.760974",
"10-Sep-2026 13:58:06","1.99","4.1","13.95","On","12.93988,77.760944",
"10-Sep-2026 13:58:36","13.67","4.1","13.98","On","12.939676,77.759659",
"10-Sep-2026 13:59:06","0.08","4.1","14","On","12.939743,77.758983",
"10-Sep-2026 13:59:36","0.18","4.1","14","On","12.939737,77.758982",
"10-Sep-2026 14:00:36","0.16","4.1","13.98","On","12.939749,77.75896",
"10-Sep-2026 14:00:49","18.65","4.1","13.98","On","12.939849,77.758789",
"10-Sep-2026 14:01:04","31.57","4.1","13.98","On","12.940577,77.758343",
"10-Sep-2026 14:01:06","29.51","4.1","13.95","On","12.940875,77.758276",
"10-Sep-2026 14:01:09","29.51","4.1","13.95","On","12.940875,77.758276",
"10-Sep-2026 14:01:14","30.2","4.1","13.95","On","12.941439,77.758116",
"10-Sep-2026 14:01:34","26.58","4.1","13.95","On","12.942308,77.756857",
"10-Sep-2026 14:01:36","26.58","4.1","13.98","On","12.942308,77.756857",
"10-Sep-2026 14:02:06","25.43","4.1","13.98","On","12.942998,77.755404",
"10-Sep-2026 14:02:29","16.76","4.1","13.98","On","12.943281,77.754309",
"10-Sep-2026 14:02:34","29.63","4.1","13.98","On","12.943345,77.753819",
"10-Sep-2026 14:02:36","29.63","4.1","13.98","On","12.943345,77.753819",
"10-Sep-2026 14:03:06","0.43","4.1","13.64","Off","12.943424,77.753255",
"10-Sep-2026 14:03:36","0.09","4.1","13.52","Off","12.943418,77.753251",
"10-Sep-2026 14:04:06","0.13","4.1","13.47","Off","12.943414,77.753252",
"10-Sep-2026 14:04:36","0.02","4.1","13.42","Off","12.943404,77.753258",
"10-Sep-2026 14:04:37","0.02","4.1","13.42","Off","12.943404,77.753258",
"10-Sep-2026 14:05:36","0.25","4.11","13.45","Off","12.94339,77.753252",
"10-Sep-2026 14:06:06","0.08","4.11","13.42","Off","12.94339,77.753252",
"10-Sep-2026 14:07:06","0.17","4.11","13.4","Off","12.943394,77.753237",
"10-Sep-2026 14:08:06","0.13","4.11","13.38","Off","12.943392,77.753246",
"10-Sep-2026 14:08:37","0.13","4.11","13.35","Off","12.943392,77.753246",
"10-Sep-2026 14:13:31","0.13","4.11","13.28","Off","12.943392,77.753246",
"10-Sep-2026 14:13:31","0.15","4.11","13.28","Off","12.943398,77.753248",
"10-Sep-2026 14:14:01","1.02","4.11","13.28","Off","12.943458,77.753285",
"10-Sep-2026 14:14:06","0.25","4.11","13.23","Off","12.943472,77.753292",
"10-Sep-2026 14:15:06","0.49","4.11","13.18","Off","12.943414,77.753233",
"10-Sep-2026 14:15:47","0.49","4.11","13.18","Off","12.943414,77.753233",
"10-Sep-2026 14:15:47","0.14","4.11","13.18","Off","12.943411,77.753226",
"10-Sep-2026 14:16:06","0.12","4.11","13.11","Off","12.943417,77.753232",
"10-Sep-2026 14:16:36","12.53","4.11","13.4","On","12.943432,77.753192",
"10-Sep-2026 14:16:36","12.53","4.11","13.4","On","12.943432,77.753192",
"10-Sep-2026 14:17:06","20.44","4.11","13.86","On","12.943416,77.75162",
"10-Sep-2026 14:17:11","20.49","4.11","13.86","On","12.943409,77.751174",
"10-Sep-2026 14:17:36","17.37","4.11","13.91","On","12.94287,77.750023",
"10-Sep-2026 14:18:06","18.73","4.11","13.93","On","12.942631,77.748538",
"10-Sep-2026 14:18:36","4.89","4.11","13.93","On","12.942476,77.747243",
"10-Sep-2026 14:18:36","4.89","4.11","13.93","On","12.942476,77.747243",
"10-Sep-2026 14:18:51","12.74","4.11","13.93","On","12.942695,77.746991",
"10-Sep-2026 14:19:06","24.57","4.11","13.91","On","12.943414,77.746974",
"10-Sep-2026 14:19:06","24.57","4.11","13.91","On","12.943414,77.746974",
"10-Sep-2026 14:19:11","15.91","4.11","13.91","On","12.943706,77.746975",
"10-Sep-2026 14:19:16","20.92","4.11","13.91","On","12.943906,77.746979",
"10-Sep-2026 14:19:21","25.64","4.11","13.91","On","12.944127,77.746978",
"10-Sep-2026 14:19:26","23.9","4.11","13.91","On","12.944375,77.746982",
"10-Sep-2026 14:19:31","0.7","4.11","13.91","On","12.94459,77.746985",
"10-Sep-2026 14:19:36","0.75","4.11","13.93","On","12.944592,77.746983",
"10-Sep-2026 14:20:06","0.74","4.11","13.93","On","12.944604,77.746978",
"10-Sep-2026 14:20:36","0.15","4.1","13.93","On","12.944605,77.74698",
"10-Sep-2026 14:20:51","11.69","4.1","13.93","On","12.94474,77.747043",
"10-Sep-2026 14:21:06","17.89","4.11","13.91","On","12.945273,77.747119",
"10-Sep-2026 14:21:11","8.21","4.11","13.91","On","12.945532,77.747154",
"10-Sep-2026 14:21:26","10.1","4.11","13.91","On","12.945778,77.747037",
"10-Sep-2026 14:21:36","9.75","4.11","13.91","On","12.946003,77.746876",
"10-Sep-2026 14:21:51","11.23","4.11","13.91","On","12.946475,77.74664",
"10-Sep-2026 14:22:06","0.53","4.1","13.64","Off","12.946499,77.746635",
"10-Sep-2026 14:22:11","0.02","4.1","13.64","Off","12.946497,77.74663",
"10-Sep-2026 14:22:36","0.17","4.11","13.52","Off","12.9465,77.746633",
"10-Sep-2026 14:23:06","0.09","4.11","13.45","Off","12.946504,77.746639",
"10-Sep-2026 14:23:29","0.09","4.11","13.45","Off","12.946504,77.746639",
"10-Sep-2026 14:24:06","0.16","4.11","13.47","Off","12.946508,77.74666",
"10-Sep-2026 14:24:11","0.16","4.11","13.45","Off","12.946508,77.74666",
"10-Sep-2026 14:24:36","0.35","4.11","13.4","Off","12.94651,77.746654",
"10-Sep-2026 14:25:06","0.16","4.11","13.4","Off","12.946507,77.746643",
"10-Sep-2026 14:25:36","0.14","4.11","13.35","Off","12.946506,77.746642",
"10-Sep-2026 14:26:06","0.13","4.11","13.33","Off","12.946503,77.746649",
"10-Sep-2026 14:26:36","0.34","4.11","13.3","Off","12.946501,77.746655",
"10-Sep-2026 14:27:06","2.67","4.1","13.59","On","12.946475,77.746651",
"10-Sep-2026 14:27:21","13.33","4.1","13.59","On","12.946534,77.746521",
"10-Sep-2026 14:27:31","15.95","4.1","13.59","On","12.946787,77.746355",
"10-Sep-2026 14:27:36","27.87","4.11","13.91","On","12.947242,77.746274",
"10-Sep-2026 14:28:01","32.73","4.11","13.91","On","12.948998,77.745479",
"10-Sep-2026 14:28:06","26.92","4.11","13.93","On","12.94924,77.745294",
"10-Sep-2026 14:28:06","26.92","4.11","13.93","On","12.94924,77.745294",
"10-Sep-2026 14:28:36","35.45","4.1","13.93","On","12.951741,77.744636",
"10-Sep-2026 14:28:56","27.56","4.1","13.93","On","12.953388,77.744067",
"10-Sep-2026 14:29:01","28.74","4.1","13.93","On","12.953639,77.74417",
"10-Sep-2026 14:29:06","31.83","4.1","13.95","On","12.953935,77.744259",
"10-Sep-2026 14:29:06","31.83","4.1","13.95","On","12.953935,77.744259",
"10-Sep-2026 14:29:11","31.74","4.1","13.95","On","12.954245,77.744243",
"10-Sep-2026 14:29:16","39.79","4.1","13.95","On","12.954954,77.744271",
"10-Sep-2026 14:29:36","10.84","4.1","13.93","On","12.956309,77.744922",
"10-Sep-2026 14:29:36","10.84","4.1","13.93","On","12.956309,77.744922",
"10-Sep-2026 14:29:41","11.48","4.1","13.93","On","12.956418,77.744964",
"10-Sep-2026 14:29:46","16.65","4.1","13.93","On","12.956551,77.744921",
"10-Sep-2026 14:29:51","15.62","4.1","13.93","On","12.956626,77.744794",
"10-Sep-2026 14:30:06","29.93","4.11","13.93","On","12.956797,77.743816",
"10-Sep-2026 14:30:36","32.68","4.11","13.95","On","12.956923,77.740997",
"10-Sep-2026 14:31:06","25.97","4.11","13.98","On","12.956968,77.739261",
"10-Sep-2026 14:31:36","34.26","4.1","13.95","On","12.956982,77.73664",
"10-Sep-2026 14:31:36","34.26","4.1","13.95","On","12.956982,77.73664",
"10-Sep-2026 14:32:06","54.55","4.11","13.95","On","12.956603,77.734315",
"10-Sep-2026 14:32:36","31.03","4.1","13.93","On","12.956156,77.731212",
"10-Sep-2026 14:33:06","39.68","4.11","13.95","On","12.955977,77.728956",
"10-Sep-2026 14:33:36","41.79","4.11","13.95","On","12.955859,77.725666",
"10-Sep-2026 14:34:06","19.78","4.11","13.95","On","12.955804,77.722922",
"10-Sep-2026 14:34:36","0.92","4.1","13.95","On","12.95577,77.722195",
"10-Sep-2026 14:35:06","3.88","4.1","13.93","On","12.955797,77.72215",
"10-Sep-2026 14:35:36","12.75","4.11","13.93","On","12.955803,77.722011",
"10-Sep-2026 14:35:51","6.48","4.11","13.93","On","12.955782,77.721845",
"10-Sep-2026 14:36:06","3.53","4.1","13.93","On","12.955789,77.721533",
"10-Sep-2026 14:36:36","7.65","4.11","13.93","On","12.955791,77.721245",
"10-Sep-2026 14:36:46","11.24","4.11","13.93","On","12.955843,77.721211",
"10-Sep-2026 14:37:01","11.57","4.11","13.93","On","12.955941,77.72184",
"10-Sep-2026 14:37:06","15.72","4.11","13.93","On","12.956094,77.721848",
"10-Sep-2026 14:37:06","15.72","4.11","13.93","On","12.956094,77.721848",
"10-Sep-2026 14:37:36","8.66","4.11","13.93","On","12.956673,77.721875",
"10-Sep-2026 14:37:51","3.53","4.11","13.93","On","12.957104,77.721859",
"10-Sep-2026 14:38:06","11.19","4.11","13.93","On","12.957413,77.721902",
"10-Sep-2026 14:38:06","11.19","4.11","13.93","On","12.957413,77.721902",
"10-Sep-2026 14:38:11","6.07","4.11","13.93","On","12.957566,77.72192",
"10-Sep-2026 14:38:26","15","4.11","13.93","On","12.958143,77.721926",
"10-Sep-2026 14:38:31","18.71","4.11","13.93","On","12.958344,77.721926",
"10-Sep-2026 14:38:36","15.09","4.1","13.91","On","12.958536,77.721946",
"10-Sep-2026 14:38:36","15.09","4.1","13.91","On","12.958536,77.721946",
"10-Sep-2026 14:38:41","7.18","4.1","13.91","On","12.958801,77.721976",
"10-Sep-2026 14:39:01","19.13","4.1","13.91","On","12.95893,77.721562",
"10-Sep-2026 14:39:06","18.57","4.1","13.93","On","12.958929,77.721347",
"10-Sep-2026 14:39:16","9.23","4.1","13.93","On","12.959003,77.721112",
"10-Sep-2026 14:39:21","16.72","4.1","13.93","On","12.959381,77.721058",
"10-Sep-2026 14:39:26","6.93","4.1","13.93","On","12.959563,77.721061",
"10-Sep-2026 14:39:36","14.03","4.1","13.93","On","12.959782,77.721062",
"10-Sep-2026 14:39:46","10.55","4.1","13.93","On","12.960106,77.721116",
"10-Sep-2026 14:39:56","11.29","4.1","13.93","On","12.960301,77.721147",
"10-Sep-2026 14:40:01","12.4","4.1","13.93","On","12.960334,77.721317",
"10-Sep-2026 14:40:06","18.66","4.1","13.93","On","12.960337,77.721507",
"10-Sep-2026 14:40:26","1.84","4.1","13.93","On","12.96027,77.722357",
"10-Sep-2026 14:40:36","0.81","4.11","13.95","On","12.960275,77.722352",
"10-Sep-2026 14:41:06","0.13","4.1","13.98","On","12.960242,77.722344",
"10-Sep-2026 14:41:36","0.36","4.11","13.95","On","12.960219,77.722327",
"10-Sep-2026 14:42:06","0.38","4.11","13.98","On","12.96025,77.722318",
"10-Sep-2026 14:42:36","0.21","4.1","13.98","On","12.960257,77.72232",
"10-Sep-2026 14:43:06","0.25","4.1","14","On","12.960236,77.72233",
"10-Sep-2026 14:43:36","0.35","4.11","13.95","On","12.960244,77.722349",
"10-Sep-2026 14:44:06","0.41","4.1","13.95","On","12.960224,77.722287",
"10-Sep-2026 14:44:36","0.89","4.11","13.98","On","12.960216,77.722275",
"10-Sep-2026 14:45:06","5.86","4.11","13.98","On","12.960233,77.722174",
"10-Sep-2026 14:45:36","7.88","4.11","13.93","On","12.960301,77.721701",
"10-Sep-2026 14:45:41","14.91","4.11","13.93","On","12.960328,77.721583",
"10-Sep-2026 14:45:46","12.64","4.11","13.93","On","12.960312,77.721189",
"10-Sep-2026 14:45:51","3.29","4.11","13.93","On","12.960266,77.721117",
"10-Sep-2026 14:46:06","9.16","4.1","13.95","On","12.959896,77.721143",
"10-Sep-2026 14:46:36","7.74","4.11","13.93","On","12.959089,77.721155",
"10-Sep-2026 14:46:46","19.73","4.11","13.93","On","12.958979,77.721498",
"10-Sep-2026 14:46:56","4.68","4.11","13.93","On","12.958927,77.721746",
"10-Sep-2026 14:47:06","6.76","4.1","13.95","On","12.958887,77.721958",
"10-Sep-2026 14:47:21","12.47","4.1","13.95","On","12.958724,77.722017",
"10-Sep-2026 14:47:36","16.42","4.11","13.95","On","12.958078,77.722031",
"10-Sep-2026 14:47:36","16.42","4.11","13.95","On","12.958078,77.722031",
"10-Sep-2026 14:47:46","8.64","4.11","13.95","On","12.957669,77.721988",
"10-Sep-2026 14:48:06","10.66","4.1","13.95","On","12.957272,77.722026",
"10-Sep-2026 14:48:36","10.68","4.1","13.95","On","12.956271,77.721985",
"10-Sep-2026 14:48:46","12.16","4.1","13.95","On","12.95603,77.722003",
"10-Sep-2026 14:49:06","26.46","4.1","13.93","On","12.955906,77.723264",
"10-Sep-2026 14:49:11","6.31","4.1","13.93","On","12.955885,77.72343",
"10-Sep-2026 14:49:26","21.08","4.1","13.93","On","12.955761,77.722977",
"10-Sep-2026 14:49:36","18.16","4.11","13.93","On","12.955773,77.722549",
"10-Sep-2026 14:50:06","20.33","4.11","13.93","On","12.955525,77.721035",
"10-Sep-2026 14:50:06","20.33","4.11","13.93","On","12.955525,77.721035",
"10-Sep-2026 14:50:36","10.51","4.1","13.93","On","12.954451,77.721064",
"10-Sep-2026 14:51:06","25.66","4.11","13.95","On","12.953489,77.721263",
"10-Sep-2026 14:51:06","25.66","4.11","13.95","On","12.953489,77.721263",
"10-Sep-2026 14:51:26","15.79","4.11","13.95","On","12.953179,77.721829",
"10-Sep-2026 14:51:36","32.26","4.11","13.93","On","12.952699,77.721841",
"10-Sep-2026 14:52:01","5.66","4.11","13.93","On","12.951919,77.721856",
"10-Sep-2026 14:52:06","2.96","4.11","13.93","On","12.951852,77.721876",
"10-Sep-2026 14:52:36","23.12","4.1","13.95","On","12.950594,77.722027",
"10-Sep-2026 14:53:06","10.17","4.1","13.93","On","12.949139,77.722133",
"10-Sep-2026 14:53:06","10.17","4.1","13.93","On","12.949139,77.722133",
"10-Sep-2026 14:53:36","16.53","4.1","13.95","On","12.947466,77.722315",
"10-Sep-2026 14:53:51","9.92","4.1","13.95","On","12.947011,77.722328",
"10-Sep-2026 14:53:56","11.45","4.1","13.95","On","12.946961,77.722241",
"10-Sep-2026 14:54:06","12.26","4.1","13.93","On","12.946845,77.721872",
"10-Sep-2026 14:54:11","6.15","4.1","13.93","On","12.946799,77.721814",
"10-Sep-2026 14:54:36","1.16","4.1","13.93","On","12.94648,77.721851",
"10-Sep-2026 14:55:06","0.39","4.11","13.95","On","12.94649,77.721814",
"10-Sep-2026 14:55:36","0.41","4.11","13.91","On","12.946458,77.7218",
"10-Sep-2026 14:56:06","4.97","4.11","13.91","On","12.94647,77.721839",
"10-Sep-2026 14:56:36","0.52","4.1","13.93","On","12.946434,77.721797",
"10-Sep-2026 14:57:06","0.06","4.1","13.98","On","12.946412,77.721777",
"10-Sep-2026 14:57:36","0.21","4.1","13.98","On","12.946423,77.721773",
"10-Sep-2026 14:58:06","0.39","4.1","14","On","12.946421,77.721763",
"10-Sep-2026 14:58:36","0.17","4.1","13.98","On","12.946436,77.721763",
"10-Sep-2026 14:59:06","0.39","4.1","13.95","On","12.946445,77.72175",
"10-Sep-2026 14:59:36","0.32","4.1","14","On","12.946445,77.721741",
"10-Sep-2026 15:00:06","0.22","4.1","13.98","On","12.946451,77.721744",
"10-Sep-2026 15:00:36","0.45","4.1","14.03","On","12.94645,77.721748",
"10-Sep-2026 15:01:06","0.72","4.1","14","On","12.946456,77.721745",
"10-Sep-2026 15:01:36","0.25","4.11","14","On","12.946464,77.721737",
"10-Sep-2026 15:02:06","0.28","4.11","14","On","12.946468,77.721735",
"10-Sep-2026 15:02:36","0.47","4.1","13.98","On","12.946461,77.721731",
"10-Sep-2026 15:03:06","0.47","4.1","14","On","12.946465,77.721735",
"10-Sep-2026 15:03:36","0.62","4.1","13.98","On","12.946472,77.721728",
"10-Sep-2026 15:04:06","0.41","4.1","14","On","12.946471,77.721719",
"10-Sep-2026 15:04:36","0.6","4.1","14","On","12.94646,77.721705",
"10-Sep-2026 15:05:06","0.56","4.1","14","On","12.946485,77.721708",
"10-Sep-2026 15:05:36","0.21","4.1","13.98","On","12.946487,77.721716",
"10-Sep-2026 15:06:06","0.31","4.1","14","On","12.946464,77.721715",
"10-Sep-2026 15:06:36","0.34","4.1","13.98","On","12.946461,77.72172",
"10-Sep-2026 15:07:06","0.08","4.1","13.98","On","12.946464,77.721721",
"10-Sep-2026 15:07:36","0.46","4.1","14","On","12.946461,77.721737",
"10-Sep-2026 15:08:06","0.44","4.1","14","On","12.946483,77.721743",
"10-Sep-2026 15:08:36","0.54","4.1","13.98","On","12.946508,77.721745",
"10-Sep-2026 15:09:06","0.38","4.1","13.98","On","12.946504,77.721734",
"10-Sep-2026 15:09:36","0.53","4.1","13.98","On","12.946483,77.721714",
"10-Sep-2026 15:10:06","0.94","4.1","13.91","On","12.946485,77.721676",
"10-Sep-2026 15:10:36","4.09","4.1","13.95","On","12.946775,77.721728",
"10-Sep-2026 15:10:56","14.43","4.1","13.95","On","12.94678,77.721455",
"10-Sep-2026 15:11:06","19.5","4.1","13.98","On","12.946591,77.721045",
"10-Sep-2026 15:11:06","19.5","4.1","13.98","On","12.946591,77.721045",
"10-Sep-2026 15:11:31","7.33","4.1","13.98","On","12.945902,77.720131",
"10-Sep-2026 15:11:36","9.45","4.1","13.95","On","12.945873,77.720065",
"10-Sep-2026 15:12:06","7.99","4.1","13.98","On","12.945475,77.718934",
"10-Sep-2026 15:12:36","0.39","4.1","13.93","On","12.945338,77.718218",
"10-Sep-2026 15:13:06","0.42","4.1","13.98","On","12.945328,77.718211",
"10-Sep-2026 15:13:36","0.35","4.1","13.98","On","12.94533,77.718199",
"10-Sep-2026 15:14:06","0.43","4.1","13.98","On","12.945333,77.718208",
"10-Sep-2026 15:14:36","0.46","4.1","14","On","12.945326,77.718198",
"10-Sep-2026 15:15:06","2.96","4.1","13.98","On","12.945306,77.718166",
"10-Sep-2026 15:15:36","17.54","4.1","13.98","On","12.945077,77.717764",
"10-Sep-2026 15:16:06","5.37","4.1","14","On","12.944653,77.716996",
"10-Sep-2026 15:16:11","17.31","4.1","14","On","12.944474,77.717027",
"10-Sep-2026 15:16:36","25.78","4.1","13.98","On","12.942649,77.718263",
"10-Sep-2026 15:17:01","31.42","4.1","13.98","On","12.94052,77.718839",
"10-Sep-2026 15:17:06","26.54","4.1","13.95","On","12.940253,77.718761",
"10-Sep-2026 15:17:06","38.85","4.1","13.95","On","12.940069,77.718494",
"10-Sep-2026 15:17:16","30.48","4.1","13.95","On","12.939585,77.717922",
"10-Sep-2026 15:17:21","24.92","4.1","13.95","On","12.939323,77.717879",
"10-Sep-2026 15:17:36","4.73","4.1","13.95","On","12.939084,77.717961",
"10-Sep-2026 15:17:41","4.28","4.1","13.95","On","12.939056,77.717981",
"10-Sep-2026 15:17:56","12.54","4.1","13.95","On","12.939035,77.718235",
"10-Sep-2026 15:18:06","6.64","4.1","13.95","On","12.939053,77.718441",
"10-Sep-2026 15:18:26","4.13","4.1","13.95","On","12.939066,77.718976",
"10-Sep-2026 15:18:31","15.18","4.1","13.95","On","12.93904,77.718891",
"10-Sep-2026 15:18:36","15.52","4.1","13.93","On","12.939029,77.718717",
"10-Sep-2026 15:18:56","10.88","4.1","13.93","On","12.93891,77.71802",
"10-Sep-2026 15:19:01","31.96","4.1","13.93","On","12.938717,77.718049",
"10-Sep-2026 15:19:06","46.34","4.1","13.95","On","12.938321,77.718116",
"10-Sep-2026 15:19:36","46.68","4.1","13.98","On","12.934469,77.718835",
"10-Sep-2026 15:20:06","42.16","4.1","13.98","On","12.931449,77.718956",
"10-Sep-2026 15:20:26","35.69","4.1","13.98","On","12.929404,77.718762",
"10-Sep-2026 15:20:36","25.28","4.1","13.98","On","12.92843,77.718338",
"10-Sep-2026 15:20:56","14.86","4.1","13.98","On","12.927807,77.717937",
"10-Sep-2026 15:21:06","45.67","4.1","13.98","On","12.927327,77.717551",
"10-Sep-2026 15:21:16","39.59","4.1","13.98","On","12.926281,77.716669",
"10-Sep-2026 15:21:31","34.19","4.1","13.98","On","12.92513,77.716616",
"10-Sep-2026 15:21:36","34.86","4.11","13.98","On","12.924821,77.716767",
"10-Sep-2026 15:22:06","3.04","4.1","13.98","On","12.923105,77.71746",
"10-Sep-2026 15:22:36","0.28","4.1","13.98","On","12.922959,77.717544",
"10-Sep-2026 15:23:06","0.37","4.1","14","On","12.922956,77.717544",
"10-Sep-2026 15:23:36","0.31","4.1","13.98","On","12.92295,77.717535",
"10-Sep-2026 15:24:06","26.2","4.1","13.98","On","12.922322,77.717781",
"10-Sep-2026 15:24:11","31.92","4.1","13.98","On","12.922013,77.718084",
"10-Sep-2026 15:24:36","43.58","4.11","13.98","On","12.921568,77.720295",
"10-Sep-2026 15:25:06","43.02","4.11","13.98","On","12.920653,77.723864",
"10-Sep-2026 15:25:36","35.3","4.1","13.98","On","12.920228,77.72611",
"10-Sep-2026 15:25:46","27.67","4.1","13.98","On","12.920211,77.726686",
"10-Sep-2026 15:26:06","38.27","4.1","13.98","On","12.92033,77.728456",
"10-Sep-2026 15:26:21","32.04","4.1","13.98","On","12.92068,77.72984",
"10-Sep-2026 15:26:36","25.16","4.11","13.98","On","12.921986,77.730766",
"10-Sep-2026 15:26:51","29.24","4.11","13.98","On","12.922306,77.731259",
"10-Sep-2026 15:27:06","37.35","4.1","13.95","On","12.921828,77.732643",
"10-Sep-2026 15:27:36","1.64","4.1","13.98","On","12.921302,77.734074",
"10-Sep-2026 15:27:57","17.14","4.1","13.98","On","12.921222,77.734233",
"10-Sep-2026 15:28:02","7","4.1","13.98","On","12.921195,77.73436",
"10-Sep-2026 15:28:06","6.73","4.1","13.95","On","12.921188,77.734428",
"10-Sep-2026 15:28:36","4.85","4.11","13.98","On","12.920993,77.734672",
"10-Sep-2026 15:29:06","16.51","4.1","13.95","On","12.920841,77.735295",
"10-Sep-2026 15:29:36","3.23","4.11","13.93","On","12.920505,77.735435",
"10-Sep-2026 15:29:47","16.97","4.11","13.93","On","12.920294,77.735439",
"10-Sep-2026 15:29:52","0.98","4.11","13.93","On","12.920194,77.735452",
"10-Sep-2026 15:30:06","0.02","4.1","13.95","On","12.920184,77.735434",
"10-Sep-2026 15:30:36","0.17","4.11","13.93","On","12.920171,77.73542",
"10-Sep-2026 15:31:06","0.73","4.1","13.98","On","12.919831,77.735399",
"10-Sep-2026 15:31:36","0.26","4.11","13.95","On","12.919811,77.735394",
"10-Sep-2026 15:32:06","0.46","4.1","14","On","12.919799,77.735374",
"10-Sep-2026 15:32:36","0.35","4.11","14","On","12.919809,77.735363",
"10-Sep-2026 15:33:06","1.02","4.11","13.98","On","12.919825,77.735359",
"10-Sep-2026 15:33:36","0.75","4.11","13.95","On","12.919823,77.735367",
"10-Sep-2026 15:34:06","0.7","4.1","13.93","On","12.919622,77.735408",
"10-Sep-2026 15:34:36","0.47","4.1","13.98","On","12.919561,77.735421",
"10-Sep-2026 15:35:06","0.11","4.1","13.98","On","12.919547,77.735433",
"10-Sep-2026 15:35:36","0.35","4.1","13.95","On","12.919562,77.735443",
"10-Sep-2026 15:36:06","0.48","4.11","13.98","On","12.919564,77.735445",
"10-Sep-2026 15:36:36","0.26","4.11","13.98","On","12.91955,77.735451",
"10-Sep-2026 15:37:06","1.18","4.11","13.95","On","12.919492,77.735458",
"10-Sep-2026 15:37:36","0.53","4.11","13.91","On","12.919277,77.735476",
"10-Sep-2026 15:38:06","1.87","4.11","13.91","On","12.919197,77.73547",
"10-Sep-2026 15:38:22","14.85","4.11","13.91","On","12.919028,77.735178",
"10-Sep-2026 15:38:36","3.85","4.1","13.93","On","12.91898,77.735106",
"10-Sep-2026 15:39:06","0.64","4.1","13.98","On","12.918905,77.735017",
"10-Sep-2026 15:39:36","0.25","4.1","13.98","On","12.918893,77.735008",
"10-Sep-2026 15:40:06","7.3","4.1","13.98","On","12.918748,77.734683",
"10-Sep-2026 15:40:12","6.94","4.1","13.98","On","12.918703,77.734593",
"10-Sep-2026 15:40:22","53.34","4.1","13.98","On","12.917546,77.734331",
"10-Sep-2026 15:40:36","24.64","4.11","13.98","On","12.916548,77.734152",
"10-Sep-2026 15:41:02","45.07","4.11","13.98","On","12.914001,77.734293",
"10-Sep-2026 15:41:06","43.27","4.1","13.95","On","12.913617,77.734026",
"10-Sep-2026 15:41:36","8.08","4.1","13.98","On","12.912095,77.73345",
"10-Sep-2026 15:41:47","28.93","4.1","13.98","On","12.911497,77.733066",
"10-Sep-2026 15:42:06","40.08","4.11","13.95","On","12.910568,77.731929",
"10-Sep-2026 15:42:27","5.57","4.11","13.95","On","12.909348,77.73091",
"10-Sep-2026 15:42:36","8.83","4.1","13.95","On","12.909157,77.730771",
"10-Sep-2026 15:43:06","0.25","4.1","13.95","On","12.909078,77.730688",
"10-Sep-2026 15:43:36","0.35","4.11","13.98","On","12.909075,77.730689",
"10-Sep-2026 15:44:02","35.86","4.11","13.98","On","12.909003,77.730543",
"10-Sep-2026 15:44:06","39.98","4.1","13.95","On","12.908876,77.730174",
"10-Sep-2026 15:44:12","37.75","4.1","13.95","On","12.908544,77.729905",
"10-Sep-2026 15:44:22","38.4","4.1","13.95","On","12.907727,77.729674",
"10-Sep-2026 15:44:36","57.46","4.11","13.95","On","12.906153,77.72998",
"10-Sep-2026 15:44:47","22.87","4.11","13.95","On","12.905127,77.730067",
"10-Sep-2026 15:44:52","17.39","4.11","13.95","On","12.9052,77.729815",
"10-Sep-2026 15:45:06","44.21","4.11","13.93","On","12.905714,77.728388",
"10-Sep-2026 15:45:36","19.3","4.11","13.93","On","12.906437,77.726569",
"10-Sep-2026 15:45:42","22.21","4.11","13.93","On","12.906315,77.72619",
"10-Sep-2026 15:46:06","5.04","4.11","13.93","On","12.905599,77.725912",
"10-Sep-2026 15:46:07","5.04","4.11","13.93","On","12.905599,77.725912",
"10-Sep-2026 15:46:17","13.27","4.11","13.93","On","12.905478,77.725812",
"10-Sep-2026 15:46:32","27.57","4.11","13.93","On","12.905347,77.725038",
"10-Sep-2026 15:46:36","28.76","4.11","13.91","On","12.905334,77.724691",
"10-Sep-2026 15:46:42","19.43","4.11","13.91","On","12.905252,77.724543",
"10-Sep-2026 15:46:57","2.91","4.11","13.91","On","12.904535,77.72454",
"10-Sep-2026 15:47:06","36.31","4.1","13.95","On","12.904039,77.724444",
"10-Sep-2026 15:47:36","39.2","4.1","13.95","On","12.901787,77.723632",
"10-Sep-2026 15:47:52","24.26","4.1","13.95","On","12.900657,77.722923",
"10-Sep-2026 15:47:57","31.97","4.1","13.95","On","12.900628,77.722639",
"10-Sep-2026 15:48:06","33.32","4.1","13.93","On","12.900562,77.722057",
"10-Sep-2026 15:48:07","33.32","4.1","13.93","On","12.900562,77.722057",
"10-Sep-2026 15:48:22","18.22","4.1","13.93","On","12.900061,77.721426",
"10-Sep-2026 15:48:27","26.83","4.1","13.93","On","12.899608,77.721358",
"10-Sep-2026 15:48:36","27.77","4.11","13.95","On","12.899068,77.721411",
"10-Sep-2026 15:48:37","27.77","4.11","13.95","On","12.899068,77.721411",
"10-Sep-2026 15:49:02","4.63","4.11","13.95","On","12.897809,77.721101",
"10-Sep-2026 15:49:06","17.31","4.1","13.98","On","12.897635,77.720969",
"10-Sep-2026 15:49:07","17.31","4.1","13.98","On","12.897635,77.720969",
"10-Sep-2026 15:49:12","17.53","4.1","13.98","On","12.897616,77.720775",
"10-Sep-2026 15:49:17","8.86","4.1","13.98","On","12.897522,77.720694",
"10-Sep-2026 15:49:36","1.15","4.11","13.98","On","12.897017,77.720552",
"10-Sep-2026 15:50:06","0.12","4.1","13.95","On","12.896963,77.720564",
"10-Sep-2026 15:50:36","0.8","4.1","13.98","On","12.896937,77.72056",
"10-Sep-2026 15:51:06","0.48","4.1","13.98","On","12.896858,77.720513",
"10-Sep-2026 15:51:36","9.17","4.1","13.98","On","12.896679,77.720467",
"10-Sep-2026 15:51:42","10.23","4.1","13.98","On","12.896578,77.720381",
"10-Sep-2026 15:51:52","28.72","4.1","13.98","On","12.895949,77.719983",
"10-Sep-2026 15:52:06","27.69","4.1","13.95","On","12.89508,77.719782",
"10-Sep-2026 15:52:36","39.07","4.1","13.95","On","12.892925,77.718889",
"10-Sep-2026 15:53:02","23.41","4.1","13.95","On","12.891212,77.718117",
"10-Sep-2026 15:53:06","21.24","4.1","13.98","On","12.89112,77.718025",
"10-Sep-2026 15:53:36","27.79","4.11","13.95","On","12.889299,77.716835",
"10-Sep-2026 15:53:57","16.11","4.11","13.95","On","12.888291,77.716216",
"10-Sep-2026 15:54:06","32.71","4.1","13.95","On","12.888309,77.71572",
"10-Sep-2026 15:54:27","23.23","4.1","13.95","On","12.889,77.713974",
"10-Sep-2026 15:54:36","38.62","4.1","13.98","On","12.889298,77.713549",
"10-Sep-2026 15:54:57","19.99","4.1","13.98","On","12.890453,77.712023",
"10-Sep-2026 15:55:06","29.24","4.1","13.95","On","12.890484,77.711287",
"10-Sep-2026 15:55:12","20.26","4.1","13.95","On","12.890506,77.710662",
"10-Sep-2026 15:55:17","6.23","4.1","13.95","On","12.89033,77.71063",
"10-Sep-2026 15:55:32","37.95","4.1","13.95","On","12.889339,77.710738",
"10-Sep-2026 15:55:36","46.44","4.1","13.93","On","12.888942,77.710769",
"10-Sep-2026 15:55:37","46.44","4.1","13.93","On","12.888942,77.710769",
"10-Sep-2026 15:55:42","45.54","4.1","13.93","On","12.88851,77.710613",
"10-Sep-2026 15:55:52","39.66","4.1","13.93","On","12.887957,77.709902",
"10-Sep-2026 15:56:02","29.98","4.1","13.93","On","12.887702,77.709549",
"10-Sep-2026 15:56:06","25.6","4.1","13.93","On","12.887417,77.709495",
"10-Sep-2026 15:56:36","12.4","4.1","13.95","On","12.884384,77.709013",
"10-Sep-2026 15:57:06","39.19","4.1","13.98","On","12.882144,77.708534",
"10-Sep-2026 15:57:12","44.64","4.1","13.98","On","12.881485,77.708474",
"10-Sep-2026 15:57:32","1.88","4.1","13.98","On","12.880113,77.708669",
"10-Sep-2026 15:57:36","11.1","4.11","13.93","On","12.880072,77.708637",
"10-Sep-2026 15:57:37","11.1","4.11","13.93","On","12.880072,77.708637",
"10-Sep-2026 15:57:47","22.06","4.11","13.93","On","12.88018,77.708518",
"10-Sep-2026 15:58:06","44.63","4.1","13.95","On","12.881848,77.708202",
"10-Sep-2026 15:58:32","31.68","4.1","13.95","On","12.883942,77.707544",
"10-Sep-2026 15:58:36","27.13","4.1","13.95","On","12.884038,77.707255",
"10-Sep-2026 15:59:06","27.68","4.11","13.98","On","12.884918,77.705043",
"10-Sep-2026 15:59:32","45.02","4.11","13.98","On","12.885242,77.703066",
"10-Sep-2026 15:59:36","26.93","4.1","13.95","On","12.885112,77.702671",
"10-Sep-2026 16:00:06","46.72","4.1","13.95","On","12.884429,77.699945",
"10-Sep-2026 16:00:36","30.93","4.1","13.98","On","12.883943,77.697737",
"10-Sep-2026 16:01:06","20.48","4.1","14","On","12.883399,77.696314",
"10-Sep-2026 16:01:36","36.19","4.1","13.98","On","12.882738,77.69484",
"10-Sep-2026 16:02:06","22.83","4.11","14","On","12.881873,77.692319",
"10-Sep-2026 16:02:07","22.83","4.11","14","On","12.881873,77.692319",
"10-Sep-2026 16:02:12","5.67","4.11","14","On","12.881497,77.692323",
"10-Sep-2026 16:02:27","21.83","4.11","14","On","12.881396,77.692068",
"10-Sep-2026 16:02:36","34.63","4.1","13.95","On","12.881582,77.691162",
"10-Sep-2026 16:03:02","29.85","4.1","13.95","On","12.882003,77.688923",
"10-Sep-2026 16:03:06","27.46","4.1","13.98","On","12.881892,77.688669",
"10-Sep-2026 16:03:27","31.18","4.1","13.98","On","12.88094,77.686645",
"10-Sep-2026 16:03:36","3.27","4.1","13.95","On","12.880981,77.686045",
"10-Sep-2026 16:03:37","3.27","4.1","13.95","On","12.880981,77.686045",
"10-Sep-2026 16:03:42","21.46","4.1","13.95","On","12.880992,77.685943",
"10-Sep-2026 16:04:06","6.48","4.1","13.95","On","12.881426,77.684221",
"10-Sep-2026 16:04:36","12.12","4.1","13.98","On","12.881662,77.683151",
"10-Sep-2026 16:05:06","0.19","4.11","13.98","On","12.881703,77.682516",
"10-Sep-2026 16:05:36","1.13","4.1","13.98","On","12.881722,77.682429",
"10-Sep-2026 16:06:06","11.83","4.1","13.98","On","12.88176,77.681675",
"10-Sep-2026 16:06:36","20.47","4.11","13.98","On","12.881962,77.680311",
"10-Sep-2026 16:07:02","8.38","4.11","13.98","On","12.882048,77.679585",
"10-Sep-2026 16:07:06","15.61","4.1","13.93","On","12.88196,77.679536",
"10-Sep-2026 16:07:17","20.11","4.1","13.93","On","12.88144,77.679395",
"10-Sep-2026 16:07:36","10.21","4.1","13.98","On","12.880898,77.679237",
"10-Sep-2026 16:07:37","10.21","4.1","13.98","On","12.880898,77.679237",
"10-Sep-2026 16:07:42","13.4","4.1","13.98","On","12.880905,77.679106",
"10-Sep-2026 16:08:06","21.81","4.1","13.95","On","12.88119,77.678123",
"10-Sep-2026 16:08:07","21.81","4.1","13.95","On","12.88119,77.678123",
"10-Sep-2026 16:08:36","6.64","4.1","13.98","On","12.881125,77.67684",
"10-Sep-2026 16:09:06","10.11","4.1","13.98","On","12.88094,77.67607",
"10-Sep-2026 16:09:07","10.11","4.1","13.98","On","12.88094,77.67607",
"10-Sep-2026 16:09:36","7.88","4.11","13.98","On","12.880655,77.675307",
"10-Sep-2026 16:09:42","7.41","4.11","13.98","On","12.880629,77.675155",
"10-Sep-2026 16:10:06","4.49","4.1","13.98","On","12.880534,77.674803",
"10-Sep-2026 16:10:22","13.5","4.1","13.98","On","12.880387,77.674476",
"10-Sep-2026 16:10:36","5.92","4.1","13.95","On","12.880231,77.674183",
"10-Sep-2026 16:10:52","0.57","4.1","13.95","On","12.880126,77.674019",
"10-Sep-2026 16:11:06","3.6","4.11","13.98","On","12.880037,77.673926",
"10-Sep-2026 16:11:36","5.04","4.11","13.95","On","12.879757,77.673799",
"10-Sep-2026 16:11:57","19.66","4.11","13.95","On","12.879215,77.673431",
"10-Sep-2026 16:12:06","11.6","4.11","13.98","On","12.879266,77.673144",
"10-Sep-2026 16:12:36","3.84","4.1","13.95","On","12.879379,77.672166",
"10-Sep-2026 16:12:42","14.51","4.1","13.95","On","12.879282,77.672061",
"10-Sep-2026 16:13:06","5.79","4.11","13.95","On","12.879009,77.672005",
"10-Sep-2026 16:13:36","1.11","4.1","13.98","On","12.878337,77.671892",
"10-Sep-2026 16:14:06","0.35","4.1","13.98","On","12.878206,77.671843",
"10-Sep-2026 16:14:36","17.82","4.1","13.98","On","12.877735,77.671764",
"10-Sep-2026 16:15:06","3.04","4.1","13.98","On","12.87633,77.671519",
"10-Sep-2026 16:15:36","6.19","4.1","13.98","On","12.876235,77.67151",
"10-Sep-2026 16:16:06","0.27","4.1","13.98","On","12.876179,77.671493",
"10-Sep-2026 16:16:36","9.22","4.1","13.95","On","12.875724,77.671394",
"10-Sep-2026 16:16:37","9.22","4.1","13.95","On","12.875724,77.671394",
"10-Sep-2026 16:16:52","10.45","4.1","13.95","On","12.87552,77.670741",
"10-Sep-2026 16:17:02","22.25","4.1","13.95","On","12.875168,77.670311",
"10-Sep-2026 16:17:06","13.97","4.11","13.95","On","12.875103,77.670148",
"10-Sep-2026 16:17:36","8.3","4.1","13.95","On","12.874755,77.669239",
"10-Sep-2026 16:18:06","4.1","4.1","13.95","On","12.874562,77.668659",
"10-Sep-2026 16:18:36","11.6","4.1","14","On","12.874111,77.667655",
"10-Sep-2026 16:19:06","36.3","4.1","13.98","On","12.87342,77.665936",
"10-Sep-2026 16:19:36","51.66","4.1","13.95","On","12.871974,77.663034",
"10-Sep-2026 16:20:06","44.99","4.1","13.95","On","12.87074,77.659734",
"10-Sep-2026 16:20:22","9.45","4.1","13.95","On","12.870264,77.658668",
"10-Sep-2026 16:20:27","19.15","4.1","13.95","On","12.870222,77.658801",
"10-Sep-2026 16:20:36","18.28","4.1","13.93","On","12.870162,77.659008",
"10-Sep-2026 16:20:42","18.9","4.1","13.93","On","12.869978,77.659351",
"10-Sep-2026 16:21:06","0.51","4.1","13.98","On","12.869771,77.659595",
"10-Sep-2026 16:21:36","0.54","4.1","13.98","On","12.869746,77.659586",
"10-Sep-2026 16:22:06","0.11","4.1","13.98","On","12.869704,77.659573",
"10-Sep-2026 16:22:36","0.43","4.1","13.98","On","12.869712,77.659578",
"10-Sep-2026 16:23:06","0.74","4.1","14","On","12.869696,77.659571",
"10-Sep-2026 16:23:36","0.28","4.1","13.98","On","12.869678,77.659567",
"10-Sep-2026 16:24:06","0.63","4.1","13.95","On","12.869691,77.659572",
"10-Sep-2026 16:24:36","0.36","4.1","13.98","On","12.869693,77.659583",
"10-Sep-2026 16:25:06","1.7","4.1","14","On","12.869688,77.659571",
"10-Sep-2026 16:25:36","1.04","4.11","14","On","12.86968,77.659576",
"10-Sep-2026 16:26:06","0.38","4.11","14","On","12.86969,77.659573",
"10-Sep-2026 16:26:36","0.17","4.11","13.98","On","12.86969,77.659565",
"10-Sep-2026 16:27:06","0.33","4.1","13.98","On","12.869701,77.659562",
"10-Sep-2026 16:27:36","0.17","4.1","13.95","On","12.869721,77.659576",
"10-Sep-2026 16:28:06","0.6","4.1","13.98","On","12.869721,77.659572",
"10-Sep-2026 16:28:36","0.61","4.1","13.95","On","12.869727,77.65954",
"10-Sep-2026 16:29:06","0.75","4.1","13.98","On","12.869735,77.659529",
"10-Sep-2026 16:29:36","1.09","4.1","13.98","On","12.869727,77.659577",
"10-Sep-2026 16:30:06","0.05","4.11","13.98","On","12.869739,77.659597",
"10-Sep-2026 16:30:36","0.25","4.1","14","On","12.86974,77.659618",
"10-Sep-2026 16:31:06","0.48","4.1","14","On","12.869716,77.659628",
"10-Sep-2026 16:31:36","0.81","4.1","13.98","On","12.869725,77.659642",
"10-Sep-2026 16:32:06","0.47","4.11","14","On","12.869739,77.659634",
"10-Sep-2026 16:32:36","0.44","4.1","14","On","12.869729,77.65961",
"10-Sep-2026 16:33:06","0.4","4.1","14","On","12.869707,77.659604",
"10-Sep-2026 16:33:36","0.42","4.1","13.98","On","12.869689,77.659594",
"10-Sep-2026 16:34:06","0.24","4.11","13.98","On","12.869684,77.65958",
"10-Sep-2026 16:34:36","0.32","4.1","13.98","On","12.869696,77.659568",
"10-Sep-2026 16:35:06","0.54","4.1","13.98","On","12.869703,77.659582",
"10-Sep-2026 16:35:36","0.26","4.1","14","On","12.869697,77.659611",
"10-Sep-2026 16:36:06","0.58","4.1","14","On","12.869704,77.659608",
"10-Sep-2026 16:36:36","0.27","4.11","14","On","12.86972,77.659614",
"10-Sep-2026 16:37:06","0.96","4.1","13.98","On","12.869725,77.659613",
"10-Sep-2026 16:37:36","0.39","4.1","14","On","12.869737,77.659614",
"10-Sep-2026 16:38:06","0.67","4.1","13.98","On","12.869689,77.659587",
"10-Sep-2026 16:38:36","0.51","4.1","13.98","On","12.869682,77.659586",
"10-Sep-2026 16:39:06","0.22","4.1","13.98","On","12.869683,77.659593",
"10-Sep-2026 16:39:36","0.61","4.1","14","On","12.869677,77.659592",
"10-Sep-2026 16:40:06","0.29","4.1","14","On","12.869664,77.659583",
"10-Sep-2026 16:40:36","0.71","4.1","14","On","12.869651,77.659566",
"10-Sep-2026 16:41:06","0.07","4.1","14","On","12.869661,77.659588",
"10-Sep-2026 16:41:36","0.45","4.1","14","On","12.869653,77.659598",
"10-Sep-2026 16:42:06","0.4","4.1","13.98","On","12.869639,77.659616",
"10-Sep-2026 16:42:36","0.54","4.1","14","On","12.869644,77.659641",
"10-Sep-2026 16:43:06","0.05","4.1","13.98","On","12.869649,77.659633",
"10-Sep-2026 16:43:36","0.15","4.1","14","On","12.869655,77.659648",
"10-Sep-2026 16:44:06","0.49","4.1","14","On","12.869667,77.659654",
"10-Sep-2026 16:44:36","0.34","4.1","13.98","On","12.869693,77.659654",
"10-Sep-2026 16:45:06","0.94","4.1","13.95","On","12.869697,77.659656",
"10-Sep-2026 16:45:36","0.65","4.1","13.95","On","12.86971,77.659609",
"10-Sep-2026 16:45:57","2.3","4.1","13.95","On","12.869732,77.6596",
"10-Sep-2026 16:46:02","11.72","4.1","13.95","On","12.86979,77.659521",
"10-Sep-2026 16:46:06","14.79","4.1","13.95","On","12.869891,77.659428",
"10-Sep-2026 16:46:22","11.85","4.1","13.95","On","12.870216,77.658844",
"10-Sep-2026 16:46:36","8.12","4.1","13.95","On","12.870303,77.658308",
"10-Sep-2026 16:47:06","15.37","4.1","13.98","On","12.870411,77.657278",
"10-Sep-2026 16:47:36","10.26","4.1","13.98","On","12.870467,77.656787",
"10-Sep-2026 16:48:06","0.8","4.1","13.95","On","12.870475,77.656558",
"10-Sep-2026 16:48:36","16.76","4.1","13.98","On","12.870537,77.655915",
"10-Sep-2026 16:49:06","3.88","4.1","13.95","On","12.87062,77.654838",
"10-Sep-2026 16:49:12","1.68","4.1","13.95","On","12.870617,77.654797",
"10-Sep-2026 16:49:36","1.04","4.1","13.95","On","12.870634,77.654658",
"10-Sep-2026 16:50:06","0.28","4.1","13.93","On","12.870635,77.654635",
"10-Sep-2026 16:50:36","0.18","4.1","13.95","On","12.870644,77.654604",
"10-Sep-2026 16:51:06","0.34","4.1","13.98","On","12.870639,77.6546",
"10-Sep-2026 16:51:36","0.27","4.1","13.95","On","12.870636,77.654612",
"10-Sep-2026 16:52:06","0.13","4.11","13.95","On","12.870641,77.654589",
"10-Sep-2026 16:52:36","1.12","4.1","13.95","On","12.870634,77.654583",
"10-Sep-2026 16:53:06","0.39","4.1","13.95","On","12.870615,77.654499",
"10-Sep-2026 16:53:36","0.66","4.1","13.95","On","12.870633,77.65448",
"10-Sep-2026 16:54:06","0.84","4.1","13.95","On","12.870643,77.654447",
"10-Sep-2026 16:54:36","0.37","4.1","13.98","On","12.870643,77.654484",
"10-Sep-2026 16:55:06","3.51","4.1","13.95","On","12.870631,77.654462",
"10-Sep-2026 16:55:32","14.94","4.1","13.95","On","12.870135,77.653725",
"10-Sep-2026 16:55:36","14.81","4.1","13.95","On","12.869981,77.653629",
"10-Sep-2026 16:55:42","10.23","4.1","13.95","On","12.869839,77.653569",
"10-Sep-2026 16:55:47","40.47","4.1","13.95","On","12.869457,77.653793",
"10-Sep-2026 16:56:06","59.04","4.1","13.98","On","12.867681,77.655196",
"10-Sep-2026 16:56:36","59.14","4.1","13.98","On","12.863958,77.658138",
"10-Sep-2026 16:57:06","54.43","4.1","13.95","On","12.860748,77.660715",
"10-Sep-2026 16:57:36","8.17","4.1","13.93","On","12.858626,77.662496",
"10-Sep-2026 16:57:47","0.22","4.1","13.93","On","12.858559,77.662579",
"10-Sep-2026 16:58:06","14.26","4.1","13.93","On","12.858488,77.662683",
"10-Sep-2026 16:58:07","14.26","4.1","13.93","On","12.858488,77.662683",
"10-Sep-2026 16:58:36","16.19","4.1","13.95","On","12.856661,77.66411",
"10-Sep-2026 16:59:06","21.39","4.11","13.95","On","12.855358,77.665126",
"10-Sep-2026 16:59:36","34.88","4.1","13.98","On","12.853934,77.666167",
"10-Sep-2026 17:00:06","57.65","4.1","13.95","On","12.850884,77.668651",
"10-Sep-2026 17:00:36","48.92","4.1","13.98","On","12.847606,77.671318",
"10-Sep-2026 17:01:06","52.58","4.1","13.95","On","12.846005,77.672587",
"10-Sep-2026 17:01:36","23.76","4.1","13.95","On","12.843769,77.674301",
"10-Sep-2026 17:02:06","18.94","4.1","13.98","On","12.842288,77.675511",
"10-Sep-2026 17:02:36","14.42","4.1","13.95","On","12.841562,77.676089",
"10-Sep-2026 17:03:06","17.76","4.1","13.95","On","12.840323,77.676965",
"10-Sep-2026 17:03:36","34.57","4.1","13.98","On","12.839122,77.677851",
"10-Sep-2026 17:04:06","3.76","4.1","13.95","On","12.838146,77.678557",
"10-Sep-2026 17:04:27","28.04","4.1","13.95","On","12.837386,77.678997",
"10-Sep-2026 17:04:36","16.1","4.1","13.95","On","12.836637,77.679251",
"10-Sep-2026 17:05:06","4.83","4.1","13.95","On","12.836348,77.679368",
"10-Sep-2026 17:05:36","4.52","4.1","13.95","On","12.835541,77.679701",
"10-Sep-2026 17:05:37","4.52","4.1","13.95","On","12.835541,77.679701",
"10-Sep-2026 17:05:42","14.54","4.1","13.95","On","12.835522,77.679801",
"10-Sep-2026 17:06:06","33.33","4.1","13.98","On","12.835508,77.68121",
"10-Sep-2026 17:06:36","8.61","4.1","13.95","On","12.835409,77.683011",
"10-Sep-2026 17:07:06","0.51","4.1","13.93","On","12.835372,77.683107",
"10-Sep-2026 17:07:36","0.07","4.1","13.95","On","12.835345,77.683106",
"10-Sep-2026 17:07:57","0.68","4.1","13.95","On","12.835329,77.683115",
"10-Sep-2026 17:08:06","0.82","4.1","13.95","On","12.835327,77.683119",
"10-Sep-2026 17:08:27","11.19","4.1","13.95","On","12.835324,77.683223",
"10-Sep-2026 17:08:32","4.62","4.1","13.95","On","12.835335,77.683312",
"10-Sep-2026 17:08:36","4.34","4.1","13.95","On","12.835332,77.683361",
"10-Sep-2026 17:09:06","11.66","4.1","13.95","On","12.835327,77.683206",
"10-Sep-2026 17:09:07","11.66","4.1","13.95","On","12.835327,77.683206",
"10-Sep-2026 17:09:36","0.58","4.1","13.98","On","12.835349,77.683087",
"10-Sep-2026 17:10:06","0.38","4.1","14","On","12.835345,77.683102",
"10-Sep-2026 17:10:36","0.28","4.1","14","On","12.835339,77.683108",
"10-Sep-2026 17:11:06","0.57","4.1","13.98","On","12.83534,77.6831",
"10-Sep-2026 17:11:36","0.17","4.1","13.98","On","12.835342,77.683094",
"10-Sep-2026 17:12:06","0.15","4.1","14","On","12.835353,77.6831",
"10-Sep-2026 17:12:36","0.09","4.1","13.98","On","12.83536,77.683099",
"10-Sep-2026 17:13:06","0.31","4.11","13.95","On","12.835373,77.683097",
"10-Sep-2026 17:13:36","0.19","4.1","13.98","On","12.835391,77.683101",
"10-Sep-2026 17:14:06","0.26","4.1","13.98","On","12.835385,77.683107",
"10-Sep-2026 17:14:36","0.14","4.1","14","On","12.835382,77.683105",
"10-Sep-2026 17:15:06","0.04","4.1","13.98","On","12.835376,77.683096",
"10-Sep-2026 17:15:36","0.13","4.1","13.98","On","12.835373,77.683101",
"10-Sep-2026 17:16:06","0.05","4.1","13.98","On","12.835369,77.683097",
"10-Sep-2026 17:16:36","0.17","4.1","14","On","12.835378,77.683096",
"10-Sep-2026 17:17:06","0.16","4.1","13.98","On","12.835391,77.683102",
"10-Sep-2026 17:17:36","0.23","4.1","13.98","On","12.835382,77.683104",
"10-Sep-2026 17:18:06","0.28","4.11","14","On","12.835367,77.683093",
"10-Sep-2026 17:18:36","0.47","4.1","13.95","On","12.835365,77.683092",
"10-Sep-2026 17:19:06","0.24","4.1","13.98","On","12.835366,77.683097",
"10-Sep-2026 17:19:36","0.59","4.1","13.95","On","12.835364,77.6831",
"10-Sep-2026 17:20:06","0.2","4.1","13.95","On","12.835358,77.683102",
"10-Sep-2026 17:20:36","0.25","4.1","13.95","On","12.835371,77.6831",
"10-Sep-2026 17:21:06","0.2","4.1","13.98","On","12.835371,77.683096",
"10-Sep-2026 17:21:36","0.66","4.1","13.95","On","12.835367,77.683112",
"10-Sep-2026 17:22:06","0.05","4.1","13.98","On","12.835363,77.683111",
"10-Sep-2026 17:22:36","0.16","4.1","13.98","On","12.835356,77.683113",
"10-Sep-2026 17:23:06","0.14","4.1","13.95","On","12.835347,77.683111",
"10-Sep-2026 17:23:36","0.31","4.1","13.98","On","12.835333,77.683104",
"10-Sep-2026 17:24:06","0.31","4.1","13.98","On","12.83532,77.683093",
"10-Sep-2026 17:24:36","0.1","4.1","14","On","12.835303,77.683086",
"10-Sep-2026 17:25:06","0.48","4.1","14","On","12.835309,77.68307",
"10-Sep-2026 17:25:36","0.1","4.1","13.98","On","12.835316,77.683078",
"10-Sep-2026 17:26:06","0.11","4.1","13.98","On","12.835318,77.683071",
"10-Sep-2026 17:26:36","0.42","4.1","13.98","On","12.83532,77.68307",
"10-Sep-2026 17:27:06","0.24","4.1","13.95","On","12.835322,77.683061",
"10-Sep-2026 17:27:36","0.33","4.1","13.98","On","12.835331,77.683049",
"10-Sep-2026 17:28:06","0.59","4.1","13.98","On","12.835328,77.683051",
"10-Sep-2026 17:28:36","0.13","4.1","13.98","On","12.835322,77.683065",
"10-Sep-2026 17:29:06","0.13","4.1","14","On","12.835323,77.683088",
"10-Sep-2026 17:29:36","0.4","4.1","13.98","On","12.835332,77.683087",
"10-Sep-2026 17:30:06","0.3","4.1","13.98","On","12.835328,77.683081",
"10-Sep-2026 17:30:36","0.42","4.1","13.98","On","12.83532,77.683082",
"10-Sep-2026 17:31:06","0.27","4.1","13.95","On","12.835311,77.683098",
"10-Sep-2026 17:31:36","0.32","4.1","13.95","On","12.835319,77.683085",
"10-Sep-2026 17:32:06","0.41","4.1","13.98","On","12.835324,77.683071",
"10-Sep-2026 17:32:36","0.34","4.1","13.98","On","12.835335,77.683065",
"10-Sep-2026 17:33:06","0.31","4.1","13.98","On","12.835325,77.68306",
"10-Sep-2026 17:33:36","0.2","4.1","13.98","On","12.835327,77.683055",
"10-Sep-2026 17:34:06","0.32","4.1","13.98","On","12.835325,77.683061",
"10-Sep-2026 17:34:36","0.47","4.1","13.98","On","12.835339,77.683076",
"10-Sep-2026 17:35:06","0.24","4.11","13.98","On","12.835331,77.683065",
"10-Sep-2026 17:35:36","0.36","4.1","13.95","On","12.83533,77.683062",
"10-Sep-2026 17:36:06","0.28","4.1","13.95","On","12.835328,77.683062",
"10-Sep-2026 17:36:36","0.04","4.1","13.98","On","12.835321,77.683067",
"10-Sep-2026 17:37:06","0.24","4.1","13.98","On","12.835326,77.683073",
"10-Sep-2026 17:37:36","0.09","4.1","14","On","12.835314,77.68307",
"10-Sep-2026 17:38:06","0.53","4.1","13.98","On","12.835331,77.683065",
"10-Sep-2026 17:38:36","0.06","4.1","14","On","12.835328,77.683062",
"10-Sep-2026 17:39:06","0.35","4.1","13.98","On","12.835321,77.683063",
"10-Sep-2026 17:39:36","0.63","4.1","14","On","12.835342,77.683066",
"10-Sep-2026 17:40:06","0.63","4.1","13.95","On","12.835346,77.68306",
"10-Sep-2026 17:40:36","0.58","4.1","13.95","On","12.835346,77.68306",
"10-Sep-2026 17:41:06","0.78","4.1","13.93","On","12.835327,77.683058",
"10-Sep-2026 17:41:36","0.3","4.1","13.95","On","12.83532,77.683053",
"10-Sep-2026 17:42:06","0.71","4.1","13.98","On","12.835328,77.683063",
"10-Sep-2026 17:42:36","19.02","4.1","13.95","On","12.835361,77.682867",
"10-Sep-2026 17:43:06","26.08","4.1","13.95","On","12.835452,77.681077",
"10-Sep-2026 17:43:36","8.7","4.1","13.95","On","12.83548,77.679836",
"10-Sep-2026 17:43:42","6.36","4.1","13.95","On","12.83544,77.679755",
"10-Sep-2026 17:43:47","11.28","4.1","13.95","On","12.835366,77.679746",
"10-Sep-2026 17:44:06","26.79","4.1","13.95","On","12.834423,77.680066",
"10-Sep-2026 17:44:36","34.46","4.11","13.98","On","12.831763,77.680939",
"10-Sep-2026 17:45:06","42.86","4.1","13.98","On","12.829235,77.681708",
"10-Sep-2026 17:45:36","22.68","4.1","13.95","On","12.827132,77.682564",
"10-Sep-2026 17:46:06","29.25","4.1","13.93","On","12.825843,77.683177",
"10-Sep-2026 17:46:36","32.12","4.1","13.93","On","12.823904,77.684674",
"10-Sep-2026 17:46:42","30.85","4.1","13.93","On","12.82367,77.684889",
"10-Sep-2026 17:47:06","1.39","4.1","13.95","On","12.822781,77.685718",
"10-Sep-2026 17:47:36","14.85","4.1","13.95","On","12.822124,77.686351",
"10-Sep-2026 17:48:06","23.29","4.1","13.93","On","12.820982,77.687379",
"10-Sep-2026 17:48:36","26.24","4.1","13.98","On","12.820235,77.688139",
"10-Sep-2026 17:49:06","2.12","4.1","13.95","On","12.819185,77.689178",
"10-Sep-2026 17:49:27","7.6","4.1","13.95","On","12.819031,77.689256",
"10-Sep-2026 17:49:36","4.5","4.1","13.95","On","12.818868,77.689136",
"10-Sep-2026 17:50:06","1.11","4.1","13.93","On","12.818717,77.689014",
"10-Sep-2026 17:50:36","7.45","4.1","13.95","On","12.818467,77.688645",
"10-Sep-2026 17:50:47","10.59","4.1","13.95","On","12.818289,77.688423",
"10-Sep-2026 17:51:06","2.74","4.1","13.95","On","12.818044,77.688162",
"10-Sep-2026 17:51:36","2.6","4.1","13.95","On","12.817843,77.687967",
"10-Sep-2026 17:52:06","17.69","4.1","13.95","On","12.817497,77.687538",
"10-Sep-2026 17:52:36","36.43","4.1","13.95","On","12.815643,77.685475",
"10-Sep-2026 17:53:06","15.51","4.1","13.95","On","12.814431,77.684103",
"10-Sep-2026 17:53:17","9.58","4.1","13.95","On","12.81412,77.684053",
"10-Sep-2026 17:53:36","8.23","4.1","13.95","On","12.813341,77.684723",
"10-Sep-2026 17:54:06","13.25","4.1","13.98","On","12.811943,77.685953",
"10-Sep-2026 17:54:07","13.25","4.1","13.98","On","12.811943,77.685953",
"10-Sep-2026 17:54:17","28","4.1","13.98","On","12.811689,77.686343",
"10-Sep-2026 17:54:36","11.55","4.1","13.98","On","12.81102,77.686953",
"10-Sep-2026 17:55:06","8.43","4.1","13.95","On","12.809996,77.68788",
"10-Sep-2026 17:55:17","0.38","4.1","13.95","On","12.809883,77.687945",
"10-Sep-2026 17:55:36","13.16","4.1","13.95","On","12.809943,77.687869",
"10-Sep-2026 17:55:37","21.51","4.1","13.95","On","12.810076,77.687752",
"10-Sep-2026 17:56:06","14.46","4.1","13.98","On","12.810946,77.68694",
"10-Sep-2026 17:56:36","8.1","4.1","13.98","On","12.81177,77.686189",
"10-Sep-2026 17:56:37","16.49","4.1","13.98","On","12.811832,77.686096",
"10-Sep-2026 17:56:47","9.1","4.1","13.98","On","12.81194,77.685854",
"10-Sep-2026 17:57:06","15.6","4.1","13.98","On","12.812731,77.685185",
"10-Sep-2026 17:57:36","22.35","4.1","13.98","On","12.813389,77.684618",
"10-Sep-2026 17:58:06","0.33","4.1","13.98","On","12.814191,77.683912",
"10-Sep-2026 17:58:22","10.52","4.1","13.98","On","12.814358,77.684012",
"10-Sep-2026 17:58:36","12.08","4.11","14","On","12.814652,77.684326",
"10-Sep-2026 17:59:06","29.26","4.1","13.98","On","12.815689,77.685442",
"10-Sep-2026 17:59:36","30.52","4.1","13.98","On","12.816953,77.686824",
"10-Sep-2026 18:00:06","0.23","4.1","13.93","On","12.817322,77.687264",
"10-Sep-2026 18:00:36","0.21","4.1","13.95","On","12.817358,77.687294",
"10-Sep-2026 18:01:06","0.46","4.1","13.93","On","12.817358,77.687308",
"10-Sep-2026 18:01:36","2.34","4.1","13.95","On","12.817455,77.687418",
"10-Sep-2026 18:02:06","0.64","4.1","13.91","On","12.817856,77.687827",
"10-Sep-2026 18:02:36","10.12","4.1","13.95","On","12.818086,77.688085",
"10-Sep-2026 18:03:06","0.45","4.1","13.93","On","12.818493,77.688553",
"10-Sep-2026 18:03:36","0.69","4.1","13.93","On","12.818506,77.688554",
"10-Sep-2026 18:04:06","0.38","4.1","13.95","On","12.818511,77.688587",
"10-Sep-2026 18:04:36","0.85","4.1","13.93","On","12.818529,77.688618",
"10-Sep-2026 18:05:06","0.3","4.1","13.98","On","12.818544,77.688621",
"10-Sep-2026 18:05:36","0.51","4.1","13.95","On","12.818542,77.688632",
"10-Sep-2026 18:06:06","0.35","4.1","13.95","On","12.818565,77.688616",
"10-Sep-2026 18:06:36","0.35","4.1","13.95","On","12.818569,77.688618",
"10-Sep-2026 18:07:06","0.18","4.1","13.93","On","12.818585,77.688618",
"10-Sep-2026 18:07:36","2.9","4.1","13.93","On","12.818703,77.688769",
"10-Sep-2026 18:08:06","0.13","4.1","13.95","On","12.818756,77.688802",
"10-Sep-2026 18:08:27","6.23","4.1","13.95","On","12.818919,77.688957",
"10-Sep-2026 18:08:32","11.6","4.1","13.95","On","12.818999,77.689053",
"10-Sep-2026 18:08:36","4.53","4.1","13.95","On","12.81911,77.689081",
"10-Sep-2026 18:08:37","4.53","4.1","13.95","On","12.81911,77.689081",
"10-Sep-2026 18:09:06","26.03","4.1","13.98","On","12.819921,77.688405",
"10-Sep-2026 18:09:36","24.8","4.1","13.95","On","12.821126,77.68724",
"10-Sep-2026 18:10:06","25.78","4.1","13.95","On","12.822613,77.685807",
"10-Sep-2026 18:10:36","38.56","4.1","13.95","On","12.82373,77.6848",
"10-Sep-2026 18:11:06","34.09","4.1","13.95","On","12.826024,77.683055",
"10-Sep-2026 18:11:36","9.93","4.1","13.93","On","12.826821,77.682613",
"10-Sep-2026 18:12:06","34.05","4.1","13.95","On","12.828563,77.681883",
"10-Sep-2026 18:12:32","35.61","4.1","13.95","On","12.831108,77.681109",
"10-Sep-2026 18:12:36","36.24","4.1","13.93","On","12.831462,77.681034",
"10-Sep-2026 18:13:06","30.8","4.1","13.91","On","12.834115,77.680098",
"10-Sep-2026 18:13:36","8.38","4.1","13.93","On","12.835783,77.679508",
"10-Sep-2026 18:14:06","15.52","4.1","13.93","On","12.836338,77.679293",
"10-Sep-2026 18:14:36","0.45","4.1","13.93","On","12.836507,77.67923",
"10-Sep-2026 18:15:06","0.22","4.1","13.93","On","12.836501,77.67923",
"10-Sep-2026 18:15:36","0.4","4.1","13.95","On","12.836607,77.679189",
"10-Sep-2026 18:16:06","0.46","4.1","13.93","On","12.83665,77.679186",
"10-Sep-2026 18:16:36","0.18","4.1","13.95","On","12.836645,77.679185",
"10-Sep-2026 18:17:06","5.85","4.1","13.95","On","12.836987,77.679089",
"10-Sep-2026 18:17:22","16.22","4.1","13.95","On","12.837502,77.678881",
"10-Sep-2026 18:17:36","7.97","4.1","13.93","On","12.83786,77.678597",
"10-Sep-2026 18:17:47","0.85","4.1","13.93","On","12.837922,77.678567",
"10-Sep-2026 18:18:06","0.22","4.1","13.93","On","12.837936,77.678567",
"10-Sep-2026 18:18:36","0.84","4.1","13.93","On","12.837938,77.678566",
"10-Sep-2026 18:19:06","0.19","4.1","13.93","On","12.837956,77.678566",
"10-Sep-2026 18:19:36","0.57","4.1","13.93","On","12.837984,77.678551",
"10-Sep-2026 18:20:06","1.14","4.1","13.91","On","12.83805,77.678531",
"10-Sep-2026 18:20:36","0.22","4.1","13.93","On","12.838207,77.678443",
"10-Sep-2026 18:21:06","5.3","4.1","13.91","On","12.83842,77.6783",
"10-Sep-2026 18:21:22","10.2","4.1","13.91","On","12.838712,77.678088",
"10-Sep-2026 18:21:36","12.91","4.1","13.93","On","12.839267,77.677657",
"10-Sep-2026 18:22:06","2.7","4.1","13.95","On","12.839488,77.677504",
"10-Sep-2026 18:22:36","2.15","4.1","13.95","On","12.839583,77.677435",
"10-Sep-2026 18:23:06","5.51","4.1","13.95","On","12.839769,77.677308",
"10-Sep-2026 18:23:32","4.32","4.1","13.95","On","12.840131,77.67717",
"10-Sep-2026 18:23:36","11.32","4.1","13.93","On","12.840174,77.677248",
"10-Sep-2026 18:24:06","4.78","4.1","13.93","On","12.840679,77.678044",
"10-Sep-2026 18:24:36","30.73","4.1","13.95","On","12.841471,77.67922",
"10-Sep-2026 18:25:06","12.92","4.1","13.95","On","12.842451,77.680747",
"10-Sep-2026 18:25:12","14.2","4.1","13.95","On","12.842373,77.680888",
"10-Sep-2026 18:25:36","13.59","4.1","13.95","On","12.841866,77.681372",
"10-Sep-2026 18:25:37","13.59","4.1","13.95","On","12.841866,77.681372",
"10-Sep-2026 18:26:06","4.83","4.1","13.91","On","12.842757,77.682702",
"10-Sep-2026 18:26:12","4.82","4.1","13.91","On","12.842771,77.682746",
"10-Sep-2026 18:26:27","12.08","4.1","13.91","On","12.842545,77.682965",
"10-Sep-2026 18:26:36","2.43","4.1","13.93","On","12.842304,77.6832",
"10-Sep-2026 18:26:37","2.43","4.1","13.93","On","12.842304,77.6832",
"10-Sep-2026 18:27:06","2.25","4.1","13.88","On","12.842334,77.683175",
"10-Sep-2026 18:27:36","1.3","4.1","13.93","On","12.842315,77.683192",
"10-Sep-2026 18:28:06","0.35","4.1","13.76","Off","12.842303,77.683201",
"10-Sep-2026 18:28:36","1.57","4.1","13.18","Off","12.8423,77.683211",
"10-Sep-2026 18:29:06","0.57","4.1","13.64","Off","12.84229,77.683209",
"10-Sep-2026 18:29:33","0.57","4.1","13.93","Off","12.84229,77.683209",
"10-Sep-2026 18:30:06","2.49","4.1","13.95","Off","12.842283,77.683195",
"10-Sep-2026 18:31:06","1.01","4.1","13.95","Off","12.842331,77.683251",
"10-Sep-2026 18:32:06","1.26","4.1","13.95","Off","12.84241,77.683239",
"10-Sep-2026 18:33:06","1.07","4.1","13.95","Off","12.842343,77.683207",
"10-Sep-2026 18:33:33","1.07","4.1","13.95","Off","12.842343,77.683207",
"10-Sep-2026 18:34:42","1.07","4.1","14","Off","12.842343,77.683207",
"10-Sep-2026 18:34:42","3.73","4.1","14","Off","12.842382,77.683234",
"10-Sep-2026 18:34:45","3.73","4.1","14","Off","12.842382,77.683234",
"10-Sep-2026 18:34:45","3.73","4.1","14","Off","12.842382,77.683234",
"10-Sep-2026 18:35:06","3.73","4.1","13.95","Off","12.842382,77.683234",
"10-Sep-2026 18:35:36","0","4.1","13.91","Off","12.84252,77.683029",
"10-Sep-2026 18:35:45","0","4.1","13.91","Off","12.84252,77.683029",
"10-Sep-2026 18:36:36","0","4.1","13.91","Off","12.84229,77.68353",
"10-Sep-2026 18:37:06","7.35","4.1","13.91","Off","12.84237,77.683768",
"10-Sep-2026 18:38:06","2.01","4.1","13.93","Off","12.842444,77.683062",
"10-Sep-2026 18:39:06","1.18","4.11","13.95","Off","12.842417,77.683087",
"10-Sep-2026 18:39:45","1.18","4.11","13.95","Off","12.842417,77.683087",
"10-Sep-2026 18:45:09","1.18","4.1","14.03","Off","12.842417,77.683087",
"10-Sep-2026 18:45:09","1.62","4.1","14.03","Off","12.842427,77.683119",
"10-Sep-2026 18:47:06","0","4.1","13.98","Off","12.842206,77.683292",
"10-Sep-2026 18:48:06","0","4.1","13.91","Off","12.842252,77.683239",
"10-Sep-2026 18:49:06","0","4.11","13.95","Off","12.842208,77.683257",
"10-Sep-2026 18:49:09","0","4.11","13.95","Off","12.842208,77.683257",
"10-Sep-2026 18:51:11","0","4.1","14.05","Off","12.842208,77.683257",
"10-Sep-2026 18:52:06","0","4.11","14.03","Off","12.842247,77.683299",
"10-Sep-2026 18:52:18","0","4.11","14.03","Off","12.842247,77.683299",
"10-Sep-2026 18:52:36","0","4.11","13.98","Off","12.842214,77.683267",
"10-Sep-2026 18:53:06","0","4.1","13.98","Off","12.842211,77.683162",
"10-Sep-2026 18:53:18","0","4.1","13.98","Off","12.842211,77.683162",
"10-Sep-2026 18:54:06","0","4.1","13.98","Off","12.842235,77.683159",
"10-Sep-2026 18:55:06","0","4.11","13.98","Off","12.84223,77.68327",
"10-Sep-2026 18:56:06","0","4.11","13.91","Off","12.842236,77.683276",
"10-Sep-2026 18:57:06","0","4.1","13.91","Off","12.842254,77.683228",
"10-Sep-2026 18:57:18","0","4.1","13.93","Off","12.842254,77.683228",
"10-Sep-2026 19:07:12","0","4.1","14.03","Off","12.842254,77.683228",
"10-Sep-2026 19:07:36","0","4.11","13.98","Off","12.842244,77.683148",
"10-Sep-2026 19:08:06","0","4.11","13.98","Off","12.842224,77.683153",
"10-Sep-2026 19:08:14","0","4.1","13.98","Off","12.842224,77.683153",
"10-Sep-2026 19:09:06","0","4.11","13.98","Off","12.842196,77.683188",
"10-Sep-2026 19:09:26","0","4.11","13.98","Off","12.842196,77.683188",
"10-Sep-2026 19:09:36","0","4.11","13.98","Off","12.842203,77.683081",
"10-Sep-2026 19:10:06","0","4.11","13.98","Off","12.842224,77.683134",
"10-Sep-2026 19:10:26","0","4.1","13.93","Off","12.842224,77.683134",
"10-Sep-2026 19:11:06","2.27","4.1","13.93","Off","12.842275,77.683192",
"10-Sep-2026 19:11:08","2.27","4.11","13.91","Off","12.842275,77.683192",
"10-Sep-2026 19:11:36","1.83","4.1","13.88","Off","12.842293,77.683168",
"10-Sep-2026 19:12:06","2.87","4.11","13.91","Off","12.842367,77.683185",
"10-Sep-2026 19:12:08","2.87","4.1","13.93","Off","12.842367,77.683185",
"10-Sep-2026 19:13:06","1.11","4.11","13.98","Off","12.842339,77.683137",
"10-Sep-2026 19:14:06","1.34","4.11","13.98","Off","12.842386,77.68311",
"10-Sep-2026 19:15:06","1.19","4.11","13.98","Off","12.842403,77.683135",
"10-Sep-2026 19:16:06","2.41","4.11","13.98","Off","12.842373,77.683144",
"10-Sep-2026 19:16:08","2.41","4.11","14","Off","12.842373,77.683144",
"10-Sep-2026 19:23:02","2.41","4.1","14.03","Off","12.842373,77.683144",
"10-Sep-2026 19:23:02","1.99","4.1","14.03","Off","12.842371,77.683136",
"10-Sep-2026 19:23:06","1.99","4.11","14.03","Off","12.842371,77.683136",
"10-Sep-2026 19:24:06","0","4.11","14","Off","12.842343,77.683244",
"10-Sep-2026 19:25:06","0","4.11","14","Off","12.842305,77.683118",
"10-Sep-2026 19:26:06","0","4.11","14.03","Off","12.842287,77.683211",
"10-Sep-2026 19:27:02","0","4.11","14","Off","12.842287,77.683211",
"10-Sep-2026 19:35:43","0","4.11","13.88","On","12.842287,77.683211",
"10-Sep-2026 19:35:43","0","4.11","13.88","On","12.842287,77.683211",
"10-Sep-2026 19:39:06","2.28","4.11","13.59","On","12.842306,77.683282",
"10-Sep-2026 19:39:36","2.42","4.11","13.62","On","12.842246,77.683194",
"10-Sep-2026 19:40:06","2.14","4.1","13.64","On","12.842384,77.683219",
"10-Sep-2026 19:41:06","3.08","4.1","13.64","On","12.842329,77.683095",
"10-Sep-2026 19:41:36","4.5","4.1","13.64","On","12.842284,77.683038",
"10-Sep-2026 19:42:06","3.72","4.1","13.62","On","12.842716,77.682751",
"10-Sep-2026 19:42:12","16.58","4.1","13.62","On","12.842612,77.682605",
"10-Sep-2026 19:42:36","17.05","4.1","13.59","On","12.841837,77.681644",
"10-Sep-2026 19:42:47","10.49","4.1","13.59","On","12.841668,77.681428",
"10-Sep-2026 19:42:52","14.45","4.1","13.59","On","12.841849,77.681246",
"10-Sep-2026 19:43:06","17.67","4.1","13.57","On","12.842309,77.680901",
"10-Sep-2026 19:43:12","16.89","4.1","13.57","On","12.842373,77.68073",
"10-Sep-2026 19:43:36","24.15","4.1","13.57","On","12.841624,77.67959",
"10-Sep-2026 19:44:06","12.1","4.1","13.57","On","12.840784,77.678333",
"10-Sep-2026 19:44:36","5.1","4.1","13.57","On","12.840065,77.677264",
"10-Sep-2026 19:44:42","5","4.1","13.57","On","12.84001,77.677217",
"10-Sep-2026 19:44:47","14.75","4.1","13.57","On","12.839928,77.677253",
"10-Sep-2026 19:45:06","22.71","4.1","13.57","On","12.839006,77.677941",
"10-Sep-2026 19:45:36","19.44","4.1","13.57","On","12.837483,77.678943",
"10-Sep-2026 19:45:47","2.28","4.1","13.57","On","12.837278,77.679038",
"10-Sep-2026 19:46:06","21.59","4.11","13.57","On","12.836414,77.679294",
"10-Sep-2026 19:46:36","14.35","4.1","13.59","On","12.835772,77.679419",
"10-Sep-2026 19:47:06","49.06","4.1","13.59","On","12.833289,77.680314",
"10-Sep-2026 19:47:36","47.87","4.11","13.59","On","12.829628,77.681418",
"10-Sep-2026 19:48:06","38.78","4.1","13.57","On","12.826789,77.682485",
"10-Sep-2026 19:48:27","33.76","4.1","13.57","On","12.82521,77.683423",
"10-Sep-2026 19:48:36","46.58","4.1","13.54","On","12.824305,77.684114",
"10-Sep-2026 19:49:06","56.65","4.1","13.54","On","12.822038,77.686251",
"10-Sep-2026 19:49:36","44.33","4.1","13.57","On","12.81904,77.689087",
"10-Sep-2026 19:50:06","47.57","4.1","13.59","On","12.8163,77.691246",
"10-Sep-2026 19:50:36","24.28","4.1","13.59","On","12.814164,77.692954",
"10-Sep-2026 19:51:06","55.95","4.1","13.59","On","12.811749,77.694921",
"10-Sep-2026 19:51:36","39.47","4.1","13.59","On","12.808453,77.697554",
"10-Sep-2026 19:52:06","23.37","4.1","13.57","On","12.806976,77.698734",
"10-Sep-2026 19:52:36","35.4","4.1","13.57","On","12.804303,77.700912",
"10-Sep-2026 19:52:57","35.9","4.1","13.57","On","12.803261,77.702293",
"10-Sep-2026 19:53:06","24.83","4.1","13.52","On","12.803022,77.702865",
"10-Sep-2026 19:53:17","8.63","4.1","13.52","On","12.802928,77.703455",
"10-Sep-2026 19:53:36","3.8","4.1","13.54","On","12.802866,77.703796",
"10-Sep-2026 19:54:06","0.63","4.1","13.57","On","12.802819,77.704009",
"10-Sep-2026 19:54:36","0.8","4.1","13.57","On","12.802784,77.704076",
"10-Sep-2026 19:55:06","0.32","4.1","13.57","On","12.802746,77.70408",
"10-Sep-2026 19:55:36","4.31","4.1","13.57","On","12.802703,77.704346",
"10-Sep-2026 19:56:06","3.99","4.1","13.54","On","12.802578,77.704742",
"10-Sep-2026 19:56:36","1.17","4.1","13.54","On","12.80233,77.70511",
"10-Sep-2026 19:57:02","10.75","4.1","13.54","On","12.801948,77.705052",
"10-Sep-2026 19:57:06","14.32","4.1","13.59","On","12.801818,77.705058",
"10-Sep-2026 19:57:27","7.92","4.1","13.59","On","12.801149,77.705208",
"10-Sep-2026 19:57:36","5.53","4.1","13.57","On","12.801001,77.705246",
"10-Sep-2026 19:58:06","21.67","4.1","13.62","On","12.800147,77.705521",
"10-Sep-2026 19:58:36","8.15","4.1","13.62","On","12.798737,77.705958",
"10-Sep-2026 19:59:06","25.25","4.1","13.62","On","12.797538,77.706339",
"10-Sep-2026 19:59:36","0.95","4.11","13.57","On","12.796766,77.706533",
"10-Sep-2026 20:00:06","5.79","4.1","13.59","On","12.796447,77.706561",
"10-Sep-2026 20:00:32","31.94","4.1","13.59","On","12.795246,77.706604",
"10-Sep-2026 20:00:36","29.61","4.1","13.59","On","12.794936,77.706557",
"10-Sep-2026 20:01:06","16.86","4.1","13.57","On","12.793215,77.70623",
"10-Sep-2026 20:01:36","25.76","4.1","13.62","On","12.792022,77.705992",
"10-Sep-2026 20:02:06","25.48","4.1","13.59","On","12.790256,77.705611",
"10-Sep-2026 20:02:17","27.77","4.1","13.59","On","12.789729,77.705452",
"10-Sep-2026 20:02:36","32.09","4.1","13.62","On","12.788713,77.704531",
"10-Sep-2026 20:03:06","25.16","4.1","13.59","On","12.787612,77.703582",
"10-Sep-2026 20:03:17","19.18","4.1","13.59","On","12.78724,77.70341",
"10-Sep-2026 20:03:36","4.69","4.1","13.57","On","12.786508,77.703263",
"10-Sep-2026 20:03:42","5.49","4.1","13.57","On","12.786446,77.703208",
"10-Sep-2026 20:04:06","0.52","4.1","13.57","On","12.7864,77.703115",
"10-Sep-2026 20:04:36","8.97","4.1","13.62","On","12.786249,77.702807",
"10-Sep-2026 20:04:52","17.72","4.1","13.62","On","12.785855,77.702258",
"10-Sep-2026 20:04:57","10.15","4.1","13.62","On","12.785748,77.702082",
"10-Sep-2026 20:05:06","24.04","4.1","13.59","On","12.785635,77.70165",
"10-Sep-2026 20:05:36","8.51","4.1","13.62","On","12.785506,77.700029",
"10-Sep-2026 20:05:37","8.51","4.1","13.62","On","12.785506,77.700029",
"10-Sep-2026 20:06:06","0.27","4.1","13.47","Off","12.785526,77.699879",
"10-Sep-2026 20:06:36","0.27","4.1","13.52","On","12.785519,77.699876",
"10-Sep-2026 20:07:06","0.36","4.1","13.5","Off","12.785513,77.699879",
"10-Sep-2026 20:07:36","0.1","4.1","13.4","Off","12.785517,77.699878",
"10-Sep-2026 20:08:06","0.12","4.1","13.38","Off","12.785518,77.699882",
"10-Sep-2026 20:08:12","0.12","4.11","13.38","Off","12.785518,77.699882",
"10-Sep-2026 20:09:06","0.07","4.1","13.38","Off","12.785515,77.699898",
"10-Sep-2026 20:10:06","0.09","4.11","13.38","Off","12.785515,77.699912",
"10-Sep-2026 20:11:06","0.21","4.11","13.33","Off","12.785514,77.699922",
"10-Sep-2026 20:12:06","0.08","4.11","13.3","Off","12.785502,77.699932",
"10-Sep-2026 20:12:12","0.08","4.11","13.3","Off","12.785502,77.699932",
"10-Sep-2026 21:12:12","0.08","4.11","12.92","Off","12.785502,77.699932",
"10-Sep-2026 21:12:12","0.15","4.11","12.92","Off","12.785502,77.699931",
"10-Sep-2026 21:13:06","0.4","4.11","12.89","Off","12.785502,77.699893",
"10-Sep-2026 21:14:06","0.32","4.11","12.85","Off","12.785524,77.699859",
"10-Sep-2026 21:15:06","0.4","4.11","12.87","Off","12.785524,77.69982",
"10-Sep-2026 21:16:06","0.73","4.11","12.85","Off","12.785526,77.699867",
"10-Sep-2026 21:16:12","0.73","4.11","12.85","Off","12.785526,77.699867",
"10-Sep-2026 22:16:12","0.73","4.11","12.92","Off","12.785526,77.699867",
"10-Sep-2026 22:16:12","0.34","4.11","12.92","Off","12.785528,77.699871",
"10-Sep-2026 22:17:06","0.27","4.11","12.89","Off","12.785538,77.699907",
"10-Sep-2026 22:18:06","0.26","4.11","12.87","Off","12.785536,77.699874",
"10-Sep-2026 22:19:06","0.17","4.11","12.85","Off","12.785537,77.699878",
"10-Sep-2026 22:20:06","0.32","4.11","12.82","Off","12.785516,77.699896",
"10-Sep-2026 22:20:12","0.32","4.11","12.82","Off","12.785516,77.699896",
"10-Sep-2026 23:20:13","0.32","4.11","12.97","Off","12.785516,77.699896",
"10-Sep-2026 23:20:13","0.24","4.11","12.97","Off","12.785515,77.699897",
"10-Sep-2026 23:21:06","0.16","4.11","12.89","Off","12.785548,77.699895",
"10-Sep-2026 23:22:06","0.47","4.11","12.87","Off","12.785534,77.699893",
"10-Sep-2026 23:23:06","0.51","4.11","12.85","Off","12.785539,77.699889",
"10-Sep-2026 23:24:06","0.24","4.11","12.87","Off","12.785535,77.699895",
"10-Sep-2026 23:24:13","0.24","4.11","12.87","Off","12.785535,77.699895",
"11-Sep-2026 00:24:13","0.24","4.11","12.94","Off","12.785535,77.699895",
"11-Sep-2026 00:24:13","0.19","4.11","12.94","Off","12.785538,77.699892",
"11-Sep-2026 00:25:06","0.07","4.11","12.89","Off","12.785583,77.699876",
"11-Sep-2026 00:26:06","0.77","4.11","12.87","Off","12.785552,77.699941",
"11-Sep-2026 00:27:06","0.67","4.11","12.85","Off","12.785528,77.699929",
"11-Sep-2026 00:28:06","0.73","4.11","12.82","Off","12.785546,77.699946",
"11-Sep-2026 00:28:13","0.73","4.11","12.82","Off","12.785546,77.699946",
"11-Sep-2026 01:28:13","0.73","4.11","12.94","Off","12.785546,77.699946",
"11-Sep-2026 01:28:13","0.3","4.11","12.94","Off","12.785546,77.699943",
"11-Sep-2026 01:29:06","0.64","4.11","12.89","Off","12.785535,77.699929",
"11-Sep-2026 01:30:06","0.52","4.11","12.85","Off","12.785543,77.699916",
"11-Sep-2026 01:31:06","0.28","4.11","12.85","Off","12.78554,77.69992",
"11-Sep-2026 01:32:06","0.71","4.11","12.82","Off","12.785538,77.699941",
"11-Sep-2026 01:32:13","0.71","4.11","12.82","Off","12.785538,77.699941",
"11-Sep-2026 02:32:13","0.71","4.11","12.92","Off","12.785538,77.699941",
"11-Sep-2026 02:32:13","0.97","4.11","12.92","Off","12.785534,77.699942",
"11-Sep-2026 02:33:06","1.24","4.11","12.87","Off","12.785547,77.699913",
"11-Sep-2026 02:34:06","1.89","4.11","12.85","Off","12.785523,77.699917",
"11-Sep-2026 02:35:06","0.34","4.11","12.82","Off","12.785511,77.699901",
"11-Sep-2026 02:36:06","0.37","4.11","12.8","Off","12.785526,77.699893",
"11-Sep-2026 02:36:13","0.37","4.11","12.8","Off","12.785526,77.699893",
"11-Sep-2026 03:36:13","0.37","4.11","12.92","Off","12.785526,77.699893",
"11-Sep-2026 03:36:13","0.55","4.11","12.92","Off","12.785526,77.6999",
"11-Sep-2026 03:37:06","0.05","4.11","12.87","Off","12.785528,77.699913",
"11-Sep-2026 03:38:06","0.42","4.11","12.85","Off","12.785542,77.699884",
"11-Sep-2026 03:39:06","0.23","4.11","12.82","Off","12.785528,77.699889",
"11-Sep-2026 03:40:06","0.69","4.11","12.8","Off","12.785515,77.699909",
"11-Sep-2026 03:40:13","0.69","4.11","12.8","Off","12.785515,77.699909",
"11-Sep-2026 04:40:13","0.69","4.11","12.89","Off","12.785515,77.699909",
"11-Sep-2026 04:40:13","0.33","4.11","12.89","Off","12.785511,77.69991",
"11-Sep-2026 04:41:06","0.74","4.11","12.87","Off","12.785545,77.699847",
"11-Sep-2026 04:42:06","1.41","4.11","12.82","Off","12.785529,77.699908",
"11-Sep-2026 04:43:06","0.53","4.11","12.82","Off","12.785529,77.699902",
"11-Sep-2026 04:44:06","0.13","4.11","12.77","Off","12.785533,77.6999",
"11-Sep-2026 04:44:13","0.13","4.11","12.8","Off","12.785533,77.6999",
"11-Sep-2026 05:44:13","0.13","4.11","12.87","Off","12.785533,77.6999",
"11-Sep-2026 05:44:13","0.41","4.11","12.87","Off","12.785529,77.69991",
"11-Sep-2026 05:45:06","0.2","4.11","12.82","Off","12.785557,77.699845",
"11-Sep-2026 05:46:06","0.43","4.11","12.8","Off","12.785539,77.699872",
"11-Sep-2026 05:47:06","0.45","4.11","12.8","Off","12.785542,77.699882",
"11-Sep-2026 05:48:06","0.11","4.11","12.8","Off","12.785542,77.699878",
"11-Sep-2026 05:48:13","0.11","4.11","12.8","Off","12.785542,77.699878",
"11-Sep-2026 06:48:13","0.11","4.11","12.87","Off","12.785542,77.699878",
"11-Sep-2026 06:48:13","0.6","4.11","12.87","Off","12.78554,77.699881",
"11-Sep-2026 06:49:06","1.55","4.11","12.82","Off","12.785582,77.69987",
"11-Sep-2026 06:50:06","1.17","4.11","12.8","Off","12.785543,77.699899",
"11-Sep-2026 06:51:06","0.73","4.11","12.77","Off","12.78553,77.699905",
"11-Sep-2026 06:52:06","0.32","4.11","12.77","Off","12.785519,77.699906",
"11-Sep-2026 06:52:13","0.32","4.11","12.77","Off","12.785519,77.699906",
"11-Sep-2026 07:19:22","0.32","4.11","12.85","On","12.785519,77.699906",
"11-Sep-2026 07:19:22","0.32","4.11","12.85","On","12.785519,77.699906",
"11-Sep-2026 07:19:22","1.21","4.11","12.85","On","12.785519,77.699904",
"11-Sep-2026 07:19:36","1.21","4.11","13.42","On","12.785519,77.699904",
"11-Sep-2026 07:20:06","9.81","4.11","13.88","On","12.785527,77.699973",
"11-Sep-2026 07:20:13","14.58","4.11","13.88","On","12.78555,77.700091",
"11-Sep-2026 07:20:36","21.15","4.11","13.95","On","12.785641,77.701328",
"11-Sep-2026 07:21:03","16.18","4.11","13.95","On","12.785895,77.7022",
"11-Sep-2026 07:21:06","11.02","4.11","13.95","On","12.785978,77.702304",
"11-Sep-2026 07:21:28","11.08","4.11","13.95","On","12.78633,77.702891",
"11-Sep-2026 07:21:36","9.32","4.11","13.98","On","12.786447,77.703116",
"11-Sep-2026 07:21:43","8.23","4.11","13.98","On","12.786516,77.703221",
"11-Sep-2026 07:21:48","11.87","4.11","13.98","On","12.786635,77.703263",
"11-Sep-2026 07:22:06","22.69","4.1","13.98","On","12.787619,77.703482",
"11-Sep-2026 07:22:08","22.69","4.1","13.98","On","12.787619,77.703482",
"11-Sep-2026 07:22:36","32.71","4.11","13.98","On","12.789258,77.70497",
"11-Sep-2026 07:22:53","29.44","4.11","13.98","On","12.790215,77.705518",
"11-Sep-2026 07:23:06","37.2","4.11","13.95","On","12.791552,77.705813",
"11-Sep-2026 07:23:36","30.59","4.11","13.98","On","12.79311,77.706159",
"11-Sep-2026 07:24:03","33.63","4.11","13.98","On","12.795586,77.706587",
"11-Sep-2026 07:24:06","33.63","4.1","13.98","On","12.795586,77.706587",
"11-Sep-2026 07:24:36","16.37","4.1","13.95","On","12.797701,77.706239",
"11-Sep-2026 07:25:06","34.68","4.11","13.98","On","12.799842,77.705554",
"11-Sep-2026 07:25:13","12.22","4.11","13.98","On","12.800312,77.705395",
"11-Sep-2026 07:25:36","18.71","4.11","14","On","12.801589,77.705025",
"11-Sep-2026 07:25:58","12.94","4.11","14","On","12.802101,77.704776",
"11-Sep-2026 07:26:06","7.22","4.11","13.98","On","12.802211,77.704618",
"11-Sep-2026 07:26:08","4.12","4.11","13.98","On","12.802241,77.704577",
"11-Sep-2026 07:26:36","44.68","4.1","13.98","On","12.802517,77.703138",
"11-Sep-2026 07:27:03","37.68","4.1","13.98","On","12.804077,77.7008",
"11-Sep-2026 07:27:06","37.68","4.1","13.98","On","12.804077,77.7008",
"11-Sep-2026 07:27:36","24.11","4.11","14","On","12.805794,77.699434",
"11-Sep-2026 07:28:06","44.78","4.1","13.95","On","12.807714,77.697946",
"11-Sep-2026 07:28:36","36.46","4.1","13.98","On","12.81035,77.695815",
"11-Sep-2026 07:29:06","39.79","4.1","13.98","On","12.812409,77.694136",
"11-Sep-2026 07:29:36","16.87","4.11","13.98","On","12.814536,77.692408",
"11-Sep-2026 07:30:06","16.95","4.11","14","On","12.815436,77.691578",
"11-Sep-2026 07:30:36","30.02","4.11","13.98","On","12.817322,77.690103",
"11-Sep-2026 07:31:06","2.01","4.1","13.95","On","12.818653,77.68899",
"11-Sep-2026 07:31:13","11.21","4.1","13.95","On","12.818759,77.688872",
"11-Sep-2026 07:31:18","0.52","4.1","13.95","On","12.818756,77.688831",
"11-Sep-2026 07:31:36","18.08","4.1","13.95","On","12.818497,77.688614",
"11-Sep-2026 07:31:38","18.08","4.1","13.95","On","12.818497,77.688614",
"11-Sep-2026 07:32:06","29.33","4.1","13.98","On","12.8173,77.687294",
"11-Sep-2026 07:32:36","29.51","4.1","13.98","On","12.815565,77.685408",
"11-Sep-2026 07:33:06","7.6","4.1","13.98","On","12.814701,77.684463",
"11-Sep-2026 07:33:36","17.71","4.1","13.98","On","12.81393,77.683564",
"11-Sep-2026 07:34:06","7.3","4.1","14","On","12.812988,77.682586",
"11-Sep-2026 07:34:08","10.01","4.1","14","On","12.812915,77.682652",
"11-Sep-2026 07:34:13","9.68","4.1","14","On","12.812855,77.682702",
"11-Sep-2026 07:34:18","21.9","4.1","14","On","12.812718,77.682843",
"11-Sep-2026 07:34:36","27.24","4.1","13.98","On","12.811616,77.68392",
"11-Sep-2026 07:34:43","20.87","4.1","13.98","On","12.811437,77.684088",
"11-Sep-2026 07:34:48","35.99","4.1","13.98","On","12.810962,77.684525",
"11-Sep-2026 07:35:06","23.84","4.1","13.98","On","12.809991,77.68547",
"11-Sep-2026 07:35:33","4.39","4.1","13.98","On","12.808558,77.686824",
"11-Sep-2026 07:35:36","2.42","4.1","13.98","On","12.808543,77.686871",
"11-Sep-2026 07:36:06","0.4","4.1","13.91","On","12.808551,77.686898",
"11-Sep-2026 07:36:36","0.39","4.1","13.98","On","12.808563,77.686904",
"11-Sep-2026 07:37:06","0.33","4.1","14","On","12.808577,77.686928",
"11-Sep-2026 07:37:36","1.09","4.11","13.98","On","12.808584,77.686932",
"11-Sep-2026 07:38:06","0.27","4.1","13.95","On","12.808579,77.686912",
"11-Sep-2026 07:38:36","0.32","4.1","13.98","On","12.808583,77.686904",
"11-Sep-2026 07:39:06","2.61","4.11","13.88","On","12.808518,77.686933",
"11-Sep-2026 07:39:36","2.7","4.1","13.91","Off","12.80838,77.687089",
"11-Sep-2026 07:40:06","0.58","4.11","13.74","Off","12.808356,77.687125",
"11-Sep-2026 07:40:36","0.48","4.1","13.66","Off","12.808326,77.68714",
"11-Sep-2026 07:41:06","0.76","4.1","13.62","Off","12.808301,77.68715",
"11-Sep-2026 07:41:12","0.76","4.1","13.59","Off","12.808301,77.68715",
"11-Sep-2026 07:42:06","1.24","4.11","13.59","Off","12.808304,77.687136",
"11-Sep-2026 07:42:19","1.24","4.11","13.57","Off","12.808304,77.687136",
"11-Sep-2026 07:42:36","0.2","4.1","13.52","Off","12.808307,77.687135",
"11-Sep-2026 07:43:06","0.35","4.1","13.47","Off","12.8083,77.687115",
"11-Sep-2026 07:43:19","0.35","4.1","13.47","Off","12.8083,77.687115",
"11-Sep-2026 07:44:06","1.55","4.1","13.47","Off","12.808291,77.687116",
"11-Sep-2026 07:44:56","1.55","4.11","13.42","On","12.808291,77.687116",
"11-Sep-2026 07:44:56","0.27","4.11","13.42","On","12.808291,77.687129",
"11-Sep-2026 07:45:06","4.46","4.1","13.59","On","12.808293,77.68712",
"11-Sep-2026 07:45:36","0.46","4.1","13.91","On","12.808452,77.686954",
"11-Sep-2026 07:46:06","2","4.1","13.88","On","12.808485,77.686967",
"11-Sep-2026 07:46:36","1.1","4.11","13.71","Off","12.808474,77.686944",
"11-Sep-2026 07:47:06","1.02","4.1","13.52","Off","12.808419,77.686898",
"11-Sep-2026 07:47:36","1.09","4.1","13.45","Off","12.808353,77.686849",
"11-Sep-2026 07:48:01","1.09","4.1","13.42","Off","12.808353,77.686849",
"11-Sep-2026 07:48:36","1.61","4.1","13.42","Off","12.808308,77.686862",
"11-Sep-2026 07:49:06","1.11","4.11","13.42","Off","12.808287,77.686892",
"11-Sep-2026 07:50:06","1.1","4.11","13.38","Off","12.808305,77.686847",
"11-Sep-2026 07:51:06","3.22","4.11","13.33","Off","12.808338,77.686892",
"11-Sep-2026 07:52:01","3.22","4.11","13.3","Off","12.808338,77.686892",
"11-Sep-2026 08:10:24","3.22","4.11","13.11","On","12.808338,77.686892",
"11-Sep-2026 08:10:24","3.22","4.11","13.11","On","12.808338,77.686892",
"11-Sep-2026 08:10:24","1.61","4.11","13.11","On","12.808326,77.686922",
"11-Sep-2026 08:10:36","1.61","4.11","13.23","Off","12.808326,77.686922",
"11-Sep-2026 08:12:48","2.55","4.11","12.99","Off","12.808321,77.686864",
"11-Sep-2026 08:13:06","5.23","4.11","13.59","On","12.808294,77.686802",
"11-Sep-2026 08:13:36","0.71","4.11","13.93","On","12.808427,77.686862",
"11-Sep-2026 08:14:06","1.12","4.11","13.98","On","12.808452,77.686872",
"11-Sep-2026 08:14:36","0.01","4.11","14","On","12.808442,77.686859",
"11-Sep-2026 08:15:06","0.87","4.11","14","On","12.808442,77.686885",
"11-Sep-2026 08:15:36","0.31","4.11","14","On","12.808457,77.686897",
"11-Sep-2026 08:16:06","0.3","4.1","13.98","On","12.808467,77.686905",
"11-Sep-2026 08:16:36","0.2","4.1","14","On","12.808463,77.686891",
"11-Sep-2026 08:17:06","0.3","4.1","14","On","12.808457,77.686892",
"11-Sep-2026 08:17:36","0.29","4.1","14","On","12.808457,77.68689",
"11-Sep-2026 08:18:06","0.53","4.1","14","On","12.808446,77.686873",
"11-Sep-2026 08:18:36","1.03","4.1","14","On","12.808466,77.686886",
"11-Sep-2026 08:19:06","0.69","4.1","14","On","12.808467,77.686872",
"11-Sep-2026 08:19:36","0.19","4.1","14.03","On","12.808477,77.686894",
"11-Sep-2026 08:20:06","0.31","4.11","14","On","12.808469,77.686879",
"11-Sep-2026 08:20:36","0.77","4.1","14.03","On","12.808471,77.68687",
"11-Sep-2026 08:21:06","1.69","4.11","14","On","12.808481,77.686865",
"11-Sep-2026 08:21:36","0.28","4.1","14","On","12.80848,77.686874",
"11-Sep-2026 08:22:06","0.52","4.1","13.98","On","12.808479,77.686894",
"11-Sep-2026 08:22:36","1.75","4.1","13.98","On","12.808476,77.686891",
"11-Sep-2026 08:23:06","1.4","4.1","13.98","On","12.808465,77.686891",
"11-Sep-2026 08:23:36","3.09","4.1","13.98","On","12.808485,77.686874",
"11-Sep-2026 08:23:49","12.05","4.1","13.98","On","12.808763,77.686509",
"11-Sep-2026 08:24:06","23.24","4.1","13.98","On","12.809329,77.685932",
"11-Sep-2026 08:24:36","16.03","4.1","13.98","On","12.810272,77.68501",
"11-Sep-2026 08:25:06","21.16","4.11","13.98","On","12.811863,77.683565",
"11-Sep-2026 08:25:36","11.65","4.1","14","On","12.812584,77.682897",
"11-Sep-2026 08:26:06","0.96","4.1","13.98","On","12.812799,77.682642",
"11-Sep-2026 08:26:09","2.03","4.1","13.98","On","12.812799,77.682624",
"11-Sep-2026 08:26:36","6.36","4.1","13.95","On","12.812933,77.682535",
"11-Sep-2026 08:26:49","12.69","4.1","13.95","On","12.812941,77.682438",
"11-Sep-2026 08:27:06","20.78","4.1","13.98","On","12.812192,77.681674",
"11-Sep-2026 08:27:36","20.17","4.1","13.98","On","12.811239,77.680634",
"11-Sep-2026 08:28:06","11.91","4.1","14","On","12.810412,77.679856",
"11-Sep-2026 08:28:36","2.67","4.1","13.95","On","12.810147,77.679591",
"11-Sep-2026 08:28:49","0.63","4.1","13.95","On","12.810119,77.679576",
"11-Sep-2026 08:29:06","2.55","4.1","13.95","On","12.810063,77.679528",
"11-Sep-2026 08:29:36","0.39","4.11","14","On","12.809792,77.679347",
"11-Sep-2026 08:30:06","0.98","4.1","13.98","On","12.809621,77.679354",
"11-Sep-2026 08:30:36","10.03","4.1","13.98","On","12.80932,77.679169",
"11-Sep-2026 08:31:06","7.94","4.1","13.95","On","12.80871,77.678985",
"11-Sep-2026 08:31:36","0.16","4.1","13.98","On","12.808286,77.678826",
"11-Sep-2026 08:32:06","0.78","4.1","13.98","On","12.808267,77.678802",
"11-Sep-2026 08:32:36","1.31","4.1","13.98","On","12.808277,77.678799",
"11-Sep-2026 08:33:06","3.24","4.11","14","On","12.808267,77.678788",
"11-Sep-2026 08:33:36","9.19","4.1","13.98","On","12.808441,77.678854",
"11-Sep-2026 08:34:06","8.09","4.1","13.98","On","12.808829,77.678899",
"11-Sep-2026 08:34:14","11.86","4.1","13.98","On","12.808994,77.678947",
"11-Sep-2026 08:34:36","7.17","4.1","13.95","On","12.809566,77.679329",
"11-Sep-2026 08:34:39","7.64","4.1","13.95","On","12.809635,77.679299",
"11-Sep-2026 08:35:04","10.97","4.1","13.95","On","12.810158,77.679584",
"11-Sep-2026 08:35:06","10.97","4.1","13.98","On","12.810158,77.679584",
"11-Sep-2026 08:35:36","10.43","4.1","13.98","On","12.810967,77.680212",
"11-Sep-2026 08:36:06","14.94","4.1","14","On","12.811706,77.680973",
"11-Sep-2026 08:36:36","5.46","4.1","13.95","On","12.81191,77.681223",
"11-Sep-2026 08:37:06","21.62","4.1","13.98","On","12.812823,77.682249",
"11-Sep-2026 08:37:36","19.33","4.1","13.98","On","12.814028,77.683596",
"11-Sep-2026 08:38:06","19.08","4.11","14","On","12.814861,77.684517",
"11-Sep-2026 08:38:36","23.19","4.1","13.98","On","12.815742,77.685496",
"11-Sep-2026 08:39:06","23.14","4.1","13.98","On","12.816899,77.686771",
"11-Sep-2026 08:39:36","17.01","4.1","13.95","On","12.818129,77.68817",
"11-Sep-2026 08:39:59","6.47","4.1","13.95","On","12.818842,77.688835",
"11-Sep-2026 08:40:06","19.75","4.1","13.95","On","12.819065,77.688644",
"11-Sep-2026 08:40:36","24.64","4.1","13.98","On","12.820723,77.687135",
"11-Sep-2026 08:41:06","31.33","4.1","13.98","On","12.821678,77.686283",
"11-Sep-2026 08:41:36","36.39","4.1","13.95","On","12.82358,77.68455",
"11-Sep-2026 08:42:06","35","4.1","13.95","On","12.825638,77.682991",
"11-Sep-2026 08:42:24","40.09","4.1","13.95","On","12.827343,77.682066",
"11-Sep-2026 08:42:36","40.78","4.1","13.98","On","12.828531,77.681605",
"11-Sep-2026 08:43:06","36.32","4.1","13.95","On","12.831096,77.680829",
"11-Sep-2026 08:43:36","36.79","4.1","13.98","On","12.833931,77.679927",
"11-Sep-2026 08:44:06","43.83","4.1","13.95","On","12.836428,77.678985",
"11-Sep-2026 08:44:36","10.79","4.1","13.98","On","12.838274,77.678065",
"11-Sep-2026 08:45:06","27.85","4.1","13.98","On","12.839148,77.677534",
"11-Sep-2026 08:45:36","31.22","4.1","13.98","On","12.840711,77.676268",
"11-Sep-2026 08:46:06","37.82","4.1","13.98","On","12.842939,77.674509",
"11-Sep-2026 08:46:36","38.21","4.1","13.98","On","12.845129,77.672792",
"11-Sep-2026 08:47:06","36.32","4.1","13.98","On","12.847331,77.67115",
"11-Sep-2026 08:47:36","42.84","4.1","13.95","On","12.849481,77.669335",
"11-Sep-2026 08:48:06","43.78","4.1","13.98","On","12.85221,77.667245",
"11-Sep-2026 08:48:36","33.33","4.1","13.98","On","12.854481,77.665383",
"11-Sep-2026 08:49:06","0.69","4.11","13.98","On","12.855071,77.664895",
"11-Sep-2026 08:49:36","0.21","4.1","14","On","12.855069,77.664878",
"11-Sep-2026 08:50:04","5.97","4.1","14","On","12.855121,77.664862",
"11-Sep-2026 08:50:06","6.53","4.1","13.95","On","12.855177,77.664817",
"11-Sep-2026 08:50:36","8.56","4.1","13.98","On","12.855691,77.664399",
"11-Sep-2026 08:51:06","24.85","4.1","13.95","On","12.856321,77.663825",
"11-Sep-2026 08:51:36","36.36","4.1","13.98","On","12.858079,77.662425",
"11-Sep-2026 08:52:06","27.64","4.1","14","On","12.859922,77.661054",
"11-Sep-2026 08:52:36","38.01","4.1","13.98","On","12.861857,77.659476",
"11-Sep-2026 08:53:06","36.94","4.1","14","On","12.864291,77.657721",
"11-Sep-2026 08:53:36","37.55","4.1","13.95","On","12.866251,77.656041",
"11-Sep-2026 08:54:06","29.82","4.1","13.98","On","12.86845,77.65423",
"11-Sep-2026 08:54:36","12.52","4.1","13.98","On","12.869395,77.653483",
"11-Sep-2026 08:55:06","9.06","4.1","13.98","On","12.869794,77.65321",
"11-Sep-2026 08:55:24","10.77","4.1","13.98","On","12.870086,77.652963",
"11-Sep-2026 08:55:34","38.05","4.1","13.98","On","12.870655,77.652504",
"11-Sep-2026 08:55:36","38.05","4.1","13.95","On","12.870655,77.652504",
"11-Sep-2026 08:56:06","40.1","4.1","13.98","On","12.873226,77.650569",
"11-Sep-2026 08:56:36","12.47","4.1","13.98","On","12.874975,77.648929",
"11-Sep-2026 08:57:06","26.5","4.1","13.98","On","12.87717,77.647126",
"11-Sep-2026 08:57:14","41.68","4.1","13.98","On","12.877743,77.646801",
"11-Sep-2026 08:57:36","37.14","4.1","13.95","On","12.879611,77.645582",
"11-Sep-2026 08:57:49","13.2","4.1","13.95","On","12.880061,77.645077",
"11-Sep-2026 08:57:54","16.89","4.1","13.95","On","12.879984,77.644922",
"11-Sep-2026 08:58:06","23.1","4.1","13.95","On","12.879648,77.6443",
"11-Sep-2026 08:58:19","8.91","4.1","13.95","On","12.879472,77.643982",
"11-Sep-2026 08:58:24","16.1","4.1","13.95","On","12.879394,77.643834",
"11-Sep-2026 08:58:29","7.12","4.1","13.95","On","12.879278,77.643632",
"11-Sep-2026 08:58:34","16.25","4.1","13.95","On","12.879303,77.643505",
"11-Sep-2026 08:58:36","16.25","4.1","13.98","On","12.879303,77.643505",
"11-Sep-2026 08:58:54","16.81","4.1","13.98","On","12.879881,77.642419",
"11-Sep-2026 08:59:06","8.37","4.1","14","On","12.880244,77.642299",
"11-Sep-2026 08:59:09","12.82","4.1","14","On","12.880337,77.642252",
"11-Sep-2026 08:59:14","14.31","4.1","14","On","12.880382,77.642141",
"11-Sep-2026 08:59:19","6.56","4.1","14","On","12.88035,77.642047",
"11-Sep-2026 08:59:36","14.51","4.1","14","On","12.880175,77.641562",
"11-Sep-2026 08:59:39","18.63","4.1","14","On","12.880129,77.641419",
"11-Sep-2026 09:00:06","27.65","4.1","14","On","12.879613,77.639897",
"11-Sep-2026 09:00:36","17.15","4.1","14","On","12.87902,77.638224",
"11-Sep-2026 09:00:49","7.73","4.1","14","On","12.878869,77.637684",
"11-Sep-2026 09:01:06","25.11","4.1","13.98","On","12.87901,77.637054",
"11-Sep-2026 09:01:36","11.69","4.1","13.95","On","12.879323,77.636039",
"11-Sep-2026 09:01:59","34.27","4.1","13.95","On","12.879542,77.635087",
"11-Sep-2026 09:02:06","12.92","4.1","13.98","On","12.879432,77.634589",
"11-Sep-2026 09:02:36","11.31","4.1","14","On","12.87928,77.6335",
"11-Sep-2026 09:02:54","25.85","4.1","14","On","12.878829,77.63267",
"11-Sep-2026 09:02:59","27.71","4.1","14","On","12.878643,77.632476",
"11-Sep-2026 09:03:04","32.95","4.1","14","On","12.878576,77.632178",
"11-Sep-2026 09:03:06","37.01","4.1","14","On","12.87854,77.631814",
"11-Sep-2026 09:03:36","34.72","4.1","13.98","On","12.878162,77.629899",
"11-Sep-2026 09:04:06","16.4","4.1","13.98","On","12.877787,77.627161",
"11-Sep-2026 09:04:36","8.21","4.1","13.98","On","12.877743,77.625767",
"11-Sep-2026 09:05:06","8.32","4.11","14","On","12.877656,77.624724",
"11-Sep-2026 09:05:36","7.69","4.1","13.98","On","12.877684,77.623672",
"11-Sep-2026 09:05:54","10.36","4.1","13.98","On","12.877599,77.623282",
"11-Sep-2026 09:06:06","5.28","4.1","13.98","On","12.877299,77.623289",
"11-Sep-2026 09:06:14","17.34","4.1","13.98","On","12.877231,77.623132",
"11-Sep-2026 09:06:36","22.63","4.1","13.95","On","12.877276,77.622139",
"11-Sep-2026 09:06:39","25.9","4.1","13.95","On","12.877331,77.621925",
"11-Sep-2026 09:06:54","4.23","4.1","13.95","On","12.877605,77.621237",
"11-Sep-2026 09:06:59","10.98","4.1","13.95","On","12.877726,77.621162",
"11-Sep-2026 09:07:06","22.27","4.1","13.98","On","12.877789,77.620785",
"11-Sep-2026 09:07:09","22.27","4.1","13.98","On","12.877789,77.620785",
"11-Sep-2026 09:07:34","9.78","4.1","13.98","On","12.877986,77.619266",
"11-Sep-2026 09:07:36","9.78","4.1","13.98","On","12.877986,77.619266",
"11-Sep-2026 09:07:39","11.07","4.1","13.98","On","12.877933,77.619207",
"11-Sep-2026 09:07:54","24.74","4.1","13.98","On","12.877487,77.618737",
"11-Sep-2026 09:08:06","9.23","4.1","14","On","12.877382,77.618276",
"11-Sep-2026 09:08:09","9.23","4.1","14","On","12.877382,77.618276",
"11-Sep-2026 09:08:34","15.26","4.1","14","On","12.876169,77.617745",
"11-Sep-2026 09:08:36","15.26","4.1","13.95","On","12.876169,77.617745",
"11-Sep-2026 09:08:39","12.55","4.1","13.95","On","12.876034,77.617674",
"11-Sep-2026 09:08:44","8.02","4.1","13.95","On","12.875972,77.617599",
"11-Sep-2026 09:08:49","16.64","4.1","13.95","On","12.875979,77.617449",
"11-Sep-2026 09:09:06","19.83","4.1","13.98","On","12.876058,77.616518",
"11-Sep-2026 09:09:36","24.31","4.1","13.98","On","12.876216,77.615329",
"11-Sep-2026 09:10:06","0.38","4.11","13.95","On","12.876217,77.614647",
"11-Sep-2026 09:10:36","0.3","4.1","13.98","On","12.876217,77.614653",
"11-Sep-2026 09:11:06","0.17","4.1","13.98","On","12.876211,77.614654",
"11-Sep-2026 09:11:36","0.07","4.1","13.98","On","12.876211,77.614645",
"11-Sep-2026 09:12:06","0.13","4.1","14","On","12.876212,77.614643",
"11-Sep-2026 09:12:36","0.24","4.1","14","On","12.876221,77.614647",
"11-Sep-2026 09:13:06","0.55","4.1","14.03","On","12.876226,77.614638",
"11-Sep-2026 09:13:36","0.36","4.1","14","On","12.876223,77.614651",
"11-Sep-2026 09:14:06","0.39","4.11","14.03","On","12.876233,77.614659",
"11-Sep-2026 09:14:36","0.12","4.1","14","On","12.876231,77.614658",
"11-Sep-2026 09:15:06","0.07","4.1","14","On","12.876216,77.614634",
"11-Sep-2026 09:15:36","0.13","4.1","14.03","On","12.8762,77.614623",
"11-Sep-2026 09:16:06","0.17","4.11","14","On","12.876193,77.61463",
"11-Sep-2026 09:16:36","0.35","4.11","14.03","On","12.876196,77.614637",
"11-Sep-2026 09:17:06","0.33","4.1","14","On","12.876202,77.614638",
"11-Sep-2026 09:17:36","0.53","4.1","13.98","On","12.876198,77.614635",
"11-Sep-2026 09:18:06","0.38","4.1","14","On","12.876196,77.614638",
"11-Sep-2026 09:18:36","0.45","4.1","14","On","12.876203,77.614639",
"11-Sep-2026 09:19:06","0.12","4.1","14","On","12.876207,77.614636",
"11-Sep-2026 09:19:36","0.31","4.1","14","On","12.876209,77.614647",
"11-Sep-2026 09:20:06","0.12","4.1","14.03","On","12.876213,77.614658",
"11-Sep-2026 09:20:36","0.2","4.11","14","On","12.876213,77.614661",
"11-Sep-2026 09:21:06","0.25","4.1","14","On","12.876216,77.614666",
"11-Sep-2026 09:21:36","0.01","4.1","14","On","12.87621,77.614666",
"11-Sep-2026 09:22:06","0.25","4.1","14","On","12.876216,77.614676",
"11-Sep-2026 09:22:36","0.28","4.1","13.98","On","12.876219,77.614673",
"11-Sep-2026 09:23:06","0.16","4.1","14.03","On","12.876226,77.614662",
"11-Sep-2026 09:23:36","0.44","4.1","14","On","12.876226,77.614655",
"11-Sep-2026 09:24:06","0.13","4.1","14.03","On","12.876222,77.614646",
"11-Sep-2026 09:24:36","0.23","4.11","14.03","On","12.876225,77.614648",
"11-Sep-2026 09:25:06","0.33","4.1","14.03","On","12.876226,77.614649",
"11-Sep-2026 09:25:36","0.12","4.11","14","On","12.876232,77.614653",
"11-Sep-2026 09:26:36","0.35","4.1","14.03","On","12.876218,77.614648",
"11-Sep-2026 09:27:06","0.22","4.1","14","On","12.876212,77.614649",
"11-Sep-2026 09:27:36","0.26","4.11","14","On","12.876202,77.614658",
"11-Sep-2026 09:28:06","0.12","4.1","14","On","12.876201,77.614657",
"11-Sep-2026 09:28:36","0.22","4.1","13.98","On","12.876208,77.614653",
"11-Sep-2026 09:29:06","0.2","4.1","14.03","On","12.876216,77.614655",
"11-Sep-2026 09:29:36","0.15","4.1","14","On","12.876221,77.61465",
"11-Sep-2026 09:30:06","0.55","4.1","13.98","On","12.876222,77.61465",
"11-Sep-2026 09:30:36","0.24","4.1","14","On","12.876219,77.614655",
"11-Sep-2026 09:31:06","0.27","4.11","14","On","12.876218,77.614652",
"11-Sep-2026 09:31:36","0.68","4.1","14","On","12.876223,77.614661",
"11-Sep-2026 09:32:06","0.07","4.1","14","On","12.876225,77.614662",
"11-Sep-2026 09:32:36","0.18","4.1","14","On","12.876218,77.614658",
"11-Sep-2026 09:33:06","0.33","4.1","13.98","On","12.876221,77.61466",
"11-Sep-2026 09:33:36","0.02","4.1","13.98","On","12.876217,77.614651",
"11-Sep-2026 09:34:06","0.14","4.1","13.98","On","12.876219,77.614658",
"11-Sep-2026 09:34:36","0.15","4.1","14","On","12.876207,77.614659",
"11-Sep-2026 09:35:06","0.25","4.1","14","On","12.876207,77.614649",
"11-Sep-2026 09:35:36","0.1","4.1","14","On","12.876202,77.614657",
"11-Sep-2026 09:36:06","0.3","4.1","14","On","12.876203,77.61465",
"11-Sep-2026 09:36:36","0.4","4.1","13.98","On","12.876213,77.61466",
"11-Sep-2026 09:37:06","0.28","4.1","14.03","On","12.876211,77.61466",
"11-Sep-2026 09:37:36","0.15","4.1","14","On","12.876215,77.614668",
"11-Sep-2026 09:38:06","0.1","4.1","13.98","On","12.876217,77.614666",
"11-Sep-2026 09:38:36","0.15","4.11","14","On","12.876225,77.614672",
"11-Sep-2026 09:39:06","0.09","4.1","14.03","On","12.876228,77.614677",
"11-Sep-2026 09:39:36","0.09","4.1","13.98","On","12.876216,77.614669",
"11-Sep-2026 09:40:06","0.03","4.11","14","On","12.876217,77.614675",
"11-Sep-2026 09:40:36","0.15","4.1","13.98","On","12.876213,77.614672",
"11-Sep-2026 09:41:06","0.15","4.1","14","On","12.876213,77.614666",
"11-Sep-2026 09:41:36","0.1","4.1","14.03","On","12.876217,77.614665",
"11-Sep-2026 09:42:06","0.2","4.1","14.03","On","12.876211,77.614655",
"11-Sep-2026 09:42:36","0.45","4.1","14","On","12.876217,77.614661",
"11-Sep-2026 09:43:06","0.27","4.1","14","On","12.876212,77.614652",
"11-Sep-2026 09:43:36","0.13","4.1","14","On","12.876202,77.61465",
"11-Sep-2026 09:44:06","0.68","4.1","14","On","12.87621,77.614655",
"11-Sep-2026 09:44:36","0.29","4.11","14","On","12.876218,77.61466",
"11-Sep-2026 09:45:06","0.28","4.1","14","On","12.876224,77.614654",
"11-Sep-2026 09:45:36","20.1","4.1","14","On","12.876124,77.613913",
"11-Sep-2026 09:45:37","19.43","4.1","14","On","12.876088,77.613719",
"11-Sep-2026 09:45:57","19.68","4.1","14","On","12.876087,77.613062",
"11-Sep-2026 09:46:06","24.19","4.1","13.95","On","12.876209,77.612612",
"11-Sep-2026 09:46:36","13.69","4.1","13.98","On","12.876695,77.610881",
"11-Sep-2026 09:47:06","3.29","4.1","14","On","12.876801,77.610312",
"11-Sep-2026 09:47:27","17.1","4.1","14","On","12.876861,77.609977",
"11-Sep-2026 09:47:32","15.54","4.1","14","On","12.876762,77.609829",
"11-Sep-2026 09:47:36","13.2","4.1","13.98","On","12.876701,77.609737",
"11-Sep-2026 09:47:47","14.13","4.1","13.98","On","12.876434,77.60938",
"11-Sep-2026 09:47:57","12.58","4.1","13.98","On","12.876658,77.609004",
"11-Sep-2026 09:48:02","12.47","4.1","13.98","On","12.876755,77.608899",
"11-Sep-2026 09:48:06","16.89","4.11","13.98","On","12.876896,77.608891",
"11-Sep-2026 09:48:07","16.89","4.11","13.98","On","12.876896,77.608891",
"11-Sep-2026 09:48:36","18.68","4.11","13.98","On","12.8784,77.609573",
"11-Sep-2026 09:49:06","33.86","4.1","13.98","On","12.880528,77.610014",
"11-Sep-2026 09:49:07","33.86","4.1","13.98","On","12.880528,77.610014",
"11-Sep-2026 09:49:27","29.46","4.1","13.98","On","12.881941,77.609918",
"11-Sep-2026 09:49:36","32.79","4.1","13.98","On","12.882608,77.609989",
"11-Sep-2026 09:49:42","8.16","4.1","13.98","On","12.88295,77.610012",
"11-Sep-2026 09:49:47","15.69","4.1","13.98","On","12.883021,77.609925",
"11-Sep-2026 09:50:06","8.34","4.1","13.98","On","12.88316,77.609039",
"11-Sep-2026 09:50:36","24.47","4.1","13.95","On","12.883295,77.607699",
"11-Sep-2026 09:51:06","25.87","4.1","13.95","On","12.883724,77.605123",
"11-Sep-2026 09:51:36","17.02","4.1","13.98","On","12.884446,77.603279",
"11-Sep-2026 09:52:02","14.37","4.1","13.98","On","12.884689,77.602344",
"11-Sep-2026 09:52:06","15.22","4.1","13.98","On","12.884852,77.602326",
"11-Sep-2026 09:52:22","18.67","4.1","13.98","On","12.885545,77.602326",
"11-Sep-2026 09:52:36","9.08","4.11","13.98","On","12.885929,77.602401",
"11-Sep-2026 09:52:42","12.81","4.11","13.98","On","12.886145,77.602531",
"11-Sep-2026 09:52:52","13.61","4.11","13.98","On","12.886304,77.602833",
"11-Sep-2026 09:52:57","13.81","4.11","13.98","On","12.886406,77.6029",
"11-Sep-2026 09:53:06","8.85","4.1","14","On","12.886715,77.603015",
"11-Sep-2026 09:53:32","0.5","4.1","14","On","12.88705,77.603138",
"11-Sep-2026 09:53:36","9.44","4.1","13.95","On","12.887116,77.603149",
"11-Sep-2026 09:54:06","4.78","4.1","13.95","On","12.887536,77.603221",
"11-Sep-2026 09:54:27","11.06","4.1","13.95","On","12.888011,77.603241",
"11-Sep-2026 09:54:36","15.94","4.1","13.98","On","12.888321,77.603196",
"11-Sep-2026 09:54:47","14.76","4.1","13.98","On","12.88877,77.603132",
"11-Sep-2026 09:54:52","15.54","4.1","13.98","On","12.888885,77.603022",
"11-Sep-2026 09:55:06","21.68","4.1","14","On","12.889154,77.602314",
"11-Sep-2026 09:55:36","17.75","4.1","13.98","On","12.889677,77.600893",
"11-Sep-2026 09:56:06","21.19","4.1","14","On","12.890272,77.599392",
"11-Sep-2026 09:56:36","0.29","4.1","13.98","On","12.890381,77.598848",
"11-Sep-2026 09:57:06","0.27","4.1","13.98","On","12.890453,77.59835",
"11-Sep-2026 09:57:36","0.08","4.1","14","On","12.890477,77.598301",
"11-Sep-2026 09:58:06","0.25","4.1","13.98","On","12.890491,77.598307",
"11-Sep-2026 09:58:36","0.45","4.1","13.98","On","12.890478,77.598308",
"11-Sep-2026 09:58:42","2.3","4.1","13.98","On","12.890479,77.598303",
"11-Sep-2026 09:59:06","20.73","4.1","13.98","On","12.890632,77.597625",
"11-Sep-2026 09:59:36","20.41","4.1","13.98","On","12.891095,77.595848",
"11-Sep-2026 10:00:06","15.71","4.1","13.98","On","12.891184,77.594172",
"11-Sep-2026 10:00:22","12.55","4.1","13.98","On","12.891227,77.593714",
"11-Sep-2026 10:00:36","24.27","4.1","13.98","On","12.891358,77.592775",
"11-Sep-2026 10:01:06","28.16","4.1","13.98","On","12.891716,77.591475",
"11-Sep-2026 10:01:27","11.16","4.1","13.98","On","12.89222,77.590071",
"11-Sep-2026 10:01:32","4.87","4.1","13.98","On","12.892212,77.589991",
"11-Sep-2026 10:01:36","19.05","4.1","13.95","On","12.892176,77.589923",
"11-Sep-2026 10:02:06","18.4","4.1","13.98","On","12.89145,77.588089",
"11-Sep-2026 10:02:27","24.08","4.1","13.98","On","12.891234,77.587037",
"11-Sep-2026 10:02:36","26.78","4.1","13.98","On","12.891424,77.586493",
"11-Sep-2026 10:03:06","33.48","4.1","13.98","On","12.89193,77.584384",
"11-Sep-2026 10:03:36","0.92","4.1","13.98","On","12.892134,77.582344",
"11-Sep-2026 10:04:06","0.79","4.1","13.98","On","12.892174,77.582289",
"11-Sep-2026 10:04:36","0.66","4.1","14","On","12.892181,77.582296",
"11-Sep-2026 10:05:06","14.54","4.1","13.98","On","12.892163,77.581897",
"11-Sep-2026 10:05:17","2.63","4.1","13.98","On","12.892116,77.581424",
"11-Sep-2026 10:05:36","5.08","4.1","13.98","On","12.89211,77.580745",
"11-Sep-2026 10:06:06","18.12","4.1","13.98","On","12.891929,77.579562",
"11-Sep-2026 10:06:36","16.62","4.1","13.95","On","12.891747,77.578362",
"11-Sep-2026 10:07:06","2.92","4.1","13.98","On","12.891611,77.577345",
"11-Sep-2026 10:07:36","12.75","4.1","13.98","On","12.891404,77.576291",
"11-Sep-2026 10:08:06","16.63","4.1","14","On","12.891503,77.575464",
"11-Sep-2026 10:08:12","14.01","4.1","14","On","12.891551,77.575175",
"11-Sep-2026 10:08:36","17.34","4.1","13.98","On","12.891687,77.573925",
"11-Sep-2026 10:09:06","16.34","4.1","13.98","On","12.891808,77.57276",
"11-Sep-2026 10:09:27","3.73","4.1","13.98","On","12.891856,77.572105",
"11-Sep-2026 10:09:36","12.78","4.1","13.95","On","12.891754,77.572045",
"11-Sep-2026 10:09:37","12.78","4.1","13.95","On","12.891754,77.572045",
"11-Sep-2026 10:10:06","10.73","4.1","14","On","12.890446,77.571677",
"11-Sep-2026 10:10:36","16.84","4.1","13.98","On","12.888989,77.571238",
"11-Sep-2026 10:11:06","4.39","4.1","13.98","On","12.888006,77.570936",
"11-Sep-2026 10:11:36","14.15","4.11","14","On","12.886722,77.570716",
"11-Sep-2026 10:11:47","11.59","4.11","14","On","12.88638,77.570635",
"11-Sep-2026 10:12:06","18.49","4.1","13.98","On","12.886444,77.569917",
"11-Sep-2026 10:12:36","15.17","4.1","13.98","On","12.886638,77.568422",
"11-Sep-2026 10:13:06","11.16","4.1","13.98","On","12.886589,77.56742",
"11-Sep-2026 10:13:17","18.81","4.1","13.98","On","12.886628,77.566856",
"11-Sep-2026 10:13:32","12.31","4.1","13.98","On","12.886675,77.56626",
"11-Sep-2026 10:13:36","5.97","4.1","13.98","On","12.886648,77.566185",
"11-Sep-2026 10:13:42","15.14","4.1","13.98","On","12.886646,77.566081",
"11-Sep-2026 10:14:06","10.29","4.1","13.93","On","12.887092,77.564742",
"11-Sep-2026 10:14:07","10.29","4.1","13.93","On","12.887092,77.564742",
"11-Sep-2026 10:14:17","6.28","4.1","13.93","On","12.887011,77.564655",
"11-Sep-2026 10:14:36","0.29","4.11","13.98","On","12.886933,77.564583",
"11-Sep-2026 10:15:06","0.21","4.1","14","On","12.886913,77.5646",
"11-Sep-2026 10:15:36","0.1","4.1","13.98","On","12.886917,77.564595",
"11-Sep-2026 10:16:06","0.18","4.11","14","On","12.886926,77.564594",
"11-Sep-2026 10:16:36","3.07","4.11","13.95","On","12.887014,77.564576",
"11-Sep-2026 10:17:06","10.92","4.11","13.98","On","12.887243,77.56411",
"11-Sep-2026 10:17:36","0.68","4.1","13.98","On","12.887068,77.563941",
"11-Sep-2026 10:18:06","1.06","4.1","13.98","On","12.887095,77.563959",
"11-Sep-2026 10:18:36","0.25","4.1","13.98","On","12.887059,77.563959",
"11-Sep-2026 10:19:06","1","4.1","13.98","On","12.887075,77.563965",
"11-Sep-2026 10:19:36","0.26","4.1","13.98","On","12.887085,77.563957",
"11-Sep-2026 10:20:06","0.49","4.1","14","On","12.887089,77.563959",
"11-Sep-2026 10:20:36","1.19","4.1","14","On","12.887081,77.563959",
"11-Sep-2026 10:21:06","0.39","4.1","14","On","12.887093,77.563983",
"11-Sep-2026 10:21:36","0.38","4.1","14","On","12.887118,77.563989",
"11-Sep-2026 10:22:06","0.41","4.1","14.03","On","12.887103,77.563987",
"11-Sep-2026 10:22:36","0.36","4.1","14","On","12.887084,77.563981",
"11-Sep-2026 10:23:06","0.53","4.1","14","On","12.887101,77.563999",
"11-Sep-2026 10:23:36","0.59","4.1","13.98","On","12.887144,77.564009",
"11-Sep-2026 10:24:06","0.58","4.1","14","On","12.88711,77.563967",
"11-Sep-2026 10:24:36","0.31","4.1","14.03","On","12.887087,77.563977",
"11-Sep-2026 10:25:06","0.47","4.1","14","On","12.887057,77.563996",
"11-Sep-2026 10:25:36","0.33","4.1","14","On","12.887055,77.564007",
"11-Sep-2026 10:26:06","2.05","4.11","14.03","On","12.887108,77.564044",
"11-Sep-2026 10:26:36","0.87","4.1","14","On","12.887121,77.564016",
"11-Sep-2026 10:27:06","1.09","4.1","13.98","On","12.887073,77.56397",
"11-Sep-2026 10:27:36","1.37","4.1","14","On","12.887059,77.563989",
"11-Sep-2026 10:28:06","0.91","4.1","14","On","12.887036,77.563959",
"11-Sep-2026 10:28:36","1.05","4.1","14","On","12.887069,77.563983",
"11-Sep-2026 10:29:06","0.41","4.1","14","On","12.88707,77.563983",
"11-Sep-2026 10:29:36","0.36","4.11","14","On","12.887073,77.563968",
"11-Sep-2026 10:30:06","0.56","4.11","14","On","12.887057,77.563961",
"11-Sep-2026 10:30:36","1.45","4.1","14.03","On","12.887063,77.563958",
"11-Sep-2026 10:31:06","0.43","4.1","14","On","12.887028,77.56394",
"11-Sep-2026 10:31:36","0.67","4.1","14","On","12.886957,77.563878",
"11-Sep-2026 10:32:06","0.32","4.1","14.03","On","12.886931,77.563866",
"11-Sep-2026 10:32:36","0.2","4.1","14.03","On","12.88694,77.563864",
"11-Sep-2026 10:33:06","0.24","4.1","14","On","12.886969,77.563884",
"11-Sep-2026 10:33:36","0.19","4.1","14","On","12.887011,77.56391",
"11-Sep-2026 10:34:06","0.51","4.1","13.98","On","12.887013,77.563929",
"11-Sep-2026 10:34:36","0.61","4.1","13.98","On","12.887018,77.563944",
"11-Sep-2026 10:35:06","0.58","4.1","14","On","12.887036,77.563971",
"11-Sep-2026 10:35:36","0.28","4.1","14","On","12.887053,77.563977",
"11-Sep-2026 10:36:06","0.68","4.1","13.98","On","12.887047,77.56397",
"11-Sep-2026 10:36:36","1.55","4.1","13.98","On","12.887041,77.563963",
"11-Sep-2026 10:37:06","1.48","4.1","14","On","12.887043,77.563967",
"11-Sep-2026 10:37:36","0.76","4.1","13.98","On","12.887048,77.563969",
"11-Sep-2026 10:38:06","1.01","4.1","14","On","12.887053,77.563964",
"11-Sep-2026 10:38:36","1.12","4.1","13.98","On","12.887043,77.563952",
"11-Sep-2026 10:39:06","0.88","4.1","14","On","12.887014,77.563933",
"11-Sep-2026 10:39:36","0.95","4.1","13.98","On","12.887013,77.563934",
"11-Sep-2026 10:40:06","0.42","4.1","14","On","12.887018,77.563961",
"11-Sep-2026 10:40:36","0.55","4.1","14","On","12.887018,77.563968",
"11-Sep-2026 10:41:06","0.27","4.1","14","On","12.887032,77.563936",
"11-Sep-2026 10:41:36","0.88","4.1","14","On","12.887042,77.563923",
"11-Sep-2026 10:42:06","0.48","4.1","14","On","12.887016,77.563919",
"11-Sep-2026 10:42:36","0.17","4.1","14","On","12.887009,77.563935",
"11-Sep-2026 10:43:06","0.25","4.11","14.03","On","12.887,77.563916",
"11-Sep-2026 10:43:36","0.59","4.1","14","On","12.886998,77.563885",
"11-Sep-2026 10:44:06","0.67","4.1","13.98","On","12.887014,77.563896",
"11-Sep-2026 10:44:36","5.03","4.1","13.98","On","12.887015,77.563894",
"11-Sep-2026 10:45:06","1.38","4.11","13.95","On","12.887121,77.563883",
"11-Sep-2026 10:45:36","4.06","4.1","13.98","On","12.887268,77.563993",
"11-Sep-2026 10:45:43","10.28","4.1","13.98","On","12.887268,77.564079",
"11-Sep-2026 10:45:53","11.23","4.1","13.98","On","12.887264,77.564414",
"11-Sep-2026 10:46:06","4.35","4.1","13.98","On","12.887232,77.564553",
"11-Sep-2026 10:46:08","9.21","4.1","13.98","On","12.887292,77.564592",
"11-Sep-2026 10:46:18","18.09","4.1","13.98","On","12.887474,77.564586",
"11-Sep-2026 10:46:36","29.99","4.1","13.95","On","12.888886,77.563874",
"11-Sep-2026 10:47:06","0.32","4.1","13.95","On","12.889359,77.56363",
"11-Sep-2026 10:47:36","0.34","4.1","14","On","12.889359,77.563625",
"11-Sep-2026 10:48:06","5.37","4.11","13.95","On","12.889383,77.563598",
"11-Sep-2026 10:48:08","5.64","4.11","13.95","On","12.889425,77.563546",
"11-Sep-2026 10:48:13","19.44","4.11","13.95","On","12.889427,77.563436",
"11-Sep-2026 10:48:33","17.42","4.11","13.95","On","12.888224,77.562183",
"11-Sep-2026 10:48:36","13.95","4.1","13.93","On","12.88813,77.562061",
"11-Sep-2026 10:48:38","13.95","4.1","13.93","On","12.88813,77.562061",
"11-Sep-2026 10:48:48","31.49","4.1","13.93","On","12.888691,77.562407",
"11-Sep-2026 10:48:58","13.91","4.1","13.93","On","12.88882,77.562522",
"11-Sep-2026 10:49:03","27.97","4.1","13.93","On","12.889174,77.562989",
"11-Sep-2026 10:49:06","14.07","4.1","13.93","On","12.889418,77.563239",
"11-Sep-2026 10:49:36","0.7","4.1","13.98","On","12.889626,77.563369",
"11-Sep-2026 10:49:53","13.66","4.1","13.98","On","12.889543,77.563596",
"11-Sep-2026 10:50:06","36.22","4.1","13.98","On","12.888789,77.56399",
"11-Sep-2026 10:50:33","33.4","4.1","13.98","On","12.887089,77.565226",
"11-Sep-2026 10:50:36","29.49","4.1","14","On","12.886943,77.565513",
"11-Sep-2026 10:51:03","24.74","4.1","14","On","12.886243,77.566577",
"11-Sep-2026 10:51:06","12.93","4.1","13.98","On","12.886083,77.566641",
"11-Sep-2026 10:51:33","0.63","4.1","13.98","On","12.885321,77.566908",
"11-Sep-2026 10:51:36","1.01","4.1","13.95","On","12.885318,77.566912",
"11-Sep-2026 10:52:06","10.31","4.1","13.95","On","12.885199,77.567154",
"11-Sep-2026 10:52:08","10.31","4.1","13.95","On","12.885199,77.567154",
"11-Sep-2026 10:52:13","18.38","4.1","13.95","On","12.885132,77.567556",
"11-Sep-2026 10:52:33","6.75","4.1","13.95","On","12.884975,77.568524",
"11-Sep-2026 10:52:36","7.28","4.1","13.98","On","12.884955,77.568593",
"11-Sep-2026 10:52:43","19.53","4.1","13.98","On","12.884947,77.568697",
"11-Sep-2026 10:53:06","5.3","4.1","13.98","On","12.884642,77.570065",
"11-Sep-2026 10:53:13","0.71","4.1","13.98","On","12.884612,77.57023",
"11-Sep-2026 10:53:23","11.54","4.1","13.98","On","12.884505,77.570233",
"11-Sep-2026 10:53:36","12.26","4.1","13.95","On","12.883838,77.569977",
"11-Sep-2026 10:53:48","8.25","4.1","13.95","On","12.883688,77.569946",
"11-Sep-2026 10:54:06","18.29","4.1","13.98","On","12.883517,77.57082",
"11-Sep-2026 10:54:36","26.1","4.1","13.93","On","12.883376,77.572249",
"11-Sep-2026 10:55:06","15.67","4.1","13.95","On","12.883138,77.574064",
"11-Sep-2026 10:55:13","17.39","4.1","13.95","On","12.883222,77.574259",
"11-Sep-2026 10:55:18","21.65","4.1","13.95","On","12.883454,77.574268",
"11-Sep-2026 10:55:23","11.3","4.1","13.95","On","12.883617,77.57429",
"11-Sep-2026 10:55:28","20.51","4.1","13.95","On","12.883627,77.574465",
"11-Sep-2026 10:55:36","17.99","4.1","13.98","On","12.88361,77.574943",
"11-Sep-2026 10:55:53","31.27","4.1","13.98","On","12.883261,77.575569",
"11-Sep-2026 10:56:06","30.48","4.1","13.95","On","12.882256,77.575562",
"11-Sep-2026 10:56:13","28.28","4.1","13.95","On","12.88159,77.57574",
"11-Sep-2026 10:56:36","20.12","4.1","13.98","On","12.88037,77.576172",
"11-Sep-2026 10:56:48","11.23","4.1","13.98","On","12.879883,77.576317",
"11-Sep-2026 10:57:06","9.15","4.1","14","On","12.879086,77.576402",
"11-Sep-2026 10:57:13","8.52","4.1","14","On","12.87877,77.576443",
"11-Sep-2026 10:57:18","10.92","4.1","14","On","12.878699,77.576448",
"11-Sep-2026 10:57:23","16","4.1","14","On","12.878652,77.5763",
"11-Sep-2026 10:57:36","15.32","4.1","13.98","On","12.878615,77.57581",
"11-Sep-2026 10:57:48","2.31","4.1","13.98","On","12.878585,77.575439",
"11-Sep-2026 10:58:06","3.3","4.1","13.95","On","12.878575,77.575466",
"11-Sep-2026 10:58:36","0.21","4.1","13.95","On","12.878592,77.575453",
"11-Sep-2026 10:59:06","0.14","4.1","13.98","On","12.878575,77.57543",
"11-Sep-2026 10:59:36","0.29","4.1","13.98","On","12.878577,77.575436",
"11-Sep-2026 11:00:06","0.28","4.1","14","On","12.878564,77.575422",
"11-Sep-2026 11:00:36","0.87","4.1","13.98","On","12.878566,77.575412",
"11-Sep-2026 11:00:53","10.75","4.1","13.98","On","12.87855,77.575671",
"11-Sep-2026 11:00:58","14.37","4.1","13.98","On","12.878392,77.57575",
"11-Sep-2026 11:01:06","13.45","4.1","13.98","On","12.878206,77.575837",
"11-Sep-2026 11:01:18","18.06","4.1","13.98","On","12.878037,77.575781",
"11-Sep-2026 11:01:28","13.89","4.1","13.98","On","12.877992,77.57558",
"11-Sep-2026 11:01:36","7.45","4.1","13.95","On","12.877995,77.575345",
"11-Sep-2026 11:01:38","1.55","4.1","13.95","On","12.877979,77.575312",
"11-Sep-2026 11:02:06","3.46","4.1","13.98","On","12.877967,77.575215",
"11-Sep-2026 11:02:36","2.68","4.1","13.98","On","12.877986,77.575213",
"11-Sep-2026 11:03:06","0.71","4.1","13.98","On","12.877954,77.575211",
"11-Sep-2026 11:03:36","1.77","4.1","13.98","On","12.877971,77.575184",
"11-Sep-2026 11:04:06","1.29","4.1","13.98","On","12.877948,77.575187",
"11-Sep-2026 11:04:36","1.14","4.1","14","On","12.878018,77.57518",
"11-Sep-2026 11:05:06","1.01","4.1","14","On","12.878091,77.575152",
"11-Sep-2026 11:05:36","0.7","4.1","13.98","On","12.878022,77.57517",
"11-Sep-2026 11:06:06","0.3","4.1","13.98","On","12.877978,77.575173",
"11-Sep-2026 11:06:36","0.46","4.1","13.98","On","12.877991,77.575147",
"11-Sep-2026 11:07:06","0.85","4.1","13.98","On","12.877886,77.575156",
"11-Sep-2026 11:07:36","2.04","4.1","13.98","On","12.877874,77.575143",
"11-Sep-2026 11:08:06","1.46","4.11","13.98","On","12.877896,77.575132",
"11-Sep-2026 11:08:36","0.94","4.1","14","On","12.877884,77.575137",
"11-Sep-2026 11:09:06","0.56","4.1","14","On","12.877923,77.575152",
"11-Sep-2026 11:09:36","2.48","4.1","14","On","12.877923,77.575168",
"11-Sep-2026 11:10:06","2.11","4.1","14","On","12.877975,77.575172",
"11-Sep-2026 11:10:36","3.47","4.1","14","On","12.877966,77.575167",
"11-Sep-2026 11:11:06","1.83","4.1","14","On","12.877951,77.575199",
"11-Sep-2026 11:11:36","0.31","4.1","14","On","12.877937,77.575203",
"11-Sep-2026 11:12:06","2.37","4.1","13.98","On","12.877924,77.575194",
"11-Sep-2026 11:12:36","1.04","4.1","14","On","12.877923,77.575238",
"11-Sep-2026 11:13:06","1.9","4.1","13.98","On","12.877896,77.575204",
"11-Sep-2026 11:13:36","0.95","4.1","13.98","On","12.877946,77.575188",
"11-Sep-2026 11:14:06","2.07","4.1","14","On","12.877974,77.575141",
"11-Sep-2026 11:14:36","2.03","4.1","14","On","12.878017,77.575128",
"11-Sep-2026 11:15:06","4.48","4.1","13.98","On","12.87798,77.575125",
"11-Sep-2026 11:15:36","2.11","4.1","13.95","On","12.87794,77.575188",
"11-Sep-2026 11:16:06","7.11","4.1","13.95","On","12.878163,77.575075",
"11-Sep-2026 11:16:36","7.28","4.1","13.95","On","12.878576,77.575165",
"11-Sep-2026 11:17:06","1.7","4.1","13.98","On","12.878678,77.575512",
"11-Sep-2026 11:17:36","0.55","4.1","14","On","12.878631,77.575503",
"11-Sep-2026 11:18:06","1.83","4.11","14","On","12.878609,77.575509",
"11-Sep-2026 11:18:36","6.57","4.1","13.98","On","12.878571,77.575642",
"11-Sep-2026 11:19:06","8.97","4.1","13.98","On","12.878583,77.576217",
"11-Sep-2026 11:19:23","26.42","4.1","13.98","On","12.87906,77.57635",
"11-Sep-2026 11:19:36","17.64","4.1","13.95","On","12.879691,77.576341",
"11-Sep-2026 11:19:48","25.08","4.1","13.95","On","12.880386,77.576164",
"11-Sep-2026 11:20:06","13.87","4.11","13.98","On","12.881237,77.575856",
"11-Sep-2026 11:20:23","19.53","4.11","13.98","On","12.882249,77.575534",
"11-Sep-2026 11:20:36","22.52","4.1","13.98","On","12.883057,77.575547",
"11-Sep-2026 11:20:43","10.05","4.1","13.98","On","12.883463,77.575533",
"11-Sep-2026 11:21:06","16.61","4.1","14","On","12.884314,77.575472",
"11-Sep-2026 11:21:08","13.67","4.1","14","On","12.884478,77.57546",
"11-Sep-2026 11:21:13","26.33","4.1","14","On","12.884705,77.575435",
"11-Sep-2026 11:21:18","22.71","4.1","14","On","12.884977,77.575435",
"11-Sep-2026 11:21:23","13.84","4.1","14","On","12.885342,77.575441",
"11-Sep-2026 11:21:28","13.6","4.1","14","On","12.885411,77.575339",
"11-Sep-2026 11:21:36","5.38","4.1","13.95","On","12.885498,77.574949",
"11-Sep-2026 11:21:38","5.38","4.1","13.95","On","12.885498,77.574949",
"11-Sep-2026 11:21:48","13.36","4.1","13.95","On","12.885827,77.574795",
"11-Sep-2026 11:21:53","16.61","4.1","13.95","On","12.885875,77.574663",
"11-Sep-2026 11:22:06","0.27","4.1","13.95","On","12.88591,77.574206",
"11-Sep-2026 11:22:36","0.44","4.1","13.98","On","12.885921,77.574114",
"11-Sep-2026 11:23:06","0.3","4.1","13.95","On","12.885935,77.574097",
"11-Sep-2026 11:23:36","0.28","4.1","13.95","On","12.885955,77.574083",
"11-Sep-2026 11:23:48","4.36","4.1","13.95","On","12.885933,77.574029",
"11-Sep-2026 11:24:06","5.19","4.1","13.95","On","12.885842,77.573845",
"11-Sep-2026 11:24:23","18.51","4.1","13.95","On","12.885791,77.573398",
"11-Sep-2026 11:24:36","16.84","4.1","13.98","On","12.885796,77.572871",
"11-Sep-2026 11:25:06","21.02","4.1","13.98","On","12.885818,77.571513",
"11-Sep-2026 11:25:36","9.18","4.1","13.95","On","12.88592,77.570628",
"11-Sep-2026 11:25:38","9.18","4.1","13.95","On","12.88592,77.570628",
"11-Sep-2026 11:26:06","8.93","4.1","13.95","On","12.886392,77.570669",
"11-Sep-2026 11:26:36","14.45","4.1","13.95","On","12.887473,77.57075",
"11-Sep-2026 11:27:06","21.14","4.1","13.98","On","12.888501,77.570973",
"11-Sep-2026 11:27:08","22.3","4.1","13.98","On","12.888724,77.571051",
"11-Sep-2026 11:27:36","24.32","4.1","14","On","12.890248,77.5715",
"11-Sep-2026 11:28:06","20.23","4.1","13.98","On","12.891639,77.571919",
"11-Sep-2026 11:28:18","3.81","4.1","13.98","On","12.891905,77.572016",
"11-Sep-2026 11:28:28","17.38","4.1","13.98","On","12.891877,77.572303",
"11-Sep-2026 11:28:36","15.8","4.11","13.98","On","12.891852,77.572618",
"11-Sep-2026 11:29:06","17.13","4.1","13.98","On","12.891732,77.573888",
"11-Sep-2026 11:29:36","8.97","4.1","13.98","On","12.891621,77.575058",
"11-Sep-2026 11:30:06","3.46","4.1","13.98","On","12.89154,77.575456",
"11-Sep-2026 11:30:33","5.73","4.1","13.98","On","12.891479,77.575719",
"11-Sep-2026 11:30:36","6.87","4.1","13.98","On","12.891466,77.575774",
"11-Sep-2026 11:30:53","23.51","4.1","13.98","On","12.89145,77.576484",
"11-Sep-2026 11:31:06","18.6","4.1","13.98","On","12.891572,77.577167",
"11-Sep-2026 11:31:36","14.12","4.1","13.98","On","12.891802,77.57858",
"11-Sep-2026 11:32:06","22.61","4.1","13.98","On","12.892021,77.579892",
"11-Sep-2026 11:32:36","9.88","4.1","13.98","On","12.89225,77.58129",
"11-Sep-2026 11:32:38","9.88","4.1","13.98","On","12.89225,77.58129",
"11-Sep-2026 11:32:43","21.43","4.1","13.98","On","12.892398,77.581289",
"11-Sep-2026 11:32:48","31.25","4.1","13.98","On","12.892656,77.581271",
"11-Sep-2026 11:32:53","15.35","4.1","13.98","On","12.893065,77.58134",
"11-Sep-2026 11:33:06","21.23","4.1","13.95","On","12.893171,77.581726",
"11-Sep-2026 11:33:08","21.23","4.1","13.95","On","12.893171,77.581726",
"11-Sep-2026 11:33:13","26.88","4.1","13.95","On","12.89382,77.58167",
"11-Sep-2026 11:33:33","12.82","4.1","13.95","On","12.894778,77.58165",
"11-Sep-2026 11:33:36","19.26","4.1","13.98","On","12.89495,77.58166",
"11-Sep-2026 11:34:06","19.34","4.1","13.98","On","12.895879,77.581707",
"11-Sep-2026 11:34:36","1.69","4.1","13.98","On","12.897012,77.58196",
"11-Sep-2026 11:34:48","15.52","4.1","13.98","On","12.897129,77.582022",
"11-Sep-2026 11:35:06","6.47","4.1","13.98","On","12.89746,77.582296",
"11-Sep-2026 11:35:36","10.69","4.1","13.95","On","12.898038,77.582673",
"11-Sep-2026 11:35:38","10.69","4.1","13.95","On","12.898038,77.582673",
"11-Sep-2026 11:35:43","11.35","4.1","13.95","On","12.898145,77.58265",
"11-Sep-2026 11:35:48","12.24","4.1","13.95","On","12.898197,77.582539",
"11-Sep-2026 11:35:58","21.39","4.1","13.95","On","12.898385,77.581909",
"11-Sep-2026 11:36:03","11.46","4.1","13.95","On","12.898548,77.58187",
"11-Sep-2026 11:36:06","17.87","4.1","13.95","On","12.898692,77.581859",
"11-Sep-2026 11:36:36","27.71","4.1","13.95","On","12.90096,77.581564",
"11-Sep-2026 11:36:38","21.02","4.1","13.95","On","12.901202,77.581555",
"11-Sep-2026 11:36:48","7.27","4.1","13.95","On","12.901452,77.581633",
"11-Sep-2026 11:36:53","27.75","4.1","13.95","On","12.90161,77.581964",
"11-Sep-2026 11:37:06","19.06","4.1","13.98","On","12.901873,77.582679",
"11-Sep-2026 11:37:08","19.06","4.1","13.98","On","12.901873,77.582679",
"11-Sep-2026 11:37:36","7.99","4.1","13.95","On","12.902763,77.58356",
"11-Sep-2026 11:38:06","12.19","4.1","13.98","On","12.903195,77.58403",
"11-Sep-2026 11:38:28","13.53","4.1","13.98","On","12.90377,77.584434",
"11-Sep-2026 11:38:36","25.78","4.1","13.98","On","12.904136,77.584653",
"11-Sep-2026 11:38:48","19.95","4.1","13.98","On","12.904724,77.584939",
"11-Sep-2026 11:39:03","4.73","4.1","13.98","On","12.905109,77.584948",
"11-Sep-2026 11:39:06","8.78","4.1","13.93","On","12.905189,77.584958",
"11-Sep-2026 11:39:36","4.8","4.1","13.95","On","12.905474,77.585314",
"11-Sep-2026 11:40:06","6.72","4.1","13.95","On","12.905522,77.585666",
"11-Sep-2026 11:40:23","20.68","4.1","13.95","On","12.906205,77.585701",
"11-Sep-2026 11:40:28","28.36","4.1","13.95","On","12.906475,77.585703",
"11-Sep-2026 11:40:33","33.18","4.1","13.95","On","12.907141,77.585706",
"11-Sep-2026 11:40:36","33.18","4.1","13.95","On","12.907141,77.585706",
"11-Sep-2026 11:40:38","27.84","4.1","13.95","On","12.907445,77.585704",
"11-Sep-2026 11:40:58","15.49","4.1","13.95","On","12.908205,77.585673",
"11-Sep-2026 11:41:06","23.59","4.1","13.98","On","12.908592,77.585675",
"11-Sep-2026 11:41:13","27.1","4.1","13.98","On","12.909107,77.585676",
"11-Sep-2026 11:41:18","19.2","4.1","13.98","On","12.909368,77.585673",
"11-Sep-2026 11:41:36","0.37","4.1","13.98","On","12.909485,77.585679",
"11-Sep-2026 11:42:06","16.93","4.1","14","On","12.909702,77.585686",
"11-Sep-2026 11:42:18","13.5","4.1","14","On","12.910224,77.585679",
"11-Sep-2026 11:42:33","21.03","4.1","14","On","12.911075,77.585676",
"11-Sep-2026 11:42:36","21.03","4.1","13.98","On","12.911075,77.585676",
"11-Sep-2026 11:43:03","15.2","4.1","13.98","On","12.91191,77.585691",
"11-Sep-2026 11:43:06","8.97","4.1","13.98","On","12.91207,77.585692",
"11-Sep-2026 11:43:18","17.65","4.1","13.98","On","12.912428,77.5857",
"11-Sep-2026 11:43:28","12.78","4.1","13.98","On","12.912781,77.585696",
"11-Sep-2026 11:43:33","12.22","4.1","13.98","On","12.913007,77.585702",
"11-Sep-2026 11:43:36","12.22","4.1","13.95","On","12.913007,77.585702",
"11-Sep-2026 11:43:38","9.03","4.1","13.95","On","12.913127,77.585712",
"11-Sep-2026 11:44:06","8.21","4.1","13.98","On","12.913479,77.585704",
"11-Sep-2026 11:44:36","2.71","4.1","13.98","On","12.91394,77.585713",
"11-Sep-2026 11:45:06","0.72","4.1","13.98","On","12.914166,77.585736",
"11-Sep-2026 11:45:23","13.02","4.1","13.98","On","12.914537,77.585742",
"11-Sep-2026 11:45:28","13.72","4.1","13.98","On","12.914677,77.585747",
"11-Sep-2026 11:45:36","20.01","4.1","13.98","On","12.915001,77.585745",
"11-Sep-2026 11:45:38","26.14","4.1","13.98","On","12.91523,77.585754",
"11-Sep-2026 11:45:43","18.42","4.1","13.98","On","12.915483,77.585753",
"11-Sep-2026 11:45:48","15.11","4.1","13.98","On","12.91561,77.585771",
"11-Sep-2026 11:45:53","15.66","4.1","13.98","On","12.915845,77.585769",
"11-Sep-2026 11:45:58","9.32","4.1","13.98","On","12.916055,77.585676",
"11-Sep-2026 11:46:06","29.44","4.1","13.93","On","12.916062,77.585222",
"11-Sep-2026 11:46:36","16.74","4.1","13.95","On","12.916416,77.583654",
"11-Sep-2026 11:46:38","24.8","4.1","13.95","On","12.916661,77.583645",
"11-Sep-2026 11:47:06","1.46","4.11","13.98","On","12.917044,77.583606",
"11-Sep-2026 11:47:23","9.76","4.11","13.98","On","12.917127,77.583594",
"11-Sep-2026 11:47:28","11.99","4.11","13.98","On","12.917257,77.583607",
"11-Sep-2026 11:47:36","19.68","4.11","13.98","On","12.917672,77.583606",
"11-Sep-2026 11:47:43","18.22","4.11","13.98","On","12.918073,77.583618",
"11-Sep-2026 11:47:48","18.44","4.11","13.98","On","12.918308,77.583653",
"11-Sep-2026 11:47:53","12.66","4.11","13.98","On","12.918456,77.583665",
"11-Sep-2026 11:47:58","31.22","4.11","13.98","On","12.919109,77.583673",
"11-Sep-2026 11:48:06","22.12","4.11","13.95","On","12.919775,77.583656",
"11-Sep-2026 11:48:08","22.12","4.11","13.95","On","12.919775,77.583656",
"11-Sep-2026 11:48:28","33.1","4.11","13.95","On","12.92109,77.58366",
"11-Sep-2026 11:48:36","18.82","4.1","13.93","On","12.921679,77.583661",
"11-Sep-2026 11:48:38","19.76","4.1","13.93","On","12.921828,77.583659",
"11-Sep-2026 11:48:48","31.27","4.1","13.93","On","12.922421,77.583684",
"11-Sep-2026 11:48:53","33.39","4.1","13.93","On","12.922754,77.583691",
"11-Sep-2026 11:48:58","14.18","4.1","13.93","On","12.923268,77.583709",
"11-Sep-2026 11:49:03","21.43","4.1","13.93","On","12.923362,77.583616",
"11-Sep-2026 11:49:06","37.61","4.1","13.93","On","12.92335,77.583302",
"11-Sep-2026 11:49:36","20.92","4.1","13.98","On","12.923393,77.580999",
"11-Sep-2026 11:49:53","10.76","4.1","13.98","On","12.923397,77.580018",
"11-Sep-2026 11:49:58","15.57","4.1","13.98","On","12.923411,77.579762",
"11-Sep-2026 11:50:06","19.13","4.1","13.98","On","12.923478,77.579223",
"11-Sep-2026 11:50:36","35.81","4.11","13.98","On","12.923469,77.577534",
"11-Sep-2026 11:51:06","0.08","4.1","14","On","12.923466,77.576758",
"11-Sep-2026 11:51:36","0.58","4.11","14","On","12.923471,77.576713",
"11-Sep-2026 11:52:06","30.39","4.1","13.98","On","12.923497,77.575621",
"11-Sep-2026 11:52:36","1.57","4.1","13.98","On","12.923525,77.574039",
"11-Sep-2026 11:53:06","22.18","4.1","13.98","On","12.923543,77.573101",
"11-Sep-2026 11:53:36","26.83","4.1","13.98","On","12.923854,77.571145",
"11-Sep-2026 11:53:48","12.62","4.1","13.98","On","12.924039,77.570462",
"11-Sep-2026 11:53:53","15.1","4.1","13.98","On","12.924191,77.570384",
"11-Sep-2026 11:54:06","23.14","4.1","13.98","On","12.925011,77.570477",
"11-Sep-2026 11:54:08","23.14","4.1","13.98","On","12.925011,77.570477",
"11-Sep-2026 11:54:23","20.03","4.1","13.98","On","12.925891,77.570207",
"11-Sep-2026 11:54:33","9.94","4.1","13.98","On","12.926157,77.56999",
"11-Sep-2026 11:54:36","16.86","4.1","13.98","On","12.926273,77.569829",
"11-Sep-2026 11:55:06","18.52","4.1","13.98","On","12.926697,77.568839",
"11-Sep-2026 11:55:23","30.95","4.1","13.98","On","12.927272,77.567975",
"11-Sep-2026 11:55:33","23.92","4.1","13.98","On","12.927821,77.567881",
"11-Sep-2026 11:55:36","28.9","4.1","13.98","On","12.928061,77.567881",
"11-Sep-2026 11:55:38","16.54","4.1","13.98","On","12.928337,77.567898",
"11-Sep-2026 11:56:06","6.66","4.1","13.98","On","12.929402,77.568007",
"11-Sep-2026 11:56:18","6.9","4.1","13.98","On","12.929638,77.568004",
"11-Sep-2026 11:56:33","10.54","4.1","13.98","On","12.929826,77.568033",
"11-Sep-2026 11:56:36","8.49","4.11","13.98","On","12.929921,77.568025",
"11-Sep-2026 11:56:38","15.56","4.11","13.98","On","12.929961,77.567918",
"11-Sep-2026 11:57:06","18.09","4.1","13.98","On","12.93003,77.566237",
"11-Sep-2026 11:57:36","20.88","4.1","13.98","On","12.930302,77.564553",
"11-Sep-2026 11:57:48","3.28","4.1","13.98","On","12.930447,77.563766",
"11-Sep-2026 11:57:53","12.51","4.1","13.98","On","12.930551,77.563705",
"11-Sep-2026 11:58:06","16.12","4.1","13.98","On","12.931462,77.563879",
"11-Sep-2026 11:58:36","0.39","4.1","13.95","On","12.932104,77.563995",
"11-Sep-2026 11:58:58","3.39","4.1","13.95","On","12.932338,77.564025",
"11-Sep-2026 11:59:06","1.96","4.1","13.93","On","12.932433,77.563973",
"11-Sep-2026 11:59:33","13.37","4.1","13.93","On","12.93265,77.563651",
"11-Sep-2026 11:59:36","18.65","4.1","13.95","On","12.932714,77.563466",
"11-Sep-2026 11:59:58","17.02","4.1","13.95","On","12.933259,77.562703",
"11-Sep-2026 12:00:06","14.72","4.1","13.98","On","12.933509,77.562746",
"11-Sep-2026 12:00:28","8.21","4.1","13.98","On","12.93446,77.563096",
"11-Sep-2026 12:00:36","8.15","4.1","13.95","On","12.934729,77.56318",
"11-Sep-2026 12:01:03","15.27","4.1","13.95","On","12.935533,77.5636",
"11-Sep-2026 12:01:06","15.27","4.1","13.95","On","12.935533,77.5636",
"11-Sep-2026 12:01:33","9.43","4.1","13.95","On","12.93523,77.565045",
"11-Sep-2026 12:01:36","4.04","4.1","13.95","On","12.935156,77.565032",
"11-Sep-2026 12:02:06","0.72","4.1","13.98","On","12.935061,77.564999",
"11-Sep-2026 12:02:36","2.97","4.1","13.98","On","12.934886,77.564851",
"11-Sep-2026 12:03:06","0.43","4.1","14","On","12.934914,77.564835",
"11-Sep-2026 12:03:36","0.4","4.1","14","On","12.934921,77.564834",
"11-Sep-2026 12:04:06","0.31","4.1","14","On","12.934936,77.564846",
"11-Sep-2026 12:04:36","0.31","4.1","13.98","On","12.934929,77.564827",
"11-Sep-2026 12:05:06","0.2","4.1","14","On","12.934921,77.56483",
"11-Sep-2026 12:05:36","0.57","4.1","13.98","On","12.934921,77.564828",
"11-Sep-2026 12:06:06","0.44","4.1","14","On","12.934904,77.564832",
"11-Sep-2026 12:06:36","0.45","4.1","13.98","On","12.934889,77.564833",
"11-Sep-2026 12:07:06","0.34","4.1","14","On","12.934924,77.564832",
"11-Sep-2026 12:07:36","0.07","4.1","13.98","On","12.934927,77.564824",
"11-Sep-2026 12:08:06","0.28","4.1","14","On","12.934931,77.564828",
"11-Sep-2026 12:08:36","0.19","4.1","14","On","12.934919,77.564819",
"11-Sep-2026 12:09:06","0.67","4.1","14","On","12.934909,77.564809",
"11-Sep-2026 12:09:36","0.25","4.1","14","On","12.934913,77.564803",
"11-Sep-2026 12:10:06","0.64","4.1","14","On","12.934912,77.564808",
"11-Sep-2026 12:10:36","0.13","4.1","14","On","12.934897,77.564819",
"11-Sep-2026 12:11:06","1.96","4.1","13.98","On","12.934893,77.564824",
"11-Sep-2026 12:11:36","0.57","4.1","13.98","On","12.934928,77.56484",
"11-Sep-2026 12:12:06","0.37","4.1","13.98","On","12.934907,77.564842",
"11-Sep-2026 12:12:36","2.24","4.1","13.91","On","12.934876,77.564919",
"11-Sep-2026 12:13:06","0.3","4.1","13.95","On","12.935049,77.564965",
"11-Sep-2026 12:13:36","0.97","4.1","13.98","On","12.935043,77.564977",
"11-Sep-2026 12:14:06","0.22","4.1","14","On","12.935064,77.565018",
"11-Sep-2026 12:14:36","0.43","4.1","13.98","On","12.935057,77.565022",
"11-Sep-2026 12:15:06","0.21","4.1","14","On","12.935031,77.565027",
"11-Sep-2026 12:15:36","0.98","4.1","14","On","12.935028,77.565007",
"11-Sep-2026 12:16:06","0.47","4.11","14","On","12.935034,77.56501",
"11-Sep-2026 12:16:36","0.28","4.11","14","On","12.935035,77.565001",
"11-Sep-2026 12:17:06","0.8","4.1","14","On","12.935032,77.564983",
"11-Sep-2026 12:17:36","0.17","4.1","14","On","12.93504,77.565003",
"11-Sep-2026 12:18:06","0.35","4.1","14","On","12.935032,77.564978",
"11-Sep-2026 12:18:36","0.43","4.1","13.98","On","12.935031,77.564975",
"11-Sep-2026 12:19:06","0.61","4.1","14","On","12.935047,77.564969",
"11-Sep-2026 12:19:36","0.4","4.1","13.98","On","12.935041,77.564997",
"11-Sep-2026 12:20:06","1.04","4.1","13.98","On","12.935045,77.564997",
"11-Sep-2026 12:20:36","0.52","4.1","14","On","12.935048,77.564986",
"11-Sep-2026 12:21:06","0.45","4.11","13.98","On","12.935041,77.564963",
"11-Sep-2026 12:21:36","0.2","4.11","13.98","On","12.935047,77.564984",
"11-Sep-2026 12:22:06","0.32","4.1","14","On","12.935054,77.564999",
"11-Sep-2026 12:22:36","0.2","4.11","14.03","On","12.935052,77.565009",
"11-Sep-2026 12:23:06","0.25","4.1","14","On","12.935054,77.565015",
"11-Sep-2026 12:23:36","0.27","4.1","14","On","12.935054,77.565017",
"11-Sep-2026 12:24:06","0.94","4.1","14","On","12.935054,77.565019",
"11-Sep-2026 12:24:36","0.43","4.1","14.03","On","12.935058,77.565025",
"11-Sep-2026 12:25:06","0.74","4.1","14","On","12.935067,77.565042",
"11-Sep-2026 12:25:36","0.9","4.1","14","On","12.935068,77.565042",
"11-Sep-2026 12:26:06","0.61","4.1","14","On","12.935077,77.565036",
"11-Sep-2026 12:26:36","0.8","4.1","14.03","On","12.935085,77.565057",
"11-Sep-2026 12:27:06","0.06","4.1","14","On","12.935085,77.565039",
"11-Sep-2026 12:27:36","0.29","4.1","14","On","12.935081,77.565058",
"11-Sep-2026 12:28:06","0.31","4.1","14","On","12.935071,77.565064",
"11-Sep-2026 12:28:36","0.69","4.1","14","On","12.935082,77.565056",
"11-Sep-2026 12:29:06","0.36","4.1","14","On","12.935097,77.565064",
"11-Sep-2026 12:29:36","0.51","4.1","13.98","On","12.935088,77.565054",
"11-Sep-2026 12:30:06","0.77","4.1","13.98","On","12.935078,77.565037",
"11-Sep-2026 12:30:36","0.73","4.1","13.98","On","12.935089,77.565029",
"11-Sep-2026 12:31:06","0.86","4.1","14","On","12.935089,77.565034",
"11-Sep-2026 12:31:36","0.35","4.1","13.98","On","12.935066,77.565027",
"11-Sep-2026 12:32:06","0.43","4.1","13.98","On","12.935048,77.565033",
"11-Sep-2026 12:32:36","0.61","4.1","13.98","On","12.935066,77.565024",
"11-Sep-2026 12:33:06","0.34","4.1","13.98","On","12.935065,77.56502",
"11-Sep-2026 12:33:36","0.38","4.1","14","On","12.935076,77.564999",
"11-Sep-2026 12:34:06","0.62","4.1","14","On","12.935066,77.564997",
"11-Sep-2026 12:34:36","0.32","4.11","13.98","On","12.935064,77.564994",
"11-Sep-2026 12:35:06","0.61","4.11","14","On","12.93507,77.564978",
"11-Sep-2026 12:35:36","0.14","4.1","13.98","On","12.935067,77.564999",
"11-Sep-2026 12:36:06","0.69","4.1","13.98","On","12.935066,77.564996",
"11-Sep-2026 12:36:36","2.32","4.1","13.98","On","12.93506,77.565015",
"11-Sep-2026 12:37:06","0.37","4.1","13.95","On","12.935078,77.565022",
"11-Sep-2026 12:37:36","0.39","4.1","14","On","12.935083,77.565022",
"11-Sep-2026 12:38:06","0.56","4.1","13.98","On","12.935076,77.565057",
"11-Sep-2026 12:38:36","0.8","4.1","13.98","On","12.935071,77.565067",
"11-Sep-2026 12:39:06","0.26","4.1","14","On","12.935076,77.565069",
"11-Sep-2026 12:39:36","0.43","4.1","13.98","On","12.935084,77.565083",
"11-Sep-2026 12:40:06","2.97","4.1","13.98","On","12.935124,77.56509",
"11-Sep-2026 12:40:18","10.55","4.1","13.98","On","12.935253,77.565047",
"11-Sep-2026 12:40:36","17.95","4.1","13.98","On","12.935454,77.56427",
"11-Sep-2026 12:40:58","13.95","4.1","13.98","On","12.935525,77.563655",
"11-Sep-2026 12:41:06","8.79","4.1","13.98","On","12.935324,77.563499",
"11-Sep-2026 12:41:36","6.14","4.1","13.98","On","12.934643,77.563259",
"11-Sep-2026 12:42:06","6.86","4.1","13.98","On","12.93369,77.562973",
"11-Sep-2026 12:42:13","13.57","4.1","13.98","On","12.933302,77.562963",
"11-Sep-2026 12:42:36","13.84","4.1","14","On","12.932681,77.563761",
"11-Sep-2026 12:42:53","13.58","4.1","14","On","12.932417,77.564171",
"11-Sep-2026 12:42:58","15.24","4.1","14","On","12.932277,77.564151",
"11-Sep-2026 12:43:06","26.11","4.1","13.93","On","12.931864,77.564037",
"11-Sep-2026 12:43:36","7.49","4.1","13.95","On","12.930485,77.563795",
"11-Sep-2026 12:43:48","11.4","4.1","13.95","On","12.929982,77.563682",
"11-Sep-2026 12:43:53","12.95","4.1","13.95","On","12.929907,77.563775",
"11-Sep-2026 12:43:58","11.49","4.1","13.95","On","12.929847,77.563897",
"11-Sep-2026 12:44:03","11.98","4.1","13.95","On","12.929725,77.563931",
"11-Sep-2026 12:44:06","16.12","4.1","13.95","On","12.929559,77.563899",
"11-Sep-2026 12:44:28","12.98","4.1","13.95","On","12.929314,77.563782",
"11-Sep-2026 12:44:36","19.87","4.1","13.93","On","12.929394,77.563366",
"11-Sep-2026 12:44:48","19.49","4.1","13.93","On","12.929439,77.562911",
"11-Sep-2026 12:44:53","22.66","4.1","13.93","On","12.929094,77.562645",
"11-Sep-2026 12:45:06","26.19","4.1","13.95","On","12.928372,77.562357",
"11-Sep-2026 12:45:36","20.9","4.1","13.95","On","12.926618,77.561332",
"11-Sep-2026 12:45:43","14.31","4.1","13.95","On","12.926469,77.561236",
"11-Sep-2026 12:45:48","19.24","4.1","13.95","On","12.926283,77.561142",
"11-Sep-2026 12:46:06","32.93","4.1","13.95","On","12.925005,77.56087",
"11-Sep-2026 12:46:18","9.58","4.1","13.95","On","12.924107,77.560703",
"11-Sep-2026 12:46:36","11.27","4.1","13.95","On","12.922825,77.560457",
"11-Sep-2026 12:47:06","0.36","4.1","13.98","On","12.922737,77.560457",
"11-Sep-2026 12:47:36","0.52","4.1","13.98","On","12.922721,77.560456",
"11-Sep-2026 12:48:06","17.4","4.1","13.95","On","12.922066,77.560327",
"11-Sep-2026 12:48:33","15.02","4.1","13.95","On","12.920644,77.560046",
"11-Sep-2026 12:48:36","15.02","4.1","13.98","On","12.920644,77.560046",
"11-Sep-2026 12:49:06","16.52","4.1","13.98","On","12.919179,77.559849",
"11-Sep-2026 12:49:36","12.67","4.1","13.95","On","12.918199,77.559692",
"11-Sep-2026 12:50:06","29.73","4.1","13.98","On","12.916405,77.559348",
"11-Sep-2026 12:50:36","33.98","4.1","13.95","On","12.914209,77.558977",
"11-Sep-2026 12:51:06","9.67","4.1","13.95","On","12.912818,77.558857",
"11-Sep-2026 12:51:36","14.7","4.1","13.95","On","12.912198,77.558651",
"11-Sep-2026 12:52:06","23.19","4.1","13.95","On","12.910575,77.558386",
"11-Sep-2026 12:52:08","23.19","4.1","13.95","On","12.910575,77.558386",
"11-Sep-2026 12:52:36","18.54","4.1","13.95","On","12.908874,77.55853",
"11-Sep-2026 12:52:43","22.6","4.1","13.95","On","12.90854,77.558629",
"11-Sep-2026 12:53:06","27.2","4.1","13.95","On","12.907783,77.560079",
"11-Sep-2026 12:53:13","8.14","4.1","13.95","On","12.907584,77.560419",
"11-Sep-2026 12:53:23","16.13","4.1","13.95","On","12.907473,77.560406",
"11-Sep-2026 12:53:36","35.36","4.1","13.93","On","12.906857,77.559673",
"11-Sep-2026 12:54:06","22.26","4.1","13.95","On","12.905767,77.558324",
"11-Sep-2026 12:54:36","14.22","4.1","13.95","On","12.904799,77.557171",
"11-Sep-2026 12:54:43","19.82","4.1","13.95","On","12.904519,77.55691",
"11-Sep-2026 12:55:06","18.73","4.1","13.93","On","12.903121,77.5564",
"11-Sep-2026 12:55:13","2.58","4.1","13.93","On","12.903011,77.556409",
"11-Sep-2026 12:55:18","28.04","4.1","13.93","On","12.902732,77.55675",
"11-Sep-2026 12:55:36","29.14","4.1","13.91","On","12.902068,77.557873",
"11-Sep-2026 12:55:38","6.12","4.1","13.91","On","12.90189,77.558087",
"11-Sep-2026 12:55:43","11.33","4.1","13.91","On","12.901812,77.558085",
"11-Sep-2026 12:55:48","21.42","4.1","13.91","On","12.901612,77.557992",
"11-Sep-2026 12:56:06","20.6","4.1","13.93","On","12.900247,77.557535",
"11-Sep-2026 12:56:28","12.55","4.1","13.93","On","12.899229,77.557221",
"11-Sep-2026 12:56:36","7.27","4.1","13.93","On","12.898937,77.557582",
"11-Sep-2026 12:56:58","10.02","4.1","13.93","On","12.898405,77.558219",
"11-Sep-2026 12:57:06","30.2","4.1","13.95","On","12.89803,77.557893",
"11-Sep-2026 12:57:36","20.76","4.1","13.95","On","12.896274,77.556419",
"11-Sep-2026 12:58:06","12.18","4.1","13.95","On","12.894882,77.555195",
"11-Sep-2026 12:58:36","3.11","4.1","13.95","On","12.893532,77.55399",
"11-Sep-2026 12:59:06","24.5","4.1","13.95","On","12.892047,77.55274",
"11-Sep-2026 12:59:36","28.85","4.1","13.95","On","12.890515,77.551429",
"11-Sep-2026 13:00:06","34.85","4.1","13.95","On","12.888226,77.549329",
"11-Sep-2026 13:00:23","13.74","4.1","13.95","On","12.887728,77.548932",
"11-Sep-2026 13:00:28","30.66","4.1","13.95","On","12.887643,77.54912",
"11-Sep-2026 13:00:36","30.12","4.1","13.95","On","12.887454,77.549785",
"11-Sep-2026 13:00:43","9.66","4.1","13.95","On","12.88744,77.550079",
"11-Sep-2026 13:01:06","0.52","4.1","13.98","On","12.887401,77.550073",
"11-Sep-2026 13:01:28","13.36","4.1","13.98","On","12.887485,77.55014",
"11-Sep-2026 13:01:36","26.95","4.1","13.95","On","12.887521,77.550619",
"11-Sep-2026 13:01:38","29.19","4.1","13.95","On","12.887503,77.550909",
"11-Sep-2026 13:01:58","19.52","4.1","13.95","On","12.887122,77.551819",
"11-Sep-2026 13:02:06","14.09","4.1","13.93","On","12.8866,77.551729",
"11-Sep-2026 13:02:13","7.85","4.1","13.93","On","12.886523,77.551641",
"11-Sep-2026 13:02:23","10.6","4.1","13.93","On","12.886555,77.551525",
"11-Sep-2026 13:02:28","3.19","4.1","13.93","On","12.88662,77.551525",
"11-Sep-2026 13:02:36","0.31","4.1","13.93","On","12.886619,77.551518",
"11-Sep-2026 13:03:06","0.46","4.1","13.98","On","12.886635,77.551553",
"11-Sep-2026 13:03:36","7.43","4.1","13.95","On","12.886634,77.551584",
"11-Sep-2026 13:03:43","11.03","4.1","13.95","On","12.886536,77.551655",
"11-Sep-2026 13:03:48","24.23","4.1","13.95","On","12.88639,77.551708",
"11-Sep-2026 13:04:03","10.7","4.1","13.95","On","12.885558,77.551722",
"11-Sep-2026 13:04:06","0.44","4.1","13.91","On","12.885545,77.551704",
"11-Sep-2026 13:04:36","0.49","4.1","13.91","On","12.885528,77.551697",
"11-Sep-2026 13:04:38","0.58","4.1","13.91","On","12.88552,77.551663",
"11-Sep-2026 13:05:06","0.34","4.1","13.93","On","12.885516,77.551648",
"11-Sep-2026 13:05:36","9.98","4.1","13.93","On","12.885526,77.551502",
"11-Sep-2026 13:06:03","14.34","4.1","13.93","On","12.88557,77.550441",
"11-Sep-2026 13:06:06","14.34","4.1","13.95","On","12.88557,77.550441",
"11-Sep-2026 13:06:08","9.02","4.1","13.95","On","12.885648,77.550355",
"11-Sep-2026 13:06:28","10.94","4.1","13.95","On","12.885882,77.549583",
"11-Sep-2026 13:06:33","7.68","4.1","13.95","On","12.885919,77.549506",
"11-Sep-2026 13:06:36","1.3","4.1","13.91","On","12.885933,77.549461",
"11-Sep-2026 13:07:06","0.27","4.1","13.95","On","12.885932,77.549436",
"11-Sep-2026 13:07:36","0.52","4.1","13.98","On","12.885942,77.549437",
"11-Sep-2026 13:08:06","0.15","4.1","13.98","On","12.885927,77.549436",
"11-Sep-2026 13:08:36","1.32","4.1","13.95","On","12.885852,77.54943",
"11-Sep-2026 13:09:06","0.18","4.1","13.98","On","12.885873,77.549446",
"11-Sep-2026 13:09:36","1.51","4.1","13.98","On","12.885912,77.549438",
"11-Sep-2026 13:10:06","0.59","4.1","13.98","On","12.885923,77.549445",
"11-Sep-2026 13:10:36","1.16","4.1","13.98","On","12.885858,77.549463",
"11-Sep-2026 13:11:06","0.83","4.1","14","On","12.885865,77.549464",
"11-Sep-2026 13:11:36","3.73","4.1","13.95","On","12.885836,77.549423",
"11-Sep-2026 13:12:06","1.2","4.1","13.98","On","12.885859,77.549416",
"11-Sep-2026 13:12:36","1.59","4.1","13.95","On","12.885863,77.549432",
"11-Sep-2026 13:13:06","1.91","4.1","13.98","On","12.885884,77.549451",
"11-Sep-2026 13:13:36","0.69","4.1","13.98","On","12.885907,77.549466",
"11-Sep-2026 13:14:06","1.23","4.1","13.98","On","12.885945,77.549485",
"11-Sep-2026 13:14:36","2.74","4.1","13.95","On","12.885919,77.549469",
"11-Sep-2026 13:15:06","0.89","4.1","13.95","On","12.885901,77.549468",
"11-Sep-2026 13:15:36","0.58","4.1","13.93","On","12.885905,77.549431",
"11-Sep-2026 13:15:53","10.86","4.1","13.93","On","12.885947,77.549394",
"11-Sep-2026 13:16:06","3.83","4.1","13.93","On","12.886169,77.549028",
"11-Sep-2026 13:16:18","13.26","4.1","13.93","On","12.886387,77.548693",
"11-Sep-2026 13:16:23","6.08","4.1","13.93","On","12.886414,77.548648",
"11-Sep-2026 13:16:28","13.61","4.1","13.93","On","12.886678,77.548781",
"11-Sep-2026 13:16:36","14.01","4.1","13.95","On","12.886868,77.548823",
"11-Sep-2026 13:17:06","7.32","4.1","13.98","On","12.887499,77.54903",
"11-Sep-2026 13:17:23","1.97","4.1","13.98","On","12.887595,77.549029",
"11-Sep-2026 13:17:36","0.45","4.1","13.95","On","12.887617,77.549017",
"11-Sep-2026 13:18:06","0.16","4.1","13.98","On","12.887626,77.54901",
"11-Sep-2026 13:18:36","0.36","4.1","14","On","12.887639,77.549012",
"11-Sep-2026 13:19:06","0.65","4.1","13.98","On","12.887634,77.549036",
"11-Sep-2026 13:19:36","0.22","4.1","13.98","On","12.887616,77.549022",
"11-Sep-2026 13:20:06","0.64","4.1","13.98","On","12.887624,77.549021",
"11-Sep-2026 13:20:36","9.59","4.1","13.95","On","12.887863,77.548917",
"11-Sep-2026 13:20:48","11.05","4.1","13.95","On","12.888066,77.549126",
"11-Sep-2026 13:20:58","6.24","4.1","13.95","On","12.888178,77.54923",
"11-Sep-2026 13:21:06","1.19","4.1","13.91","On","12.888164,77.54925",
"11-Sep-2026 13:21:08","11.07","4.1","13.91","On","12.888117,77.549227",
"11-Sep-2026 13:21:28","14.02","4.1","13.91","On","12.887666,77.549019",
"11-Sep-2026 13:21:36","29.53","4.1","13.95","On","12.887504,77.54944",
"11-Sep-2026 13:21:43","28.67","4.1","13.95","On","12.887452,77.549725",
"11-Sep-2026 13:22:06","24.32","4.1","13.95","On","12.887443,77.551245",
"11-Sep-2026 13:22:13","15.91","4.1","13.95","On","12.887465,77.551751",
"11-Sep-2026 13:22:18","27.62","4.1","13.95","On","12.887307,77.551831",
"11-Sep-2026 13:22:36","20.78","4.1","13.95","On","12.885691,77.551746",
"11-Sep-2026 13:22:43","12.13","4.1","13.95","On","12.88558,77.551728",
"11-Sep-2026 13:22:48","12.14","4.1","13.95","On","12.885544,77.551604",
"11-Sep-2026 13:23:06","0.36","4.1","13.95","On","12.885527,77.55156",
"11-Sep-2026 13:23:36","0.63","4.1","13.98","On","12.885513,77.551551",
"11-Sep-2026 13:24:06","15.32","4.1","13.98","On","12.885507,77.55144",
"11-Sep-2026 13:24:33","3.15","4.1","13.98","On","12.885651,77.55036",
"11-Sep-2026 13:24:36","3.15","4.1","13.95","On","12.885651,77.55036",
"11-Sep-2026 13:25:06","8.55","4.1","13.98","On","12.885969,77.549465",
"11-Sep-2026 13:25:36","8.29","4.1","13.98","On","12.88635,77.548716",
"11-Sep-2026 13:25:43","11.98","4.1","13.98","On","12.886487,77.548667",
"11-Sep-2026 13:25:53","16.23","4.1","13.98","On","12.886895,77.548814",
"11-Sep-2026 13:26:06","0.77","4.1","13.93","On","12.887155,77.548868",
"11-Sep-2026 13:26:13","2.61","4.1","13.93","On","12.887142,77.548873",
"11-Sep-2026 13:26:36","0.1","4.1","13.95","On","12.887073,77.548838",
"11-Sep-2026 13:26:53","10.09","4.1","13.95","On","12.887122,77.548843",
"11-Sep-2026 13:27:06","2.1","4.1","13.95","On","12.887384,77.548984",
"11-Sep-2026 13:27:08","2.1","4.1","13.95","On","12.887384,77.548984",
"11-Sep-2026 13:27:36","0.05","4.1","13.95","On","12.887351,77.548961",
"11-Sep-2026 13:28:06","0.16","4.1","13.98","On","12.887366,77.548947",
"11-Sep-2026 13:28:36","0.1","4.1","13.98","On","12.88736,77.548953",
"11-Sep-2026 13:29:06","0.58","4.1","13.98","On","12.887352,77.54897",
"11-Sep-2026 13:29:36","0.36","4.1","13.98","On","12.887365,77.548973",
"11-Sep-2026 13:30:06","0.37","4.1","13.98","On","12.887373,77.548981",
"11-Sep-2026 13:30:36","0.3","4.1","13.95","On","12.887368,77.548971",
"11-Sep-2026 13:31:06","0.36","4.1","13.98","On","12.887357,77.548972",
"11-Sep-2026 13:31:36","0.22","4.1","13.95","On","12.887356,77.548976",
"11-Sep-2026 13:32:06","0.13","4.1","13.98","On","12.887356,77.548977",
"11-Sep-2026 13:32:36","0.23","4.1","13.98","On","12.887367,77.548986",
"11-Sep-2026 13:33:06","0.24","4.1","14","On","12.887367,77.548976",
"11-Sep-2026 13:33:36","0.31","4.1","13.98","On","12.887372,77.548984",
"11-Sep-2026 13:34:06","0.49","4.1","13.98","On","12.887379,77.548992",
"11-Sep-2026 13:34:36","0.24","4.1","13.98","On","12.887356,77.549004",
"11-Sep-2026 13:35:06","0.38","4.1","14","On","12.887362,77.549008",
"11-Sep-2026 13:35:36","0.13","4.1","14","On","12.88736,77.548997",
"11-Sep-2026 13:36:06","0.17","4.1","14","On","12.887375,77.54899",
"11-Sep-2026 13:36:36","0.39","4.1","13.98","On","12.887374,77.548976",
"11-Sep-2026 13:37:06","0.7","4.1","14","On","12.887376,77.548979",
"11-Sep-2026 13:37:36","0.16","4.1","13.95","On","12.887377,77.548995",
"11-Sep-2026 13:38:06","0.3","4.1","13.98","On","12.88736,77.548999",
"11-Sep-2026 13:38:36","6.09","4.1","13.98","On","12.887444,77.549005",
"11-Sep-2026 13:39:06","0.1","4.1","13.98","On","12.88759,77.549056",
"11-Sep-2026 13:39:36","5.25","4.1","13.98","On","12.887691,77.548898",
"11-Sep-2026 13:40:06","3.28","4.1","13.98","On","12.888036,77.549074",
"11-Sep-2026 13:40:36","0.44","4.1","13.93","On","12.888149,77.549227",
"11-Sep-2026 13:40:43","14.95","4.1","13.93","On","12.888072,77.549182",
"11-Sep-2026 13:41:06","28.85","4.1","13.95","On","12.887384,77.548506",
"11-Sep-2026 13:41:36","31.48","4.1","13.98","On","12.885713,77.546939",
"11-Sep-2026 13:42:03","11.68","4.1","13.98","On","12.884781,77.546203",
"11-Sep-2026 13:42:06","11.68","4.1","13.98","On","12.884781,77.546203",
"11-Sep-2026 13:42:23","10.04","4.1","13.98","On","12.884685,77.546811",
"11-Sep-2026 13:42:33","8.15","4.1","13.98","On","12.884489,77.546794",
"11-Sep-2026 13:42:36","18.59","4.1","13.95","On","12.884365,77.546824",
"11-Sep-2026 13:42:43","30.22","4.1","13.95","On","12.883987,77.546794",
"11-Sep-2026 13:43:03","11.02","4.1","13.95","On","12.883011,77.546776",
"11-Sep-2026 13:43:06","11.02","4.1","13.93","On","12.883011,77.546776",
"11-Sep-2026 13:43:23","27.16","4.1","13.93","On","12.882855,77.546996",
"11-Sep-2026 13:43:33","42.01","4.1","13.93","On","12.883316,77.547665",
"11-Sep-2026 13:43:36","26.24","4.1","13.93","On","12.883411,77.548008",
"11-Sep-2026 13:44:06","1.2","4.11","13.93","On","12.883575,77.548433",
"11-Sep-2026 13:44:36","0.9","4.1","13.93","On","12.883603,77.54847",
"11-Sep-2026 13:44:53","9","4.1","13.93","On","12.883603,77.548565",
"11-Sep-2026 13:44:58","14.96","4.1","13.93","On","12.883517,77.548537",
"11-Sep-2026 13:45:06","32.88","4.1","13.95","On","12.883376,77.548009",
"11-Sep-2026 13:45:18","39.17","4.1","13.95","On","12.882786,77.547074",
"11-Sep-2026 13:45:33","32.03","4.1","13.95","On","12.881343,77.546427",
"11-Sep-2026 13:45:36","32.03","4.1","13.95","On","12.881343,77.546427",
"11-Sep-2026 13:45:53","7.87","4.1","13.95","On","12.880352,77.54605",
"11-Sep-2026 13:46:06","6.42","4.1","13.95","On","12.880183,77.545964",
"11-Sep-2026 13:46:36","0.72","4.1","13.98","On","12.880054,77.545909",
"11-Sep-2026 13:47:06","0.31","4.1","13.98","On","12.880023,77.545914",
"11-Sep-2026 13:47:36","0.19","4.1","13.98","On","12.880006,77.545897",
"11-Sep-2026 13:48:06","0.79","4.1","13.95","On","12.879891,77.546089",
"11-Sep-2026 13:48:36","0.52","4.1","13.95","On","12.879835,77.546132",
"11-Sep-2026 13:49:06","0.1","4.1","13.98","On","12.87981,77.546172",
"11-Sep-2026 13:49:36","0.4","4.1","13.98","On","12.879787,77.546179",
"11-Sep-2026 13:50:06","0.17","4.1","13.98","On","12.879773,77.546186",
"11-Sep-2026 13:50:36","2","4.1","13.91","On","12.879793,77.546127",
"11-Sep-2026 13:51:06","0.28","4.1","13.95","On","12.879812,77.546131",
"11-Sep-2026 13:51:36","0.13","4.1","13.64","Off","12.879816,77.54611",
"11-Sep-2026 13:52:06","0.58","4.1","13.54","Off","12.879826,77.546114",
"11-Sep-2026 13:52:18","0.58","4.1","13.52","Off","12.879826,77.546114",
"11-Sep-2026 13:53:06","0.38","4.1","13.5","Off","12.879841,77.546107",
"11-Sep-2026 13:54:06","0.34","4.1","13.5","Off","12.879828,77.546106",
"11-Sep-2026 13:55:06","0.29","4.1","13.42","Off","12.879813,77.546122",
"11-Sep-2026 13:56:06","0.12","4.1","13.4","Off","12.879822,77.54613",
"11-Sep-2026 13:56:18","0.12","4.1","13.4","Off","12.879822,77.54613",
"11-Sep-2026 14:02:55","0.12","4.1","13.3","Off","12.879822,77.54613",
"11-Sep-2026 14:02:55","0.06","4.1","13.3","Off","12.879826,77.546139",
"11-Sep-2026 14:02:57","0.06","4.1","13.33","Off","12.879826,77.546139",
"11-Sep-2026 14:02:57","0.06","4.1","13.33","Off","12.879826,77.546139",
"11-Sep-2026 14:03:06","0.06","4.11","13.3","Off","12.879826,77.546139",
"11-Sep-2026 14:03:36","0.56","4.11","13.18","Off","12.879752,77.546155",
"11-Sep-2026 14:04:06","1.23","4.1","13.62","On","12.879785,77.546193",
"11-Sep-2026 14:04:36","4.73","4.1","13.88","On","12.879801,77.546181",
"11-Sep-2026 14:04:41","10.19","4.1","13.88","On","12.879824,77.546104",
"11-Sep-2026 14:05:06","0.79","4.1","13.93","On","12.879854,77.545914",
"11-Sep-2026 14:05:26","10.48","4.1","13.93","On","12.879813,77.545902",
"11-Sep-2026 14:05:36","26.24","4.1","13.95","On","12.87929,77.545645",
"11-Sep-2026 14:06:01","35.22","4.1","13.95","On","12.877477,77.54489",
"11-Sep-2026 14:06:06","29.29","4.1","13.95","On","12.876896,77.544682",
"11-Sep-2026 14:06:06","29.29","4.11","13.95","On","12.876896,77.544682",
"11-Sep-2026 14:06:21","40.05","4.11","13.95","On","12.875664,77.543892",
"11-Sep-2026 14:06:31","35.6","4.11","13.95","On","12.874982,77.542804",
"11-Sep-2026 14:06:36","9.2","4.11","13.95","On","12.874887,77.542571",
"11-Sep-2026 14:06:36","9.2","4.1","13.93","On","12.874887,77.542571",
"11-Sep-2026 14:06:51","16.98","4.1","13.93","On","12.875299,77.542435",
"11-Sep-2026 14:07:01","17.72","4.1","13.93","On","12.875731,77.542418",
"11-Sep-2026 14:07:06","11.05","4.1","13.93","On","12.875876,77.542407",
"11-Sep-2026 14:07:31","21.46","4.1","13.93","On","12.876966,77.541897",
"11-Sep-2026 14:07:36","17.13","4.1","13.91","On","12.877037,77.54172",
"11-Sep-2026 14:07:41","3.59","4.1","13.91","On","12.877064,77.541662",
"11-Sep-2026 14:08:06","0.66","4.1","13.93","On","12.877265,77.541808",
"11-Sep-2026 14:08:36","1.06","4.1","13.95","On","12.877337,77.541788",
"11-Sep-2026 14:09:06","1.09","4.1","13.91","On","12.877316,77.541746",
"11-Sep-2026 14:09:36","1.52","4.1","13.93","On","12.877284,77.541742",
"11-Sep-2026 14:10:06","0.51","4.1","13.95","On","12.877284,77.541758",
"11-Sep-2026 14:10:36","1.36","4.1","13.93","On","12.877291,77.541775",
"11-Sep-2026 14:11:06","0.62","4.1","13.98","On","12.877305,77.541778",
"11-Sep-2026 14:11:36","1.22","4.1","13.98","On","12.877304,77.541802",
"11-Sep-2026 14:12:06","2.52","4.1","13.91","On","12.877271,77.541788",
"11-Sep-2026 14:12:36","3.51","4.1","13.91","On","12.877109,77.5417",
"11-Sep-2026 14:13:06","5.96","4.1","13.95","On","12.876992,77.542003",
"11-Sep-2026 14:13:13","12.56","4.1","13.95","On","12.876917,77.542188",
"11-Sep-2026 14:13:18","7.33","4.1","13.95","On","12.876788,77.54225",
"11-Sep-2026 14:13:36","6.95","4.1","13.95","On","12.87598,77.542445",
"11-Sep-2026 14:13:48","19.4","4.1","13.95","On","12.875567,77.542447",
"11-Sep-2026 14:14:06","3.04","4.1","13.95","On","12.875001,77.542478",
"11-Sep-2026 14:14:23","1.17","4.1","13.95","On","12.874947,77.542478",
"11-Sep-2026 14:14:28","12.06","4.1","13.95","On","12.874821,77.542427",
"11-Sep-2026 14:14:36","22.32","4.1","13.95","On","12.874657,77.54206",
"11-Sep-2026 14:14:53","4.17","4.1","13.95","On","12.874463,77.541649",
"11-Sep-2026 14:15:06","1.32","4.1","13.95","On","12.874429,77.541562",
"11-Sep-2026 14:15:36","1.87","4.1","13.95","On","12.874308,77.54136",
"11-Sep-2026 14:16:06","9.65","4.1","13.93","On","12.873956,77.540806",
"11-Sep-2026 14:16:08","32.33","4.1","13.93","On","12.873841,77.540632",
"11-Sep-2026 14:16:36","38.71","4.1","13.93","On","12.87197,77.538961",
"11-Sep-2026 14:17:06","36.61","4.1","13.93","On","12.869409,77.536924",
"11-Sep-2026 14:17:36","49.87","4.1","13.98","On","12.867213,77.535302",
"11-Sep-2026 14:17:48","13.28","4.1","13.98","On","12.866469,77.534785",
"11-Sep-2026 14:17:53","8.54","4.1","13.98","On","12.866348,77.534954",
"11-Sep-2026 14:18:06","11.23","4.1","13.93","On","12.866247,77.535558",
"11-Sep-2026 14:18:36","4.43","4.1","13.91","On","12.866227,77.535603",
"11-Sep-2026 14:18:38","11.05","4.1","13.91","On","12.866237,77.535502",
"11-Sep-2026 14:18:43","3.21","4.1","13.91","On","12.86622,77.535441",
"11-Sep-2026 14:18:58","13.99","4.1","13.91","On","12.866023,77.535408",
"11-Sep-2026 14:19:06","29.1","4.1","13.93","On","12.865544,77.535307",
"11-Sep-2026 14:19:13","12.28","4.1","13.93","On","12.86507,77.535246",
"11-Sep-2026 14:19:18","17.85","4.1","13.93","On","12.865032,77.535395",
"11-Sep-2026 14:19:23","13.95","4.1","13.93","On","12.864959,77.535502",
"11-Sep-2026 14:19:33","13.25","4.1","13.93","On","12.864494,77.535341",
"11-Sep-2026 14:19:36","13.25","4.1","13.95","On","12.864494,77.535341",
"11-Sep-2026 14:20:06","0.23","4.1","13.95","On","12.864525,77.535043",
"11-Sep-2026 14:20:13","0.76","4.1","13.95","On","12.864517,77.53503",
"11-Sep-2026 14:20:36","0.15","4.1","13.93","On","12.864536,77.535025",
"11-Sep-2026 14:21:06","2.65","4.1","13.91","On","12.864565,77.535033",
"11-Sep-2026 14:21:36","0.67","4.1","13.93","On","12.864537,77.535088",
"11-Sep-2026 14:22:06","0.4","4.1","13.95","On","12.864531,77.53507",
"11-Sep-2026 14:22:36","0.48","4.1","13.93","On","12.864538,77.535066",
"11-Sep-2026 14:23:06","1.9","4.1","13.86","On","12.864533,77.534741",
"11-Sep-2026 14:23:36","3.18","4.1","13.88","On","12.864539,77.534678",
"11-Sep-2026 14:24:06","0.5","4.1","13.88","On","12.864738,77.534676",
"11-Sep-2026 14:24:36","3.35","4.1","13.91","On","12.864787,77.534641",
"11-Sep-2026 14:25:06","0.41","4.1","13.91","On","12.864728,77.53437",
"11-Sep-2026 14:25:36","0.09","4.1","13.95","On","12.864717,77.534346",
"11-Sep-2026 14:26:06","0.89","4.1","13.95","On","12.86474,77.534367",
"11-Sep-2026 14:26:36","0.24","4.1","13.98","On","12.864746,77.53437",
"11-Sep-2026 14:27:06","0.39","4.1","13.95","On","12.864756,77.534376",
"11-Sep-2026 14:27:36","0.18","4.1","13.98","On","12.864774,77.534379",
"11-Sep-2026 14:28:06","0.22","4.1","13.95","On","12.86477,77.534389",
"11-Sep-2026 14:28:36","0.42","4.1","13.98","On","12.864795,77.534387",
"11-Sep-2026 14:29:06","0.58","4.1","13.98","On","12.864788,77.534389",
"11-Sep-2026 14:29:36","0.63","4.1","13.98","On","12.864771,77.534378",
"11-Sep-2026 14:30:06","1.86","4.1","13.95","On","12.864792,77.534366",
"11-Sep-2026 14:30:36","0.58","4.1","14","On","12.864789,77.534374",
"11-Sep-2026 14:31:06","0.43","4.1","13.98","On","12.864796,77.53438",
"11-Sep-2026 14:31:36","0.56","4.1","13.98","On","12.864799,77.534361",
"11-Sep-2026 14:32:06","0.98","4.1","13.98","On","12.864791,77.534364",
"11-Sep-2026 14:32:36","0.86","4.1","13.98","On","12.864793,77.534375",
"11-Sep-2026 14:33:06","0.87","4.1","13.95","On","12.864782,77.534375",
"11-Sep-2026 14:33:36","0.27","4.1","13.98","On","12.864786,77.534343",
"11-Sep-2026 14:34:06","0.13","4.1","13.95","On","12.864768,77.534339",
"11-Sep-2026 14:34:36","0.18","4.1","13.98","On","12.864763,77.534353",
"11-Sep-2026 14:35:06","0.93","4.1","13.98","On","12.864771,77.534337",
"11-Sep-2026 14:35:36","0.78","4.1","13.95","On","12.864767,77.53435",
"11-Sep-2026 14:36:06","0.8","4.1","13.95","On","12.864777,77.53436",
"11-Sep-2026 14:36:36","0.45","4.1","13.98","On","12.864776,77.534356",
"11-Sep-2026 14:37:06","0.46","4.1","13.98","On","12.864782,77.534354",
"11-Sep-2026 14:37:36","0.99","4.1","13.95","On","12.864769,77.534343",
"11-Sep-2026 14:38:06","0.66","4.1","13.98","On","12.864768,77.534346",
"11-Sep-2026 14:38:36","0.27","4.1","13.98","On","12.864765,77.534369",
"11-Sep-2026 14:39:06","0.33","4.1","13.98","On","12.864766,77.534365",
"11-Sep-2026 14:39:36","0.42","4.1","13.95","On","12.864769,77.534367",
"11-Sep-2026 14:40:06","0.33","4.1","13.95","On","12.864767,77.534362",
"11-Sep-2026 14:40:36","2.34","4.1","13.98","On","12.864776,77.534341",
"11-Sep-2026 14:41:06","0.22","4.1","13.98","On","12.864761,77.534339",
"11-Sep-2026 14:41:36","0.87","4.1","13.98","On","12.86476,77.534323",
"11-Sep-2026 14:42:06","0.52","4.1","13.98","On","12.864766,77.534332",
"11-Sep-2026 14:42:36","0.61","4.1","13.98","On","12.864766,77.534335",
"11-Sep-2026 14:43:06","1.39","4.1","13.98","On","12.86476,77.534367",
"11-Sep-2026 14:43:36","0.92","4.1","13.98","On","12.864778,77.534355",
"11-Sep-2026 14:44:06","0.98","4.1","13.98","On","12.864811,77.534366",
"11-Sep-2026 14:44:36","1.4","4.1","13.98","On","12.864829,77.534349",
"11-Sep-2026 14:44:58","11","4.1","13.98","On","12.864833,77.534435",
"11-Sep-2026 14:45:06","3.16","4.1","13.95","On","12.864821,77.53457",
"11-Sep-2026 14:45:08","3.16","4.1","13.95","On","12.864821,77.53457",
"11-Sep-2026 14:45:13","11.76","4.1","13.95","On","12.864637,77.534616",
"11-Sep-2026 14:45:18","8.88","4.1","13.95","On","12.864567,77.534662",
"11-Sep-2026 14:45:36","9.19","4.1","13.98","On","12.864566,77.535061",
"11-Sep-2026 14:46:06","0.22","4.1","13.95","On","12.864615,77.535431",
"11-Sep-2026 14:46:13","10.69","4.1","13.95","On","12.864705,77.535455",
"11-Sep-2026 14:46:28","5.91","4.1","13.95","On","12.864992,77.535487",
"11-Sep-2026 14:46:36","7.74","4.1","13.95","On","12.865026,77.535348",
"11-Sep-2026 14:46:48","12.62","4.1","13.95","On","12.865235,77.535256",
"11-Sep-2026 14:47:06","16.54","4.1","13.95","On","12.865902,77.535346",
"11-Sep-2026 14:47:28","5.43","4.1","13.95","On","12.866239,77.53542",
"11-Sep-2026 14:47:36","4.7","4.1","14","On","12.866269,77.535549",
"11-Sep-2026 14:48:06","0.45","4.1","13.62","Off","12.866271,77.535604",
"11-Sep-2026 14:48:36","0.05","4.1","13.54","Off","12.86628,77.5356",
"11-Sep-2026 14:49:06","0.16","4.1","13.52","Off","12.866283,77.535593",
"11-Sep-2026 14:49:36","0.02","4.1","13.47","Off","12.86629,77.535583",
"11-Sep-2026 14:49:43","0.02","4.1","13.47","Off","12.86629,77.535583",
"11-Sep-2026 14:50:36","0.3","4.1","13.45","Off","12.866293,77.535568",
"11-Sep-2026 14:51:06","0.28","4.1","13.45","Off","12.866291,77.535571",
"11-Sep-2026 14:52:06","0.11","4.1","13.42","Off","12.866291,77.535599",
"11-Sep-2026 14:53:06","0.09","4.1","13.4","Off","12.866294,77.535598",
"11-Sep-2026 14:53:43","0.09","4.1","13.4","Off","12.866294,77.535598",
"11-Sep-2026 15:10:31","0.09","4.1","13.26","Off","12.866294,77.535598",
"11-Sep-2026 15:10:31","0.05","4.1","13.26","Off","12.866297,77.535597",
"11-Sep-2026 15:10:33","0.05","4.1","13.26","Off","12.866297,77.535597",
"11-Sep-2026 15:10:36","0.05","4.1","13.26","Off","12.866297,77.535597",
"11-Sep-2026 15:11:06","0.3","4.11","13.16","Off","12.866316,77.535642",
"11-Sep-2026 15:11:36","0.68","4.11","13.52","On","12.866271,77.535602",
"11-Sep-2026 15:12:01","14.85","4.11","13.52","On","12.866228,77.535704",
"11-Sep-2026 15:12:06","13.28","4.1","13.91","On","12.866221,77.535863",
"11-Sep-2026 15:12:36","20.93","4.1","13.95","On","12.866075,77.537166",
"11-Sep-2026 15:13:06","24.52","4.1","13.93","On","12.865834,77.539189",
"11-Sep-2026 15:13:16","8.23","4.1","13.93","On","12.86571,77.539901",
"11-Sep-2026 15:13:26","23.95","4.1","13.93","On","12.865331,77.539929",
"11-Sep-2026 15:13:36","16.07","4.1","13.93","On","12.864616,77.539909",
"11-Sep-2026 15:13:46","8.43","4.1","13.93","On","12.864455,77.539919",
"11-Sep-2026 15:13:51","10.09","4.1","13.93","On","12.864366,77.540077",
"11-Sep-2026 15:14:01","9.83","4.1","13.93","On","12.864314,77.540401",
"11-Sep-2026 15:14:06","20.05","4.1","13.93","On","12.8642,77.540501",
"11-Sep-2026 15:14:06","20.05","4.1","13.91","On","12.8642,77.540501",
"11-Sep-2026 15:14:21","4.2","4.1","13.91","On","12.863502,77.54061",
"11-Sep-2026 15:14:36","2.44","4.1","13.93","On","12.863456,77.54068",
"11-Sep-2026 15:15:06","0.45","4.1","13.93","On","12.863469,77.540671",
"11-Sep-2026 15:15:36","3.38","4.1","13.93","On","12.863462,77.540651",
"11-Sep-2026 15:16:06","0.88","4.1","13.95","On","12.863484,77.540659",
"11-Sep-2026 15:16:36","0.66","4.1","13.95","On","12.863473,77.540692",
"11-Sep-2026 15:16:51","11.68","4.1","13.95","On","12.86323,77.540784",
"11-Sep-2026 15:16:56","14.04","4.1","13.95","On","12.863128,77.54083",
"11-Sep-2026 15:17:01","17.69","4.1","13.95","On","12.863095,77.540966",
"11-Sep-2026 15:17:06","12.08","4.1","13.95","On","12.863097,77.541119",
"11-Sep-2026 15:17:26","8.94","4.1","13.95","On","12.863059,77.541545",
"11-Sep-2026 15:17:36","19.17","4.1","13.95","On","12.862921,77.542093",
"11-Sep-2026 15:17:36","19.17","4.1","13.95","On","12.862921,77.542093",
"11-Sep-2026 15:17:51","2.27","4.1","13.95","On","12.862851,77.542624",
"11-Sep-2026 15:18:06","0.67","4.11","13.95","On","12.862871,77.54267",
"11-Sep-2026 15:18:36","1.03","4.1","13.95","On","12.862933,77.542668",
"11-Sep-2026 15:19:06","0.8","4.11","13.95","On","12.862948,77.542664",
"11-Sep-2026 15:19:36","0.92","4.11","13.98","On","12.862945,77.542676",
"11-Sep-2026 15:20:06","1.32","4.1","13.95","On","12.862949,77.542651",
"11-Sep-2026 15:20:36","0.96","4.1","13.98","On","12.863,77.54267",
"11-Sep-2026 15:21:06","0.68","4.1","13.98","On","12.863015,77.542668",
"11-Sep-2026 15:21:36","0.75","4.1","14","On","12.86302,77.542687",
"11-Sep-2026 15:22:06","0.23","4.1","13.98","On","12.863004,77.54268",
"11-Sep-2026 15:22:36","2.31","4.1","13.98","On","12.863001,77.542665",
"11-Sep-2026 15:23:06","0.94","4.1","14","On","12.862995,77.542673",
"11-Sep-2026 15:23:36","1.06","4.1","13.95","On","12.863024,77.542665",
"11-Sep-2026 15:24:06","1.46","4.1","14","On","12.863046,77.542712",
"11-Sep-2026 15:24:36","2.69","4.1","13.98","On","12.863029,77.542738",
"11-Sep-2026 15:25:06","1.66","4.1","13.95","On","12.863032,77.54274",
"11-Sep-2026 15:25:36","1.08","4.1","13.95","On","12.863033,77.542683",
"11-Sep-2026 15:26:06","0.89","4.1","13.95","On","12.863068,77.542672",
"11-Sep-2026 15:26:36","0.57","4.1","13.95","On","12.863107,77.542692",
"11-Sep-2026 15:27:06","2.09","4.1","13.98","On","12.863139,77.542706",
"11-Sep-2026 15:27:36","1.31","4.1","13.98","On","12.863095,77.542755",
"11-Sep-2026 15:28:06","0.37","4.1","13.98","On","12.863058,77.542727",
"11-Sep-2026 15:28:36","7.71","4.1","13.98","On","12.862934,77.542831",
"11-Sep-2026 15:28:56","10.42","4.1","13.98","On","12.862804,77.542482",
"11-Sep-2026 15:29:01","5.8","4.1","13.98","On","12.862858,77.542361",
"11-Sep-2026 15:29:06","5.58","4.1","13.98","On","12.862915,77.542316",
"11-Sep-2026 15:29:11","11.01","4.1","13.98","On","12.862942,77.54222",
"11-Sep-2026 15:29:31","7.24","4.1","13.98","On","12.863091,77.541505",
"11-Sep-2026 15:29:36","6.19","4.1","13.98","On","12.863105,77.541369",
"11-Sep-2026 15:29:41","11.4","4.1","13.98","On","12.863098,77.541235",
"11-Sep-2026 15:29:56","11.02","4.1","13.98","On","12.862948,77.540869",
"11-Sep-2026 15:30:01","7.05","4.1","13.98","On","12.862919,77.540692",
"11-Sep-2026 15:30:06","12.43","4.1","13.98","On","12.863008,77.540661",
"11-Sep-2026 15:30:06","12.43","4.1","13.95","On","12.863008,77.540661",
"11-Sep-2026 15:30:21","0.52","4.1","13.95","On","12.863161,77.540629",
"11-Sep-2026 15:30:36","1.38","4.1","13.95","On","12.863205,77.540594",
"11-Sep-2026 15:31:06","0.84","4.1","13.95","On","12.863184,77.540606",
"11-Sep-2026 15:31:36","0.22","4.1","13.98","On","12.86333,77.54041",
"11-Sep-2026 15:32:06","1.17","4.1","13.98","On","12.863329,77.540409",
"11-Sep-2026 15:32:36","0.51","4.1","13.95","On","12.863461,77.540368",
"11-Sep-2026 15:33:06","1.49","4.1","13.98","On","12.863477,77.540391",
"11-Sep-2026 15:33:36","0.42","4.1","14","On","12.863485,77.540395",
"11-Sep-2026 15:34:06","1.16","4.1","13.98","On","12.863487,77.540394",
"11-Sep-2026 15:34:36","0.42","4.1","13.98","On","12.863494,77.540395",
"11-Sep-2026 15:35:06","1.78","4.1","13.98","On","12.863477,77.54038",
"11-Sep-2026 15:35:36","0.25","4.1","13.95","On","12.863499,77.540395",
"11-Sep-2026 15:36:06","3.55","4.1","13.98","On","12.863537,77.5405",
"11-Sep-2026 15:36:36","0.8","4.1","13.98","On","12.863479,77.540607",
"11-Sep-2026 15:37:06","4.37","4.1","13.95","On","12.863449,77.540676",
"11-Sep-2026 15:37:36","8.52","4.1","13.98","On","12.863287,77.540745",
"11-Sep-2026 15:37:41","14.28","4.1","13.98","On","12.863119,77.540815",
"11-Sep-2026 15:37:46","23.34","4.1","13.98","On","12.863107,77.541008",
"11-Sep-2026 15:38:06","15.49","4.1","13.95","On","12.863047,77.541709",
"11-Sep-2026 15:38:36","8.54","4.1","13.95","On","12.862818,77.542708",
"11-Sep-2026 15:38:46","6.16","4.1","13.95","On","12.86283,77.542791",
"11-Sep-2026 15:38:51","12.49","4.1","13.95","On","12.862739,77.542795",
"11-Sep-2026 15:38:56","10.1","4.1","13.95","On","12.862681,77.542745",
"11-Sep-2026 15:39:01","0.61","4.1","13.95","On","12.862712,77.542753",
"11-Sep-2026 15:39:06","14.92","4.1","13.95","On","12.862628,77.542798",
"11-Sep-2026 15:39:06","14.92","4.1","13.93","On","12.862628,77.542798",
"11-Sep-2026 15:39:26","5.3","4.1","13.93","On","12.862085,77.542803",
"11-Sep-2026 15:39:36","12.1","4.1","13.93","On","12.862078,77.542646",
"11-Sep-2026 15:39:36","12.1","4.1","13.98","On","12.862078,77.542646",
"11-Sep-2026 15:40:06","0.16","4.1","13.86","Off","12.861965,77.542136",
"11-Sep-2026 15:40:36","0.1","4.1","13.57","Off","12.861902,77.542108",
"11-Sep-2026 15:41:06","0.86","4.1","13.47","Off","12.861884,77.542096",
"11-Sep-2026 15:41:36","0.16","4.1","13.45","Off","12.861846,77.542086",
"11-Sep-2026 15:41:44","0.16","4.1","13.45","Off","12.861846,77.542086",
"11-Sep-2026 15:42:36","0.45","4.1","13.42","Off","12.861826,77.542058",
"11-Sep-2026 15:43:06","0.41","4.1","13.42","Off","12.861806,77.542062",
"11-Sep-2026 15:44:06","0.57","4.1","13.38","Off","12.861765,77.542081",
"11-Sep-2026 15:45:06","0.29","4.1","13.35","Off","12.861757,77.542089",
"11-Sep-2026 15:45:44","0.29","4.1","13.33","Off","12.861757,77.542089",
"11-Sep-2026 15:52:20","0.29","4.11","13.33","Off","12.861757,77.542089",
"11-Sep-2026 15:52:20","0.2","4.11","13.33","Off","12.861757,77.542081",
"11-Sep-2026 15:52:35","0.2","4.11","13.3","On","12.861757,77.542081",
"11-Sep-2026 15:52:36","0.2","4.11","13.28","On","12.861757,77.542081",
"11-Sep-2026 15:53:06","4.33","4.11","13.81","On","12.861758,77.541934",
"11-Sep-2026 15:53:18","4.67","4.11","13.81","On","12.861728,77.541749",
"11-Sep-2026 15:53:36","3.71","4.11","13.93","On","12.861786,77.541463",
"11-Sep-2026 15:54:06","5.42","4.1","13.93","On","12.861797,77.54104",
"11-Sep-2026 15:54:36","7.94","4.1","13.93","On","12.862067,77.5405",
"11-Sep-2026 15:54:43","11.17","4.1","13.93","On","12.862201,77.540518",
"11-Sep-2026 15:54:48","12.71","4.1","13.93","On","12.862551,77.540481",
"11-Sep-2026 15:54:53","13.65","4.1","13.93","On","12.862718,77.540467",
"11-Sep-2026 15:54:58","13.11","4.1","13.93","On","12.862842,77.540556",
"11-Sep-2026 15:55:03","9.57","4.1","13.93","On","12.862934,77.540641",
"11-Sep-2026 15:55:06","8.63","4.11","13.93","On","12.863038,77.540659",
"11-Sep-2026 15:55:36","0.77","4.1","13.93","On","12.863063,77.540658",
"11-Sep-2026 15:56:06","0.9","4.1","13.93","On","12.863076,77.540627",
"11-Sep-2026 15:56:36","9.39","4.1","13.95","On","12.863557,77.54043",
"11-Sep-2026 15:56:48","18.75","4.1","13.95","On","12.864016,77.54046",
"11-Sep-2026 15:56:58","8.05","4.1","13.95","On","12.864278,77.540385",
"11-Sep-2026 15:57:06","14.22","4.1","13.93","On","12.864316,77.540125",
"11-Sep-2026 15:57:18","12.05","4.1","13.93","On","12.864463,77.539885",
"11-Sep-2026 15:57:28","21.71","4.1","13.93","On","12.864832,77.53989",
"11-Sep-2026 15:57:33","16.67","4.1","13.93","On","12.86498,77.5399",
"11-Sep-2026 15:57:36","18.65","4.1","13.93","On","12.865183,77.53991",
"11-Sep-2026 15:57:38","18.65","4.1","13.93","On","12.865183,77.53991",
"11-Sep-2026 15:57:48","13.01","4.1","13.93","On","12.86572,77.53986",
"11-Sep-2026 15:57:53","16.67","4.1","13.93","On","12.865766,77.539745",
"11-Sep-2026 15:58:06","16.03","4.1","13.93","On","12.865819,77.539176",
"11-Sep-2026 15:58:36","14.7","4.1","13.93","On","12.865984,77.537546",
"11-Sep-2026 15:59:06","5.07","4.1","13.93","On","12.866063,77.536782",
"11-Sep-2026 15:59:36","5.04","4.1","13.91","On","12.866152,77.535911",
"11-Sep-2026 16:00:06","17.37","4.1","13.93","On","12.866303,77.534935",
"11-Sep-2026 16:00:18","11.86","4.1","13.93","On","12.866486,77.534593",
"11-Sep-2026 16:00:23","33.9","4.1","13.93","On","12.866699,77.534703",
"11-Sep-2026 16:00:36","41.99","4.1","13.91","On","12.868017,77.53567",
"11-Sep-2026 16:01:06","33.42","4.1","13.95","On","12.869884,77.537136",
"11-Sep-2026 16:01:28","52.12","4.1","13.95","On","12.871577,77.538427",
"11-Sep-2026 16:01:33","47.82","4.1","13.95","On","12.872008,77.538766",
"11-Sep-2026 16:01:36","53.57","4.1","13.91","On","12.872393,77.539094",
"11-Sep-2026 16:02:06","0.33","4.1","13.93","On","12.873448,77.540069",
"11-Sep-2026 16:02:23","0.43","4.1","13.93","On","12.873449,77.540098",
"11-Sep-2026 16:02:36","0.34","4.1","13.93","On","12.873467,77.540075",
"11-Sep-2026 16:03:06","0.92","4.1","13.95","On","12.87346,77.540061",
"11-Sep-2026 16:03:28","18.21","4.1","13.95","On","12.873578,77.540232",
"11-Sep-2026 16:03:36","10.17","4.1","13.93","On","12.873934,77.540623",
"11-Sep-2026 16:03:58","23.05","4.1","13.93","On","12.874581,77.541775",
"11-Sep-2026 16:04:06","19.09","4.1","13.93","On","12.874736,77.542096",
"11-Sep-2026 16:04:33","40.9","4.1","13.93","On","12.875887,77.543896",
"11-Sep-2026 16:04:36","40.9","4.1","13.93","On","12.875887,77.543896",
"11-Sep-2026 16:04:58","38.97","4.1","13.93","On","12.877548,77.544781",
"11-Sep-2026 16:05:46","13.06","4.1","13.91","On","12.878231,77.545073",
"11-Sep-2026 16:06:06","0.19","4.1","13.93","On","12.878585,77.545173",
"11-Sep-2026 16:06:36","0.28","4.1","13.93","On","12.878627,77.545189",
"11-Sep-2026 16:07:06","9.66","4.1","13.95","On","12.878679,77.54519",
"11-Sep-2026 16:07:36","16.69","4.1","13.95","On","12.880077,77.545767",
"11-Sep-2026 16:08:06","32.69","4.1","13.98","On","12.881724,77.546469",
"11-Sep-2026 16:08:26","4.45","4.1","13.98","On","12.882992,77.547164",
"11-Sep-2026 16:08:36","0.88","4.1","13.91","On","12.883036,77.547237",
"11-Sep-2026 16:09:06","1.98","4.1","13.95","On","12.883074,77.547235",
"11-Sep-2026 16:09:21","10.88","4.1","13.95","On","12.883207,77.547449",
"11-Sep-2026 16:09:36","10.17","4.1","13.93","On","12.883311,77.547728",
"11-Sep-2026 16:10:06","0.35","4.1","13.93","On","12.883443,77.548175",
"11-Sep-2026 16:10:36","1.79","4.1","13.95","On","12.883447,77.54819",
"11-Sep-2026 16:11:01","13.81","4.1","13.95","On","12.883572,77.548559",
"11-Sep-2026 16:11:06","19.99","4.1","13.93","On","12.883427,77.548722",
"11-Sep-2026 16:11:11","15.02","4.1","13.93","On","12.883284,77.54885",
"11-Sep-2026 16:11:36","10.97","4.1","13.93","On","12.882661,77.549716",
"11-Sep-2026 16:12:06","48.87","4.1","13.93","On","12.881816,77.550846",
"11-Sep-2026 16:12:36","33.07","4.1","13.91","On","12.880505,77.552629",
"11-Sep-2026 16:13:06","44.21","4.1","13.93","On","12.879055,77.554646",
"11-Sep-2026 16:13:36","32.3","4.1","13.91","On","12.878034,77.556046",
"11-Sep-2026 16:14:06","43.71","4.1","13.93","On","12.87611,77.558641",
"11-Sep-2026 16:14:26","24.05","4.1","13.93","On","12.875013,77.559794",
"11-Sep-2026 16:14:36","23.15","4.1","13.88","On","12.874425,77.559709",
"11-Sep-2026 16:14:41","20.82","4.1","13.88","On","12.874272,77.559845",
"11-Sep-2026 16:15:06","38.74","4.1","13.93","On","12.873833,77.561666",
"11-Sep-2026 16:15:36","38.14","4.1","13.95","On","12.873205,77.564303",
"11-Sep-2026 16:16:06","12.25","4.1","13.93","On","12.872928,77.566597",
"11-Sep-2026 16:16:06","12.25","4.1","13.93","On","12.872928,77.566597",
"11-Sep-2026 16:16:26","30.48","4.1","13.93","On","12.874098,77.566666",
"11-Sep-2026 16:16:36","43.46","4.1","13.93","On","12.87491,77.566689",
"11-Sep-2026 16:16:36","43.46","4.1","13.93","On","12.87491,77.566689",
"11-Sep-2026 16:17:06","11.35","4.1","13.91","On","12.876383,77.567067",
"11-Sep-2026 16:17:06","11.35","4.1","13.91","On","12.876383,77.567067",
"11-Sep-2026 16:17:36","28.14","4.1","13.95","On","12.875776,77.568315",
"11-Sep-2026 16:18:06","17.01","4.1","13.95","On","12.875174,77.569536",
"11-Sep-2026 16:18:31","16.7","4.1","13.95","On","12.874617,77.570329",
"11-Sep-2026 16:18:36","14.85","4.1","13.95","On","12.874448,77.57043",
"11-Sep-2026 16:18:41","4.19","4.1","13.95","On","12.874336,77.570453",
"11-Sep-2026 16:18:51","25.07","4.1","13.95","On","12.873764,77.570523",
"11-Sep-2026 16:18:56","30.58","4.1","13.95","On","12.873569,77.570714",
"11-Sep-2026 16:19:01","32.41","4.1","13.95","On","12.873532,77.571026",
"11-Sep-2026 16:19:06","36.37","4.1","13.93","On","12.873626,77.571735",
"11-Sep-2026 16:19:36","21.86","4.1","13.91","On","12.873985,77.57318",
"11-Sep-2026 16:19:41","24.46","4.1","13.91","On","12.873813,77.573347",
"11-Sep-2026 16:20:06","30.47","4.1","13.95","On","12.87186,77.573642",
"11-Sep-2026 16:20:06","30.47","4.1","13.95","On","12.87186,77.573642",
"11-Sep-2026 16:20:31","19.35","4.1","13.95","On","12.870519,77.574335",
"11-Sep-2026 16:20:36","17.87","4.1","13.95","On","12.870305,77.574345",
"11-Sep-2026 16:20:46","13.88","4.1","13.95","On","12.869883,77.574443",
"11-Sep-2026 16:21:06","20.37","4.1","13.93","On","12.869514,77.575489",
"11-Sep-2026 16:21:21","15.02","4.1","13.93","On","12.869411,77.575797",
"11-Sep-2026 16:21:26","44.86","4.1","13.93","On","12.870116,77.5759",
"11-Sep-2026 16:21:36","19.87","4.1","13.93","On","12.870767,77.575985",
"11-Sep-2026 16:21:41","4.59","4.1","13.93","On","12.870919,77.576029",
"11-Sep-2026 16:22:06","16.93","4.1","13.95","On","12.870979,77.57727",
"11-Sep-2026 16:22:26","24.83","4.1","13.95","On","12.871108,77.578889",
"11-Sep-2026 16:22:36","18.26","4.1","13.95","On","12.87118,77.57942",
"11-Sep-2026 16:22:41","17.88","4.1","13.95","On","12.871125,77.579578",
"11-Sep-2026 16:22:46","10.25","4.1","13.95","On","12.870848,77.579614",
"11-Sep-2026 16:23:06","11.94","4.1","13.93","On","12.870133,77.579759",
"11-Sep-2026 16:23:06","28.43","4.1","13.93","On","12.870115,77.579984",
"11-Sep-2026 16:23:36","4.96","4.1","13.93","On","12.87006,77.581941",
"11-Sep-2026 16:23:41","4.18","4.1","13.93","On","12.870083,77.581981",
"11-Sep-2026 16:23:51","14.94","4.1","13.93","On","12.870288,77.582015",
"11-Sep-2026 16:24:06","15.93","4.1","13.98","On","12.870684,77.582204",
"11-Sep-2026 16:24:06","12.14","4.1","13.98","On","12.8707,77.582383",
"11-Sep-2026 16:24:36","7.83","4.1","13.95","On","12.870609,77.583072",
"11-Sep-2026 16:25:06","21.72","4.1","13.95","On","12.870477,77.584339",
"11-Sep-2026 16:25:16","26.36","4.1","13.95","On","12.870454,77.585011",
"11-Sep-2026 16:25:36","25.43","4.1","13.95","On","12.87006,77.586052",
"11-Sep-2026 16:26:06","32.15","4.1","13.93","On","12.869636,77.587072",
"11-Sep-2026 16:26:16","16.83","4.1","13.93","On","12.869409,77.58791",
"11-Sep-2026 16:26:36","26.97","4.1","13.88","On","12.870078,77.58931",
"11-Sep-2026 16:27:06","32.92","4.1","13.95","On","12.870851,77.590823",
"11-Sep-2026 16:27:26","0.46","4.1","13.95","On","12.871186,77.591662",
"11-Sep-2026 16:27:36","1.72","4.1","13.93","On","12.871106,77.592064",
"11-Sep-2026 16:27:51","22.65","4.1","13.93","On","12.871098,77.592607",
"11-Sep-2026 16:27:56","23.83","4.1","13.93","On","12.871175,77.592852",
"11-Sep-2026 16:28:06","4.51","4.1","13.93","On","12.871121,77.593219",
"11-Sep-2026 16:28:06","4.51","4.1","13.93","On","12.871121,77.593219",
"11-Sep-2026 16:28:26","12.77","4.1","13.93","On","12.871165,77.593373",
"11-Sep-2026 16:28:36","44.5","4.1","13.91","On","12.872699,77.59405",
"11-Sep-2026 16:28:51","27.45","4.1","13.91","On","12.873675,77.594349",
"11-Sep-2026 16:29:06","27.06","4.1","13.93","On","12.874453,77.594691",
"11-Sep-2026 16:29:36","12.99","4.1","13.93","On","12.87635,77.59501",
"11-Sep-2026 16:29:41","4","4.1","13.93","On","12.876413,77.595026",
"11-Sep-2026 16:30:06","0.73","4.1","13.88","On","12.876413,77.595032",
"11-Sep-2026 16:30:36","0.42","4.1","13.91","On","12.876422,77.595026",
"11-Sep-2026 16:30:41","17.62","4.1","13.91","On","12.876523,77.595137",
"11-Sep-2026 16:30:46","12.23","4.1","13.91","On","12.876574,77.595259",
"11-Sep-2026 16:30:51","29.07","4.1","13.91","On","12.876509,77.595724",
"11-Sep-2026 16:31:06","32.89","4.1","13.95","On","12.876404,77.596701",
"11-Sep-2026 16:31:36","18.97","4.1","13.93","On","12.876319,77.598394",
"11-Sep-2026 16:32:01","13.71","4.1","13.93","On","12.8765,77.599838",
"11-Sep-2026 16:32:06","2.5","4.1","13.93","On","12.876512,77.599886",
"11-Sep-2026 16:32:36","33.68","4.1","13.93","On","12.876757,77.601178",
"11-Sep-2026 16:32:56","24.67","4.1","13.93","On","12.877171,77.602272",
"11-Sep-2026 16:33:01","15.48","4.1","13.93","On","12.877349,77.602348",
"11-Sep-2026 16:33:06","10.54","4.1","13.91","On","12.877446,77.602373",
"11-Sep-2026 16:33:11","10.59","4.1","13.91","On","12.877511,77.602516",
"11-Sep-2026 16:33:36","7.51","4.1","13.93","On","12.877438,77.603371",
"11-Sep-2026 16:34:06","26.51","4.1","13.95","On","12.877133,77.604926",
"11-Sep-2026 16:34:36","22.41","4.1","13.95","On","12.876982,77.606323",
"11-Sep-2026 16:34:51","8.35","4.1","13.95","On","12.876865,77.606936",
"11-Sep-2026 16:35:01","10.16","4.1","13.95","On","12.876712,77.607016",
"11-Sep-2026 16:35:06","5.92","4.1","13.95","On","12.876614,77.607041",
"11-Sep-2026 16:35:06","5.92","4.1","13.95","On","12.876614,77.607041",
"11-Sep-2026 16:35:16","16.1","4.1","13.95","On","12.87654,77.607362",
"11-Sep-2026 16:35:36","18","4.1","13.95","On","12.876687,77.608418",
"11-Sep-2026 16:35:56","13.14","4.1","13.95","On","12.876762,77.608908",
"11-Sep-2026 16:36:06","4.57","4.1","13.98","On","12.876615,77.609098",
"11-Sep-2026 16:36:26","0.66","4.1","13.98","On","12.876421,77.609399",
"11-Sep-2026 16:36:31","12.77","4.1","13.98","On","12.876455,77.609518",
"11-Sep-2026 16:36:36","16.4","4.1","13.98","On","12.876555,77.609618",
"11-Sep-2026 16:36:51","12.48","4.1","13.98","On","12.876915,77.610121",
"11-Sep-2026 16:37:06","21.91","4.1","13.95","On","12.876814,77.610563",
"11-Sep-2026 16:37:36","31.53","4.1","13.98","On","12.876224,77.61282",
"11-Sep-2026 16:37:51","31.32","4.1","13.98","On","12.87617,77.613794",
"11-Sep-2026 16:38:06","26.99","4.1","13.95","On","12.876321,77.61477",
"11-Sep-2026 16:38:36","6.19","4.1","13.93","On","12.876224,77.616123",
"11-Sep-2026 16:38:46","9.43","4.1","13.93","On","12.876206,77.616187",
"11-Sep-2026 16:39:06","4.48","4.1","13.93","On","12.876115,77.616775",
"11-Sep-2026 16:39:36","0.33","4.1","13.95","On","12.875995,77.617446",
"11-Sep-2026 16:39:51","12.55","4.1","13.95","On","12.876065,77.617609",
"11-Sep-2026 16:40:06","19.29","4.1","13.93","On","12.876477,77.617806",
"11-Sep-2026 16:40:21","18.68","4.1","13.93","On","12.877389,77.618227",
"11-Sep-2026 16:40:31","5.63","4.1","13.93","On","12.877463,77.618608",
"11-Sep-2026 16:40:36","12.62","4.1","13.93","On","12.877557,77.618971",
"11-Sep-2026 16:40:41","14.22","4.1","13.93","On","12.877631,77.619069",
"11-Sep-2026 16:40:56","12.66","4.1","13.93","On","12.877992,77.619283",
"11-Sep-2026 16:41:06","28.18","4.1","13.93","On","12.877968,77.619723",
"11-Sep-2026 16:41:36","8.82","4.1","13.93","On","12.87778,77.621185",
"11-Sep-2026 16:41:41","11.15","4.1","13.93","On","12.877667,77.621231",
"11-Sep-2026 16:41:46","8.71","4.1","13.93","On","12.877574,77.621263",
"11-Sep-2026 16:41:51","20.4","4.1","13.93","On","12.877518,77.621405",
"11-Sep-2026 16:42:06","25.41","4.1","13.95","On","12.877279,77.622304",
"11-Sep-2026 16:42:16","11.46","4.1","13.95","On","12.877232,77.622938",
"11-Sep-2026 16:42:31","10.09","4.1","13.95","On","12.877273,77.623219",
"11-Sep-2026 16:42:36","4.43","4.1","13.93","On","12.877483,77.623242",
"11-Sep-2026 16:42:36","4.43","4.1","13.93","On","12.877483,77.623242",
"11-Sep-2026 16:43:06","5.32","4.1","13.93","On","12.877707,77.623709",
"11-Sep-2026 16:43:11","18.74","4.1","13.93","On","12.877724,77.62382",
"11-Sep-2026 16:43:36","18.77","4.11","13.93","On","12.877673,77.624742",
"11-Sep-2026 16:44:06","9.71","4.1","13.93","On","12.877774,77.625499",
"11-Sep-2026 16:44:36","0.09","4.1","13.95","On","12.877814,77.626453",
"11-Sep-2026 16:45:06","0.14","4.1","13.95","On","12.877817,77.626452",
"11-Sep-2026 16:45:36","0.3","4.1","13.98","On","12.87781,77.626447",
"11-Sep-2026 16:46:06","0.17","4.1","14","On","12.877815,77.626451",
"11-Sep-2026 16:46:36","0.07","4.1","14","On","12.877816,77.626455",
"11-Sep-2026 16:47:06","4.66","4.1","13.98","On","12.877811,77.626479",
"11-Sep-2026 16:47:36","32.57","4.1","13.98","On","12.877942,77.627817",
"11-Sep-2026 16:48:06","8.37","4.1","13.95","On","12.878252,77.630144",
"11-Sep-2026 16:48:36","21.73","4.1","13.98","On","12.87869,77.632468",
"11-Sep-2026 16:48:41","28.83","4.1","13.98","On","12.878845,77.632637",
"11-Sep-2026 16:48:51","24.21","4.1","13.98","On","12.879266,77.632962",
"11-Sep-2026 16:49:06","37.69","4.1","13.98","On","12.87941,77.633947",
"11-Sep-2026 16:49:26","14.07","4.1","13.98","On","12.879592,77.635497",
"11-Sep-2026 16:49:36","2.89","4.1","13.95","On","12.87947,77.635773",
"11-Sep-2026 16:50:06","25.36","4.1","13.98","On","12.879167,77.636778",
"11-Sep-2026 16:50:31","0.29","4.1","13.98","On","12.878827,77.637679",
"11-Sep-2026 16:50:36","21.69","4.1","13.95","On","12.878869,77.637819",
"11-Sep-2026 16:51:06","8.27","4.1","13.93","On","12.879491,77.639505",
"11-Sep-2026 16:51:36","15.45","4.1","13.95","On","12.880091,77.641291",
"11-Sep-2026 16:52:01","21.34","4.1","13.95","On","12.880645,77.64215",
"11-Sep-2026 16:52:06","28.92","4.1","13.93","On","12.880866,77.642018",
"11-Sep-2026 16:52:36","21.51","4.11","13.95","On","12.88257,77.640948",
"11-Sep-2026 16:52:46","28.24","4.11","13.95","On","12.883295,77.640609",
"11-Sep-2026 16:52:56","5","4.11","13.95","On","12.883712,77.640552",
"11-Sep-2026 16:53:06","14.84","4.1","13.93","On","12.884011,77.640579",
"11-Sep-2026 16:53:06","14.84","4.1","13.93","On","12.884011,77.640579",
"11-Sep-2026 16:53:16","7.81","4.1","13.93","On","12.884066,77.640798",
"11-Sep-2026 16:53:26","23.26","4.1","13.93","On","12.884187,77.641282",
"11-Sep-2026 16:53:36","26.75","4.1","13.95","On","12.884441,77.641796",
"11-Sep-2026 16:54:01","2.91","4.1","13.95","On","12.884708,77.64229",
"11-Sep-2026 16:54:06","7.62","4.1","13.93","On","12.884761,77.64233",
"11-Sep-2026 16:54:16","27.11","4.1","13.93","On","12.884989,77.64227",
"11-Sep-2026 16:54:36","24.47","4.1","13.93","On","12.886914,77.641159",
"11-Sep-2026 16:54:56","0.86","4.1","13.93","On","12.88748,77.640739",
"11-Sep-2026 16:55:06","0.32","4.1","13.95","On","12.887518,77.640759",
"11-Sep-2026 16:55:36","0.4","4.1","13.93","On","12.887623,77.640749",
"11-Sep-2026 16:56:06","0.72","4.1","13.95","On","12.887636,77.64075",
"11-Sep-2026 16:56:36","0.2","4.1","13.95","On","12.887645,77.640763",
"11-Sep-2026 16:56:51","11.74","4.1","13.95","On","12.887738,77.640675",
"11-Sep-2026 16:57:06","2.64","4.1","13.93","On","12.887989,77.64048",
"11-Sep-2026 16:57:36","1.01","4.1","13.93","On","12.88821,77.640321",
"11-Sep-2026 16:58:06","1.01","4.1","13.91","On","12.888397,77.64021",
"11-Sep-2026 16:58:36","1.95","4.1","13.86","On","12.888802,77.639903",
"11-Sep-2026 16:59:06","0.55","4.1","13.93","On","12.888816,77.6399",
"11-Sep-2026 16:59:36","0.74","4.1","13.91","On","12.888805,77.639943",
"11-Sep-2026 17:00:06","0.51","4.1","13.88","On","12.888811,77.63993",
"11-Sep-2026 17:00:36","0.79","4.1","13.93","On","12.888832,77.639939",
"11-Sep-2026 17:01:06","0.18","4.1","13.93","On","12.888861,77.639924",
"11-Sep-2026 17:01:36","0.19","4.1","13.95","On","12.888889,77.639911",
"11-Sep-2026 17:01:51","7.33","4.1","13.95","On","12.888944,77.639907",
"11-Sep-2026 17:02:01","14.07","4.1","13.95","On","12.888984,77.640061",
"11-Sep-2026 17:02:06","21.39","4.1","13.93","On","12.888586,77.640381",
"11-Sep-2026 17:02:16","35.83","4.1","13.93","On","12.888121,77.640731",
"11-Sep-2026 17:02:36","57.22","4.1","13.93","On","12.885805,77.642146",
"11-Sep-2026 17:03:06","58.05","4.1","13.91","On","12.881782,77.644644",
"11-Sep-2026 17:03:36","36.28","4.1","13.93","On","12.878857,77.6464",
"11-Sep-2026 17:04:06","38.83","4.1","13.93","On","12.876003,77.648372",
"11-Sep-2026 17:04:36","22.67","4.1","13.93","On","12.874906,77.649349",
"11-Sep-2026 17:04:46","9.22","4.1","13.93","On","12.87471,77.649535",
"11-Sep-2026 17:05:06","3.92","4.1","13.93","On","12.874366,77.649916",
"11-Sep-2026 17:05:36","28.03","4.1","13.93","On","12.873548,77.650664",
"11-Sep-2026 17:05:46","23.68","4.1","13.93","On","12.873149,77.650999",
"11-Sep-2026 17:06:06","15.53","4.1","13.95","On","12.872666,77.651404",
"11-Sep-2026 17:06:36","3.94","4.1","13.95","On","12.871159,77.65253",
"11-Sep-2026 17:07:06","0.54","4.1","13.93","On","12.870876,77.652843",
"11-Sep-2026 17:07:36","0.69","4.1","13.95","On","12.870877,77.652849",
"11-Sep-2026 17:08:06","0.37","4.1","13.95","On","12.870907,77.652832",
"11-Sep-2026 17:08:36","0.27","4.1","13.98","On","12.870906,77.65284",
"11-Sep-2026 17:08:56","1.4","4.1","13.98","On","12.870875,77.652877",
"11-Sep-2026 17:09:06","11.45","4.1","13.95","On","12.87077,77.652957",
"11-Sep-2026 17:09:06","11.45","4.1","13.95","On","12.87077,77.652957",
"11-Sep-2026 17:09:31","17.11","4.1","13.95","On","12.870283,77.65365",
"11-Sep-2026 17:09:36","16.37","4.1","13.98","On","12.870391,77.653778",
"11-Sep-2026 17:09:46","18.01","4.1","13.98","On","12.870688,77.654025",
"11-Sep-2026 17:09:51","17.04","4.1","13.98","On","12.870953,77.654029",
"11-Sep-2026 17:10:06","9.74","4.1","13.95","On","12.871939,77.654",
"11-Sep-2026 17:10:06","9.74","4.1","13.95","On","12.871939,77.654",
"11-Sep-2026 17:10:11","12.71","4.1","13.95","On","12.872068,77.653993",
"11-Sep-2026 17:10:16","1.78","4.1","13.95","On","12.872272,77.653989",
"11-Sep-2026 17:10:21","10.68","4.1","13.95","On","12.872319,77.653985",
"11-Sep-2026 17:10:26","6.81","4.1","13.95","On","12.872421,77.653987",
"11-Sep-2026 17:10:31","15.6","4.1","13.95","On","12.872541,77.653986",
"11-Sep-2026 17:10:36","15.98","4.1","13.95","On","12.872809,77.653978",
"11-Sep-2026 17:10:36","15.98","4.1","13.95","On","12.872809,77.653978",
"11-Sep-2026 17:10:51","11.5","4.1","13.95","On","12.873378,77.654025",
"11-Sep-2026 17:10:56","28.17","4.1","13.95","On","12.873856,77.654114",
"11-Sep-2026 17:11:06","27.76","4.1","13.98","On","12.874423,77.654294",
"11-Sep-2026 17:11:36","7.94","4.1","13.93","On","12.876554,77.654738",
"11-Sep-2026 17:12:06","2.72","4.1","13.93","On","12.876634,77.654768",
"11-Sep-2026 17:12:06","2.72","4.1","13.93","On","12.876634,77.654768",
"11-Sep-2026 17:12:36","7.73","4.1","13.93","On","12.876082,77.654728",
"11-Sep-2026 17:13:06","0.16","4.1","13.95","On","12.876076,77.654732",
"11-Sep-2026 17:13:36","0.11","4.1","13.95","On","12.87608,77.654742",
"11-Sep-2026 17:14:06","0.33","4.1","13.98","On","12.876083,77.654751",
"11-Sep-2026 17:14:36","0.18","4.1","13.95","On","12.876075,77.654747",
"11-Sep-2026 17:15:06","0.36","4.1","13.98","On","12.876057,77.654745",
"11-Sep-2026 17:15:36","0.6","4.1","13.98","On","12.87605,77.654749",
"11-Sep-2026 17:16:06","0.39","4.1","13.98","On","12.876043,77.654748",
"11-Sep-2026 17:16:36","0.98","4.1","13.98","On","12.876039,77.654753",
"11-Sep-2026 17:17:06","0.6","4.1","13.95","On","12.876045,77.654758",
"11-Sep-2026 17:17:36","0.42","4.1","13.95","On","12.876041,77.654754",
"11-Sep-2026 17:18:06","0.23","4.1","13.98","On","12.876051,77.654736",
"11-Sep-2026 17:18:36","0.1","4.1","13.95","On","12.876064,77.654724",
"11-Sep-2026 17:19:06","0.55","4.1","13.98","On","12.876073,77.654723",
"11-Sep-2026 17:19:36","0.42","4.1","13.98","On","12.876071,77.654735",
"11-Sep-2026 17:20:06","0.2","4.1","13.95","On","12.876091,77.654729",
"11-Sep-2026 17:20:36","0.28","4.1","13.95","On","12.87609,77.654729",
"11-Sep-2026 17:21:06","0.17","4.1","13.98","On","12.876084,77.654741",
"11-Sep-2026 17:21:36","0.25","4.1","13.98","On","12.876074,77.654752",
"11-Sep-2026 17:22:06","0.35","4.1","13.95","On","12.876062,77.654767",
"11-Sep-2026 17:22:36","0.2","4.1","13.95","On","12.876073,77.654765",
"11-Sep-2026 17:23:06","0.31","4.1","13.98","On","12.876067,77.654762",
"11-Sep-2026 17:23:36","0.23","4.1","13.98","On","12.876069,77.654748",
"11-Sep-2026 17:24:06","0.61","4.1","14","On","12.876078,77.654746",
"11-Sep-2026 17:24:36","0.14","4.1","13.98","On","12.876059,77.654754",
"11-Sep-2026 17:25:06","0.4","4.1","13.95","On","12.876059,77.654738",
"11-Sep-2026 17:25:36","0.36","4.1","13.98","On","12.87606,77.65474",
"11-Sep-2026 17:26:06","0.45","4.1","13.98","On","12.876057,77.654742",
"11-Sep-2026 17:26:36","0.34","4.1","13.98","On","12.876076,77.654733",
"11-Sep-2026 17:27:06","0.45","4.1","13.98","On","12.876067,77.654724",
"11-Sep-2026 17:27:36","0.27","4.1","13.95","On","12.876068,77.654728",
"11-Sep-2026 17:28:06","0.83","4.1","13.95","On","12.876076,77.654738",
"11-Sep-2026 17:28:36","0.41","4.1","13.95","On","12.876065,77.654754",
"11-Sep-2026 17:29:06","0.4","4.1","13.98","On","12.876062,77.654764",
"11-Sep-2026 17:29:36","0.42","4.1","13.98","On","12.876075,77.654767",
"11-Sep-2026 17:30:06","0.38","4.1","13.98","On","12.876072,77.654792",
"11-Sep-2026 17:30:36","0.21","4.1","13.93","On","12.876084,77.654778",
"11-Sep-2026 17:31:06","0.17","4.1","13.95","On","12.876098,77.65476",
"11-Sep-2026 17:31:36","0.53","4.1","13.95","On","12.876106,77.654752",
"11-Sep-2026 17:32:06","0.43","4.1","13.98","On","12.876108,77.654752",
"11-Sep-2026 17:32:36","0.21","4.1","13.98","On","12.876098,77.654754",
"11-Sep-2026 17:33:06","0.19","4.1","13.98","On","12.876092,77.654744",
"11-Sep-2026 17:33:36","0.24","4.1","13.98","On","12.876088,77.654739",
"11-Sep-2026 17:34:06","0.34","4.1","13.98","On","12.876083,77.654719",
"11-Sep-2026 17:34:36","0.27","4.1","13.95","On","12.876083,77.654719",
"11-Sep-2026 17:35:06","0.32","4.1","13.98","On","12.87608,77.654728",
"11-Sep-2026 17:35:36","0.5","4.1","13.98","On","12.876076,77.654725",
"11-Sep-2026 17:36:06","0.41","4.1","13.98","On","12.876068,77.654722",
"11-Sep-2026 17:36:36","0.62","4.1","13.98","On","12.876068,77.654729",
"11-Sep-2026 17:37:06","0.08","4.1","13.91","On","12.876049,77.654737",
"11-Sep-2026 17:37:36","0.54","4.11","13.91","On","12.876066,77.65473",
"11-Sep-2026 17:38:06","0.58","4.1","13.91","On","12.876068,77.654716",
"11-Sep-2026 17:38:31","12.39","4.1","13.91","On","12.875815,77.654747",
"11-Sep-2026 17:38:36","18.88","4.1","13.93","On","12.875655,77.654722",
"11-Sep-2026 17:39:06","22.54","4.1","13.93","On","12.874188,77.654277",
"11-Sep-2026 17:39:36","8.19","4.1","13.91","On","12.872709,77.654036",
"11-Sep-2026 17:39:56","11.36","4.1","13.91","On","12.87204,77.654039",
"11-Sep-2026 17:40:06","28.84","4.1","13.93","On","12.871651,77.654049",
"11-Sep-2026 17:40:21","9.42","4.1","13.93","On","12.870828,77.654119",
"11-Sep-2026 17:40:36","0.34","4.1","13.93","On","12.870734,77.654243",
"11-Sep-2026 17:41:06","8.95","4.1","13.93","On","12.870724,77.654399",
"11-Sep-2026 17:41:36","1.44","4.1","13.93","On","12.870761,77.654794",
"11-Sep-2026 17:42:06","2.09","4.1","13.95","On","12.870738,77.655013",
"11-Sep-2026 17:42:36","2.13","4.11","13.95","On","12.870712,77.655361",
"11-Sep-2026 17:43:06","1.24","4.1","13.95","On","12.87063,77.655852",
"11-Sep-2026 17:43:36","9.77","4.1","13.91","On","12.870558,77.656088",
"11-Sep-2026 17:43:41","21.5","4.1","13.91","On","12.870596,77.655906",
"11-Sep-2026 17:44:01","5.47","4.1","13.91","On","12.870683,77.654875",
"11-Sep-2026 17:44:06","4.77","4.11","13.93","On","12.87068,77.654835",
"11-Sep-2026 17:44:36","0.56","4.11","13.93","On","12.870653,77.65473",
"11-Sep-2026 17:45:06","1.06","4.11","13.95","On","12.870656,77.654738",
"11-Sep-2026 17:45:36","0.11","4.1","13.93","On","12.870646,77.65475",
"11-Sep-2026 17:46:06","0.33","4.1","13.98","On","12.870661,77.654712",
"11-Sep-2026 17:46:36","0.36","4.1","13.95","On","12.870662,77.65471",
"11-Sep-2026 17:47:06","17.93","4.1","13.95","On","12.870305,77.653881",
"11-Sep-2026 17:47:06","17.93","4.1","13.95","On","12.870305,77.653881",
"11-Sep-2026 17:47:16","9.16","4.1","13.95","On","12.869956,77.653597",
"11-Sep-2026 17:47:26","14.94","4.1","13.95","On","12.869748,77.653577",
"11-Sep-2026 17:47:31","29.6","4.1","13.95","On","12.869558,77.653732",
"11-Sep-2026 17:47:36","35.05","4.1","13.95","On","12.869321,77.653948",
"11-Sep-2026 17:48:06","47.15","4.1","13.95","On","12.866447,77.656218",
"11-Sep-2026 17:48:36","53.88","4.11","13.95","On","12.863718,77.658394",
"11-Sep-2026 17:49:06","56.88","4.11","13.95","On","12.860037,77.661299",
"11-Sep-2026 17:49:31","11.58","4.11","13.95","On","12.85855,77.662588",
"11-Sep-2026 17:49:36","14.56","4.1","13.93","On","12.858456,77.662692",
"11-Sep-2026 17:49:36","14.56","4.1","13.93","On","12.858456,77.662692",
"11-Sep-2026 17:50:06","8.46","4.11","13.95","On","12.856437,77.66424",
"11-Sep-2026 17:50:36","9.63","4.1","13.95","On","12.855944,77.664605",
"11-Sep-2026 17:51:06","0.6","4.1","13.95","On","12.855562,77.664925",
"11-Sep-2026 17:51:36","0.16","4.1","13.95","On","12.855487,77.665005",
"11-Sep-2026 17:52:06","3.21","4.1","13.95","On","12.855393,77.665101",
"11-Sep-2026 17:52:36","0.84","4.1","13.91","On","12.855355,77.665156",
"11-Sep-2026 17:53:06","16.33","4.11","13.91","On","12.855004,77.665417",
"11-Sep-2026 17:53:36","41.96","4.1","13.93","On","12.853212,77.666756",
"11-Sep-2026 17:54:06","53.7","4.1","13.95","On","12.850209,77.669141",
"11-Sep-2026 17:54:36","48.06","4.11","13.95","On","12.847161,77.67164",
"11-Sep-2026 17:54:41","19.36","4.11","13.95","On","12.846694,77.672069",
"11-Sep-2026 17:54:51","18.83","4.11","13.95","On","12.846481,77.672329",
"11-Sep-2026 17:55:06","32.05","4.1","13.95","On","12.845305,77.673093",
"11-Sep-2026 17:55:36","20.81","4.1","13.98","On","12.843683,77.674345",
"11-Sep-2026 17:56:06","16.36","4.1","13.95","On","12.84249,77.675307",
"11-Sep-2026 17:56:36","2.67","4.1","13.98","On","12.841804,77.675876",
"11-Sep-2026 17:57:06","6.16","4.1","13.93","On","12.841099,77.676374",
"11-Sep-2026 17:57:36","0.47","4.1","13.91","On","12.841071,77.676393",
"11-Sep-2026 17:58:06","4.55","4.1","13.95","On","12.841059,77.676431",
"11-Sep-2026 17:58:36","24.93","4.1","13.95","On","12.840834,77.676591",
"11-Sep-2026 17:59:06","7.57","4.1","13.95","On","12.83984,77.677302",
"11-Sep-2026 17:59:11","2.96","4.1","13.95","On","12.839797,77.677331",
"11-Sep-2026 17:59:26","11.62","4.1","13.95","On","12.839592,77.677489",
"11-Sep-2026 17:59:36","10.31","4.1","13.95","On","12.839395,77.67765",
"11-Sep-2026 18:00:06","17.28","4.1","13.93","On","12.838631,77.678187",
"11-Sep-2026 18:00:36","23.91","4.1","13.95","On","12.837368,77.678848",
"11-Sep-2026 18:01:06","44.3","4.1","13.93","On","12.835356,77.679526",
"11-Sep-2026 18:01:36","45.87","4.1","13.95","On","12.832232,77.680654",
"11-Sep-2026 18:02:06","47.75","4.1","13.95","On","12.828195,77.681914",
"11-Sep-2026 18:02:36","37.95","4.1","13.95","On","12.825793,77.683093",
"11-Sep-2026 18:03:06","29.4","4.1","13.98","On","12.823525,77.68491",
"11-Sep-2026 18:03:36","11.13","4.1","13.95","On","12.822313,77.686106",
"11-Sep-2026 18:04:06","8.29","4.1","13.95","On","12.821472,77.686894",
"11-Sep-2026 18:04:36","1","4.1","13.95","On","12.821347,77.687015",
"11-Sep-2026 18:04:41","1.06","4.1","13.95","On","12.821343,77.687024",
"11-Sep-2026 18:05:01","15.83","4.1","13.95","On","12.82089,77.687507",
"11-Sep-2026 18:05:06","1.71","4.1","13.91","On","12.820856,77.68754",
"11-Sep-2026 18:05:36","15.74","4.1","13.98","On","12.820016,77.688311",
"11-Sep-2026 18:06:06","10.24","4.1","13.95","On","12.819294,77.689048",
"11-Sep-2026 18:06:36","0.17","4.1","13.95","On","12.819176,77.689165",
"11-Sep-2026 18:06:46","13.59","4.1","13.95","On","12.818922,77.689252",
"11-Sep-2026 18:06:51","10.58","4.1","13.95","On","12.818866,77.689212",
"11-Sep-2026 18:06:56","4.16","4.1","13.95","On","12.818818,77.689199",
"11-Sep-2026 18:07:06","0.49","4.1","13.93","On","12.818794,77.689177",
"11-Sep-2026 18:07:36","0.98","4.1","13.93","On","12.818729,77.689083",
"11-Sep-2026 18:08:06","0.65","4.1","13.95","On","12.818336,77.688496",
"11-Sep-2026 18:08:36","0.38","4.1","14","On","12.818263,77.688448",
"11-Sep-2026 18:09:06","0.39","4.1","13.98","On","12.818255,77.688442",
"11-Sep-2026 18:09:36","0.76","4.1","13.98","On","12.818126,77.688334",
"11-Sep-2026 18:10:06","0.27","4.1","13.95","On","12.818032,77.688257",
"11-Sep-2026 18:10:36","0.68","4.1","13.95","On","12.81794,77.688148",
"11-Sep-2026 18:11:06","0.54","4.1","13.95","On","12.817911,77.688145",
"11-Sep-2026 18:11:36","0.64","4.1","13.95","On","12.817894,77.688082",
"11-Sep-2026 18:12:06","0.72","4.1","13.98","On","12.817836,77.688001",
"11-Sep-2026 18:12:36","0.51","4.1","13.95","On","12.817808,77.687967",
"11-Sep-2026 18:13:06","0.69","4.1","13.95","On","12.817803,77.687918",
"11-Sep-2026 18:13:36","4.31","4.1","13.95","On","12.817776,77.687871",
"11-Sep-2026 18:14:06","0.6","4.1","13.95","On","12.817724,77.687842",
"11-Sep-2026 18:14:36","2.78","4.1","13.93","On","12.817592,77.687728",
"11-Sep-2026 18:15:06","1.9","4.1","13.93","On","12.817526,77.687628",
"11-Sep-2026 18:15:36","6.53","4.1","13.93","On","12.817455,77.687478",
"11-Sep-2026 18:15:41","18.06","4.1","13.93","On","12.817368,77.687374",
"11-Sep-2026 18:15:51","7.84","4.1","13.93","On","12.817158,77.687168",
"11-Sep-2026 18:15:56","22.37","4.1","13.93","On","12.816863,77.686857",
"11-Sep-2026 18:16:06","21.56","4.1","13.98","On","12.816545,77.686491",
"11-Sep-2026 18:16:36","7.32","4.1","13.95","On","12.815556,77.685388",
"11-Sep-2026 18:17:06","22.19","4.1","13.98","On","12.814966,77.684691",
"11-Sep-2026 18:17:36","20.44","4.1","13.95","On","12.813917,77.683518",
"11-Sep-2026 18:18:06","15.53","4.1","13.95","On","12.813057,77.682587",
"11-Sep-2026 18:18:36","14.06","4.1","13.93","On","12.811861,77.681235",
"11-Sep-2026 18:18:36","14.06","4.1","13.93","On","12.811861,77.681235",
"11-Sep-2026 18:18:41","26.42","4.1","13.93","On","12.81195,77.68107",
"11-Sep-2026 18:19:06","39.75","4.1","13.95","On","12.813596,77.679466",
"11-Sep-2026 18:19:36","37.43","4.1","13.95","On","12.816132,77.677047",
"11-Sep-2026 18:20:01","5.69","4.1","13.95","On","12.816925,77.676302",
"11-Sep-2026 18:20:06","14.02","4.1","13.95","On","12.816937,77.676209",
"11-Sep-2026 18:20:06","14.02","4.1","13.95","On","12.816937,77.676209",
"11-Sep-2026 18:20:36","18.13","4.1","13.98","On","12.81659,77.675046",
"11-Sep-2026 18:21:06","14.82","4.1","13.98","On","12.8162,77.674251",
"11-Sep-2026 18:21:36","27.73","4.1","13.98","On","12.815668,77.672521",
"11-Sep-2026 18:22:06","13.59","4.1","13.95","On","12.81542,77.671633",
"11-Sep-2026 18:22:36","55.97","4.1","13.98","On","12.814309,77.669131",
"11-Sep-2026 18:22:46","59.35","4.1","13.98","On","12.813688,77.668114",
"11-Sep-2026 18:23:06","50.09","4.1","13.98","On","12.811704,77.665953",
"11-Sep-2026 18:23:21","45.56","4.1","13.98","On","12.810538,77.66508",
"11-Sep-2026 18:23:36","42.25","4.1","13.98","On","12.808992,77.664204",
"11-Sep-2026 18:24:06","33.35","4.1","13.95","On","12.806959,77.663578",
"11-Sep-2026 18:24:36","39.96","4.1","13.95","On","12.803839,77.662644",
"11-Sep-2026 18:25:06","44.68","4.1","13.98","On","12.80089,77.661794",
"11-Sep-2026 18:25:21","13.9","4.1","13.98","On","12.79937,77.661325",
"11-Sep-2026 18:25:36","37.32","4.1","13.93","On","12.798982,77.661565",
"11-Sep-2026 18:25:36","37.32","4.1","13.93","On","12.798982,77.661565",
"11-Sep-2026 18:26:06","15.75","4.1","13.98","On","12.798546,77.664038",
"11-Sep-2026 18:26:36","11.15","4.1","13.98","On","12.798486,77.664837",
"11-Sep-2026 18:27:06","23.85","4.1","13.98","On","12.798355,77.666064",
"11-Sep-2026 18:27:36","23.01","4.1","13.95","On","12.798232,77.667688",
"11-Sep-2026 18:27:41","10.17","4.1","13.95","On","12.798138,77.667959",
"11-Sep-2026 18:27:46","0.7","4.1","13.95","On","12.798092,77.667962",
"11-Sep-2026 18:28:06","0.08","4.1","13.95","On","12.798089,77.667954",
"11-Sep-2026 18:28:36","3.65","4.1","13.95","On","12.798054,77.667954",
"11-Sep-2026 18:28:41","22.82","4.1","13.95","On","12.797746,77.667942",
"11-Sep-2026 18:29:06","28.64","4.1","13.98","On","12.79614,77.668037",
"11-Sep-2026 18:29:21","18","4.1","13.98","On","12.795527,77.667784",
"11-Sep-2026 18:29:36","21.04","4.1","13.98","On","12.795463,77.667044",
"11-Sep-2026 18:29:56","17.98","4.1","13.98","On","12.795412,77.665909",
"11-Sep-2026 18:30:01","22.82","4.1","13.98","On","12.795217,77.665708",
"11-Sep-2026 18:30:06","27.27","4.1","13.98","On","12.794966,77.665731",
"11-Sep-2026 18:30:21","22.37","4.1","13.98","On","12.794273,77.665541",
"11-Sep-2026 18:30:36","14.29","4.1","13.98","On","12.794026,77.664859",
"11-Sep-2026 18:30:36","14.29","4.1","13.98","On","12.794026,77.664859",
"11-Sep-2026 18:30:41","2.3","4.1","13.98","On","12.793892,77.664815",
"11-Sep-2026 18:31:06","2.36","4.1","13.95","On","12.79361,77.664803",
"11-Sep-2026 18:31:36","5.04","4.1","13.95","Off","12.793672,77.664805",
"11-Sep-2026 18:32:06","0.26","4.1","13.79","On","12.793726,77.664776",
"11-Sep-2026 18:32:36","0.48","4.1","13.98","On","12.79374,77.664768",
"11-Sep-2026 18:33:06","0.42","4.1","13.98","On","12.793731,77.664768",
"11-Sep-2026 18:33:36","0.21","4.1","14","On","12.793732,77.664758",
"11-Sep-2026 18:34:06","0.22","4.1","14","On","12.793748,77.66476",
"11-Sep-2026 18:34:36","0.51","4.1","14","On","12.793738,77.664763",
"11-Sep-2026 18:35:06","0.41","4.1","13.98","On","12.793766,77.664774",
"11-Sep-2026 18:35:36","0.88","4.1","13.98","On","12.793769,77.664784",
"11-Sep-2026 18:36:06","0.26","4.1","14","On","12.793774,77.664788",
"11-Sep-2026 18:36:36","0.46","4.1","14","On","12.79377,77.664784",
"11-Sep-2026 18:37:06","0.79","4.11","14","On","12.793757,77.664783",
"11-Sep-2026 18:37:16","18.04","4.11","14","On","12.79391,77.664761",
"11-Sep-2026 18:37:21","30.55","4.11","14","On","12.794143,77.6651",
"11-Sep-2026 18:37:36","23.33","4.1","13.69","On","12.794434,77.665697",
"11-Sep-2026 18:37:36","23.33","4.1","13.69","On","12.794434,77.665697",
"11-Sep-2026 18:37:46","20.06","4.1","13.69","On","12.795382,77.665699",
"11-Sep-2026 18:37:51","21.39","4.1","13.69","On","12.795397,77.665933",
"11-Sep-2026 18:38:06","35.26","4.1","13.64","On","12.795488,77.667158",
"11-Sep-2026 18:38:21","17.7","4.1","13.64","On","12.795582,77.668038",
"11-Sep-2026 18:38:26","29.47","4.1","13.64","On","12.795815,77.668041",
"11-Sep-2026 18:38:36","31.22","4.1","13.64","On","12.79635,77.667988",
"11-Sep-2026 18:38:41","28.46","4.1","13.64","On","12.79698,77.667975",
"11-Sep-2026 18:38:46","27.57","4.1","13.64","On","12.797237,77.667935",
"11-Sep-2026 18:39:06","24.9","4.1","13.62","On","12.798177,77.667776",
"11-Sep-2026 18:39:06","24.9","4.1","13.62","On","12.798177,77.667776",
"11-Sep-2026 18:39:36","6.28","4.1","13.62","On","12.798378,77.665762",
"11-Sep-2026 18:40:06","6.76","4.1","13.64","On","12.79849,77.664521",
"11-Sep-2026 18:40:16","11.14","4.1","13.64","On","12.798474,77.664296",
"11-Sep-2026 18:40:21","16","4.1","13.64","On","12.798438,77.664163",
"11-Sep-2026 18:40:31","10.86","4.1","13.64","On","12.798539,77.663764",
"11-Sep-2026 18:40:36","32.46","4.1","13.59","On","12.798574,77.663566",
"11-Sep-2026 18:41:06","7.95","4.1","13.59","On","12.799036,77.661182",
"11-Sep-2026 18:41:11","15.92","4.1","13.59","On","12.799136,77.661163",
"11-Sep-2026 18:41:36","48.84","4.1","13.62","On","12.801391,77.661836",
"11-Sep-2026 18:42:06","46.23","4.1","13.62","On","12.805154,77.662912",
"11-Sep-2026 18:42:36","30.88","4.1","13.64","On","12.807618,77.66364",
"11-Sep-2026 18:43:06","23.19","4.1","13.64","On","12.809018,77.664121",
"11-Sep-2026 18:43:36","25.26","4.1","13.66","On","12.81038,77.664904",
"11-Sep-2026 18:44:06","25.96","4.1","13.64","On","12.811378,77.665611",
"11-Sep-2026 18:44:21","39.54","4.1","13.64","On","12.812217,77.666335",
"11-Sep-2026 18:44:36","43.61","4.1","13.62","On","12.813477,77.667775",
"11-Sep-2026 18:45:06","14.68","4.1","13.64","On","12.814687,77.669732",
"11-Sep-2026 18:45:16","29.62","4.1","13.64","On","12.814912,77.670191",
"11-Sep-2026 18:45:36","1.14","4.1","13.62","On","12.815109,77.670675",
"11-Sep-2026 18:46:06","6.98","4.1","13.59","On","12.815195,77.670935",
"11-Sep-2026 18:46:36","1.07","4.1","13.59","On","12.815289,77.671199",
"11-Sep-2026 18:47:06","2.62","4.1","13.59","On","12.81535,77.671331",
"11-Sep-2026 18:47:36","4.42","4.1","13.62","On","12.815401,77.67149",
"11-Sep-2026 18:48:06","5.13","4.1","13.59","On","12.81547,77.671727",
"11-Sep-2026 18:48:36","7.36","4.1","13.62","On","12.815606,77.672255",
"11-Sep-2026 18:49:06","11.85","4.1","13.62","On","12.815812,77.672983",
"11-Sep-2026 18:49:36","1.7","4.1","13.62","On","12.815897,77.673274",
"11-Sep-2026 18:50:06","12.09","4.1","13.62","On","12.816067,77.673759",
"11-Sep-2026 18:50:36","16.9","4.1","13.59","On","12.816637,77.67509",
"11-Sep-2026 18:51:06","10.47","4.1","13.62","On","12.816878,77.675659",
"11-Sep-2026 18:51:36","2.99","4.1","13.62","On","12.817108,77.676834",
"11-Sep-2026 18:52:06","21.23","4.1","13.64","On","12.817315,77.677752",
"11-Sep-2026 18:52:26","6.32","4.1","13.64","On","12.817441,77.678382",
"11-Sep-2026 18:52:31","19.11","4.1","13.64","On","12.817281,77.678563",
"11-Sep-2026 18:52:36","21.23","4.1","13.62","On","12.817135,77.678706",
"11-Sep-2026 18:53:06","8.53","4.1","13.62","On","12.816122,77.679635",
"11-Sep-2026 18:53:36","23","4.1","13.59","On","12.815282,77.680427",
"11-Sep-2026 18:54:06","24.85","4.1","13.62","On","12.814165,77.681465",
"11-Sep-2026 18:54:36","11.61","4.1","13.59","On","12.813021,77.682493",
"11-Sep-2026 18:54:36","11.61","4.1","13.59","On","12.813021,77.682493",
"11-Sep-2026 18:54:41","26.33","4.1","13.59","On","12.812871,77.682384",
"11-Sep-2026 18:55:06","12.73","4.1","13.66","On","12.811904,77.681345",
"11-Sep-2026 18:55:36","9.5","4.1","13.62","On","12.810924,77.680299",
"11-Sep-2026 18:56:06","6.82","4.1","13.62","On","12.810261,77.679731",
"11-Sep-2026 18:56:11","3.73","4.1","13.62","On","12.810155,77.679657",
"11-Sep-2026 18:56:36","6.2","4.1","13.62","On","12.810032,77.679553",
"11-Sep-2026 18:57:06","5.85","4.1","13.62","On","12.809636,77.67937",
"11-Sep-2026 18:57:36","12.69","4.1","13.62","On","12.808973,77.67896",
"11-Sep-2026 18:58:06","1.85","4.1","13.59","On","12.808624,77.67896",
"11-Sep-2026 18:58:36","0.15","4.1","13.59","On","12.808313,77.678828",
"11-Sep-2026 18:59:06","0.35","4.1","13.62","On","12.808295,77.678813",
"11-Sep-2026 18:59:36","0.5","4.1","13.93","On","12.808276,77.678812",
"11-Sep-2026 19:00:06","0.43","4.1","13.93","On","12.808265,77.678826",
"11-Sep-2026 19:00:36","0.14","4.1","13.95","On","12.808275,77.678826",
"11-Sep-2026 19:01:06","0.4","4.1","13.95","On","12.808266,77.67884",
"11-Sep-2026 19:01:36","1.76","4.1","13.95","On","12.808254,77.678843",
"11-Sep-2026 19:02:06","0.22","4.1","13.93","On","12.808248,77.678829",
"11-Sep-2026 19:02:36","0.7","4.1","13.93","On","12.808257,77.678814",
"11-Sep-2026 19:03:06","0.31","4.1","13.93","On","12.808251,77.678817",
"11-Sep-2026 19:03:36","0.25","4.1","13.93","On","12.808238,77.678832",
"11-Sep-2026 19:04:06","0.07","4.1","13.95","On","12.808246,77.678826",
"11-Sep-2026 19:04:36","0.24","4.1","13.95","On","12.808254,77.678816",
"11-Sep-2026 19:05:06","0.39","4.1","13.95","On","12.808264,77.678787",
"11-Sep-2026 19:05:36","0.31","4.1","13.95","On","12.808266,77.678796",
"11-Sep-2026 19:06:06","0.12","4.1","13.95","On","12.808258,77.6788",
"11-Sep-2026 19:06:36","0.42","4.1","13.95","On","12.808251,77.678822",
"11-Sep-2026 19:07:06","0.08","4.1","13.98","On","12.808248,77.678818",
"11-Sep-2026 19:07:36","0.36","4.1","13.95","On","12.808249,77.67882",
"11-Sep-2026 19:08:06","0.5","4.1","13.95","On","12.808244,77.678813",
"11-Sep-2026 19:08:36","0.45","4.1","13.95","On","12.808232,77.678806",
"11-Sep-2026 19:09:06","0.63","4.1","13.93","On","12.80824,77.678804",
"11-Sep-2026 19:09:36","0.17","4.1","13.93","On","12.808246,77.678815",
"11-Sep-2026 19:10:06","0.75","4.1","13.95","On","12.808244,77.678818",
"11-Sep-2026 19:10:36","0.18","4.1","13.93","On","12.80825,77.678815",
"11-Sep-2026 19:11:06","0.7","4.1","13.95","On","12.808249,77.678808",
"11-Sep-2026 19:11:36","0.4","4.1","13.95","On","12.808262,77.678801",
"11-Sep-2026 19:12:06","0.38","4.1","13.95","On","12.808259,77.678803",
"11-Sep-2026 19:12:36","0.5","4.1","13.95","On","12.808254,77.678817",
"11-Sep-2026 19:13:06","0.49","4.1","13.95","On","12.808263,77.678808",
"11-Sep-2026 19:13:36","0.62","4.1","13.95","On","12.808267,77.678808",
"11-Sep-2026 19:14:06","0.26","4.1","13.91","On","12.808253,77.678825",
"11-Sep-2026 19:14:36","0.12","4.1","13.93","On","12.808258,77.678845",
"11-Sep-2026 19:15:06","0.14","4.1","13.95","On","12.808267,77.678839",
"11-Sep-2026 19:15:36","0.15","4.1","13.95","On","12.80827,77.678828",
"11-Sep-2026 19:16:06","0.27","4.1","13.93","On","12.808257,77.678838",
"11-Sep-2026 19:16:36","0.35","4.1","13.95","On","12.808256,77.678839",
"11-Sep-2026 19:17:06","0.21","4.1","13.95","On","12.808249,77.678847",
"11-Sep-2026 19:17:36","0.67","4.1","13.93","On","12.808248,77.678845",
"11-Sep-2026 19:18:06","0.15","4.1","13.95","On","12.808262,77.678806",
"11-Sep-2026 19:18:36","0.09","4.1","13.98","On","12.808261,77.678815",
"11-Sep-2026 19:19:06","0.22","4.1","13.95","On","12.808265,77.678822",
"11-Sep-2026 19:19:36","0.26","4.1","13.95","On","12.808267,77.678827",
"11-Sep-2026 19:20:06","0.23","4.1","13.95","On","12.808259,77.678843",
"11-Sep-2026 19:20:36","0.05","4.1","13.95","On","12.80825,77.678829",
"11-Sep-2026 19:21:06","0.79","4.1","13.98","On","12.808251,77.678832",
"11-Sep-2026 19:21:36","0.57","4.1","13.95","On","12.808243,77.678843",
"11-Sep-2026 19:22:06","0.54","4.1","13.98","On","12.808247,77.678865",
"11-Sep-2026 19:22:36","0.14","4.1","13.95","On","12.808243,77.678862",
"11-Sep-2026 19:23:06","0.56","4.1","13.93","On","12.808246,77.678848",
"11-Sep-2026 19:23:36","3.15","4.1","13.79","On","12.808253,77.678795",
"11-Sep-2026 19:24:06","4.37","4.1","13.64","On","12.808366,77.678832",
"11-Sep-2026 19:24:36","2.07","4.1","13.64","On","12.808833,77.678877",
"11-Sep-2026 19:25:06","7.4","4.1","13.62","On","12.809321,77.679137",
"11-Sep-2026 19:25:36","5.77","4.1","13.62","On","12.809786,77.679353",
"11-Sep-2026 19:26:06","5.51","4.1","13.62","On","12.810158,77.679589",
"11-Sep-2026 19:26:36","9.42","4.1","13.62","On","12.810624,77.679941",
"11-Sep-2026 19:26:42","11.81","4.1","13.62","On","12.810711,77.68001",
"11-Sep-2026 19:27:06","13.14","4.1","13.62","On","12.811151,77.680453",
"11-Sep-2026 19:27:36","16.88","4.1","13.62","On","12.812027,77.681448",
"11-Sep-2026 19:28:06","15.47","4.1","13.62","On","12.812923,77.682421",
"11-Sep-2026 19:28:36","14.02","4.1","13.62","On","12.813694,77.683247",
"11-Sep-2026 19:29:06","0.74","4.1","13.62","On","12.81418,77.683772",
"11-Sep-2026 19:29:36","0.86","4.1","13.62","On","12.814197,77.683801",
"11-Sep-2026 19:30:06","0.31","4.1","13.64","On","12.814182,77.683815",
"11-Sep-2026 19:30:36","0.28","4.1","13.62","On","12.814189,77.683818",
"11-Sep-2026 19:31:02","3.43","4.1","13.62","On","12.814216,77.683841",
"11-Sep-2026 19:31:06","14.56","4.1","13.62","On","12.814262,77.683899",
"11-Sep-2026 19:31:27","21.09","4.1","13.62","On","12.814849,77.684559",
"11-Sep-2026 19:31:36","13.37","4.1","13.64","On","12.815169,77.684888",
"11-Sep-2026 19:32:06","19.56","4.1","13.64","On","12.815775,77.685577",
"11-Sep-2026 19:32:36","4.56","4.1","13.62","On","12.816998,77.686907",
"11-Sep-2026 19:33:06","0.47","4.1","13.64","On","12.81705,77.686954",
"11-Sep-2026 19:33:36","0.19","4.1","13.64","On","12.817054,77.686977",
"11-Sep-2026 19:34:06","0.67","4.1","13.64","On","12.817028,77.686972",
"11-Sep-2026 19:34:36","0.41","4.1","13.64","On","12.817026,77.687004",
"11-Sep-2026 19:35:06","0.84","4.1","13.64","On","12.81705,77.686999",
"11-Sep-2026 19:35:36","0.74","4.1","13.62","On","12.817053,77.686992",
"11-Sep-2026 19:36:06","0.12","4.1","13.62","On","12.817039,77.686999",
"11-Sep-2026 19:36:36","0.96","4.1","13.62","On","12.817115,77.687073",
"11-Sep-2026 19:36:42","1.73","4.1","13.62","On","12.817136,77.687089",
"11-Sep-2026 19:36:52","15.97","4.1","13.62","On","12.817276,77.68723",
"11-Sep-2026 19:36:57","4.97","4.1","13.62","On","12.817484,77.687465",
"11-Sep-2026 19:37:06","0.62","4.1","13.62","On","12.817498,77.687482",
"11-Sep-2026 19:37:36","10.55","4.1","13.62","On","12.817692,77.687687",
"11-Sep-2026 19:38:06","0.36","4.1","13.59","On","12.818594,77.688664",
"11-Sep-2026 19:38:36","0.19","4.1","13.62","On","12.818614,77.688681",
"11-Sep-2026 19:39:06","0.48","4.1","13.64","On","12.818603,77.688681",
"11-Sep-2026 19:39:36","0.22","4.1","13.64","On","12.818609,77.68869",
"11-Sep-2026 19:40:06","1.6","4.1","13.62","On","12.818636,77.688713",
"11-Sep-2026 19:40:36","0.39","4.1","13.64","On","12.818662,77.688715",
"11-Sep-2026 19:41:06","7.73","4.1","13.64","On","12.818763,77.688851",
"11-Sep-2026 19:41:22","25.69","4.1","13.64","On","12.819274,77.688983",
"11-Sep-2026 19:41:36","0.26","4.1","13.62","On","12.819493,77.688855",
"11-Sep-2026 19:42:06","10.15","4.1","13.62","On","12.819831,77.688525",
"11-Sep-2026 19:42:36","21.45","4.1","13.62","On","12.820367,77.688031",
"11-Sep-2026 19:43:06","19.42","4.1","13.62","On","12.821523,77.686881",
"11-Sep-2026 19:43:36","17.77","4.1","13.64","On","12.822895,77.685589",
"11-Sep-2026 19:44:06","44.18","4.1","13.64","On","12.824735,77.683917",
"11-Sep-2026 19:44:36","11.14","4.1","13.62","On","12.82674,77.682659",
"11-Sep-2026 19:44:42","1.45","4.1","13.62","On","12.826964,77.68259",
"11-Sep-2026 19:44:52","18.03","4.1","13.62","On","12.82731,77.682442",
"11-Sep-2026 19:45:06","34.67","4.1","13.59","On","12.828262,77.682",
"11-Sep-2026 19:45:36","14.71","4.1","13.59","On","12.830562,77.681259",
"11-Sep-2026 19:46:06","41.63","4.1","13.62","On","12.832834,77.680594",
"11-Sep-2026 19:46:36","22.03","4.1","13.62","On","12.835134,77.679764",
"11-Sep-2026 19:47:06","17.6","4.1","13.59","On","12.835683,77.679574",
"11-Sep-2026 19:47:36","23.59","4.1","13.59","On","12.837197,77.679042",
"11-Sep-2026 19:48:06","11.13","4.1","13.57","On","12.838755,77.678083",
"11-Sep-2026 19:48:36","32.29","4.1","13.57","On","12.839875,77.677219",
"11-Sep-2026 19:48:42","1.59","4.1","13.57","On","12.840076,77.677209",
"11-Sep-2026 19:48:52","10.82","4.1","13.57","On","12.840143,77.677307",
"11-Sep-2026 19:49:06","33.39","4.1","13.59","On","12.840438,77.677701",
"11-Sep-2026 19:49:36","55.02","4.1","13.62","On","12.841567,77.6794",
"11-Sep-2026 19:49:52","20.83","4.1","13.62","On","12.842409,77.680864",
"11-Sep-2026 19:50:06","17.57","4.1","13.59","On","12.841855,77.681541",
"11-Sep-2026 19:50:07","17.57","4.1","13.59","On","12.841855,77.681541",
"11-Sep-2026 19:50:27","7.35","4.1","13.59","On","12.842726,77.682732",
"11-Sep-2026 19:50:36","11.17","4.1","13.59","On","12.842658,77.682873",
"11-Sep-2026 19:50:37","11.17","4.1","13.59","On","12.842658,77.682873",
"11-Sep-2026 19:50:52","4.42","4.1","13.59","On","12.842314,77.683162",
"11-Sep-2026 19:51:06","2.24","4.1","13.59","On","12.842298,77.683219",
"11-Sep-2026 19:51:36","0.77","4.1","13.47","Off","12.842275,77.683215",
"11-Sep-2026 19:52:06","0.94","4.1","13.86","On","12.842198,77.683263",
"11-Sep-2026 19:52:36","1.49","4.1","13.95","On","12.842175,77.683252",
"11-Sep-2026 19:53:06","1.76","4.1","13.95","On","12.842105,77.683235",
"11-Sep-2026 19:53:36","2.83","4.1","13.98","On","12.842094,77.683218",
"11-Sep-2026 19:54:06","0.95","4.1","13.98","On","12.842091,77.68318",
"11-Sep-2026 19:54:36","2.47","4.1","14","On","12.84212,77.683188",
"11-Sep-2026 19:55:06","2.04","4.1","13.91","On","12.842129,77.683179",
"11-Sep-2026 19:55:36","2.33","4.1","12.8","Off","12.842109,77.683174",
"11-Sep-2026 19:56:06","5.74","4.1","13.69","Off","12.842141,77.68314",
"11-Sep-2026 19:56:36","4.15","4.1","13.91","Off","12.842149,77.683099",
"11-Sep-2026 19:57:04","4.15","4.1","13.95","Off","12.842149,77.683099",
"11-Sep-2026 19:57:36","2.26","4.1","13.95","Off","12.842201,77.683028",
"11-Sep-2026 19:58:06","0","4.1","13.98","Off","12.842182,77.683109",
"11-Sep-2026 19:59:06","3.44","4.1","13.98","Off","12.84208,77.683244",
"11-Sep-2026 20:00:06","0.97","4.1","13.98","Off","12.842048,77.683206",
"11-Sep-2026 20:01:04","0.97","4.1","14","Off","12.842048,77.683206",
"11-Sep-2026 20:33:17","0.97","4.1","13.98","Off","12.842048,77.683206",
"11-Sep-2026 20:33:17","2.56","4.1","13.98","Off","12.84213,77.683218",
"11-Sep-2026 20:33:23","2.56","4.1","13.98","Off","12.84213,77.683218",
"11-Sep-2026 20:33:36","2.56","4.1","13.98","Off","12.84213,77.683218",
"11-Sep-2026 20:34:06","0","4.1","14","Off","12.842577,77.68296",
"11-Sep-2026 20:34:23","0","4.1","13.98","Off","12.842577,77.68296",
"11-Sep-2026 20:36:06","0","4.11","14","Off","12.842072,77.683242",
"11-Sep-2026 20:53:06","0","4.1","14","Off","12.842348,77.683049",
"11-Sep-2026 20:54:06","0","4.11","14","Off","12.842154,77.683226",
"11-Sep-2026 21:04:36","0","4.1","13.88","On","12.842153,77.683295",
"11-Sep-2026 21:05:06","0","4.1","13.64","On","12.842464,77.683014",
"11-Sep-2026 21:05:19","11.12","4.1","13.64","On","12.842398,77.683109",
"11-Sep-2026 21:05:34","11.08","4.1","13.64","On","12.842671,77.682833",
"11-Sep-2026 21:05:36","4.4","4.1","13.57","On","12.84272,77.68279",
"11-Sep-2026 21:05:39","15.03","4.1","13.57","On","12.842712,77.682716",
"11-Sep-2026 21:06:06","20.85","4.1","13.62","On","12.842044,77.68186",
"11-Sep-2026 21:06:14","16.32","4.1","13.62","On","12.841823,77.681544",
"11-Sep-2026 21:06:19","9.05","4.1","13.62","On","12.841844,77.681383",
"11-Sep-2026 21:06:34","20.32","4.1","13.62","On","12.842342,77.680715",
"11-Sep-2026 21:06:36","27.75","4.1","13.62","On","12.842233,77.680514",
"11-Sep-2026 21:07:06","29.1","4.1","13.62","On","12.841173,77.678916",
"11-Sep-2026 21:07:36","25.16","4.1","13.64","On","12.840293,77.677567",
"11-Sep-2026 21:07:44","11.5","4.1","13.64","On","12.840033,77.677245",
"11-Sep-2026 21:07:49","17.43","4.1","13.64","On","12.839912,77.677282",
"11-Sep-2026 21:08:06","26.88","4.1","13.62","On","12.839251,77.677817",
"11-Sep-2026 21:08:34","11.61","4.1","13.62","On","12.837923,77.678668",
"11-Sep-2026 21:08:36","11.98","4.1","13.62","On","12.837803,77.678696",
"11-Sep-2026 21:09:06","25.81","4.1","13.59","On","12.83709,77.67895",
"11-Sep-2026 21:09:36","39.55","4.1","13.59","On","12.834356,77.679968",
"11-Sep-2026 21:10:06","56.65","4.1","13.62","On","12.830979,77.681045",
"11-Sep-2026 21:10:36","42.62","4.1","13.62","On","12.826896,77.682439",
"11-Sep-2026 21:10:54","42.24","4.1","13.62","On","12.82538,77.683314",
"11-Sep-2026 21:11:06","41.77","4.1","13.59","On","12.824366,77.684087",
"11-Sep-2026 21:11:36","47.11","4.1","13.62","On","12.821676,77.68655",
"11-Sep-2026 21:12:06","44.33","4.1","13.59","On","12.819335,77.688766",
"11-Sep-2026 21:12:36","49.93","4.1","13.62","On","12.816346,77.691189",
"11-Sep-2026 21:13:06","28.25","4.1","13.62","On","12.814097,77.692973",
"11-Sep-2026 21:13:36","50.07","4.1","13.62","On","12.81165,77.694939",
"11-Sep-2026 21:14:06","48.05","4.1","13.59","On","12.808654,77.697328",
"11-Sep-2026 21:14:36","47.03","4.1","13.62","On","12.806753,77.698895",
"11-Sep-2026 21:15:06","41.1","4.1","13.62","On","12.804096,77.701158",
"11-Sep-2026 21:15:14","41.98","4.1","13.62","On","12.803548,77.701806",
"11-Sep-2026 21:15:29","41.55","4.1","13.62","On","12.802882,77.703233",
"11-Sep-2026 21:15:36","39.03","4.1","13.62","On","12.802808,77.703628",
"11-Sep-2026 21:16:04","9.32","4.1","13.62","On","12.802456,77.705155",
"11-Sep-2026 21:16:06","9.32","4.1","13.62","On","12.802456,77.705155",
"11-Sep-2026 21:16:24","19.65","4.1","13.62","On","12.801631,77.705102",
"11-Sep-2026 21:16:36","7.98","4.1","13.59","On","12.801308,77.705212",
"11-Sep-2026 21:17:06","10.43","4.1","13.62","On","12.800797,77.705381",
"11-Sep-2026 21:17:36","25.19","4.1","13.62","On","12.799519,77.705766",
"11-Sep-2026 21:18:06","11.27","4.1","13.62","On","12.797993,77.706241",
"11-Sep-2026 21:18:36","18.07","4.1","13.62","On","12.796717,77.70657",
"11-Sep-2026 21:19:06","27.22","4.1","13.62","On","12.795565,77.706672",
"11-Sep-2026 21:19:09","27.23","4.1","13.62","On","12.795305,77.706655",
"11-Sep-2026 21:19:36","25.06","4.1","13.64","On","12.793739,77.706354",
"11-Sep-2026 21:19:59","12.56","4.1","13.64","On","12.792565,77.706082",
"11-Sep-2026 21:20:04","16.09","4.1","13.64","On","12.7925,77.70596",
"11-Sep-2026 21:20:06","18.81","4.1","13.59","On","12.792488,77.705777",
"11-Sep-2026 21:20:36","23.91","4.1","13.62","On","12.792479,77.704389",
"11-Sep-2026 21:21:06","30.6","4.1","13.57","On","12.792508,77.7022",
"11-Sep-2026 21:21:14","9.92","4.1","13.57","On","12.792506,77.701795",
"11-Sep-2026 21:21:36","0.76","4.1","13.59","On","12.792492,77.701727",
"11-Sep-2026 21:22:06","0.07","4.1","13.62","On","12.792502,77.701684",
"11-Sep-2026 21:22:34","17.55","4.1","13.62","On","12.792399,77.701611",
"11-Sep-2026 21:22:36","17.55","4.1","13.62","On","12.792399,77.701611",
"11-Sep-2026 21:23:06","25.76","4.1","13.62","On","12.790835,77.701623",
"11-Sep-2026 21:23:36","25.23","4.1","13.59","On","12.789432,77.701607",
"11-Sep-2026 21:24:06","14.03","4.1","13.59","On","12.787484,77.70156",
"11-Sep-2026 21:24:36","7.59","4.1","13.62","On","12.786494,77.701526",
"11-Sep-2026 21:24:54","15.01","4.1","13.62","On","12.785613,77.701332",
"11-Sep-2026 21:25:06","26.33","4.1","13.62","On","12.785551,77.700672",
"11-Sep-2026 21:25:24","4.97","4.1","13.62","On","12.785515,77.699906",
"11-Sep-2026 21:25:36","1.15","4.1","13.59","On","12.785515,77.699862",
"11-Sep-2026 21:26:06","0.42","4.1","13.26","Off","12.785514,77.699851",
"11-Sep-2026 21:26:36","0.17","4.1","12.94","Off","12.785516,77.699865",
"11-Sep-2026 21:27:06","0.16","4.1","12.72","Off","12.785521,77.699867",
"11-Sep-2026 21:27:31","0.16","4.1","12.56","Off","12.785521,77.699867",
"11-Sep-2026 21:28:06","0.49","4.1","12.53","Off","12.785519,77.699865",
"11-Sep-2026 21:28:14","0.49","4.1","12.56","Off","12.785519,77.699865",
"11-Sep-2026 21:28:36","0.14","4.1","12.68","Off","12.785521,77.699869",
"11-Sep-2026 21:29:06","0.13","4.1","12.72","Off","12.785531,77.699871",
"11-Sep-2026 21:29:36","0.04","4.1","12.77","Off","12.78553,77.699879",
"11-Sep-2026 21:29:46","0.04","4.1","12.77","Off","12.78553,77.699879",
"11-Sep-2026 21:30:36","0.03","4.1","12.8","Off","12.785525,77.69989",
"11-Sep-2026 21:31:06","0.13","4.1","12.85","Off","12.785524,77.699899",
"11-Sep-2026 21:32:06","0.06","4.1","12.85","Off","12.785524,77.69988",
"11-Sep-2026 21:33:06","0.16","4.1","12.87","Off","12.78553,77.699879",
"11-Sep-2026 21:33:46","0.16","4.1","12.85","Off","12.78553,77.699879",
"11-Sep-2026 22:33:46","0.16","4.1","12.97","Off","12.78553,77.699879",
"11-Sep-2026 22:33:46","0.1","4.1","12.97","Off","12.78553,77.699871",
"11-Sep-2026 22:34:06","0.1","4.1","12.94","Off","12.78553,77.699871",
"11-Sep-2026 22:35:06","0.23","4.1","12.89","Off","12.785525,77.699904",
"11-Sep-2026 22:36:06","0.13","4.1","12.89","Off","12.785533,77.699884",
"11-Sep-2026 22:37:06","0.2","4.1","12.85","Off","12.785523,77.699895",
"11-Sep-2026 22:37:46","0.2","4.1","12.87","Off","12.785523,77.699895",
"11-Sep-2026 23:24:02","0.2","4.1","12.94","Off","12.785523,77.699895",
"11-Sep-2026 23:24:02","0.5","4.1","12.94","Off","12.785527,77.699892",
"11-Sep-2026 23:24:04","0.5","4.1","12.94","Off","12.785527,77.699892",
"11-Sep-2026 23:24:04","0.5","4.1","12.94","Off","12.785527,77.699892",
"11-Sep-2026 23:24:06","0.5","4.1","12.94","Off","12.785527,77.699892",
"11-Sep-2026 23:24:36","0.42","4.1","12.85","Off","12.78557,77.699861",
"11-Sep-2026 23:25:04","0.42","4.1","12.82","Off","12.78557,77.699861",
"11-Sep-2026 23:25:36","0.38","4.1","12.85","Off","12.78554,77.69988",
"11-Sep-2026 23:26:06","0.53","4.1","12.82","Off","12.785537,77.699875",
"11-Sep-2026 23:27:06","0.13","4.1","12.8","Off","12.785545,77.699888",
"11-Sep-2026 23:28:06","0.39","4.1","12.8","Off","12.78554,77.699896",
"11-Sep-2026 23:29:04","0.39","4.1","12.82","Off","12.78554,77.699896",
"12-Sep-2026 00:29:04","0.39","4.1","12.97","Off","12.78554,77.699896",
"12-Sep-2026 00:29:04","0.32","4.1","12.97","Off","12.785533,77.699898",
"12-Sep-2026 00:29:06","0.32","4.1","12.97","Off","12.785533,77.699898",
"12-Sep-2026 00:30:06","0.85","4.1","12.87","Off","12.785536,77.699864",
"12-Sep-2026 00:31:06","1.39","4.1","12.85","Off","12.785524,77.699894",
"12-Sep-2026 00:32:06","0.49","4.1","12.82","Off","12.78554,77.699898",
"12-Sep-2026 00:33:04","0.49","4.1","12.82","Off","12.78554,77.699898",
"12-Sep-2026 01:33:04","0.49","4.1","12.89","Off","12.78554,77.699898",
"12-Sep-2026 01:33:04","0.63","4.1","12.89","Off","12.785541,77.699903",
"12-Sep-2026 01:33:06","0.63","4.1","12.89","Off","12.785541,77.699903",
"12-Sep-2026 01:34:06","2.54","4.1","12.85","Off","12.785523,77.699931",
"12-Sep-2026 01:35:06","0.89","4.1","12.82","Off","12.785527,77.699863",
"12-Sep-2026 01:36:06","0.34","4.1","12.82","Off","12.785534,77.699872",
"12-Sep-2026 01:37:04","0.34","4.1","12.82","Off","12.785534,77.699872",
"12-Sep-2026 02:37:04","0.34","4.1","12.92","Off","12.785534,77.699872",
"12-Sep-2026 02:37:04","0.47","4.1","12.92","Off","12.785544,77.699866",
"12-Sep-2026 02:37:06","0.47","4.1","12.92","Off","12.785544,77.699866",
"12-Sep-2026 02:38:06","0.3","4.1","12.85","Off","12.785529,77.699884",
"12-Sep-2026 02:39:06","0.16","4.1","12.82","Off","12.785519,77.699889",
"12-Sep-2026 02:40:06","0.51","4.1","12.82","Off","12.785531,77.699881",
"12-Sep-2026 02:41:04","0.51","4.1","12.8","Off","12.785531,77.699881",
"12-Sep-2026 03:41:04","0.51","4.1","12.87","Off","12.785531,77.699881",
"12-Sep-2026 03:41:04","0.3","4.1","12.87","Off","12.785523,77.699885",
"12-Sep-2026 03:41:06","0.3","4.1","12.87","Off","12.785523,77.699885",
"12-Sep-2026 03:42:06","1.09","4.1","12.82","Off","12.785516,77.699896",
"12-Sep-2026 03:43:06","0.55","4.1","12.8","Off","12.785534,77.6999",
"12-Sep-2026 03:44:06","0.27","4.1","12.8","Off","12.785538,77.699904",
"12-Sep-2026 03:45:04","0.27","4.1","12.77","Off","12.785538,77.699904",
"12-Sep-2026 04:45:04","0.27","4.1","12.87","Off","12.785538,77.699904",
"12-Sep-2026 04:45:04","0.08","4.1","12.87","Off","12.785531,77.699888",
"12-Sep-2026 04:45:06","0.08","4.1","12.87","Off","12.785531,77.699888",
"12-Sep-2026 04:46:06","0.6","4.1","12.8","Off","12.785522,77.699924",
"12-Sep-2026 04:47:06","1.4","4.1","12.77","Off","12.785521,77.699892",
"12-Sep-2026 04:48:06","0.06","4.1","12.77","Off","12.785528,77.699888",
"12-Sep-2026 04:49:04","0.06","4.1","12.77","Off","12.785528,77.699888",
"12-Sep-2026 05:49:05","0.06","4.1","12.85","Off","12.785528,77.699888",
"12-Sep-2026 05:49:05","0.37","4.1","12.85","Off","12.785534,77.699888",
"12-Sep-2026 05:49:06","0.37","4.1","12.85","Off","12.785534,77.699888",
"12-Sep-2026 05:50:06","0.52","4.1","12.77","Off","12.785521,77.699876",
"12-Sep-2026 05:51:06","0.54","4.1","12.77","Off","12.785517,77.699897",
"12-Sep-2026 05:52:06","0.36","4.1","12.72","Off","12.785535,77.699879",
"12-Sep-2026 05:53:05","0.36","4.1","12.72","Off","12.785535,77.699879",
"12-Sep-2026 06:53:05","0.36","4.11","12.87","Off","12.785535,77.699879",
"12-Sep-2026 06:53:05","0.02","4.11","12.87","Off","12.785531,77.699892",
"12-Sep-2026 06:53:06","0.02","4.11","12.87","Off","12.785531,77.699892",
"12-Sep-2026 06:54:06","0.89","4.1","12.8","Off","12.785526,77.699906",
"12-Sep-2026 06:55:06","0.28","4.1","12.75","Off","12.785521,77.699913",
"12-Sep-2026 06:56:06","3.03","4.1","12.75","Off","12.785542,77.699906",
"12-Sep-2026 06:57:05","3.03","4.1","12.75","Off","12.785542,77.699906",
"12-Sep-2026 07:07:43","3.03","4.1","12.85","Off","12.785542,77.699906",
"12-Sep-2026 07:07:43","2.3","4.1","12.85","Off","12.785518,77.699918",
"12-Sep-2026 07:07:45","2.3","4.1","12.85","Off","12.785518,77.699918",
"12-Sep-2026 07:07:45","2.3","4.1","12.85","Off","12.785518,77.699918",
"12-Sep-2026 07:08:06","2.3","4.1","12.75","Off","12.785518,77.699918",
"12-Sep-2026 07:08:36","0.8","4.1","12.72","Off","12.785525,77.6999",
"12-Sep-2026 07:08:45","0.8","4.1","12.75","Off","12.785525,77.6999",
"12-Sep-2026 07:09:36","1.32","4.1","12.72","Off","12.785533,77.699884",
"12-Sep-2026 07:10:06","0.29","4.1","12.72","Off","12.785529,77.699888",
"12-Sep-2026 07:11:06","0.76","4.1","12.7","Off","12.785529,77.699896",
"12-Sep-2026 07:11:30","0.76","4.1","12.7","Off","12.785529,77.699896",
"12-Sep-2026 07:11:36","0.22","4.1","12.72","Off","12.785533,77.699889",
"12-Sep-2026 07:12:06","0.12","4.1","12.7","Off","12.785539,77.699897",
"12-Sep-2026 07:12:36","0.13","4.1","12.68","Off","12.785542,77.699895",
"12-Sep-2026 07:13:06","0.61","4.1","13.38","On","12.785553,77.69989",
"12-Sep-2026 07:13:36","1.61","4.1","13.81","On","12.785506,77.699879",
"12-Sep-2026 07:14:03","11.6","4.1","13.81","On","12.78553,77.70012",
"12-Sep-2026 07:14:06","15.22","4.1","13.95","On","12.785545,77.700264",
"12-Sep-2026 07:14:36","10.26","4.11","13.98","On","12.785695,77.701416",
"12-Sep-2026 07:14:38","10.26","4.11","13.98","On","12.785695,77.701416",
"12-Sep-2026 07:14:53","14.55","4.11","13.98","On","12.786402,77.70146",
"12-Sep-2026 07:15:03","16.14","4.11","13.98","On","12.786601,77.70147",
"12-Sep-2026 07:15:06","13.32","4.1","13.98","On","12.786757,77.701478",
"12-Sep-2026 07:15:08","5.79","4.1","13.98","On","12.786853,77.701487",
"12-Sep-2026 07:15:18","14.62","4.1","13.98","On","12.787097,77.701491",
"12-Sep-2026 07:15:23","14.15","4.1","13.98","On","12.787233,77.701488",
"12-Sep-2026 07:15:36","22.9","4.1","13.95","On","12.787753,77.701494",
"12-Sep-2026 07:15:38","22.9","4.1","13.95","On","12.787753,77.701494",
"12-Sep-2026 07:15:48","25.02","4.1","13.95","On","12.788484,77.701487",
"12-Sep-2026 07:15:58","22.48","4.1","13.95","On","12.788999,77.701507",
"12-Sep-2026 07:16:03","22.1","4.1","13.95","On","12.789225,77.701536",
"12-Sep-2026 07:16:06","24.39","4.1","13.93","On","12.789461,77.701538",
"12-Sep-2026 07:16:28","15.79","4.1","13.93","On","12.790394,77.701541",
"12-Sep-2026 07:16:36","22.96","4.1","13.95","On","12.79062,77.701538",
"12-Sep-2026 07:16:38","20.15","4.1","13.95","On","12.790845,77.701561",
"12-Sep-2026 07:16:43","23.5","4.1","13.95","On","12.791087,77.701557",
"12-Sep-2026 07:16:48","12.91","4.1","13.95","On","12.791435,77.701556",
"12-Sep-2026 07:16:53","21.4","4.1","13.95","On","12.791637,77.701568",
"12-Sep-2026 07:16:58","20.84","4.1","13.95","On","12.791852,77.70156",
"12-Sep-2026 07:17:03","19.71","4.1","13.95","On","12.792064,77.701557",
"12-Sep-2026 07:17:06","15.82","4.1","13.95","On","12.792267,77.701553",
"12-Sep-2026 07:17:08","5.89","4.1","13.95","On","12.792382,77.70155",
"12-Sep-2026 07:17:13","16.81","4.1","13.95","On","12.792501,77.701596",
"12-Sep-2026 07:17:18","20.81","4.1","13.95","On","12.792648,77.701738",
"12-Sep-2026 07:17:36","28.76","4.1","13.98","On","12.792631,77.70291",
"12-Sep-2026 07:18:06","26.82","4.1","13.98","On","12.792609,77.704865",
"12-Sep-2026 07:18:28","8.68","4.1","13.98","On","12.792618,77.705996",
"12-Sep-2026 07:18:33","19.87","4.1","13.98","On","12.792818,77.706091",
"12-Sep-2026 07:18:36","19.87","4.1","13.98","On","12.792818,77.706091",
"12-Sep-2026 07:19:06","37.52","4.1","13.98","On","12.795408,77.706589",
"12-Sep-2026 07:19:13","34.58","4.1","13.98","On","12.796145,77.706549",
"12-Sep-2026 07:19:36","7.92","4.1","13.98","On","12.797663,77.706248",
"12-Sep-2026 07:20:06","31","4.1","13.95","On","12.799667,77.705612",
"12-Sep-2026 07:20:18","10.71","4.1","13.95","On","12.800422,77.705386",
"12-Sep-2026 07:20:36","27.36","4.1","13.98","On","12.801265,77.705136",
"12-Sep-2026 07:20:58","11.09","4.1","13.98","On","12.802147,77.704717",
"12-Sep-2026 07:21:06","7.46","4.1","13.95","On","12.802234,77.704543",
"12-Sep-2026 07:21:08","7.46","4.1","13.95","On","12.802234,77.704543",
"12-Sep-2026 07:21:36","30.9","4.1","13.95","On","12.802593,77.702761",
"12-Sep-2026 07:21:53","30.62","4.1","13.95","On","12.803444,77.701408",
"12-Sep-2026 07:22:06","32.54","4.1","13.95","On","12.80414,77.700731",
"12-Sep-2026 07:22:36","22.44","4.1","13.98","On","12.805674,77.699578",
"12-Sep-2026 07:23:06","45.26","4.1","13.95","On","12.808231,77.697491",
"12-Sep-2026 07:23:36","38.07","4.1","13.98","On","12.810562,77.695651",
"12-Sep-2026 07:24:06","39.84","4.1","13.95","On","12.813059,77.693644",
"12-Sep-2026 07:24:36","21.41","4.1","13.98","On","12.814759,77.692181",
"12-Sep-2026 07:25:06","25.9","4.1","13.95","On","12.815828,77.691318",
"12-Sep-2026 07:25:36","33.89","4.1","13.98","On","12.817459,77.690027",
"12-Sep-2026 07:25:58","3.89","4.1","13.98","On","12.818708,77.688953",
"12-Sep-2026 07:26:06","14.64","4.1","13.95","On","12.818596,77.688756",
"12-Sep-2026 07:26:08","14.64","4.1","13.95","On","12.818596,77.688756",
"12-Sep-2026 07:26:36","15.81","4.1","13.98","On","12.817768,77.68783",
"12-Sep-2026 07:27:06","41.63","4.1","13.98","On","12.81608,77.68595",
"12-Sep-2026 07:27:36","16.98","4.1","13.95","On","12.815102,77.684894",
"12-Sep-2026 07:28:06","20.09","4.1","13.98","On","12.814113,77.683812",
"12-Sep-2026 07:28:33","7.88","4.1","13.98","On","12.81302,77.682613",
"12-Sep-2026 07:28:36","7.88","4.1","13.95","On","12.81302,77.682613",
"12-Sep-2026 07:28:48","22.62","4.1","13.95","On","12.812747,77.682818",
"12-Sep-2026 07:29:06","30.47","4.1","13.95","On","12.81158,77.683932",
"12-Sep-2026 07:29:36","53.49","4.1","13.98","On","12.810288,77.685171",
"12-Sep-2026 07:29:58","8.15","4.1","13.98","On","12.808515,77.686879",
"12-Sep-2026 07:30:06","4.58","4.1","13.98","On","12.80854,77.686925",
"12-Sep-2026 07:30:13","13.67","4.1","13.98","On","12.80844,77.687035",
"12-Sep-2026 07:30:18","3.26","4.1","13.98","On","12.808444,77.687123",
"12-Sep-2026 07:30:36","2.25","4.1","13.95","On","12.808431,77.687138",
"12-Sep-2026 07:31:06","1.93","4.1","13.98","On","12.808392,77.687193",
"12-Sep-2026 07:31:36","1.17","4.1","13.98","On","12.808404,77.687179",
"12-Sep-2026 07:32:06","1.65","4.1","13.98","On","12.808425,77.687197",
"12-Sep-2026 07:32:36","0.97","4.1","13.98","On","12.808424,77.687194",
"12-Sep-2026 07:33:06","0.98","4.1","13.98","On","12.808383,77.68716",
"12-Sep-2026 07:33:36","1.19","4.1","13.95","On","12.808362,77.687142",
"12-Sep-2026 07:34:06","0.87","4.1","13.95","On","12.808378,77.687165",
"12-Sep-2026 07:34:36","1.53","4.1","13.88","On","12.808396,77.687084",
"12-Sep-2026 07:35:06","0.76","4.1","13.91","On","12.808453,77.686999",
"12-Sep-2026 07:35:36","2.31","4.1","13.88","On","12.808507,77.686924",
"12-Sep-2026 07:36:06","1.07","4.1","13.91","On","12.808471,77.686958",
"12-Sep-2026 07:36:36","1.96","4.1","13.93","On","12.808459,77.68691",
"12-Sep-2026 07:37:06","0.97","4.1","13.95","On","12.808449,77.68688",
"12-Sep-2026 07:37:36","1.5","4.1","13.98","On","12.808448,77.686836",
"12-Sep-2026 07:38:06","1.14","4.1","13.95","On","12.808411,77.686833",
"12-Sep-2026 07:38:36","1.23","4.1","13.98","On","12.808417,77.686864",
"12-Sep-2026 07:39:06","0.62","4.1","13.98","On","12.808416,77.686847",
"12-Sep-2026 07:39:36","2.26","4.1","13.98","On","12.808424,77.686848",
"12-Sep-2026 07:40:06","1.56","4.1","13.98","On","12.808393,77.686827",
"12-Sep-2026 07:40:36","1.35","4.1","13.95","On","12.808402,77.686785",
"12-Sep-2026 07:41:06","2.44","4.1","13.95","On","12.8084,77.686787",
"12-Sep-2026 07:41:36","1.7","4.1","13.95","On","12.808385,77.686823",
"12-Sep-2026 07:42:06","0.84","4.1","13.98","On","12.808357,77.686818",
"12-Sep-2026 07:42:36","0.98","4.1","13.98","On","12.808354,77.686814",
"12-Sep-2026 07:43:06","0.69","4.1","13.95","On","12.808347,77.686813",
"12-Sep-2026 07:43:36","0.32","4.1","13.95","On","12.808328,77.6868",
"12-Sep-2026 07:44:06","0.61","4.1","13.98","On","12.808349,77.686824",
"12-Sep-2026 07:44:36","1.88","4.1","13.95","On","12.808325,77.686792",
"12-Sep-2026 07:45:06","0.35","4.1","13.95","On","12.808319,77.686767",
"12-Sep-2026 07:45:36","0.83","4.1","13.95","On","12.808335,77.686787",
"12-Sep-2026 07:46:06","1.13","4.1","14","On","12.808352,77.686808",
"12-Sep-2026 07:46:36","0.58","4.1","13.98","On","12.808329,77.686804",
"12-Sep-2026 07:47:06","0.97","4.1","13.98","On","12.808325,77.686778",
"12-Sep-2026 07:47:36","0.89","4.1","13.98","On","12.808314,77.686797",
"12-Sep-2026 07:48:06","1.29","4.1","13.98","On","12.808305,77.686799",
"12-Sep-2026 07:48:36","1.36","4.1","13.98","On","12.808308,77.686804",
"12-Sep-2026 07:49:06","0.48","4.1","14","On","12.808308,77.686764",
"12-Sep-2026 07:49:36","0.98","4.1","13.98","On","12.808295,77.68674",
"12-Sep-2026 07:50:06","0.17","4.1","14","On","12.808298,77.686764",
"12-Sep-2026 07:50:36","2.99","4.1","14","On","12.808315,77.686763",
"12-Sep-2026 07:51:06","1.13","4.1","13.98","On","12.808313,77.686771",
"12-Sep-2026 07:51:36","1.01","4.1","13.98","On","12.808341,77.686784",
"12-Sep-2026 07:52:06","0.3","4.1","13.98","On","12.80835,77.686789",
"12-Sep-2026 07:52:36","0.3","4.1","13.98","On","12.808361,77.686793",
"12-Sep-2026 07:53:06","1.23","4.1","13.98","On","12.808378,77.686796",
"12-Sep-2026 07:53:36","0.72","4.1","13.98","On","12.80838,77.686816",
"12-Sep-2026 07:54:06","0.71","4.1","13.98","On","12.808362,77.686833",
"12-Sep-2026 07:54:36","0.49","4.1","14","On","12.808397,77.686875",
"12-Sep-2026 07:55:06","1.63","4.1","14","On","12.808397,77.686892",
"12-Sep-2026 07:55:36","0.52","4.1","14","On","12.808389,77.686875",
"12-Sep-2026 07:56:06","0.52","4.1","14","On","12.808395,77.686888",
"12-Sep-2026 07:56:36","0.44","4.1","14","On","12.808411,77.686905",
"12-Sep-2026 07:57:06","1.17","4.1","14","On","12.808384,77.686896",
"12-Sep-2026 07:57:36","2.21","4.1","14","On","12.80838,77.686854",
"12-Sep-2026 07:58:06","0.62","4.1","14.03","On","12.808366,77.686819",
"12-Sep-2026 07:58:36","0.81","4.1","13.98","On","12.808363,77.686808",
"12-Sep-2026 07:59:06","0.36","4.1","14","On","12.808353,77.686802",
"12-Sep-2026 07:59:36","0.98","4.1","14","On","12.808327,77.686795",
"12-Sep-2026 08:00:06","0.32","4.1","13.98","On","12.8083,77.686812",
"12-Sep-2026 08:00:36","0.85","4.1","14","On","12.808297,77.686818",
"12-Sep-2026 08:01:06","1.48","4.1","13.98","On","12.808293,77.686795",
"12-Sep-2026 08:01:36","0.39","4.1","13.98","On","12.80832,77.686799",
"12-Sep-2026 08:02:06","0.96","4.1","13.98","On","12.808329,77.686831",
"12-Sep-2026 08:02:36","1.11","4.1","13.98","On","12.808347,77.686848",
"12-Sep-2026 08:03:06","0.21","4.1","13.95","On","12.808329,77.686858",
"12-Sep-2026 08:03:36","1.5","4.1","13.98","On","12.808371,77.686881",
"12-Sep-2026 08:04:06","0.08","4.1","14","On","12.808334,77.686821",
"12-Sep-2026 08:04:36","0.43","4.1","13.98","On","12.808369,77.686842",
"12-Sep-2026 08:04:58","10.65","4.1","13.98","On","12.808391,77.686766",
"12-Sep-2026 08:05:03","17.02","4.1","13.98","On","12.808492,77.686661",
"12-Sep-2026 08:05:06","15.21","4.1","13.98","On","12.808636,77.686557",
"12-Sep-2026 08:05:36","22.57","4.1","13.95","On","12.809864,77.685441",
"12-Sep-2026 08:06:06","27.11","4.1","13.98","On","12.811446,77.683944",
"12-Sep-2026 08:06:36","17.24","4.1","13.98","On","12.812671,77.682817",
"12-Sep-2026 08:06:53","10.39","4.1","13.98","On","12.812874,77.682438",
"12-Sep-2026 08:07:06","20.62","4.1","13.98","On","12.81255,77.682085",
"12-Sep-2026 08:07:36","7.23","4.1","13.98","On","12.811611,77.681062",
"12-Sep-2026 08:07:53","0.57","4.1","13.98","On","12.811318,77.68074",
"12-Sep-2026 08:08:06","0.33","4.1","13.93","On","12.811266,77.680695",
"12-Sep-2026 08:08:36","2.17","4.1","13.93","On","12.811252,77.68066",
"12-Sep-2026 08:08:48","12.01","4.1","13.93","On","12.811387,77.680763",
"12-Sep-2026 08:08:53","0.19","4.1","13.93","On","12.81148,77.680836",
"12-Sep-2026 08:09:06","0.92","4.1","13.95","On","12.81151,77.680862",
"12-Sep-2026 08:09:36","1.19","4.1","13.93","On","12.811588,77.680868",
"12-Sep-2026 08:10:03","12.94","4.1","13.93","On","12.811816,77.681156",
"12-Sep-2026 08:10:06","1.21","4.1","13.93","On","12.811847,77.681206",
"12-Sep-2026 08:10:36","19.12","4.1","13.93","On","12.812718,77.682188",
"12-Sep-2026 08:11:06","19.03","4.1","13.95","On","12.813793,77.683354",
"12-Sep-2026 08:11:36","12.2","4.1","13.95","On","12.814414,77.684084",
"12-Sep-2026 08:12:06","16.28","4.1","13.95","On","12.815379,77.68509",
"12-Sep-2026 08:12:36","29.1","4.1","13.93","On","12.816729,77.686594",
"12-Sep-2026 08:13:06","23.77","4.1","13.93","On","12.818231,77.68827",
"12-Sep-2026 08:13:23","4.37","4.1","13.93","On","12.818803,77.688821",
"12-Sep-2026 08:13:36","8.37","4.1","13.91","On","12.819021,77.688726",
"12-Sep-2026 08:13:38","15.66","4.1","13.91","On","12.819145,77.688575",
"12-Sep-2026 08:13:48","40.94","4.1","13.91","On","12.819614,77.688078",
"12-Sep-2026 08:14:06","36.92","4.1","13.93","On","12.821131,77.686822",
"12-Sep-2026 08:14:36","36.23","4.1","13.95","On","12.82295,77.685186",
"12-Sep-2026 08:15:06","38.8","4.1","13.95","On","12.82533,77.683236",
"12-Sep-2026 08:15:36","56.6","4.1","13.95","On","12.828585,77.681671",
"12-Sep-2026 08:16:06","51.28","4.1","13.93","On","12.832982,77.680292",
"12-Sep-2026 08:16:36","40.81","4.1","13.93","On","12.836146,77.679121",
"12-Sep-2026 08:17:06","38.54","4.1","13.95","On","12.838711,77.677727",
"12-Sep-2026 08:17:36","10.29","4.1","13.91","On","12.839733,77.676975",
"12-Sep-2026 08:18:06","37.61","4.1","13.93","On","12.841071,77.675912",
"12-Sep-2026 08:18:36","52.37","4.1","13.93","On","12.844258,77.673513",
"12-Sep-2026 08:19:06","43.92","4.1","13.93","On","12.847432,77.671126",
"12-Sep-2026 08:19:36","57.99","4.1","13.95","On","12.850217,77.66875",
"12-Sep-2026 08:20:06","59","4.1","13.93","On","12.853496,77.666292",
"12-Sep-2026 08:20:36","1.55","4.1","13.95","On","12.8557,77.664397",
"12-Sep-2026 08:21:06","0.74","4.1","13.95","On","12.855714,77.664385",
"12-Sep-2026 08:21:36","58.56","4.1","13.95","On","12.857584,77.662937",
"12-Sep-2026 08:22:06","46.81","4.1","13.95","On","12.860287,77.660853",
"12-Sep-2026 08:22:36","55.95","4.1","13.95","On","12.863832,77.658096",
"12-Sep-2026 08:23:06","53.39","4.1","13.95","On","12.866911,77.655624",
"12-Sep-2026 08:23:36","7.76","4.1","13.91","On","12.869772,77.65334",
"12-Sep-2026 08:23:38","7.76","4.1","13.91","On","12.869772,77.65334",
"12-Sep-2026 08:24:06","9.16","4.1","13.91","On","12.870333,77.653731",
"12-Sep-2026 08:24:33","20.39","4.1","13.91","On","12.8708,77.654056",
"12-Sep-2026 08:24:36","23.45","4.1","13.93","On","12.87102,77.654056",
"12-Sep-2026 08:24:38","23.45","4.1","13.93","On","12.87102,77.654056",
"12-Sep-2026 08:24:48","21.76","4.1","13.93","On","12.8716,77.654053",
"12-Sep-2026 08:24:53","22.33","4.1","13.93","On","12.871825,77.654051",
"12-Sep-2026 08:24:58","5.08","4.1","13.93","On","12.871953,77.654038",
"12-Sep-2026 08:25:06","2.25","4.1","13.95","On","12.872219,77.654036",
"12-Sep-2026 08:25:33","14.62","4.1","13.95","On","12.872782,77.65403",
"12-Sep-2026 08:25:36","10.43","4.1","13.95","On","12.872922,77.654041",
"12-Sep-2026 08:26:06","41.06","4.1","13.95","On","12.874495,77.654355",
"12-Sep-2026 08:26:13","34.99","4.1","13.95","On","12.875294,77.654548",
"12-Sep-2026 08:26:23","41.17","4.1","13.95","On","12.876466,77.654786",
"12-Sep-2026 08:26:36","4.6","4.1","13.91","On","12.876937,77.654805",
"12-Sep-2026 08:27:03","5.82","4.1","13.91","On","12.878806,77.654882",
"12-Sep-2026 08:27:06","5.82","4.1","13.91","On","12.878806,77.654882",
"12-Sep-2026 08:27:08","18.84","4.1","13.91","On","12.878927,77.654899",
"12-Sep-2026 08:27:36","21.2","4.1","13.93","On","12.88114,77.655231",
"12-Sep-2026 08:28:06","23.62","4.1","13.93","On","12.882644,77.655586",
"12-Sep-2026 08:28:36","28.42","4.1","13.93","On","12.884028,77.655827",
"12-Sep-2026 08:28:43","30.28","4.1","13.93","On","12.884709,77.655848",
"12-Sep-2026 08:28:48","16.91","4.1","13.93","On","12.884946,77.655839",
"12-Sep-2026 08:29:06","14.38","4.1","13.91","On","12.8857,77.655948",
"12-Sep-2026 08:29:36","21.52","4.1","13.93","On","12.886735,77.656156",
"12-Sep-2026 08:29:58","20.92","4.1","13.93","On","12.88767,77.656338",
"12-Sep-2026 08:30:03","13.6","4.1","13.93","On","12.887943,77.656506",
"12-Sep-2026 08:30:06","13.6","4.1","13.91","On","12.887943,77.656506",
"12-Sep-2026 08:30:23","19.44","4.1","13.91","On","12.888602,77.656911",
"12-Sep-2026 08:30:28","13.29","4.1","13.91","On","12.888773,77.656942",
"12-Sep-2026 08:30:33","8.3","4.1","13.91","On","12.888869,77.656928",
"12-Sep-2026 08:30:36","18.61","4.1","13.93","On","12.88899,77.656885",
"12-Sep-2026 08:30:53","11.88","4.1","13.93","On","12.889428,77.656738",
"12-Sep-2026 08:31:03","9.96","4.1","13.93","On","12.889735,77.656432",
"12-Sep-2026 08:31:06","9.96","4.1","13.91","On","12.889735,77.656432",
"12-Sep-2026 08:31:36","34.32","4.1","13.95","On","12.891483,77.655907",
"12-Sep-2026 08:31:43","23.62","4.1","13.95","On","12.89179,77.655847",
"12-Sep-2026 08:31:53","18.2","4.1","13.95","On","12.892242,77.655807",
"12-Sep-2026 08:32:03","18.81","4.1","13.95","On","12.892632,77.655898",
"12-Sep-2026 08:32:06","20.09","4.1","13.93","On","12.892797,77.655984",
"12-Sep-2026 08:32:36","16.77","4.1","13.93","On","12.894132,77.65706",
"12-Sep-2026 08:33:06","13.94","4.1","13.93","On","12.895244,77.65766",
"12-Sep-2026 08:33:36","10.68","4.1","13.91","On","12.896808,77.658333",
"12-Sep-2026 08:33:48","20.71","4.1","13.91","On","12.897177,77.658417",
"12-Sep-2026 08:34:06","10.31","4.1","13.91","On","12.897806,77.658259",
"12-Sep-2026 08:34:13","21.17","4.1","13.91","On","12.898141,77.658269",
"12-Sep-2026 08:34:33","19.94","4.1","13.91","On","12.899121,77.658611",
"12-Sep-2026 08:34:36","14.06","4.1","13.93","On","12.899211,77.658761",
"12-Sep-2026 08:34:38","14.06","4.1","13.93","On","12.899211,77.658761",
"12-Sep-2026 08:34:48","10.17","4.1","13.93","On","12.899317,77.659068",
"12-Sep-2026 08:34:58","10.35","4.1","13.93","On","12.899455,77.659172",
"12-Sep-2026 08:35:06","14.79","4.1","13.93","On","12.89974,77.659285",
"12-Sep-2026 08:35:18","22.49","4.1","13.93","On","12.900209,77.659603",
"12-Sep-2026 08:35:28","24","4.1","13.93","On","12.90082,77.659952",
"12-Sep-2026 08:35:36","21.66","4.1","13.91","On","12.901205,77.660183",
"12-Sep-2026 08:35:38","21.66","4.1","13.91","On","12.901205,77.660183",
"12-Sep-2026 08:35:48","13.41","4.1","13.91","On","12.901586,77.660437",
"12-Sep-2026 08:36:06","19.45","4.1","13.95","On","12.902218,77.660636",
"12-Sep-2026 08:36:23","22.4","4.1","13.95","On","12.902875,77.661153",
"12-Sep-2026 08:36:36","12.38","4.1","13.95","On","12.90328,77.661562",
"12-Sep-2026 08:36:48","26.22","4.1","13.95","On","12.903853,77.66207",
"12-Sep-2026 08:37:06","25.56","4.1","13.95","On","12.904961,77.662455",
"12-Sep-2026 08:37:36","36.3","4.1","13.93","On","12.906925,77.663482",
"12-Sep-2026 08:38:06","18.83","4.1","13.91","On","12.909396,77.663793",
"12-Sep-2026 08:38:08","26.6","4.1","13.91","On","12.90956,77.663646",
"12-Sep-2026 08:38:23","18.1","4.1","13.91","On","12.909866,77.662997",
"12-Sep-2026 08:38:28","27.62","4.1","13.91","On","12.910202,77.663127",
"12-Sep-2026 08:38:36","37.45","4.1","13.93","On","12.91046,77.663355",
"12-Sep-2026 08:39:06","30.82","4.1","13.93","On","12.912475,77.665367",
"12-Sep-2026 08:39:34","26.2","4.1","13.93","On","12.913711,77.666511",
"12-Sep-2026 08:39:36","26.2","4.1","13.91","On","12.913711,77.666511",
"12-Sep-2026 08:40:06","30.12","4.1","13.91","On","12.915477,77.667344",
"12-Sep-2026 08:40:36","16.64","4.1","13.91","On","12.916949,77.668021",
"12-Sep-2026 08:41:06","15.42","4.1","13.91","On","12.918722,77.668701",
"12-Sep-2026 08:41:09","15.1","4.1","13.91","On","12.918824,77.668655",
"12-Sep-2026 08:41:36","44.61","4.1","13.93","On","12.92004,77.666483",
"12-Sep-2026 08:41:49","5.26","4.1","13.93","On","12.920281,77.665707",
"12-Sep-2026 08:42:06","3.9","4.1","13.91","On","12.920357,77.665467",
"12-Sep-2026 08:42:09","20.56","4.1","13.91","On","12.920391,77.665384",
"12-Sep-2026 08:42:14","16.6","4.1","13.91","On","12.920547,77.665233",
"12-Sep-2026 08:42:19","24.35","4.1","13.91","On","12.920751,77.665324",
"12-Sep-2026 08:42:24","21.56","4.1","13.91","On","12.920963,77.665552",
"12-Sep-2026 08:42:36","27.48","4.1","13.91","On","12.921364,77.666459",
"12-Sep-2026 08:43:06","34.84","4.1","13.93","On","12.92199,77.667883",
"12-Sep-2026 08:43:36","45.23","4.1","13.93","On","12.923365,77.670667",
"12-Sep-2026 08:44:06","57","4.1","13.91","On","12.925116,77.674518",
"12-Sep-2026 08:44:36","54.51","4.1","13.93","On","12.926806,77.677998",
"12-Sep-2026 08:45:06","49.82","4.1","13.93","On","12.928443,77.681505",
"12-Sep-2026 08:45:36","50.52","4.1","13.93","On","12.93007,77.684846",
"12-Sep-2026 08:46:06","38.71","4.1","13.93","On","12.932697,77.688067",
"12-Sep-2026 08:46:36","21.18","4.1","13.91","On","12.934709,77.690143",
"12-Sep-2026 08:46:39","23.1","4.1","13.91","On","12.934891,77.690341",
"12-Sep-2026 08:46:44","14.82","4.1","13.91","On","12.935065,77.690432",
"12-Sep-2026 08:46:49","21.71","4.1","13.91","On","12.935207,77.690507",
"12-Sep-2026 08:47:06","44.43","4.1","13.93","On","12.936536,77.69204",
"12-Sep-2026 08:47:36","40.66","4.1","13.93","On","12.939074,77.694728",
"12-Sep-2026 08:47:44","20.17","4.1","13.93","On","12.939403,77.69513",
"12-Sep-2026 08:47:49","17.9","4.1","13.93","On","12.939449,77.695348",
"12-Sep-2026 08:47:59","25.48","4.1","13.93","On","12.939255,77.695927",
"12-Sep-2026 08:48:06","31.95","4.1","13.93","On","12.939045,77.696471",
"12-Sep-2026 08:48:36","5.82","4.1","13.93","On","12.938421,77.697815",
"12-Sep-2026 08:49:06","9.33","4.1","13.93","On","12.937919,77.699863",
"12-Sep-2026 08:49:19","19.37","4.1","13.93","On","12.937816,77.70026",
"12-Sep-2026 08:49:36","27.26","4.1","13.93","On","12.937538,77.701321",
"12-Sep-2026 08:50:04","29.69","4.1","13.93","On","12.936903,77.703071",
"12-Sep-2026 08:50:06","25.98","4.1","13.95","On","12.936791,77.703343",
"12-Sep-2026 08:50:29","6.35","4.1","13.95","On","12.936548,77.703778",
"12-Sep-2026 08:50:36","10.42","4.1","13.93","On","12.936296,77.703797",
"12-Sep-2026 08:51:04","15.46","4.1","13.93","On","12.935275,77.703794",
"12-Sep-2026 08:51:06","9","4.1","13.93","On","12.935184,77.703824",
"12-Sep-2026 08:51:09","9","4.1","13.93","On","12.935184,77.703824",
"12-Sep-2026 08:51:14","15.46","4.1","13.93","On","12.934808,77.703868",
"12-Sep-2026 08:51:24","26.41","4.1","13.93","On","12.934209,77.703954",
"12-Sep-2026 08:51:36","6.12","4.1","13.93","On","12.933625,77.703908",
"12-Sep-2026 08:51:59","3","4.1","13.93","On","12.932702,77.703802",
"12-Sep-2026 08:52:06","1.23","4.1","13.88","On","12.932642,77.703789",
"12-Sep-2026 08:52:36","4.43","4.1","13.76","Off","12.93262,77.703729",
"12-Sep-2026 08:53:06","3.48","4.1","13.66","Off","12.932567,77.703873",
"12-Sep-2026 08:53:36","0.4","4.1","13.79","On","12.93254,77.703827",
"12-Sep-2026 08:54:06","0.23","4.1","13.66","Off","12.932636,77.703788",
"12-Sep-2026 08:54:36","0.44","4.1","13.57","Off","12.93267,77.703797",
"12-Sep-2026 08:55:06","0.4","4.1","13.54","Off","12.932693,77.703816",
"12-Sep-2026 08:55:28","0.4","4.1","13.52","Off","12.932693,77.703816",
"12-Sep-2026 08:56:06","3.06","4.1","13.54","Off","12.932716,77.703802",
"12-Sep-2026 08:57:06","0.88","4.1","13.52","Off","12.932721,77.703821",
"12-Sep-2026 08:58:06","0.42","4.1","13.45","Off","12.932722,77.70379",
"12-Sep-2026 08:59:06","0.36","4.1","13.42","Off","12.932717,77.703785",
"12-Sep-2026 08:59:28","0.36","4.1","13.42","Off","12.932717,77.703785",
"12-Sep-2026 09:02:49","0.36","4.1","13.4","Off","12.932717,77.703785",
"12-Sep-2026 09:02:49","0.3","4.1","13.4","Off","12.932709,77.70378",
"12-Sep-2026 09:03:06","0.3","4.1","13.4","Off","12.932709,77.70378",
"12-Sep-2026 09:04:06","0.44","4.1","13.35","Off","12.932681,77.703803",
"12-Sep-2026 09:05:06","0.49","4.1","13.33","Off","12.932707,77.703856",
"12-Sep-2026 09:06:06","0.32","4.1","13.26","Off","12.932722,77.703838",
"12-Sep-2026 09:06:49","0.32","4.1","13.23","Off","12.932722,77.703838",
"12-Sep-2026 09:12:12","0.32","4.1","13.23","Off","12.932722,77.703838",
"12-Sep-2026 09:12:12","0.22","4.1","13.23","Off","12.9327,77.703809",
"12-Sep-2026 09:12:41","0.22","4.1","13.21","On","12.9327,77.703809",
"12-Sep-2026 09:13:06","0","4.1","13.79","On","12.932922,77.70392",
"12-Sep-2026 09:13:36","1.18","4.1","13.95","On","12.932835,77.703813",
"12-Sep-2026 09:14:06","0.44","4.1","13.95","On","12.932837,77.703836",
"12-Sep-2026 09:14:36","0.84","4.1","13.98","On","12.932809,77.703829",
"12-Sep-2026 09:15:06","0.7","4.1","13.98","On","12.932756,77.703808",
"12-Sep-2026 09:15:36","0.84","4.1","13.98","On","12.932721,77.703796",
"12-Sep-2026 09:16:06","1.26","4.1","13.98","On","12.932714,77.703807",
"12-Sep-2026 09:16:36","0.34","4.1","13.98","On","12.932649,77.703789",
"12-Sep-2026 09:17:06","0.64","4.1","13.98","On","12.932631,77.703771",
"12-Sep-2026 09:17:36","0.64","4.1","13.98","On","12.932643,77.703766",
"12-Sep-2026 09:18:06","0.96","4.1","13.95","On","12.932643,77.703759",
"12-Sep-2026 09:18:24","13.83","4.1","13.95","On","12.933022,77.70381",
"12-Sep-2026 09:18:36","14.96","4.1","13.95","On","12.933494,77.703854",
"12-Sep-2026 09:18:39","14.96","4.1","13.95","On","12.933494,77.703854",
"12-Sep-2026 09:18:44","21.62","4.1","13.95","On","12.933787,77.70389",
"12-Sep-2026 09:18:54","20.12","4.1","13.95","On","12.934232,77.703886",
"12-Sep-2026 09:19:06","7.79","4.1","13.93","On","12.934829,77.703773",
"12-Sep-2026 09:19:19","3.87","4.1","13.93","On","12.935027,77.70377",
"12-Sep-2026 09:19:29","12.38","4.1","13.93","On","12.935288,77.703766",
"12-Sep-2026 09:19:36","19.6","4.1","13.98","On","12.935633,77.703761",
"12-Sep-2026 09:19:39","19.6","4.1","13.98","On","12.935633,77.703761",
"12-Sep-2026 09:19:44","23.27","4.1","13.98","On","12.936119,77.703786",
"12-Sep-2026 09:19:54","9.93","4.1","13.98","On","12.936449,77.703784",
"12-Sep-2026 09:20:04","23.9","4.1","13.98","On","12.936604,77.704116",
"12-Sep-2026 09:20:06","23.9","4.1","13.76","On","12.936604,77.704116",
"12-Sep-2026 09:20:19","24.9","4.1","13.76","On","12.9366,77.704775",
"12-Sep-2026 09:20:34","12.31","4.1","13.76","On","12.936151,77.70559",
"12-Sep-2026 09:20:36","14.88","4.1","13.74","On","12.936044,77.7057",
"12-Sep-2026 09:20:44","15.24","4.1","13.74","On","12.935748,77.7058",
"12-Sep-2026 09:20:49","17.17","4.1","13.74","On","12.935638,77.70592",
"12-Sep-2026 09:20:54","24.84","4.1","13.74","On","12.935654,77.706126",
"12-Sep-2026 09:21:06","14.41","4.12","13.86","On","12.935886,77.706788",
"12-Sep-2026 09:21:27","17.62","4.12","13.86","On","12.936113,77.707829",
"12-Sep-2026 09:21:36","19.08","4.12","13.91","On","12.936163,77.708093",
"12-Sep-2026 09:22:06","23.92","4.12","13.93","On","12.936459,77.7092",
"12-Sep-2026 09:22:27","21.28","4.12","13.93","On","12.936671,77.710478",
"12-Sep-2026 09:22:32","24.15","4.12","13.93","On","12.937123,77.710642",
"12-Sep-2026 09:22:36","31.07","4.12","13.93","On","12.937428,77.710714",
"12-Sep-2026 09:22:52","26","4.12","13.93","On","12.938229,77.711277",
"12-Sep-2026 09:23:06","28.64","4.12","13.93","On","12.93805,77.712175",
"12-Sep-2026 09:23:27","31.79","4.12","13.93","On","12.938002,77.713733",
"12-Sep-2026 09:23:36","27.73","4.12","13.93","On","12.938167,77.714681",
"12-Sep-2026 09:23:37","27.73","4.12","13.93","On","12.938167,77.714681",
"12-Sep-2026 09:23:52","36.8","4.12","13.93","On","12.938376,77.715924",
"12-Sep-2026 09:24:06","31.4","4.12","13.95","On","12.938658,77.716936",
"12-Sep-2026 09:24:36","3.56","4.12","13.95","On","12.939105,77.718725",
"12-Sep-2026 09:24:47","2.06","4.12","13.95","On","12.939126,77.718828",
"12-Sep-2026 09:24:52","11.09","4.12","13.95","On","12.939158,77.718912",
"12-Sep-2026 09:25:06","10.53","4.12","13.93","On","12.939182,77.719402",
"12-Sep-2026 09:25:22","12.18","4.12","13.93","On","12.939257,77.720079",
"12-Sep-2026 09:25:27","7.82","4.12","13.93","On","12.939234,77.72016",
"12-Sep-2026 09:25:36","1.27","4.12","13.91","On","12.939069,77.720209",
"12-Sep-2026 09:26:06","0.75","4.11","13.93","On","12.938968,77.720215",
"12-Sep-2026 09:26:36","2.68","4.11","13.93","On","12.938929,77.720216",
"12-Sep-2026 09:27:06","0.97","4.12","13.93","On","12.938793,77.720193",
"12-Sep-2026 09:27:36","0.62","4.12","13.93","On","12.938803,77.72016",
"12-Sep-2026 09:28:06","4.95","4.12","13.93","On","12.938777,77.720196",
"12-Sep-2026 09:28:17","16.83","4.12","13.93","On","12.93853,77.720196",
"12-Sep-2026 09:28:27","5.83","4.12","13.93","On","12.938339,77.720182",
"12-Sep-2026 09:28:32","15.62","4.12","13.93","On","12.938217,77.720193",
"12-Sep-2026 09:28:36","1.96","4.12","13.93","On","12.938123,77.720193",
"12-Sep-2026 09:28:47","9.59","4.12","13.93","On","12.937938,77.720187",
"12-Sep-2026 09:28:52","12.65","4.12","13.93","On","12.937909,77.720284",
"12-Sep-2026 09:28:57","17.07","4.12","13.93","On","12.937869,77.720561",
"12-Sep-2026 09:29:06","17.07","4.11","13.95","On","12.937869,77.720561",
"12-Sep-2026 09:29:22","11.66","4.11","13.95","On","12.937394,77.72071",
"12-Sep-2026 09:29:36","5.94","4.12","13.93","On","12.937332,77.721165",
"12-Sep-2026 09:29:52","3.14","4.12","13.93","On","12.937273,77.721275",
"12-Sep-2026 09:30:06","0.36","4.12","13.86","On","12.937308,77.721199",
"12-Sep-2026 09:30:36","1.49","4.11","13.74","Off","12.937321,77.72121",
"12-Sep-2026 09:31:06","0.48","4.11","13.64","Off","12.937322,77.721195",
"12-Sep-2026 09:31:36","0.72","4.11","13.59","Off","12.937298,77.721194",
"12-Sep-2026 09:32:06","0.67","4.11","13.59","Off","12.937294,77.721165",
"12-Sep-2026 09:32:07","0.67","4.11","13.59","Off","12.937294,77.721165",
"12-Sep-2026 09:32:09","0.67","4.11","13.59","On","12.937294,77.721165",
"12-Sep-2026 09:32:36","4.68","4.11","13.86","On","12.937307,77.72132",
"12-Sep-2026 09:32:47","10.95","4.11","13.86","On","12.937278,77.721497",
"12-Sep-2026 09:33:06","9.91","4.11","13.95","On","12.937287,77.721988",
"12-Sep-2026 09:33:07","9.91","4.11","13.95","On","12.937287,77.721988",
"12-Sep-2026 09:33:12","15.75","4.11","13.95","On","12.937057,77.721865",
"12-Sep-2026 09:33:22","7.01","4.11","13.95","On","12.936885,77.721756",
"12-Sep-2026 09:33:36","7.83","4.11","13.93","On","12.936816,77.721752",
"12-Sep-2026 09:33:42","21.31","4.11","13.93","On","12.936673,77.721792",
"12-Sep-2026 09:34:06","1.12","4.11","13.95","On","12.936311,77.721876",
"12-Sep-2026 09:34:32","5.21","4.11","13.95","On","12.936215,77.721865",
"12-Sep-2026 09:34:36","1.58","4.11","13.93","On","12.936216,77.721846",
"12-Sep-2026 09:35:06","24.14","4.11","13.95","On","12.936392,77.721823",
"12-Sep-2026 09:35:07","24.14","4.11","13.95","On","12.936392,77.721823",
"12-Sep-2026 09:35:17","24.19","4.11","13.95","On","12.937001,77.721824",
"12-Sep-2026 09:35:22","15.7","4.11","13.95","On","12.937143,77.721921",
"12-Sep-2026 09:35:32","35.97","4.11","13.95","On","12.93734,77.722337",
"12-Sep-2026 09:35:36","31.96","4.11","13.95","On","12.937273,77.722712",
"12-Sep-2026 09:35:47","12.6","4.11","13.95","On","12.937255,77.723072",
"12-Sep-2026 09:35:52","28.03","4.11","13.95","On","12.937603,77.72311",
"12-Sep-2026 09:35:57","21.06","4.11","13.95","On","12.937867,77.723127",
"12-Sep-2026 09:36:02","14.58","4.11","13.95","On","12.938003,77.723127",
"12-Sep-2026 09:36:06","14.37","4.11","13.98","On","12.938076,77.723196",
"12-Sep-2026 09:36:07","14.37","4.11","13.98","On","12.938076,77.723196",
"12-Sep-2026 09:36:12","17.52","4.11","13.98","On","12.937962,77.723617",
"12-Sep-2026 09:36:36","25.67","4.11","13.95","On","12.937347,77.724889",
"12-Sep-2026 09:36:52","10.35","4.11","13.95","On","12.936952,77.725239",
"12-Sep-2026 09:37:06","3.39","4.11","13.95","On","12.936791,77.725171",
"12-Sep-2026 09:37:32","3.59","4.11","13.95","On","12.936777,77.725175",
"12-Sep-2026 09:37:36","3.59","4.11","13.98","On","12.936777,77.725175",
"12-Sep-2026 09:38:06","0.74","4.11","13.98","On","12.936765,77.725171",
"12-Sep-2026 09:38:36","1.54","4.11","13.93","On","12.936834,77.725186",
"12-Sep-2026 09:38:47","12.06","4.11","13.93","On","12.937029,77.725258",
"12-Sep-2026 09:38:52","11.61","4.11","13.93","On","12.937189,77.725217",
"12-Sep-2026 09:39:06","25.14","4.11","13.93","On","12.937356,77.72463",
"12-Sep-2026 09:39:36","12.65","4.11","13.98","On","12.938022,77.723231",
"12-Sep-2026 09:39:37","16.01","4.11","13.98","On","12.937951,77.723128",
"12-Sep-2026 09:39:42","17.22","4.11","13.98","On","12.937816,77.723143",
"12-Sep-2026 09:39:47","19.01","4.11","13.98","On","12.937607,77.723146",
"12-Sep-2026 09:39:52","6.87","4.11","13.98","On","12.937309,77.723133",
"12-Sep-2026 09:40:06","1.52","4.11","13.95","On","12.93725,77.723136",
"12-Sep-2026 09:40:17","16.61","4.11","13.95","On","12.937147,77.722991",
"12-Sep-2026 09:40:32","12.49","4.11","13.95","On","12.937151,77.72209",
"12-Sep-2026 09:40:36","12.49","4.11","13.95","On","12.937151,77.72209",
"12-Sep-2026 09:41:06","0.33","4.11","13.95","On","12.937043,77.722081",
"12-Sep-2026 09:41:27","4.12","4.11","13.95","On","12.93702,77.722078",
"12-Sep-2026 09:41:32","20.21","4.11","13.95","On","12.936925,77.722272",
"12-Sep-2026 09:41:36","20.21","4.11","13.95","On","12.936925,77.722272",
"12-Sep-2026 09:42:02","8.8","4.11","13.95","On","12.936773,77.723213",
"12-Sep-2026 09:42:06","11.74","4.11","13.93","On","12.936669,77.723205",
"12-Sep-2026 09:42:17","15.57","4.11","13.93","On","12.936064,77.723156",
"12-Sep-2026 09:42:36","27.36","4.11","13.95","On","12.93512,77.722938",
"12-Sep-2026 09:42:42","19.49","4.11","13.95","On","12.93472,77.722795",
"12-Sep-2026 09:42:57","0.84","4.11","13.95","On","12.934753,77.722641",
"12-Sep-2026 09:43:06","0.76","4.11","13.86","Off","12.934755,77.722585",
"12-Sep-2026 09:43:36","0.28","4.11","13.64","Off","12.934738,77.722589",
"12-Sep-2026 09:44:06","0.3","4.11","13.64","Off","12.934743,77.722584",
"12-Sep-2026 09:44:36","0.56","4.11","13.57","Off","12.934748,77.722582",
"12-Sep-2026 09:44:38","0.56","4.11","13.59","Off","12.934748,77.722582",
"12-Sep-2026 09:45:36","0.17","4.11","13.54","Off","12.934766,77.722586",
"12-Sep-2026 09:46:06","0.36","4.11","13.52","Off","12.934779,77.722583",
"12-Sep-2026 09:47:06","0.48","4.11","13.5","Off","12.934778,77.72259",
"12-Sep-2026 09:48:06","0.1","4.11","13.45","Off","12.934777,77.722589",
"12-Sep-2026 09:48:38","0.1","4.11","13.45","Off","12.934777,77.722589",
"12-Sep-2026 09:56:27","0.1","4.12","13.38","Off","12.934777,77.722589",
"12-Sep-2026 09:56:27","0.09","4.12","13.38","Off","12.934781,77.722595",
"12-Sep-2026 09:56:33","0.09","4.12","13.35","On","12.934781,77.722595",
"12-Sep-2026 09:56:36","0.09","4.12","13.33","On","12.934781,77.722595",
"12-Sep-2026 09:56:57","12.49","4.12","13.33","On","12.934696,77.722088",
"12-Sep-2026 09:57:06","6.11","4.11","13.86","On","12.934592,77.72185",
"12-Sep-2026 09:57:17","4.57","4.11","13.86","On","12.934633,77.72175",
"12-Sep-2026 09:57:36","14.27","4.12","13.93","On","12.935429,77.721747",
"12-Sep-2026 09:57:47","17.89","4.12","13.93","On","12.93599,77.72183",
"12-Sep-2026 09:57:57","15.28","4.12","13.93","On","12.936308,77.721793",
"12-Sep-2026 09:58:02","17.56","4.12","13.93","On","12.936483,77.721813",
"12-Sep-2026 09:58:06","11.29","4.12","13.95","On","12.936848,77.721795",
"12-Sep-2026 09:58:07","11.29","4.12","13.95","On","12.936848,77.721795",
"12-Sep-2026 09:58:12","11.17","4.12","13.95","On","12.936903,77.721872",
"12-Sep-2026 09:58:17","10.69","4.12","13.95","On","12.936991,77.721915",
"12-Sep-2026 09:58:22","8.85","4.12","13.95","On","12.937054,77.721964",
"12-Sep-2026 09:58:27","14.39","4.12","13.95","On","12.937215,77.722099",
"12-Sep-2026 09:58:32","10.53","4.12","13.95","On","12.937277,77.72217",
"12-Sep-2026 09:58:36","18.44","4.11","13.95","On","12.937242,77.722323",
"12-Sep-2026 09:58:52","10.93","4.11","13.95","On","12.937172,77.723078",
"12-Sep-2026 09:59:02","13.93","4.11","13.95","On","12.937355,77.723078",
"12-Sep-2026 09:59:06","23.34","4.11","13.93","On","12.937533,77.723044",
"12-Sep-2026 09:59:07","12.4","4.11","13.93","On","12.937757,77.723083",
"12-Sep-2026 09:59:12","12.37","4.11","13.93","On","12.937889,77.723077",
"12-Sep-2026 09:59:17","13.82","4.11","13.93","On","12.93799,77.723092",
"12-Sep-2026 09:59:22","8.38","4.11","13.93","On","12.938108,77.723154",
"12-Sep-2026 09:59:27","22.1","4.11","13.93","On","12.938002,77.72354",
"12-Sep-2026 09:59:36","27.35","4.11","13.93","On","12.937795,77.723995",
"12-Sep-2026 10:00:06","17.94","4.11","13.95","On","12.937145,77.725487",
"12-Sep-2026 10:00:22","11","4.11","13.95","On","12.937062,77.725856",
"12-Sep-2026 10:00:27","26.53","4.11","13.95","On","12.937292,77.726034",
"12-Sep-2026 10:00:36","28.31","4.11","13.95","On","12.937887,77.726035",
"12-Sep-2026 10:00:37","28.31","4.11","13.95","On","12.937887,77.726035",
"12-Sep-2026 10:01:06","20.58","4.11","13.95","On","12.939162,77.726252",
"12-Sep-2026 10:01:17","3.57","4.11","13.95","On","12.93952,77.726368",
"12-Sep-2026 10:01:22","10.35","4.11","13.95","On","12.93953,77.726446",
"12-Sep-2026 10:01:36","21.25","4.11","13.95","On","12.939476,77.727432",
"12-Sep-2026 10:01:37","21.25","4.11","13.95","On","12.939476,77.727432",
"12-Sep-2026 10:02:06","4.38","4.11","13.95","On","12.939619,77.728877",
"12-Sep-2026 10:02:12","18.75","4.11","13.95","On","12.939585,77.729099",
"12-Sep-2026 10:02:36","26.88","4.11","13.95","On","12.939306,77.730485",
"12-Sep-2026 10:03:06","32.56","4.11","13.93","On","12.939293,77.73308",
"12-Sep-2026 10:03:36","36.03","4.11","13.95","On","12.939425,77.735853",
"12-Sep-2026 10:04:06","29.07","4.11","13.95","On","12.939322,77.738259",
"12-Sep-2026 10:04:36","27.78","4.11","13.95","On","12.93896,77.740708",
"12-Sep-2026 10:05:06","26.24","4.11","13.98","On","12.938702,77.742217",
"12-Sep-2026 10:05:36","16.55","4.11","13.98","On","12.93849,77.744008",
"12-Sep-2026 10:06:06","17.13","4.12","13.98","On","12.938367,77.745412",
"12-Sep-2026 10:06:32","14.83","4.12","13.98","On","12.938238,77.746548",
"12-Sep-2026 10:06:36","10.89","4.11","13.95","On","12.938249,77.746683",
"12-Sep-2026 10:06:42","4.09","4.11","13.95","On","12.938234,77.746752",
"12-Sep-2026 10:07:06","8.28","4.11","13.91","On","12.938,77.746739",
"12-Sep-2026 10:07:17","11.71","4.11","13.91","On","12.937838,77.747136",
"12-Sep-2026 10:07:36","22.38","4.11","13.95","On","12.937462,77.748196",
"12-Sep-2026 10:08:06","26.62","4.11","13.95","On","12.936863,77.749835",
"12-Sep-2026 10:08:12","16.04","4.11","13.95","On","12.936584,77.750226",
"12-Sep-2026 10:08:36","1.63","4.11","13.93","On","12.93631,77.750572",
"12-Sep-2026 10:08:47","0.49","4.11","13.93","On","12.936294,77.750639",
"12-Sep-2026 10:09:06","0.16","4.11","13.93","On","12.936291,77.750643",
"12-Sep-2026 10:09:36","1.51","4.11","13.95","On","12.93635,77.750687",
"12-Sep-2026 10:10:06","7.14","4.11","13.95","On","12.936419,77.750648",
"12-Sep-2026 10:10:17","12.02","4.11","13.95","On","12.936642,77.750546",
"12-Sep-2026 10:10:27","10.43","4.11","13.95","On","12.936957,77.750536",
"12-Sep-2026 10:10:36","9.24","4.11","13.93","On","12.937285,77.750619",
"12-Sep-2026 10:10:37","9.24","4.11","13.93","On","12.937285,77.750619",
"12-Sep-2026 10:10:42","14.46","4.11","13.93","On","12.93726,77.750749",
"12-Sep-2026 10:11:02","4.39","4.11","13.93","On","12.937188,77.751192",
"12-Sep-2026 10:11:06","4.03","4.11","13.93","On","12.93717,77.751213",
"12-Sep-2026 10:11:36","1.84","4.11","13.93","On","12.93672,77.751308",
"12-Sep-2026 10:11:42","10.23","4.11","13.93","On","12.9367,77.7513",
"12-Sep-2026 10:11:47","20.5","4.11","13.93","On","12.936521,77.751286",
"12-Sep-2026 10:11:52","11.66","4.11","13.93","On","12.936229,77.751221",
"12-Sep-2026 10:12:06","6.85","4.11","13.93","On","12.936279,77.750883",
"12-Sep-2026 10:12:07","6.85","4.11","13.93","On","12.936279,77.750883",
"12-Sep-2026 10:12:36","3.94","4.11","13.95","On","12.936323,77.750835",
"12-Sep-2026 10:13:06","1.72","4.11","13.88","On","12.936329,77.750791",
"12-Sep-2026 10:13:36","1.13","4.11","13.86","On","12.936154,77.750989",
"12-Sep-2026 10:14:06","1.06","4.11","13.83","On","12.936128,77.751113",
"12-Sep-2026 10:14:36","0.89","4.11","13.64","Off","12.936105,77.751187",
"12-Sep-2026 10:15:02","12.54","4.11","13.64","Off","12.936125,77.75114",
"12-Sep-2026 10:15:06","8.39","4.11","13.76","On","12.93613,77.751041",
"12-Sep-2026 10:15:36","0.37","4.11","13.95","On","12.936102,77.750941",
"12-Sep-2026 10:16:06","0.48","4.11","13.95","On","12.936106,77.750948",
"12-Sep-2026 10:16:36","0.79","4.11","13.98","On","12.93612,77.75093",
"12-Sep-2026 10:16:37","0.79","4.11","13.98","On","12.93612,77.75093",
"12-Sep-2026 10:17:06","0.71","4.11","13.98","On","12.936117,77.750935",
"12-Sep-2026 10:17:36","0.91","4.11","13.95","On","12.936169,77.750955",
"12-Sep-2026 10:18:06","0.05","4.11","13.95","On","12.936186,77.75095",
"12-Sep-2026 10:18:36","0.54","4.11","13.95","On","12.93617,77.750946",
"12-Sep-2026 10:19:06","0.26","4.11","13.98","On","12.936188,77.750955",
"12-Sep-2026 10:19:36","0.11","4.11","13.98","On","12.936186,77.750966",
"12-Sep-2026 10:20:06","0.71","4.11","13.95","On","12.936193,77.750953",
"12-Sep-2026 10:20:36","2.26","4.11","13.98","On","12.936281,77.750769",
"12-Sep-2026 10:21:06","0.24","4.11","13.91","Off","12.936169,77.750791",
"12-Sep-2026 10:21:36","0.23","4.11","13.64","Off","12.936156,77.750798",
"12-Sep-2026 10:22:06","0.09","4.11","13.5","Off","12.936154,77.750794",
"12-Sep-2026 10:22:36","0.1","4.11","13.47","Off","12.936153,77.750778",
"12-Sep-2026 10:22:44","0.1","4.11","13.47","Off","12.936153,77.750778",
"12-Sep-2026 10:23:36","0.12","4.11","13.47","Off","12.936139,77.750771",
"12-Sep-2026 10:24:06","0.3","4.11","13.47","Off","12.936117,77.750772",
"12-Sep-2026 10:25:06","0.07","4.11","13.45","Off","12.936096,77.750748",
"12-Sep-2026 10:26:06","0.05","4.11","13.38","Off","12.936089,77.750739",
"12-Sep-2026 10:26:44","0.05","4.11","13.33","Off","12.936089,77.750739",
"12-Sep-2026 10:28:20","0.05","4.11","13.33","Off","12.936089,77.750739",
"12-Sep-2026 10:28:20","0.37","4.11","13.33","Off","12.936094,77.750757",
"12-Sep-2026 10:28:52","0.37","4.11","13.3","On","12.936094,77.750757",
"12-Sep-2026 10:28:52","1.19","4.11","13.3","On","12.936189,77.750832",
"12-Sep-2026 10:29:06","0.9","4.11","13.62","On","12.936176,77.750818",
"12-Sep-2026 10:29:36","0.42","4.11","13.91","On","12.936185,77.750797",
"12-Sep-2026 10:30:06","0.5","4.11","13.93","On","12.936184,77.750809",
"12-Sep-2026 10:30:36","0.22","4.11","13.93","On","12.936166,77.750806",
"12-Sep-2026 10:31:06","1.07","4.11","13.93","On","12.936159,77.750805",
"12-Sep-2026 10:31:36","6.92","4.11","13.86","On","12.935992,77.75097",
"12-Sep-2026 10:31:45","20.41","4.11","13.86","On","12.93613,77.7508",
"12-Sep-2026 10:32:06","27.01","4.11","13.93","On","12.93686,77.749769",
"12-Sep-2026 10:32:15","28.39","4.11","13.93","On","12.937086,77.74925",
"12-Sep-2026 10:32:36","15.67","4.11","13.95","On","12.937484,77.748011",
"12-Sep-2026 10:33:06","5.13","4.11","13.93","On","12.937908,77.746787",
"12-Sep-2026 10:33:30","0.38","4.11","13.93","On","12.937939,77.74677",
"12-Sep-2026 10:33:36","0.84","4.11","13.88","On","12.937947,77.746757",
"12-Sep-2026 10:34:06","1.28","4.11","13.93","On","12.938022,77.746679",
"12-Sep-2026 10:34:36","0.14","4.11","13.93","On","12.938193,77.746824",
"12-Sep-2026 10:35:06","3.92","4.11","13.93","On","12.938503,77.747137",
"12-Sep-2026 10:35:20","34.9","4.11","13.93","On","12.939499,77.747445",
"12-Sep-2026 10:35:36","39.84","4.11","13.91","On","12.940739,77.747176",
"12-Sep-2026 10:36:06","12.23","4.11","13.91","On","12.942341,77.746981",
"12-Sep-2026 10:36:15","19.62","4.11","13.91","On","12.942617,77.746981",
"12-Sep-2026 10:36:20","34.46","4.11","13.91","On","12.943158,77.746972",
"12-Sep-2026 10:36:36","25.39","4.11","13.91","On","12.943919,77.746963",
"12-Sep-2026 10:36:40","15.87","4.11","13.91","On","12.944124,77.746983",
"12-Sep-2026 10:37:06","9.16","4.11","13.91","On","12.944849,77.747057",
"12-Sep-2026 10:37:36","25.39","4.11","13.93","On","12.945636,77.747104",
"12-Sep-2026 10:37:40","30.01","4.11","13.93","On","12.945908,77.746962",
"12-Sep-2026 10:38:06","55.85","4.11","13.93","On","12.94811,77.745941",
"12-Sep-2026 10:38:20","33.67","4.11","13.93","On","12.949459,77.745269",
"12-Sep-2026 10:38:36","52.18","4.11","13.91","On","12.951133,77.744814",
"12-Sep-2026 10:39:00","27.74","4.11","13.91","On","12.953562,77.744163",
"12-Sep-2026 10:39:05","34.92","4.11","13.91","On","12.953862,77.74428",
"12-Sep-2026 10:39:06","34.92","4.11","13.93","On","12.953862,77.74428",
"12-Sep-2026 10:39:10","35.3","4.11","13.93","On","12.954215,77.744274",
"12-Sep-2026 10:39:15","40.84","4.11","13.93","On","12.954582,77.74422",
"12-Sep-2026 10:39:25","41.13","4.11","13.93","On","12.955818,77.744606",
"12-Sep-2026 10:39:36","25.47","4.11","13.88","On","12.956493,77.745064",
"12-Sep-2026 10:40:06","44.86","4.11","13.93","On","12.958058,77.745931",
"12-Sep-2026 10:40:36","11.46","4.11","13.91","On","12.959367,77.746613",
"12-Sep-2026 10:41:06","28.03","4.11","13.88","On","12.960316,77.747154",
"12-Sep-2026 10:41:36","43.57","4.11","13.91","On","12.962426,77.747881",
"12-Sep-2026 10:42:06","35.69","4.11","13.93","On","12.965203,77.748771",
"12-Sep-2026 10:42:36","27.37","4.11","13.93","On","12.967258,77.749388",
"12-Sep-2026 10:42:50","9.85","4.11","13.93","On","12.968191,77.749629",
"12-Sep-2026 10:43:05","18.79","4.11","13.93","On","12.968657,77.749726",
"12-Sep-2026 10:43:06","18.79","4.11","13.95","On","12.968657,77.749726",
"12-Sep-2026 10:43:36","21.23","4.11","13.93","On","12.970529,77.749986",
"12-Sep-2026 10:44:06","43.89","4.11","13.93","On","12.973679,77.750412",
"12-Sep-2026 10:44:36","8.38","4.11","13.91","On","12.975946,77.750806",
"12-Sep-2026 10:45:06","6.33","4.11","13.93","On","12.977204,77.751066",
"12-Sep-2026 10:45:36","43.62","4.11","13.93","On","12.978244,77.751277",
"12-Sep-2026 10:46:06","8.11","4.11","13.95","On","12.98004,77.75163",
"12-Sep-2026 10:46:20","2.54","4.11","13.95","On","12.980154,77.751654",
"12-Sep-2026 10:46:36","0.91","4.11","13.95","On","12.980229,77.75166",
"12-Sep-2026 10:47:06","0.11","4.11","13.95","On","12.980247,77.751628",
"12-Sep-2026 10:47:20","10.34","4.11","13.95","On","12.980291,77.751638",
"12-Sep-2026 10:47:36","22.4","4.11","13.93","On","12.981063,77.751791",
"12-Sep-2026 10:48:06","13.76","4.11","13.95","On","12.982376,77.752075",
"12-Sep-2026 10:48:20","3.02","4.11","13.95","On","12.98251,77.752091",
"12-Sep-2026 10:48:36","1.68","4.11","13.95","On","12.982577,77.752084",
"12-Sep-2026 10:49:06","0.06","4.11","13.95","On","12.982652,77.752097",
"12-Sep-2026 10:49:36","0.36","4.11","13.95","On","12.982659,77.752095",
"12-Sep-2026 10:50:06","0.38","4.11","13.95","On","12.982672,77.752117",
"12-Sep-2026 10:50:36","0.13","4.11","13.95","On","12.982667,77.75212",
"12-Sep-2026 10:51:06","0.23","4.11","13.98","On","12.98267,77.752114",
"12-Sep-2026 10:51:36","0.18","4.11","13.93","On","12.982662,77.7521",
"12-Sep-2026 10:52:06","0.13","4.11","13.95","On","12.982675,77.752106",
"12-Sep-2026 10:52:36","0.29","4.11","13.98","On","12.982678,77.752104",
"12-Sep-2026 10:53:06","0.85","4.11","13.93","On","12.982665,77.752101",
"12-Sep-2026 10:53:15","12.72","4.11","13.93","On","12.982728,77.752115",
"12-Sep-2026 10:53:36","15.75","4.11","13.95","On","12.983104,77.752193",
"12-Sep-2026 10:54:00","12.32","4.11","13.95","On","12.983825,77.752355",
"12-Sep-2026 10:54:05","13.33","4.11","13.95","On","12.983948,77.752359",
"12-Sep-2026 10:54:06","23.51","4.11","13.93","On","12.984136,77.752425",
"12-Sep-2026 10:54:20","9.53","4.11","13.93","On","12.984569,77.752598",
"12-Sep-2026 10:54:35","16.46","4.11","13.93","On","12.985141,77.752967",
"12-Sep-2026 10:54:36","16.46","4.11","13.95","On","12.985141,77.752967",
"12-Sep-2026 10:55:06","26.56","4.11","13.95","On","12.986031,77.753263",
"12-Sep-2026 10:55:36","47.19","4.11","13.95","On","12.988651,77.754382",
"12-Sep-2026 10:55:50","51.65","4.11","13.95","On","12.990491,77.755386",
"12-Sep-2026 10:56:06","39.4","4.11","13.93","On","12.992029,77.756502",
"12-Sep-2026 10:56:36","24.57","4.11","13.93","On","12.993002,77.757242",
"12-Sep-2026 10:56:40","33.44","4.11","13.93","On","12.99327,77.757374",
"12-Sep-2026 10:57:06","2.84","4.11","13.95","On","12.994477,77.75769",
"12-Sep-2026 10:57:36","21.51","4.11","13.93","On","12.995254,77.757982",
"12-Sep-2026 10:58:05","33.38","4.11","13.93","On","12.996999,77.758383",
"12-Sep-2026 10:58:06","38.61","4.11","13.93","On","12.997357,77.758336",
"12-Sep-2026 10:58:36","43.68","4.11","13.93","On","12.999933,77.757823",
"12-Sep-2026 10:59:06","34.17","4.11","13.93","On","13.002827,77.757205",
"12-Sep-2026 10:59:20","0.44","4.11","13.93","On","13.003302,77.75709",
"12-Sep-2026 10:59:36","0.56","4.11","13.95","On","13.003323,77.757082",
"12-Sep-2026 11:00:06","0.43","4.11","13.95","On","13.004046,77.756957",
"12-Sep-2026 11:00:30","41.31","4.11","13.95","On","13.005364,77.756879",
"12-Sep-2026 11:00:36","37.69","4.11","13.95","On","13.005752,77.756932",
"12-Sep-2026 11:00:50","23.55","4.11","13.95","On","13.006798,77.757357",
"12-Sep-2026 11:01:06","9.16","4.11","13.95","On","13.007022,77.757486",
"12-Sep-2026 11:01:36","25","4.11","13.95","On","13.00828,77.758251",
"12-Sep-2026 11:02:06","34.37","4.11","13.93","On","13.010275,77.759334",
"12-Sep-2026 11:02:36","40.67","4.11","13.95","On","13.012569,77.760622",
"12-Sep-2026 11:03:06","14.15","4.11","13.95","On","13.014022,77.761325",
"12-Sep-2026 11:03:36","38.63","4.11","13.95","On","13.015769,77.761837",
"12-Sep-2026 11:03:50","34.86","4.11","13.95","On","13.017299,77.76208",
"12-Sep-2026 11:04:06","35.68","4.11","13.95","On","13.018757,77.762167",
"12-Sep-2026 11:04:10","24.15","4.11","13.95","On","13.019072,77.762154",
"12-Sep-2026 11:04:20","20.89","4.11","13.95","On","13.019434,77.762128",
"12-Sep-2026 11:04:25","31.12","4.11","13.95","On","13.019703,77.762125",
"12-Sep-2026 11:04:36","39.17","4.11","13.93","On","13.020786,77.762066",
"12-Sep-2026 11:05:06","28.05","4.11","13.95","On","13.023588,77.761803",
"12-Sep-2026 11:05:36","10.43","4.11","13.93","On","13.024099,77.761739",
"12-Sep-2026 11:05:55","7.7","4.11","13.93","On","13.024423,77.761727",
"12-Sep-2026 11:06:00","21.1","4.11","13.93","On","13.024306,77.761783",
"12-Sep-2026 11:06:06","11.75","4.11","13.91","On","13.024107,77.761926",
"12-Sep-2026 11:06:10","11.75","4.11","13.91","On","13.024107,77.761926",
"12-Sep-2026 11:06:36","9.19","4.11","13.91","On","13.0242,77.762817",
"12-Sep-2026 11:07:00","5.71","4.11","13.91","On","13.024202,77.763145",
"12-Sep-2026 11:07:06","6.67","4.11","13.88","On","13.024156,77.763215",
"12-Sep-2026 11:07:36","0.25","4.11","13.93","On","13.024064,77.76325",
"12-Sep-2026 11:08:06","0.42","4.11","13.95","On","13.024048,77.76325",
"12-Sep-2026 11:08:36","1.26","4.11","13.93","On","13.024014,77.76325",
"12-Sep-2026 11:09:06","6.61","4.11","13.93","On","13.023656,77.763197",
"12-Sep-2026 11:09:30","10.29","4.11","13.93","On","13.023524,77.763126",
"12-Sep-2026 11:09:39","0.82","4.11","13.91","On","13.023522,77.763084",
"12-Sep-2026 11:10:06","3.29","4.11","13.91","On","13.023464,77.762987",
"12-Sep-2026 11:13:06","3.16","4.11","13.5","Off","13.023379,77.763078",
"12-Sep-2026 11:15:06","2.42","4.11","13.42","Off","13.023492,77.762967",
"12-Sep-2026 11:16:06","0.47","4.11","13.4","Off","13.023511,77.762923",
"12-Sep-2026 11:16:24","0.47","4.11","13.38","Off","13.023511,77.762923",
"12-Sep-2026 11:29:11","0.47","4.11","13.3","Off","13.023511,77.762923",
"12-Sep-2026 11:29:36","0","4.11","13.69","On","13.024125,77.76303",
"12-Sep-2026 11:31:36","6.95","4.11","13.95","On","13.024038,77.762053",
"12-Sep-2026 11:32:06","4.52","4.11","13.91","On","13.023958,77.761938",
"12-Sep-2026 11:32:36","0.22","4.11","13.93","On","13.023935,77.761961",
"12-Sep-2026 11:33:06","3.6","4.11","13.91","On","13.023938,77.761952",
"12-Sep-2026 11:33:11","12.53","4.11","13.91","On","13.02379,77.76195",
"12-Sep-2026 11:33:31","5.2","4.11","13.91","On","13.023181,77.761936",
"12-Sep-2026 11:33:36","8.1","4.11","13.88","On","13.023173,77.761882",
"12-Sep-2026 11:33:41","12.41","4.11","13.88","On","13.0233,77.761856",
"12-Sep-2026 11:34:06","9.76","4.11","13.93","On","13.024125,77.761766",
"12-Sep-2026 11:34:36","29.42","4.11","13.88","On","13.025661,77.761397",
"12-Sep-2026 11:35:01","29.76","4.11","13.88","On","13.027348,77.760674",
"12-Sep-2026 11:35:06","31.32","4.11","13.93","On","13.027615,77.760529",
"12-Sep-2026 11:35:36","39.61","4.11","13.98","On","13.030306,77.759052",
"12-Sep-2026 11:35:51","30.7","4.11","13.98","On","13.031648,77.758622",
"12-Sep-2026 11:36:06","10.88","4.11","13.91","On","13.032122,77.7586",
"12-Sep-2026 11:36:06","10.88","4.11","13.91","On","13.032122,77.7586",
"12-Sep-2026 11:36:11","20.54","4.11","13.91","On","13.032109,77.758852",
"12-Sep-2026 11:36:36","19.55","4.11","13.98","On","13.031329,77.759987",
"12-Sep-2026 11:37:01","1.27","4.11","13.98","On","13.030918,77.76063",
"12-Sep-2026 11:37:06","0.46","4.11","13.95","On","13.030923,77.760632",
"12-Sep-2026 11:37:36","3.64","4.11","13.91","On","13.030951,77.760645",
"12-Sep-2026 11:37:51","16.39","4.11","13.91","On","13.030978,77.760436",
"12-Sep-2026 11:38:06","11.18","4.11","13.93","On","13.031205,77.760104",
"12-Sep-2026 11:38:11","7.63","4.11","13.93","On","13.031274,77.760038",
"12-Sep-2026 11:38:36","0.56","4.11","13.93","On","13.031479,77.760006",
"12-Sep-2026 11:39:06","3.04","4.11","13.95","On","13.031517,77.75997",
"12-Sep-2026 11:39:36","0.29","4.11","13.95","On","13.031557,77.759966",
"12-Sep-2026 11:40:06","0.46","4.11","13.95","On","13.031561,77.759975",
"12-Sep-2026 11:40:36","0.72","4.11","13.98","On","13.031514,77.759927",
"12-Sep-2026 11:41:06","0.32","4.11","13.95","On","13.031523,77.759922",
"12-Sep-2026 11:41:36","0.84","4.11","13.95","On","13.031527,77.75993",
"12-Sep-2026 11:42:06","0.46","4.11","13.98","On","13.031526,77.759935",
"12-Sep-2026 11:42:36","0.26","4.11","13.98","On","13.031546,77.759939",
"12-Sep-2026 11:43:06","0.73","4.11","13.98","On","13.031546,77.759938",
"12-Sep-2026 11:43:36","0.72","4.11","13.95","On","13.031553,77.759963",
"12-Sep-2026 11:44:06","0.32","4.11","13.95","On","13.031524,77.759918",
"12-Sep-2026 11:44:36","0.31","4.11","13.93","On","13.031497,77.759845",
"12-Sep-2026 11:45:06","1.56","4.11","13.91","On","13.031493,77.759856",
"12-Sep-2026 11:45:36","1.07","4.11","13.95","On","13.031512,77.759884",
"12-Sep-2026 11:46:06","0.92","4.11","13.98","On","13.031521,77.75989",
"12-Sep-2026 11:46:36","1.74","4.11","13.95","On","13.031515,77.759891",
"12-Sep-2026 11:47:06","0.35","4.11","13.95","On","13.031522,77.759935",
"12-Sep-2026 11:47:36","0.31","4.11","13.95","On","13.03152,77.759978",
"12-Sep-2026 11:48:06","0.73","4.11","13.93","On","13.031534,77.759984",
"12-Sep-2026 11:48:36","1.16","4.11","13.95","On","13.031536,77.759943",
"12-Sep-2026 11:49:06","0.88","4.11","13.93","On","13.031534,77.759932",
"12-Sep-2026 11:49:36","0.24","4.11","13.95","On","13.031558,77.759967",
"12-Sep-2026 11:50:06","0.53","4.11","13.95","On","13.031527,77.759943",
"12-Sep-2026 11:50:36","0.71","4.11","13.95","On","13.031533,77.759884",
"12-Sep-2026 11:51:06","0.35","4.11","13.95","On","13.031543,77.759895",
"12-Sep-2026 11:51:36","1.91","4.11","13.88","On","13.031516,77.759919",
"12-Sep-2026 11:52:06","1.82","4.11","13.86","On","13.031432,77.760035",
"12-Sep-2026 11:52:36","2.21","4.11","13.95","On","13.031367,77.759994",
"12-Sep-2026 11:53:06","0.9","4.11","13.88","On","13.031416,77.760056",
"12-Sep-2026 11:53:36","0.12","4.11","13.86","On","13.031392,77.760007",
"12-Sep-2026 11:54:06","0.53","4.11","13.88","On","13.031393,77.759995",
"12-Sep-2026 11:54:36","0.1","4.11","13.88","On","13.031404,77.759979",
"12-Sep-2026 11:55:06","1.03","4.11","13.91","On","13.031422,77.759951",
"12-Sep-2026 11:55:36","1.34","4.11","13.91","On","13.031407,77.760028",
"12-Sep-2026 11:55:51","11.39","4.11","13.91","On","13.03128,77.76002",
"12-Sep-2026 11:56:06","6.17","4.11","13.93","On","13.030967,77.760513",
"12-Sep-2026 11:56:16","3.04","4.11","13.93","On","13.030895,77.760672",
"12-Sep-2026 11:56:36","24.62","4.11","13.91","On","13.030659,77.761006",
"12-Sep-2026 11:56:51","11.06","4.11","13.91","On","13.03054,77.761337",
"12-Sep-2026 11:57:06","2.38","4.11","13.93","On","13.030971,77.761247",
"12-Sep-2026 11:57:36","0.84","4.11","13.93","On","13.030969,77.761225",
"12-Sep-2026 11:58:01","6.89","4.11","13.93","On","13.031788,77.761075",
"12-Sep-2026 11:58:06","8.8","4.11","13.91","On","13.031907,77.761105",
"12-Sep-2026 11:58:11","10.84","4.11","13.91","On","13.03198,77.761086",
"12-Sep-2026 11:58:16","0.84","4.11","13.91","On","13.032049,77.760971",
"12-Sep-2026 11:58:36","1.34","4.11","13.91","On","13.032095,77.760886",
"12-Sep-2026 11:59:06","0.47","4.11","13.93","On","13.032128,77.760875",
"12-Sep-2026 11:59:36","0.56","4.11","13.93","On","13.032115,77.760846",
"12-Sep-2026 12:00:06","0.88","4.11","13.95","On","13.032132,77.760819",
"12-Sep-2026 12:00:36","1.54","4.11","13.95","On","13.032132,77.760841",
"12-Sep-2026 12:01:06","0.5","4.11","13.93","On","13.032107,77.760845",
"12-Sep-2026 12:01:36","1.42","4.11","13.95","On","13.032094,77.760824",
"12-Sep-2026 12:02:06","0.27","4.11","13.98","On","13.032178,77.760849",
"12-Sep-2026 12:02:36","0.97","4.11","13.95","On","13.032202,77.760824",
"12-Sep-2026 12:03:06","0.99","4.11","13.95","On","13.032182,77.760796",
"12-Sep-2026 12:03:36","2.18","4.11","13.95","On","13.032188,77.760768",
"12-Sep-2026 12:04:06","0.34","4.11","13.98","On","13.032184,77.760784",
"12-Sep-2026 12:04:36","0.4","4.11","13.95","On","13.0322,77.760794",
"12-Sep-2026 12:05:06","1","4.11","13.95","On","13.032176,77.760788",
"12-Sep-2026 12:05:36","0.31","4.11","13.98","On","13.032176,77.760784",
"12-Sep-2026 12:06:06","2.06","4.11","13.95","On","13.032204,77.760809",
"12-Sep-2026 12:06:36","0.21","4.11","13.98","On","13.03219,77.760818",
"12-Sep-2026 12:07:06","0.39","4.11","13.95","On","13.03214,77.760791",
"12-Sep-2026 12:07:36","1.67","4.11","13.95","On","13.032163,77.76079",
"12-Sep-2026 12:08:06","1.73","4.11","13.98","On","13.032118,77.760794",
"12-Sep-2026 12:08:36","0.25","4.11","13.98","On","13.032157,77.760796",
"12-Sep-2026 12:09:06","1.39","4.11","13.95","On","13.032195,77.76082",
"12-Sep-2026 12:09:36","3.7","4.11","13.98","On","13.032229,77.760829",
"12-Sep-2026 12:10:06","0.54","4.11","13.95","On","13.032222,77.760805",
"12-Sep-2026 12:10:36","1.74","4.11","13.95","On","13.032273,77.76079",
"12-Sep-2026 12:11:06","0.91","4.11","13.95","On","13.032244,77.760771",
"12-Sep-2026 12:11:36","4.48","4.11","13.95","On","13.032229,77.760772",
"12-Sep-2026 12:12:06","1.77","4.11","13.95","On","13.032223,77.760781",
"12-Sep-2026 12:12:36","2","4.11","13.95","On","13.032198,77.76081",
"12-Sep-2026 12:13:06","7.83","4.11","13.93","On","13.032289,77.760774",
"12-Sep-2026 12:13:21","14.33","4.11","13.93","On","13.032525,77.760939",
"12-Sep-2026 12:13:36","4.81","4.11","13.95","On","13.032675,77.761496",
"12-Sep-2026 12:14:01","3.42","4.11","13.95","On","13.032619,77.762394",
"12-Sep-2026 12:14:06","12.82","4.11","13.98","On","13.032545,77.762446",
"12-Sep-2026 12:14:06","12.82","4.11","13.98","On","13.032545,77.762446",
"12-Sep-2026 12:14:21","0.84","4.11","13.98","On","13.032164,77.7625",
"12-Sep-2026 12:14:36","0.33","4.11","13.95","On","13.032146,77.762503",
"12-Sep-2026 12:15:06","8.5","4.11","13.95","On","13.032033,77.762586",
"12-Sep-2026 12:15:26","10.35","4.11","13.95","On","13.031712,77.762687",
"12-Sep-2026 12:15:31","5.11","4.11","13.95","On","13.031647,77.762688",
"12-Sep-2026 12:15:36","12.86","4.11","13.91","On","13.031557,77.762694",
"12-Sep-2026 12:15:51","10.45","4.11","13.91","On","13.031256,77.762612",
"12-Sep-2026 12:15:56","8.7","4.11","13.91","On","13.031255,77.762507",
"12-Sep-2026 12:16:06","8.68","4.11","13.93","On","13.031231,77.762288",
"12-Sep-2026 12:16:21","12.44","4.11","13.93","On","13.031176,77.761917",
"12-Sep-2026 12:16:36","5.04","4.11","13.95","On","13.031106,77.761464",
"12-Sep-2026 12:16:41","9.05","4.11","13.95","On","13.031079,77.76139",
"12-Sep-2026 12:16:46","13.67","4.11","13.95","On","13.030918,77.761336",
"12-Sep-2026 12:17:01","7.03","4.11","13.95","On","13.030459,77.761351",
"12-Sep-2026 12:17:06","25.54","4.11","13.91","On","13.030469,77.761178",
"12-Sep-2026 12:17:06","25.54","4.11","13.91","On","13.030469,77.761178",
"12-Sep-2026 12:17:26","0.72","4.11","13.91","On","13.031087,77.760318",
"12-Sep-2026 12:17:36","4.02","4.11","13.93","On","13.031096,77.760302",
"12-Sep-2026 12:17:41","11.01","4.11","13.93","On","13.031156,77.760223",
"12-Sep-2026 12:18:06","13","4.11","13.93","On","13.032082,77.758646",
"12-Sep-2026 12:18:06","13","4.11","13.93","On","13.032082,77.758646",
"12-Sep-2026 12:18:26","56.84","4.11","13.93","On","13.029963,77.75933",
"12-Sep-2026 12:18:36","47.17","4.11","13.93","On","13.029052,77.759823",
"12-Sep-2026 12:19:06","47.07","4.11","13.93","On","13.025831,77.761431",
"12-Sep-2026 12:19:21","42.2","4.11","13.93","On","13.024343,77.761804",
"12-Sep-2026 12:19:36","15.77","4.11","13.95","On","13.023307,77.761917",
"12-Sep-2026 12:20:06","2.7","4.11","13.93","On","13.020924,77.762147",
"12-Sep-2026 12:20:31","0.26","4.11","13.93","On","13.020542,77.762171",
"12-Sep-2026 12:20:36","0.16","4.11","13.95","On","13.020541,77.762167",
"12-Sep-2026 12:21:06","0.42","4.11","13.93","On","13.020545,77.762168",
"12-Sep-2026 12:21:11","19.57","4.11","13.93","On","13.02046,77.762165",
"12-Sep-2026 12:21:21","0.96","4.11","13.93","On","13.020416,77.762178",
"12-Sep-2026 12:21:36","0.3","4.11","13.95","On","13.020426,77.76217",
"12-Sep-2026 12:22:06","6.67","4.11","13.93","On","13.020245,77.762176",
"12-Sep-2026 12:22:11","10.7","4.11","13.93","On","13.020108,77.762191",
"12-Sep-2026 12:22:36","44.56","4.11","13.93","On","13.018744,77.762264",
"12-Sep-2026 12:23:06","35.88","4.11","13.93","On","13.016548,77.762113",
"12-Sep-2026 12:23:21","34.14","4.11","13.93","On","13.015157,77.761804",
"12-Sep-2026 12:23:36","7.12","4.11","13.93","On","13.014604,77.761692",
"12-Sep-2026 12:24:06","16.27","4.11","13.93","On","13.013875,77.76143",
"12-Sep-2026 12:24:36","6.38","4.11","13.91","On","13.013373,77.761157",
"12-Sep-2026 12:24:36","6.38","4.11","13.91","On","13.013373,77.761157",
"12-Sep-2026 12:25:06","25.59","4.11","13.95","On","13.012088,77.760462",
"12-Sep-2026 12:25:36","26.21","4.11","13.93","On","13.009675,77.759104",
"12-Sep-2026 12:26:06","0.92","4.11","13.91","On","13.008488,77.758523",
"12-Sep-2026 12:26:36","13.8","4.11","13.95","On","13.007914,77.758139",
"12-Sep-2026 12:27:06","1.26","4.11","13.95","On","13.007549,77.757915",
"12-Sep-2026 12:27:36","0.3","4.11","13.93","On","13.007154,77.757685",
"12-Sep-2026 12:28:06","0.14","4.11","13.95","On","13.007151,77.757689",
"12-Sep-2026 12:28:21","10.73","4.11","13.95","On","13.00697,77.757485",
"12-Sep-2026 12:28:31","5.63","4.11","13.95","On","13.007072,77.757342",
"12-Sep-2026 12:28:36","6.15","4.11","13.95","On","13.007161,77.757259",
"12-Sep-2026 12:29:06","7.1","4.11","13.95","On","13.007569,77.756922",
"12-Sep-2026 12:29:11","17.83","4.11","13.95","On","13.00763,77.756818",
"12-Sep-2026 12:29:16","2.59","4.11","13.95","On","13.007714,77.756609",
"12-Sep-2026 12:29:36","14.92","4.11","13.95","On","13.007913,77.756198",
"12-Sep-2026 12:29:36","14.92","4.11","13.95","On","13.007913,77.756198",
"12-Sep-2026 12:30:06","7.17","4.11","13.93","On","13.008392,77.755148",
"12-Sep-2026 12:30:36","15.57","4.11","13.95","On","13.008824,77.75409",
"12-Sep-2026 12:31:06","9.56","4.11","13.91","On","13.009111,77.753427",
"12-Sep-2026 12:31:11","8.69","4.11","13.91","On","13.009139,77.75332",
"12-Sep-2026 12:31:16","17.67","4.11","13.91","On","13.008993,77.753184",
"12-Sep-2026 12:31:31","4.26","4.11","13.91","On","13.008463,77.752873",
"12-Sep-2026 12:31:36","13.76","4.11","13.91","On","13.008349,77.752809",
"12-Sep-2026 12:31:36","13.76","4.11","13.91","On","13.008349,77.752809",
"12-Sep-2026 12:31:51","3.88","4.11","13.91","On","13.008187,77.752712",
"12-Sep-2026 12:32:06","12.08","4.11","13.95","On","13.007771,77.752579",
"12-Sep-2026 12:32:36","11.73","4.11","13.95","On","13.006471,77.752267",
"12-Sep-2026 12:32:56","13.54","4.11","13.95","On","13.005821,77.752007",
"12-Sep-2026 12:33:01","26.49","4.11","13.95","On","13.005906,77.751847",
"12-Sep-2026 12:33:06","30.83","4.11","13.91","On","13.00607,77.751585",
"12-Sep-2026 12:33:16","28.3","4.11","13.91","On","13.006405,77.750814",
"12-Sep-2026 12:33:26","33.99","4.11","13.91","On","13.0064,77.750229",
"12-Sep-2026 12:33:36","30.44","4.11","13.95","On","13.006116,77.749152",
"12-Sep-2026 12:33:36","30.44","4.11","13.95","On","13.006116,77.749152",
"12-Sep-2026 12:34:06","29.21","4.11","13.93","On","13.006724,77.746973",
"12-Sep-2026 12:34:36","25.89","4.11","13.95","On","13.007063,77.745324",
"12-Sep-2026 12:34:56","24.28","4.11","13.95","On","13.007098,77.744117",
"12-Sep-2026 12:35:06","32.33","4.11","13.95","On","13.007079,77.743673",
"12-Sep-2026 12:35:36","2.96","4.11","13.91","On","13.00712,77.74116",
"12-Sep-2026 12:35:41","4.37","4.11","13.91","On","13.007116,77.74112",
"12-Sep-2026 12:36:06","0.4","4.11","13.86","On","13.007086,77.7411",
"12-Sep-2026 12:36:16","20.81","4.11","13.86","On","13.006797,77.74116",
"12-Sep-2026 12:36:17","28.11","4.11","13.91","On","13.004535,77.739569",
"12-Sep-2026 12:36:27","19.37","4.11","13.91","On","13.004041,77.739517",
"12-Sep-2026 12:36:32","21","4.11","13.91","On","13.003849,77.739444",
"12-Sep-2026 12:36:36","19.43","4.11","13.91","On","13.005271,77.741199",
"12-Sep-2026 12:36:36","19.43","4.11","13.91","On","13.005271,77.741199",
"12-Sep-2026 12:36:41","10.15","4.11","13.91","On","13.005198,77.741056",
"12-Sep-2026 12:36:47","14.88","4.11","13.91","On","13.003197,77.739034",
"12-Sep-2026 12:36:52","25.67","4.11","13.91","On","13.002982,77.738995",
"12-Sep-2026 12:37:01","25.77","4.11","13.91","On","13.004817,77.739544",
"12-Sep-2026 12:37:17","24.31","4.11","13.93","On","13.001773,77.738891",
"12-Sep-2026 12:37:47","12.11","4.11","13.95","On","13.000588,77.738854",
"12-Sep-2026 12:37:57","16.86","4.11","13.95","On","13.000126,77.738746",
"12-Sep-2026 12:38:07","11.18","4.11","13.95","On","12.999973,77.738267",
"12-Sep-2026 12:38:12","6.78","4.11","13.95","On","12.999882,77.738254",
"12-Sep-2026 12:38:17","18.91","4.11","13.95","On","12.999763,77.738264",
"12-Sep-2026 12:38:47","6.06","4.11","13.93","On","12.998891,77.738219",
"12-Sep-2026 12:39:17","0.11","4.11","13.98","On","12.998618,77.738191",
"12-Sep-2026 12:39:47","0.08","4.11","13.98","On","12.998613,77.73819",
"12-Sep-2026 12:40:17","0.06","4.11","14","On","12.998607,77.738185",
"12-Sep-2026 12:40:47","6.41","4.11","13.98","On","12.998584,77.738178",
"12-Sep-2026 12:41:17","0.44","4.11","13.93","On","12.998433,77.738158",
"12-Sep-2026 12:41:27","10.58","4.11","13.93","On","12.998522,77.73819",
"12-Sep-2026 12:41:37","5.66","4.11","13.93","On","12.998869,77.738197",
"12-Sep-2026 12:41:42","19.79","4.11","13.93","On","12.999006,77.738202",
"12-Sep-2026 12:41:47","13.37","4.11","13.93","On","12.999151,77.738211",
"12-Sep-2026 12:41:47","13.37","4.11","13.93","On","12.999151,77.738211",
"12-Sep-2026 12:41:57","19.32","4.11","13.93","On","12.9996,77.738214",
"12-Sep-2026 12:42:12","11.54","4.11","13.93","On","13.000065,77.738407",
"12-Sep-2026 12:42:17","18.73","4.11","13.95","On","13.00009,77.738574",
"12-Sep-2026 12:42:27","8.94","4.11","13.95","On","13.00021,77.738795",
"12-Sep-2026 12:42:32","15.64","4.11","13.95","On","13.000623,77.738849",
"12-Sep-2026 12:42:37","31.59","4.11","13.95","On","13.000854,77.738857",
"12-Sep-2026 12:42:47","31.97","4.11","13.95","On","13.001324,77.738874",
"12-Sep-2026 12:43:02","3.04","4.11","13.95","On","13.002197,77.738886",
"12-Sep-2026 12:43:12","12.81","4.11","13.95","On","13.002448,77.73891",
"12-Sep-2026 12:43:17","8.85","4.11","13.91","On","13.002538,77.738918",
"12-Sep-2026 12:43:42","24.22","4.11","13.91","On","13.003506,77.739151",
"12-Sep-2026 12:44:34","28.01","4.11","13.93","On","13.003727,77.739309",
"12-Sep-2026 12:44:39","27.14","4.11","13.93","On","13.004205,77.739511",
"12-Sep-2026 12:44:44","12.99","4.11","13.93","On","13.004394,77.739543",
"12-Sep-2026 12:44:59","37.13","4.11","13.93","On","13.005083,77.739964",
"12-Sep-2026 12:45:04","42.62","4.11","13.93","On","13.005144,77.740395",
"12-Sep-2026 12:45:19","29.72","4.11","13.93","On","13.005518,77.741181",
"12-Sep-2026 12:45:29","33.46","4.11","13.93","On","13.006208,77.741166",
"12-Sep-2026 12:45:34","26.13","4.11","13.93","On","13.006528,77.741144",
"12-Sep-2026 12:45:44","7.65","4.11","13.93","On","13.007105,77.741131",
"12-Sep-2026 12:45:49","14.66","4.11","13.93","On","13.00717,77.741222",
"12-Sep-2026 12:46:04","39.28","4.11","13.91","On","13.007112,77.742946",
"12-Sep-2026 12:46:09","10.3","4.11","13.91","On","13.007092,77.743201",
"12-Sep-2026 12:46:14","12.29","4.11","13.91","On","13.007043,77.743269",
"12-Sep-2026 12:46:29","41.17","4.11","13.91","On","13.005687,77.743458",
"12-Sep-2026 12:46:34","41.61","4.11","13.91","On","13.00527,77.743421",
"12-Sep-2026 12:46:59","31.4","4.11","13.91","On","13.003572,77.742959",
"12-Sep-2026 12:47:04","38.99","4.11","13.91","On","13.003626,77.742578",
"12-Sep-2026 12:47:34","1","4.11","13.93","On","13.003719,77.74184",
"12-Sep-2026 12:48:04","0.38","4.11","13.95","On","13.003721,77.741798",
"12-Sep-2026 12:48:09","4.06","4.11","13.95","On","13.00372,77.741795",
"12-Sep-2026 12:48:14","18.43","4.11","13.95","On","13.003641,77.741755",
"12-Sep-2026 12:48:29","6.88","4.11","13.95","On","13.002681,77.741699",
"12-Sep-2026 12:48:34","24.44","4.11","13.93","On","13.002643,77.741562",
"12-Sep-2026 12:48:34","24.44","4.11","13.93","On","13.002643,77.741562",
"12-Sep-2026 12:48:54","9.98","4.11","13.93","On","13.002744,77.740319",
"12-Sep-2026 12:49:04","2.61","4.11","13.93","On","13.00303,77.740323",
"12-Sep-2026 12:49:34","6.64","4.11","13.88","On","13.003012,77.740308",
"12-Sep-2026 12:50:04","0.22","4.11","13.64","Off","13.003098,77.740318",
"12-Sep-2026 12:50:34","0.34","4.11","13.5","Off","13.003098,77.7403",
"12-Sep-2026 12:51:04","0.23","4.11","13.47","Off","13.003095,77.74031",
"12-Sep-2026 12:51:34","0.33","4.11","13.47","Off","13.003093,77.740301",
"12-Sep-2026 12:51:58","0.33","4.11","13.45","Off","13.003093,77.740301",
"12-Sep-2026 12:52:34","0.48","4.11","13.45","Off","13.003093,77.740303",
"12-Sep-2026 12:53:04","0.19","4.11","13.45","Off","13.003094,77.74031",
"12-Sep-2026 12:54:04","0.15","4.11","13.4","Off","13.003102,77.740284",
"12-Sep-2026 12:55:04","0.4","4.11","13.35","Off","13.003097,77.740297",
"12-Sep-2026 12:55:58","0.4","4.11","13.33","Off","13.003097,77.740297",
"12-Sep-2026 13:13:31","0.4","4.11","13.16","Off","13.003097,77.740297",
"12-Sep-2026 13:13:31","0.23","4.11","13.16","Off","13.003093,77.740296",
"12-Sep-2026 13:13:39","0.23","4.11","13.16","Off","13.003093,77.740296",
"12-Sep-2026 13:13:39","0.23","4.11","13.16","Off","13.003093,77.740296",
"12-Sep-2026 13:14:04","0.43","4.12","13.69","On","13.003063,77.740298",
"12-Sep-2026 13:14:34","0.36","4.11","13.93","On","13.003078,77.740311",
"12-Sep-2026 13:15:04","0.56","4.11","13.95","On","13.003077,77.740317",
"12-Sep-2026 13:15:34","4.91","4.11","13.93","On","13.003061,77.740346",
"12-Sep-2026 13:15:43","12.02","4.11","13.93","On","13.002906,77.740345",
"12-Sep-2026 13:15:53","8.15","4.11","13.93","On","13.002664,77.740431",
"12-Sep-2026 13:16:04","30.91","4.11","13.98","On","13.002629,77.741091",
"12-Sep-2026 13:16:23","24.71","4.11","13.98","On","13.002811,77.74167",
"12-Sep-2026 13:16:33","19.28","4.11","13.98","On","13.003593,77.741725",
"12-Sep-2026 13:16:34","19.28","4.11","13.93","On","13.003593,77.741725",
"12-Sep-2026 13:16:38","10.51","4.11","13.93","On","13.003728,77.741755",
"12-Sep-2026 13:16:43","9.62","4.11","13.93","On","13.003726,77.74183",
"12-Sep-2026 13:17:04","23.73","4.11","13.95","On","13.003698,77.743189",
"12-Sep-2026 13:17:08","38.49","4.11","13.95","On","13.004016,77.743232",
"12-Sep-2026 13:17:28","45.45","4.11","13.95","On","13.006058,77.743449",
"12-Sep-2026 13:17:34","44.19","4.11","13.95","On","13.006532,77.743347",
"12-Sep-2026 13:17:43","7.21","4.11","13.95","On","13.007,77.743245",
"12-Sep-2026 13:17:48","38.3","4.11","13.95","On","13.007009,77.742696",
"12-Sep-2026 13:18:04","36.39","4.11","13.93","On","13.007266,77.74107",
"12-Sep-2026 13:18:08","41.86","4.11","13.93","On","13.00765,77.740895",
"12-Sep-2026 13:18:23","13.78","4.11","13.93","On","13.008218,77.740616",
"12-Sep-2026 13:18:34","21.86","4.11","13.95","On","13.008249,77.740037",
"12-Sep-2026 13:19:04","15","4.11","13.95","On","13.008486,77.739035",
"12-Sep-2026 13:19:13","13.94","4.11","13.95","On","13.00849,77.738695",
"12-Sep-2026 13:19:34","26.04","4.11","13.95","On","13.008713,77.737576",
"12-Sep-2026 13:20:03","16.83","4.11","13.95","On","13.008923,77.736274",
"12-Sep-2026 13:20:04","26.97","4.11","13.95","On","13.008686,77.736275",
"12-Sep-2026 13:20:23","16.54","4.11","13.95","On","13.007533,77.736215",
"12-Sep-2026 13:20:28","17.63","4.11","13.95","On","13.007283,77.735917",
"12-Sep-2026 13:20:34","13.58","4.11","13.93","On","13.007174,77.73579",
"12-Sep-2026 13:20:43","14.81","4.11","13.93","On","13.006912,77.735667",
"12-Sep-2026 13:20:48","6.24","4.11","13.93","On","13.006702,77.735665",
"12-Sep-2026 13:21:03","22.33","4.11","13.93","On","13.006378,77.735471",
"12-Sep-2026 13:21:04","23.13","4.11","13.95","On","13.006241,77.735278",
"12-Sep-2026 13:21:33","20.12","4.11","13.95","On","13.005647,77.733838",
"12-Sep-2026 13:21:34","20.12","4.11","13.98","On","13.005647,77.733838",
"12-Sep-2026 13:22:04","36.83","4.11","13.98","On","13.005454,77.732103",
"12-Sep-2026 13:22:33","17.52","4.11","13.98","On","13.005358,77.730605",
"12-Sep-2026 13:22:34","17.52","4.11","13.95","On","13.005358,77.730605",
"12-Sep-2026 13:22:48","13.37","4.11","13.95","On","13.004879,77.730399",
"12-Sep-2026 13:22:53","5.44","4.11","13.95","On","13.004872,77.730301",
"12-Sep-2026 13:23:04","22.8","4.11","13.95","On","13.005076,77.72982",
"12-Sep-2026 13:23:18","21.49","4.11","13.95","On","13.005365,77.729241",
"12-Sep-2026 13:23:33","16.45","4.11","13.95","On","13.004763,77.728548",
"12-Sep-2026 13:23:34","16.45","4.11","13.93","On","13.004763,77.728548",
"12-Sep-2026 13:24:03","9.23","4.11","13.93","On","13.00415,77.72809",
"12-Sep-2026 13:24:04","9.76","4.11","13.95","On","13.004173,77.728012",
"12-Sep-2026 13:24:18","14.75","4.11","13.95","On","13.004131,77.727734",
"12-Sep-2026 13:24:33","9.35","4.11","13.95","On","13.003851,77.727375",
"12-Sep-2026 13:24:34","9.35","4.11","13.95","On","13.003851,77.727375",
"12-Sep-2026 13:24:48","12.21","4.11","13.95","On","13.003751,77.726923",
"12-Sep-2026 13:25:03","8.74","4.11","13.95","On","13.003696,77.726482",
"12-Sep-2026 13:25:04","4.58","4.11","13.98","On","13.003672,77.726439",
"12-Sep-2026 13:25:13","27.84","4.11","13.98","On","13.003633,77.725938",
"12-Sep-2026 13:25:34","26.3","4.11","13.95","On","13.003564,77.724463",
"12-Sep-2026 13:25:53","13.6","4.11","13.95","On","13.00344,77.723551",
"12-Sep-2026 13:26:04","20.51","4.11","13.93","On","13.002911,77.723441",
"12-Sep-2026 13:26:34","25.08","4.11","13.93","On","13.001268,77.723054",
"12-Sep-2026 13:27:04","16.54","4.11","13.93","On","12.999254,77.722242",
"12-Sep-2026 13:27:28","24.11","4.11","13.93","On","12.998256,77.721797",
"12-Sep-2026 13:27:34","27.14","4.11","13.95","On","12.997795,77.721445",
"12-Sep-2026 13:28:04","8.47","4.11","13.95","On","12.996649,77.720681",
"12-Sep-2026 13:28:33","17.56","4.11","13.95","On","12.996112,77.719898",
"12-Sep-2026 13:28:34","17.56","4.11","13.95","On","12.996112,77.719898",
"12-Sep-2026 13:29:04","9.98","4.11","13.98","On","12.996325,77.718859",
"12-Sep-2026 13:29:34","1.09","4.11","13.95","On","12.99641,77.718419",
"12-Sep-2026 13:30:04","0.22","4.11","13.95","On","12.996411,77.718399",
"12-Sep-2026 13:30:18","1.41","4.11","13.95","On","12.996408,77.718369",
"12-Sep-2026 13:30:34","1.6","4.11","13.95","On","12.996451,77.718262",
"12-Sep-2026 13:31:04","1.93","4.11","13.95","On","12.996523,77.718208",
"12-Sep-2026 13:31:33","14.81","4.11","13.95","On","12.996659,77.717728",
"12-Sep-2026 13:31:34","14.81","4.11","13.95","On","12.996659,77.717728",
"12-Sep-2026 13:31:48","27.51","4.11","13.95","On","12.99692,77.717325",
"12-Sep-2026 13:31:53","27.88","4.11","13.95","On","12.997498,77.717213",
"12-Sep-2026 13:32:03","28.91","4.11","13.95","On","12.998019,77.717237",
"12-Sep-2026 13:32:04","28.91","4.11","13.91","On","12.998019,77.717237",
"12-Sep-2026 13:32:08","25.67","4.11","13.91","On","12.998289,77.71727",
"12-Sep-2026 13:32:13","14.39","4.11","13.91","On","12.998739,77.717246",
"12-Sep-2026 13:32:23","2.66","4.11","13.91","On","12.998809,77.7172",
"12-Sep-2026 13:32:33","18.18","4.11","13.91","On","12.99882,77.717361",
"12-Sep-2026 13:32:34","18.18","4.11","13.88","On","12.99882,77.717361",
"12-Sep-2026 13:32:38","9.05","4.11","13.88","On","12.998685,77.717404",
"12-Sep-2026 13:32:58","31.96","4.11","13.88","On","12.997085,77.717402",
"12-Sep-2026 13:33:04","29.89","4.11","13.93","On","12.996793,77.71754",
"12-Sep-2026 13:33:18","29.5","4.11","13.93","On","12.995654,77.718037",
"12-Sep-2026 13:33:34","10.58","4.11","13.93","On","12.99495,77.71799",
"12-Sep-2026 13:33:43","3.5","4.11","13.93","On","12.994818,77.717954",
"12-Sep-2026 13:34:04","6.28","4.11","13.91","On","12.994297,77.717716",
"12-Sep-2026 13:34:34","1.08","4.11","13.91","On","12.994099,77.717665",
"12-Sep-2026 13:35:04","0.8","4.11","13.93","On","12.994087,77.717668",
"12-Sep-2026 13:35:34","0.75","4.11","13.93","On","12.994044,77.717659",
"12-Sep-2026 13:36:04","2.79","4.11","13.95","On","12.994055,77.717639",
"12-Sep-2026 13:36:34","7.35","4.11","13.95","On","12.993999,77.7176",
"12-Sep-2026 13:37:04","2.86","4.11","13.95","On","12.993579,77.717292",
"12-Sep-2026 13:37:34","10.5","4.11","13.93","On","12.993238,77.717017",
"12-Sep-2026 13:37:48","19.09","4.11","13.93","On","12.992896,77.716711",
"12-Sep-2026 13:38:04","17.32","4.11","13.93","On","12.992459,77.716301",
"12-Sep-2026 13:38:34","0.58","4.11","13.95","On","12.992324,77.716179",
"12-Sep-2026 13:38:38","1.68","4.11","13.95","On","12.992309,77.716173",
"12-Sep-2026 13:39:04","1.34","4.11","13.95","On","12.992323,77.716173",
"12-Sep-2026 13:39:34","0.58","4.11","13.95","On","12.992311,77.716154",
"12-Sep-2026 13:40:03","13.96","4.11","13.95","On","12.992181,77.715992",
"12-Sep-2026 13:40:04","13.96","4.11","13.95","On","12.992181,77.715992",
"12-Sep-2026 13:40:34","17.32","4.11","13.93","On","12.991172,77.714864",
"12-Sep-2026 13:40:58","14.76","4.11","13.93","On","12.990515,77.714053",
"12-Sep-2026 13:41:03","35.82","4.11","13.93","On","12.990889,77.714047",
"12-Sep-2026 13:41:04","35.82","4.11","13.91","On","12.990889,77.714047",
"12-Sep-2026 13:41:08","42.91","4.11","13.91","On","12.991294,77.714021",
"12-Sep-2026 13:41:13","30.47","4.11","13.91","On","12.991631,77.713876",
"12-Sep-2026 13:41:23","29.91","4.11","13.91","On","12.991997,77.713212",
"12-Sep-2026 13:41:34","35.46","4.11","13.93","On","12.992404,77.712059",
"12-Sep-2026 13:42:03","1","4.11","13.93","On","12.992766,77.709853",
"12-Sep-2026 13:42:04","1","4.11","13.93","On","12.992766,77.709853",
"12-Sep-2026 13:42:34","3.35","4.11","13.95","On","12.992774,77.709649",
"12-Sep-2026 13:43:04","9.79","4.11","13.93","On","12.992747,77.709326",
"12-Sep-2026 13:43:34","38.51","4.11","13.93","On","12.992869,77.70714",
"12-Sep-2026 13:44:03","29.94","4.11","13.93","On","12.993033,77.704941",
"12-Sep-2026 13:44:04","29.94","4.11","13.93","On","12.993033,77.704941",
"12-Sep-2026 13:44:18","14.33","4.11","13.93","On","12.993103,77.704245",
"12-Sep-2026 13:45:14","8.09","4.11","13.93","On","12.993332,77.702879",
"12-Sep-2026 13:45:34","5.27","4.11","13.91","On","12.993482,77.702786",
"12-Sep-2026 13:46:04","7.56","4.11","13.91","On","12.993689,77.702386",
"12-Sep-2026 13:46:14","12.98","4.11","13.91","On","12.993696,77.702256",
"12-Sep-2026 13:46:34","8.28","4.11","13.93","On","12.993723,77.702074",
"12-Sep-2026 13:47:04","4.19","4.11","13.93","On","12.993879,77.701537",
"12-Sep-2026 13:47:14","0.51","4.11","13.93","On","12.993898,77.701495",
"12-Sep-2026 13:47:34","8","4.11","13.93","On","12.993956,77.701212",
"12-Sep-2026 13:48:04","11.34","4.11","13.93","On","12.99406,77.700797",
"12-Sep-2026 13:48:04","11.34","4.11","13.93","On","12.99406,77.700797",
"12-Sep-2026 13:48:19","1.35","4.11","13.93","On","12.994078,77.70048",
"12-Sep-2026 13:48:34","9.77","4.11","13.91","On","12.994153,77.700188",
"12-Sep-2026 13:48:59","11.26","4.11","13.91","On","12.994332,77.699771",
"12-Sep-2026 13:49:04","10.1","4.11","13.95","On","12.994343,77.699651",
"12-Sep-2026 13:49:19","3.77","4.11","13.95","On","12.994404,77.699371",
"12-Sep-2026 13:49:34","7.46","4.11","13.91","On","12.994447,77.6992",
"12-Sep-2026 13:50:04","9.25","4.11","13.95","On","12.994535,77.69881",
"12-Sep-2026 13:50:09","16.24","4.11","13.95","On","12.99462,77.698695",
"12-Sep-2026 13:50:34","30.66","4.11","13.93","On","12.995036,77.697478",
"12-Sep-2026 13:50:34","30.66","4.11","13.93","On","12.995036,77.697478",
"12-Sep-2026 13:50:39","17.89","4.11","13.93","On","12.995084,77.697086",
"12-Sep-2026 13:50:54","10.57","4.11","13.93","On","12.995068,77.696925",
"12-Sep-2026 13:51:04","6.61","4.11","13.91","On","12.995079,77.696671",
"12-Sep-2026 13:51:09","6.08","4.11","13.91","On","12.995104,77.696584",
"12-Sep-2026 13:51:34","28.8","4.11","13.93","On","12.995348,77.695577",
"12-Sep-2026 13:52:04","9.68","4.11","13.93","On","12.996085,77.693703",
"12-Sep-2026 13:52:34","27.48","4.11","13.95","On","12.996848,77.691532",
"12-Sep-2026 13:52:42","16.44","4.11","13.95","On","12.997012,77.691042",
"12-Sep-2026 13:52:47","9.54","4.11","13.95","On","12.997044,77.690757",
"12-Sep-2026 13:52:57","21.47","4.11","13.95","On","12.996858,77.69065",
"12-Sep-2026 13:53:04","36.11","4.11","13.93","On","12.996313,77.690369",
"12-Sep-2026 13:53:34","16.75","4.11","13.95","On","12.99432,77.689468",
"12-Sep-2026 13:53:37","2.32","4.11","13.95","On","12.994246,77.689422",
"12-Sep-2026 13:53:52","14.28","4.11","13.95","On","12.993809,77.689217",
"12-Sep-2026 13:54:04","29.36","4.11","13.88","On","12.993105,77.689026",
"12-Sep-2026 13:54:32","9.98","4.11","13.88","On","12.992229,77.688592",
"12-Sep-2026 13:54:34","9.98","4.11","13.93","On","12.992229,77.688592",
"12-Sep-2026 13:54:57","17.33","4.11","13.93","On","12.991462,77.687845",
"12-Sep-2026 13:55:02","10.22","4.11","13.93","On","12.991378,77.687706",
"12-Sep-2026 13:55:04","13.55","4.11","13.95","On","12.991309,77.687639",
"12-Sep-2026 13:55:17","5.93","4.11","13.95","On","12.991091,77.687448",
"12-Sep-2026 13:55:22","11.03","4.11","13.95","On","12.991011,77.687374",
"12-Sep-2026 13:55:32","15.78","4.11","13.95","On","12.990574,77.687113",
"12-Sep-2026 13:55:34","15.78","4.11","13.91","On","12.990574,77.687113",
"12-Sep-2026 13:55:47","4.5","4.11","13.91","On","12.990132,77.686989",
"12-Sep-2026 13:56:04","11.2","4.11","13.93","On","12.989732,77.68705",
"12-Sep-2026 13:56:34","2.69","4.11","13.88","On","12.989279,77.687107",
"12-Sep-2026 13:57:04","2.12","4.11","13.93","On","12.989245,77.687064",
"12-Sep-2026 13:57:34","1.58","4.11","13.93","On","12.989136,77.687071",
"12-Sep-2026 13:58:04","1.33","4.11","13.93","On","12.989068,77.687051",
"12-Sep-2026 13:58:34","2.12","4.11","13.95","On","12.989067,77.687061",
"12-Sep-2026 13:59:04","4.31","4.11","13.93","On","12.988959,77.687008",
"12-Sep-2026 13:59:07","13.22","4.11","13.93","On","12.98899,77.686901",
"12-Sep-2026 13:59:12","4.38","4.11","13.93","On","12.989026,77.686805",
"12-Sep-2026 13:59:22","11.07","4.11","13.93","On","12.988732,77.686672",
"12-Sep-2026 13:59:27","15.21","4.11","13.93","On","12.988604,77.686548",
"12-Sep-2026 13:59:32","4.38","4.11","13.93","On","12.988522,77.686478",
"12-Sep-2026 13:59:34","15.52","4.11","13.95","On","12.988521,77.686402",
"12-Sep-2026 13:59:37","12.12","4.11","13.95","On","12.988451,77.686179",
"12-Sep-2026 13:59:42","11.93","4.11","13.95","On","12.988399,77.686045",
"12-Sep-2026 13:59:52","8.47","4.11","13.95","On","12.988412,77.685808",
"12-Sep-2026 13:59:57","18.53","4.11","13.95","On","12.988485,77.685609",
"12-Sep-2026 14:00:04","10.59","4.11","13.93","On","12.9885,77.6854",
"12-Sep-2026 14:00:07","12.76","4.11","13.93","On","12.988478,77.685288",
"12-Sep-2026 14:00:12","12.76","4.11","13.93","On","12.988392,77.685259",
"12-Sep-2026 14:00:22","19.51","4.11","13.93","On","12.98791,77.6852",
"12-Sep-2026 14:00:32","10.71","4.11","13.93","On","12.987499,77.685124",
"12-Sep-2026 14:00:34","22.39","4.11","13.91","On","12.987485,77.685282",
"12-Sep-2026 14:00:37","30.96","4.11","13.91","On","12.987495,77.685563",
"12-Sep-2026 14:01:04","26.33","4.11","13.93","On","12.987751,77.687808",
"12-Sep-2026 14:01:27","10.87","4.11","13.93","On","12.987791,77.688843",
"12-Sep-2026 14:01:34","24.49","4.11","13.93","On","12.987476,77.68884",
"12-Sep-2026 14:01:37","12.85","4.11","13.93","On","12.987309,77.688784",
"12-Sep-2026 14:01:52","6.63","4.11","13.93","On","12.98689,77.688586",
"12-Sep-2026 14:01:57","20.12","4.11","13.93","On","12.986904,77.688402",
"12-Sep-2026 14:02:04","24.78","4.11","13.93","On","12.98695,77.688176",
"12-Sep-2026 14:02:07","9.39","4.11","13.93","On","12.986989,77.688019",
"12-Sep-2026 14:02:34","1.54","4.11","13.93","On","12.987032,77.688025",
"12-Sep-2026 14:03:04","1.88","4.11","13.93","On","12.98698,77.687909",
"12-Sep-2026 14:03:34","2.98","4.11","13.95","On","12.986796,77.687805",
"12-Sep-2026 14:04:04","2.11","4.11","13.88","On","12.986829,77.687803",
"12-Sep-2026 14:04:34","1.28","4.11","13.88","On","12.986967,77.687844",
"12-Sep-2026 14:05:04","1.85","4.11","13.93","On","12.986944,77.688014",
"12-Sep-2026 14:05:34","0.69","4.11","13.57","Off","12.986959,77.688079",
"12-Sep-2026 14:06:04","0.18","4.11","13.47","Off","12.986986,77.68811",
"12-Sep-2026 14:06:34","0.77","4.11","13.42","Off","12.986965,77.688118",
"12-Sep-2026 14:06:50","0.77","4.11","13.42","Off","12.986965,77.688118",
"12-Sep-2026 14:07:10","0.77","4.11","13.42","Off","12.986965,77.688118",
"12-Sep-2026 14:07:10","0.89","4.11","13.42","Off","12.986945,77.688106",
"12-Sep-2026 14:07:34","0.73","4.11","13.4","Off","12.986938,77.688121",
"12-Sep-2026 14:08:04","1.56","4.11","13.4","Off","12.986944,77.688141",
"12-Sep-2026 14:08:10","1.56","4.11","13.4","Off","12.986944,77.688141",
"12-Sep-2026 14:09:04","0.44","4.11","13.38","Off","12.986946,77.688154",
"12-Sep-2026 14:10:04","0.71","4.11","13.33","Off","12.986988,77.688148",
"12-Sep-2026 14:11:04","0.72","4.11","13.33","Off","12.987013,77.688181",
"12-Sep-2026 14:12:04","0.5","4.11","13.28","Off","12.987005,77.688181",
"12-Sep-2026 14:12:10","0.5","4.11","13.28","Off","12.987005,77.688181",
"12-Sep-2026 14:31:22","0.5","4.11","13.13","Off","12.987005,77.688181",
"12-Sep-2026 14:31:22","0.55","4.11","13.13","Off","12.986998,77.68818",
"12-Sep-2026 14:31:26","0.55","4.11","13.11","Off","12.986998,77.68818",
"12-Sep-2026 14:31:34","0.55","4.11","13.13","Off","12.986998,77.68818",
"12-Sep-2026 14:32:04","0","4.11","13.04","Off","12.986839,77.688598",
"12-Sep-2026 14:32:26","0","4.11","13.01","Off","12.986839,77.688598",
"12-Sep-2026 14:33:04","0.53","4.11","13.01","Off","12.98711,77.688181",
"12-Sep-2026 14:33:41","0.53","4.11","12.99","On","12.98711,77.688181",
"12-Sep-2026 14:33:41","0.49","4.11","12.99","On","12.987092,77.688155",
"12-Sep-2026 14:34:04","0.66","4.11","13.64","On","12.987117,77.68815",
"12-Sep-2026 14:34:34","0.23","4.11","13.91","On","12.98711,77.688144",
"12-Sep-2026 14:35:04","0.07","4.11","13.95","On","12.987151,77.688183",
"12-Sep-2026 14:35:34","0.36","4.11","13.98","On","12.987113,77.688193",
"12-Sep-2026 14:36:04","0.7","4.11","13.98","On","12.987111,77.688194",
"12-Sep-2026 14:36:34","0.31","4.11","13.98","On","12.987092,77.688182",
"12-Sep-2026 14:37:04","4.79","4.11","14","On","12.987074,77.688165",
"12-Sep-2026 14:37:21","13.05","4.11","14","On","12.987042,77.688243",
"12-Sep-2026 14:37:26","20.15","4.11","14","On","12.986998,77.688393",
"12-Sep-2026 14:37:34","12.52","4.11","13.95","On","12.986924,77.68873",
"12-Sep-2026 14:37:41","13.69","4.11","13.95","On","12.986942,77.688858",
"12-Sep-2026 14:37:46","20.31","4.11","13.95","On","12.987119,77.68883",
"12-Sep-2026 14:37:56","7.56","4.11","13.95","On","12.987734,77.688818",
"12-Sep-2026 14:38:01","10.88","4.11","13.95","On","12.987813,77.688834",
"12-Sep-2026 14:38:04","30.95","4.11","13.95","On","12.987898,77.689045",
"12-Sep-2026 14:38:06","30.95","4.11","13.95","On","12.987898,77.689045",
"12-Sep-2026 14:38:11","13.28","4.11","13.95","On","12.988015,77.68933",
"12-Sep-2026 14:38:34","19.68","4.11","13.93","On","12.989358,77.688584",
"12-Sep-2026 14:39:04","15.5","4.11","13.95","On","12.989685,77.688272",
"12-Sep-2026 14:39:06","15.5","4.11","13.95","On","12.989685,77.688272",
"12-Sep-2026 14:39:34","9.72","4.11","13.93","On","12.990909,77.68739",
"12-Sep-2026 14:39:36","15.36","4.11","13.93","On","12.991007,77.687404",
"12-Sep-2026 14:39:46","10.36","4.11","13.93","On","12.991195,77.687512",
"12-Sep-2026 14:39:51","24.65","4.11","13.93","On","12.99091,77.68784",
"12-Sep-2026 14:40:04","30.52","4.11","13.91","On","12.990305,77.688335",
"12-Sep-2026 14:40:34","22.3","4.11","13.93","On","12.98825,77.689517",
"12-Sep-2026 14:41:04","36.08","4.11","13.93","On","12.986526,77.690484",
"12-Sep-2026 14:41:34","39.34","4.11","13.93","On","12.984488,77.691819",
"12-Sep-2026 14:42:04","43.99","4.11","13.93","On","12.981912,77.693448",
"12-Sep-2026 14:42:34","47.51","4.11","13.95","On","12.979332,77.695005",
"12-Sep-2026 14:43:04","42.4","4.11","13.93","On","12.976135,77.696934",
"12-Sep-2026 14:43:34","38.77","4.11","13.91","On","12.973962,77.69823",
"12-Sep-2026 14:44:04","38.26","4.11","13.91","On","12.970358,77.70035",
"12-Sep-2026 14:44:34","31.09","4.11","13.95","On","12.968602,77.701473",
"12-Sep-2026 14:44:56","40.91","4.11","13.95","On","12.966608,77.702306",
"12-Sep-2026 14:45:04","43.3","4.11","13.93","On","12.965732,77.702264",
"12-Sep-2026 14:45:34","50.23","4.11","13.93","On","12.962801,77.701881",
"12-Sep-2026 14:46:01","21.85","4.11","13.93","On","12.96054,77.701502",
"12-Sep-2026 14:46:04","17.25","4.11","13.93","On","12.960375,77.701474",
"12-Sep-2026 14:46:16","5.62","4.11","13.93","On","12.959912,77.701481",
"12-Sep-2026 14:46:26","15.28","4.11","13.93","On","12.959753,77.701562",
"12-Sep-2026 14:46:31","17.01","4.11","13.93","On","12.95961,77.701684",
"12-Sep-2026 14:46:34","16.98","4.11","13.91","On","12.959488,77.701751",
"12-Sep-2026 14:46:41","10.92","4.11","13.91","On","12.95926,77.701719",
"12-Sep-2026 14:46:56","15.29","4.11","13.91","On","12.95854,77.701529",
"12-Sep-2026 14:47:04","23.3","4.11","13.93","On","12.958161,77.701543",
"12-Sep-2026 14:47:31","13.17","4.11","13.93","On","12.957,77.701614",
"12-Sep-2026 14:47:34","21.67","4.11","13.91","On","12.95697,77.701826",
"12-Sep-2026 14:48:04","60.29","4.11","13.91","On","12.95667,77.705422",
"12-Sep-2026 14:48:34","25.97","4.11","13.95","On","12.956313,77.709448",
"12-Sep-2026 14:49:04","28.59","4.11","13.93","On","12.956179,77.711347",
"12-Sep-2026 14:49:34","18.39","4.11","13.93","On","12.95607,77.712963",
"12-Sep-2026 14:50:04","15.77","4.11","13.95","On","12.956013,77.714485",
"12-Sep-2026 14:50:11","13.37","4.11","13.95","On","12.955987,77.714625",
"12-Sep-2026 14:50:16","21.75","4.11","13.95","On","12.955797,77.714521",
"12-Sep-2026 14:50:34","22.21","4.11","13.91","On","12.955926,77.713225",
"12-Sep-2026 14:51:04","3.42","4.11","13.91","On","12.956014,77.711452",
"12-Sep-2026 14:51:06","3.42","4.11","13.91","On","12.956014,77.711452",
"12-Sep-2026 14:51:11","11.15","4.11","13.91","On","12.955946,77.711461",
"12-Sep-2026 14:51:16","10.47","4.11","13.91","On","12.955737,77.711541",
"12-Sep-2026 14:51:21","11.99","4.11","13.91","On","12.95562,77.711522",
"12-Sep-2026 14:51:34","19.75","4.11","13.93","On","12.95494,77.711456",
"12-Sep-2026 14:52:04","18.17","4.11","13.98","On","12.952915,77.711808",
"12-Sep-2026 14:52:16","3.13","4.11","13.98","On","12.952582,77.711823",
"12-Sep-2026 14:52:26","23.06","4.11","13.98","On","12.952551,77.711615",
"12-Sep-2026 14:52:34","6.78","4.11","13.95","On","12.952457,77.711364",
"12-Sep-2026 14:52:36","22.34","4.11","13.95","On","12.952306,77.711404",
"12-Sep-2026 14:52:46","25.1","4.11","13.95","On","12.951764,77.711522",
"12-Sep-2026 14:52:51","11.11","4.11","13.95","On","12.95159,77.711567",
"12-Sep-2026 14:53:01","10.24","4.11","13.95","On","12.950897,77.711834",
"12-Sep-2026 14:53:04","19.42","4.11","13.95","On","12.950829,77.71187",
"12-Sep-2026 14:53:06","19.42","4.11","13.95","On","12.950829,77.71187",
"12-Sep-2026 14:53:21","19.99","4.11","13.95","On","12.950395,77.712436",
"12-Sep-2026 14:53:31","18.95","4.11","13.95","On","12.950208,77.712589",
"12-Sep-2026 14:53:34","6.6","4.11","13.93","On","12.950113,77.712582",
"12-Sep-2026 14:53:36","6.6","4.11","13.93","On","12.950113,77.712582",
"12-Sep-2026 14:53:51","15.35","4.11","13.93","On","12.949901,77.712741",
"12-Sep-2026 14:54:04","20.64","4.11","13.93","On","12.94978,77.713208",
"12-Sep-2026 14:54:34","3.29","4.11","13.93","On","12.949557,77.714284",
"12-Sep-2026 14:54:41","7.13","4.11","13.93","On","12.949493,77.714497",
"12-Sep-2026 14:55:04","5.28","4.11","13.93","On","12.949113,77.715168",
"12-Sep-2026 14:55:26","12.05","4.11","13.93","On","12.948851,77.715704",
"12-Sep-2026 14:55:34","7.77","4.11","13.91","On","12.948603,77.715625",
"12-Sep-2026 14:55:41","15.87","4.11","13.91","On","12.948494,77.715874",
"12-Sep-2026 14:56:04","12.88","4.11","13.95","On","12.948266,77.716706",
"12-Sep-2026 14:56:11","11.92","4.11","13.95","On","12.948275,77.716852",
"12-Sep-2026 14:56:21","4.23","4.11","13.95","On","12.948276,77.717124",
"12-Sep-2026 14:56:31","13.33","4.11","13.95","On","12.948178,77.717142",
"12-Sep-2026 14:56:34","1.94","4.11","13.93","On","12.948084,77.717167",
"12-Sep-2026 14:56:36","1.94","4.11","13.93","On","12.948084,77.717167",
"12-Sep-2026 14:57:04","1.82","4.11","13.95","On","12.947906,77.717182",
"12-Sep-2026 14:57:34","0.16","4.11","13.98","On","12.947919,77.717171",
"12-Sep-2026 14:58:04","0.51","4.11","13.95","On","12.947917,77.717134",
"12-Sep-2026 14:58:34","2.41","4.11","13.98","On","12.947931,77.717158",
"12-Sep-2026 14:59:04","0.05","4.11","13.98","On","12.947958,77.717169",
"12-Sep-2026 14:59:34","0.2","4.11","13.98","On","12.947935,77.71718",
"12-Sep-2026 15:00:04","2.43","4.11","13.93","On","12.947924,77.717174",
"12-Sep-2026 15:00:34","2.02","4.11","13.98","On","12.947939,77.71715",
"12-Sep-2026 15:01:04","3.47","4.11","13.98","On","12.947944,77.717201",
"12-Sep-2026 15:01:34","1.25","4.11","13.98","On","12.947946,77.717182",
"12-Sep-2026 15:02:04","0.31","4.11","13.95","On","12.947955,77.717222",
"12-Sep-2026 15:02:34","0.53","4.11","13.95","On","12.947956,77.717226",
"12-Sep-2026 15:03:04","5.6","4.11","13.95","On","12.94795,77.717175",
"12-Sep-2026 15:03:34","3.09","4.11","13.95","On","12.947948,77.717156",
"12-Sep-2026 15:04:04","0.2","4.11","13.98","On","12.947943,77.71719",
"12-Sep-2026 15:04:34","1.05","4.11","13.98","On","12.947916,77.717169",
"12-Sep-2026 15:05:04","0.82","4.11","13.95","On","12.947916,77.71715",
"12-Sep-2026 15:05:34","0.5","4.11","13.95","On","12.947926,77.717114",
"12-Sep-2026 15:06:04","0.22","4.11","13.95","On","12.947919,77.717129",
"12-Sep-2026 15:06:34","0.44","4.11","13.95","On","12.947934,77.717126",
"12-Sep-2026 15:07:04","0.25","4.11","13.98","On","12.947943,77.717132",
"12-Sep-2026 15:07:34","0.74","4.11","13.95","On","12.947954,77.717153",
"12-Sep-2026 15:08:04","0.64","4.11","13.98","On","12.947945,77.71716",
"12-Sep-2026 15:08:34","0.35","4.11","13.93","On","12.947934,77.717157",
"12-Sep-2026 15:09:04","0.14","4.11","13.98","On","12.947919,77.717175",
"12-Sep-2026 15:09:34","0.19","4.11","13.95","On","12.947922,77.717176",
"12-Sep-2026 15:10:04","0.77","4.11","13.98","On","12.947914,77.717173",
"12-Sep-2026 15:10:34","1.88","4.11","13.95","On","12.947922,77.717172",
"12-Sep-2026 15:11:04","0.39","4.11","13.95","On","12.947907,77.717187",
"12-Sep-2026 15:11:34","1.42","4.11","13.95","On","12.947917,77.71717",
"12-Sep-2026 15:12:04","0.2","4.11","13.98","On","12.947923,77.717151",
"12-Sep-2026 15:12:34","0.39","4.11","13.93","On","12.947918,77.717153",
"12-Sep-2026 15:13:04","0.94","4.11","13.95","On","12.947922,77.717184",
"12-Sep-2026 15:13:34","0.83","4.11","13.95","On","12.94792,77.717163",
"12-Sep-2026 15:14:04","0.2","4.11","13.98","On","12.947915,77.71719",
"12-Sep-2026 15:14:34","0.91","4.11","13.98","On","12.947925,77.717226",
"12-Sep-2026 15:15:04","0.41","4.11","13.98","On","12.947927,77.717259",
"12-Sep-2026 15:15:34","11.97","4.11","13.95","On","12.947876,77.717251",
"12-Sep-2026 15:15:36","11.97","4.11","13.95","On","12.947876,77.717251",
"12-Sep-2026 15:15:51","3.27","4.11","13.95","On","12.94756,77.717205",
"12-Sep-2026 15:16:04","6.37","4.11","13.93","On","12.947628,77.717138",
"12-Sep-2026 15:16:11","13.32","4.11","13.93","On","12.947909,77.717147",
"12-Sep-2026 15:16:21","13.46","4.11","13.93","On","12.94817,77.717177",
"12-Sep-2026 15:16:26","7.35","4.11","13.93","On","12.948288,77.71716",
"12-Sep-2026 15:16:31","10.11","4.11","13.93","On","12.948322,77.717027",
"12-Sep-2026 15:16:34","10.11","4.11","13.95","On","12.948322,77.717027",
"12-Sep-2026 15:16:36","11.68","4.11","13.95","On","12.948332,77.716941",
"12-Sep-2026 15:16:41","6.19","4.11","13.95","On","12.948347,77.716844",
"12-Sep-2026 15:17:01","10.92","4.11","13.95","On","12.948364,77.716587",
"12-Sep-2026 15:17:04","10.42","4.11","13.95","On","12.948353,77.716426",
"12-Sep-2026 15:17:31","2.42","4.11","13.95","On","12.948535,77.715747",
"12-Sep-2026 15:17:34","2.42","4.11","13.93","On","12.948535,77.715747",
"12-Sep-2026 15:17:36","15.49","4.11","13.93","On","12.948651,77.715775",
"12-Sep-2026 15:17:51","1.33","4.11","13.93","On","12.94894,77.715691",
"12-Sep-2026 15:18:01","12.72","4.11","13.93","On","12.948998,77.715556",
"12-Sep-2026 15:18:04","10.24","4.11","13.93","On","12.949056,77.715412",
"12-Sep-2026 15:18:16","1.8","4.11","13.93","On","12.94911,77.715117",
"12-Sep-2026 15:18:34","1.7","4.11","13.88","On","12.949141,77.715067",
"12-Sep-2026 15:18:46","16.55","4.11","13.88","On","12.949095,77.715197",
"12-Sep-2026 15:18:56","8.82","4.11","13.88","On","12.948868,77.71548",
"12-Sep-2026 15:19:04","7.82","4.11","13.93","On","12.948945,77.715611",
"12-Sep-2026 15:19:11","25.64","4.11","13.93","On","12.949419,77.715602",
"12-Sep-2026 15:19:21","11.98","4.11","13.93","On","12.949777,77.715565",
"12-Sep-2026 15:19:26","19.39","4.11","13.93","On","12.94994,77.71553",
"12-Sep-2026 15:19:34","33.42","4.11","13.93","On","12.950459,77.715471",
"12-Sep-2026 15:20:01","16.78","4.11","13.93","On","12.951637,77.715304",
"12-Sep-2026 15:20:04","10.11","4.11","13.91","On","12.951906,77.715317",
"12-Sep-2026 15:20:11","19.86","4.11","13.91","On","12.952283,77.715282",
"12-Sep-2026 15:20:26","18.86","4.11","13.91","On","12.952928,77.715215",
"12-Sep-2026 15:20:31","7.55","4.11","13.91","On","12.953214,77.715213",
"12-Sep-2026 15:20:34","7.55","4.11","13.93","On","12.953214,77.715213",
"12-Sep-2026 15:20:36","18.01","4.11","13.93","On","12.953375,77.715154",
"12-Sep-2026 15:21:04","10.13","4.11","13.93","On","12.954324,77.714973",
"12-Sep-2026 15:21:06","10.13","4.11","13.93","On","12.954324,77.714973",
"12-Sep-2026 15:21:11","18.85","4.11","13.93","On","12.954672,77.714819",
"12-Sep-2026 15:21:16","12.1","4.11","13.93","On","12.954852,77.71481",
"12-Sep-2026 15:21:21","3.91","4.11","13.93","On","12.954962,77.714811",
"12-Sep-2026 15:21:34","2.29","4.11","13.95","On","12.954985,77.714846",
"12-Sep-2026 15:22:04","1.99","4.11","13.93","On","12.955185,77.71484",
"12-Sep-2026 15:22:34","7.02","4.11","13.95","On","12.955417,77.714769",
"12-Sep-2026 15:22:36","10.93","4.11","13.95","On","12.955527,77.714773",
"12-Sep-2026 15:23:04","1.52","4.11","13.93","On","12.95566,77.714705",
"12-Sep-2026 15:23:11","2.1","4.11","13.93","On","12.955673,77.714693",
"12-Sep-2026 15:23:34","0.92","4.11","13.91","On","12.955746,77.714727",
"12-Sep-2026 15:24:04","15.49","4.11","13.88","On","12.95577,77.714551",
"12-Sep-2026 15:24:06","15.49","4.11","13.88","On","12.95577,77.714551",
"12-Sep-2026 15:24:34","32.41","4.11","13.93","On","12.955949,77.712656",
"12-Sep-2026 15:25:04","42.61","4.11","13.95","On","12.956286,77.709198",
"12-Sep-2026 15:25:34","39.54","4.11","13.93","On","12.956501,77.705873",
"12-Sep-2026 15:26:04","0.5","4.11","13.93","On","12.956561,77.705225",
"12-Sep-2026 15:26:21","2.04","4.11","13.93","On","12.956559,77.705162",
"12-Sep-2026 15:26:34","0.49","4.11","13.93","On","12.956562,77.705155",
"12-Sep-2026 15:27:04","10.87","4.11","13.93","On","12.956611,77.704541",
"12-Sep-2026 15:27:34","12.57","4.11","13.93","On","12.956664,77.703801",
"12-Sep-2026 15:27:51","12.99","4.11","13.93","On","12.956703,77.703428",
"12-Sep-2026 15:28:04","3.28","4.11","13.91","On","12.956746,77.70292",
"12-Sep-2026 15:28:34","6.58","4.11","13.93","On","12.956782,77.702351",
"12-Sep-2026 15:29:04","0.36","4.11","13.93","On","12.956812,77.702161",
"12-Sep-2026 15:29:34","9.91","4.11","13.93","On","12.95681,77.70192",
"12-Sep-2026 15:29:56","27.88","4.11","13.93","On","12.956582,77.701344",
"12-Sep-2026 15:30:04","42.39","4.11","13.91","On","12.955844,77.701069",
"12-Sep-2026 15:30:34","41.44","4.11","13.93","On","12.953023,77.700311",
"12-Sep-2026 15:31:04","36.1","4.11","13.93","On","12.950225,77.69965",
"12-Sep-2026 15:31:34","35.36","4.11","13.93","On","12.947553,77.699123",
"12-Sep-2026 15:32:04","11.96","4.11","13.93","On","12.945947,77.698522",
"12-Sep-2026 15:32:26","13.56","4.11","13.93","On","12.945325,77.69829",
"12-Sep-2026 15:32:34","50.22","4.11","13.93","On","12.94423,77.697925",
"12-Sep-2026 15:33:04","46.53","4.11","13.95","On","12.941312,77.69651",
"12-Sep-2026 15:33:21","42.56","4.11","13.95","On","12.939158,77.695389",
"12-Sep-2026 15:33:26","29.97","4.11","13.95","On","12.938911,77.695202",
"12-Sep-2026 15:33:34","25.98","4.11","13.91","On","12.938529,77.694716",
"12-Sep-2026 15:34:04","45.33","4.11","13.91","On","12.936535,77.692474",
"12-Sep-2026 15:34:34","44","4.11","13.91","On","12.93445,77.690209",
"12-Sep-2026 15:35:04","40.55","4.11","13.93","On","12.93266,77.68826",
"12-Sep-2026 15:35:11","14.46","4.11","13.93","On","12.932212,77.687774",
"12-Sep-2026 15:35:34","59.98","4.11","13.91","On","12.929833,77.684791",
"12-Sep-2026 15:36:04","55.73","4.11","13.93","On","12.928002,77.68101",
"12-Sep-2026 15:36:34","52.36","4.11","13.93","On","12.925981,77.676929",
"12-Sep-2026 15:37:04","34.41","4.11","13.93","On","12.924649,77.674126",
"12-Sep-2026 15:37:34","40.14","4.11","13.91","On","12.923647,77.671809",
"12-Sep-2026 15:38:04","37.54","4.11","13.93","On","12.922593,77.669595",
"12-Sep-2026 15:38:34","33.54","4.11","13.88","On","12.921524,77.667481",
"12-Sep-2026 15:39:01","30.75","4.11","13.88","On","12.920353,77.665903",
"12-Sep-2026 15:39:04","30.75","4.11","13.91","On","12.920353,77.665903",
"12-Sep-2026 15:39:34","22.51","4.11","13.93","On","12.919077,77.668463",
"12-Sep-2026 15:40:04","27.67","4.11","13.93","On","12.91877,77.669338",
"12-Sep-2026 15:40:34","41.62","4.11","13.93","On","12.917858,77.671696",
"12-Sep-2026 15:41:04","2.94","4.11","13.91","On","12.916979,77.67329",
"12-Sep-2026 15:41:06","5.12","4.11","13.91","On","12.916922,77.673324",
"12-Sep-2026 15:41:21","29.24","4.11","13.91","On","12.917025,77.672961",
"12-Sep-2026 15:41:34","51.2","4.11","13.93","On","12.917607,77.671835",
"12-Sep-2026 15:42:04","38.69","4.11","13.91","On","12.918565,77.669173",
"12-Sep-2026 15:42:11","20.75","4.11","13.91","On","12.918605,77.668733",
"12-Sep-2026 15:42:34","24.15","4.11","13.88","On","12.917115,77.668127",
"12-Sep-2026 15:43:04","26.29","4.11","13.91","On","12.915931,77.667621",
"12-Sep-2026 15:43:34","24.75","4.11","13.91","On","12.914503,77.666948",
"12-Sep-2026 15:44:04","18.92","4.11","13.91","On","12.913421,77.666384",
"12-Sep-2026 15:44:06","2.56","4.11","13.91","On","12.913322,77.666303",
"12-Sep-2026 15:44:34","1.82","4.11","13.93","On","12.912669,77.665689",
"12-Sep-2026 15:44:51","25.32","4.11","13.93","On","12.911924,77.664919",
"12-Sep-2026 15:45:04","17.44","4.11","13.91","On","12.911209,77.664233",
"12-Sep-2026 15:45:26","17.98","4.11","13.91","On","12.909935,77.663029",
"12-Sep-2026 15:45:31","19.78","4.11","13.91","On","12.909807,77.663162",
"12-Sep-2026 15:45:34","20.34","4.11","13.93","On","12.909711,77.663383",
"12-Sep-2026 15:45:36","20.34","4.11","13.93","On","12.909711,77.663383",
"12-Sep-2026 15:45:46","20.66","4.11","13.93","On","12.909251,77.66377",
"12-Sep-2026 15:46:04","27.73","4.11","13.88","On","12.908215,77.663725",
"12-Sep-2026 15:46:34","24.47","4.11","13.91","On","12.906045,77.663247",
"12-Sep-2026 15:46:41","25.69","4.11","13.91","On","12.90582,77.663115",
"12-Sep-2026 15:47:01","21.39","4.11","13.91","On","12.904535,77.662325",
"12-Sep-2026 15:47:04","21.08","4.11","13.91","On","12.904288,77.662269",
"12-Sep-2026 15:47:26","20.66","4.11","13.91","On","12.903242,77.661655",
"12-Sep-2026 15:47:34","21.95","4.11","13.91","On","12.902967,77.661333",
"12-Sep-2026 15:48:01","20.75","4.11","13.91","On","12.902068,77.660624",
"12-Sep-2026 15:48:04","9.63","4.11","13.91","On","12.90192,77.660618",
"12-Sep-2026 15:48:26","21.4","4.11","13.91","On","12.901176,77.660258",
"12-Sep-2026 15:48:34","39.52","4.11","13.91","On","12.900616,77.659968",
"12-Sep-2026 15:48:36","39.52","4.11","13.91","On","12.900616,77.659968",
"12-Sep-2026 15:48:41","17.06","4.11","13.91","On","12.900341,77.659865",
"12-Sep-2026 15:49:04","9.6","4.11","13.93","On","12.900016,77.659504",
"12-Sep-2026 15:49:06","7.78","4.11","13.93","On","12.899947,77.659435",
"12-Sep-2026 15:49:34","0.66","4.11","13.91","On","12.899276,77.659164",
"12-Sep-2026 15:50:04","14.71","4.11","13.93","On","12.899136,77.658798",
"12-Sep-2026 15:50:34","1.31","4.11","13.91","On","12.898326,77.658339",
"12-Sep-2026 15:51:04","1.28","4.11","13.93","On","12.898185,77.658328",
"12-Sep-2026 15:51:34","6.69","4.11","13.95","On","12.897926,77.658303",
"12-Sep-2026 15:51:56","16.62","4.11","13.95","On","12.897303,77.658424",
"12-Sep-2026 15:52:01","18.01","4.11","13.95","On","12.897117,77.658463",
"12-Sep-2026 15:52:04","15.11","4.11","13.93","On","12.896958,77.658433",
"12-Sep-2026 15:52:06","15.11","4.11","13.93","On","12.896958,77.658433",
"12-Sep-2026 15:52:34","5.34","4.11","13.93","On","12.895863,77.657987",
"12-Sep-2026 15:53:04","10.31","4.11","13.88","On","12.895199,77.657696",
"12-Sep-2026 15:53:34","11.5","4.11","13.88","On","12.894211,77.657183",
"12-Sep-2026 15:53:36","12.76","4.11","13.88","On","12.894116,77.657094",
"12-Sep-2026 15:54:04","28.13","4.11","13.93","On","12.893246,77.656347",
"12-Sep-2026 15:54:11","19.2","4.11","13.93","On","12.892862,77.656083",
"12-Sep-2026 15:54:31","4.6","4.11","13.93","On","12.892438,77.655885",
"12-Sep-2026 15:54:34","4.6","4.11","13.93","On","12.892438,77.655885",
"12-Sep-2026 15:55:04","19.47","4.11","13.95","On","12.890575,77.656218",
"12-Sep-2026 15:55:16","10.69","4.11","13.95","On","12.889997,77.656359",
"12-Sep-2026 15:55:31","12.81","4.11","13.95","On","12.889609,77.656544",
"12-Sep-2026 15:55:34","12.81","4.11","13.91","On","12.889609,77.656544",
"12-Sep-2026 15:55:41","17.01","4.11","13.91","On","12.889311,77.65682",
"12-Sep-2026 15:55:51","19.52","4.11","13.91","On","12.888779,77.656956",
"12-Sep-2026 15:56:04","21.24","4.11","13.93","On","12.888095,77.656669",
"12-Sep-2026 15:56:34","12.72","4.11","13.93","On","12.886879,77.656237",
"12-Sep-2026 15:57:04","24.25","4.11","13.91","On","12.885196,77.655895",
"12-Sep-2026 15:57:11","30.87","4.11","13.91","On","12.884775,77.655868",
"12-Sep-2026 15:57:34","37.9","4.11","13.93","On","12.883441,77.655771",
"12-Sep-2026 15:57:41","18.42","4.11","13.93","On","12.882843,77.655673",
"12-Sep-2026 15:58:04","19.85","4.11","13.93","On","12.881268,77.655268",
"12-Sep-2026 15:58:34","16.11","4.11","13.93","On","12.879878,77.654966",
"12-Sep-2026 15:58:46","22.87","4.11","13.93","On","12.879239,77.654888",
"12-Sep-2026 15:59:04","28.02","4.11","13.93","On","12.878271,77.654878",
"12-Sep-2026 15:59:34","31.41","4.11","13.93","On","12.876384,77.654764",
"12-Sep-2026 16:00:04","33.94","4.11","13.95","On","12.87403,77.654219",
"12-Sep-2026 16:00:34","12.64","4.11","13.93","On","12.87284,77.654065",
"12-Sep-2026 16:01:04","30.84","4.11","13.93","On","12.871697,77.65409",
"12-Sep-2026 16:01:16","19.57","4.11","13.93","On","12.870912,77.654105",
"12-Sep-2026 16:01:21","6.69","4.11","13.93","On","12.870856,77.654163",
"12-Sep-2026 16:01:34","0.88","4.11","13.93","On","12.8708,77.654251",
"12-Sep-2026 16:02:04","0.26","4.11","13.93","On","12.870787,77.654269",
"12-Sep-2026 16:02:34","0.15","4.11","13.93","On","12.870744,77.654309",
"12-Sep-2026 16:03:04","0.2","4.11","13.95","On","12.870753,77.654309",
"12-Sep-2026 16:03:34","5.81","4.11","13.91","On","12.870743,77.654499",
"12-Sep-2026 16:04:04","8.27","4.11","13.91","On","12.870763,77.654804",
"12-Sep-2026 16:04:34","0.3","4.11","13.93","On","12.870701,77.655304",
"12-Sep-2026 16:04:52","11.5","4.11","13.93","On","12.870645,77.655651",
"12-Sep-2026 16:05:04","8.53","4.11","13.93","On","12.870643,77.65593",
"12-Sep-2026 16:05:12","8.02","4.11","13.93","On","12.87062,77.656072",
"12-Sep-2026 16:05:32","35.75","4.11","13.93","On","12.870616,77.655628",
"12-Sep-2026 16:05:34","35.75","4.11","13.88","On","12.870616,77.655628",
"12-Sep-2026 16:05:52","1.72","4.11","13.88","On","12.870629,77.654366",
"12-Sep-2026 16:06:04","0.28","4.11","13.91","On","12.870608,77.65433",
"12-Sep-2026 16:06:34","0.6","4.11","13.93","On","12.870571,77.65426",
"12-Sep-2026 16:07:04","0.36","4.11","13.93","On","12.870531,77.654206",
"12-Sep-2026 16:07:34","7.26","4.11","13.93","On","12.870373,77.653969",
"12-Sep-2026 16:08:04","0.55","4.11","13.93","On","12.870209,77.65381",
"12-Sep-2026 16:08:34","0.38","4.11","13.93","On","12.87013,77.653751",
"12-Sep-2026 16:09:04","1.24","4.11","13.93","On","12.870129,77.653737",
"12-Sep-2026 16:09:34","0.54","4.11","13.95","On","12.870076,77.653715",
"12-Sep-2026 16:10:04","0.5","4.11","13.95","On","12.869962,77.65366",
"12-Sep-2026 16:10:34","0.4","4.11","13.93","On","12.869917,77.653644",
"12-Sep-2026 16:10:57","11.62","4.11","13.93","On","12.869813,77.653588",
"12-Sep-2026 16:11:02","23.56","4.11","13.93","On","12.869656,77.653626",
"12-Sep-2026 16:11:04","38.12","4.11","13.93","On","12.869429,77.653812",
"12-Sep-2026 16:11:34","26.82","4.11","13.91","On","12.866446,77.656144",
"12-Sep-2026 16:12:04","58.6","4.11","13.95","On","12.862986,77.658922",
"12-Sep-2026 16:12:34","58.64","4.11","13.93","On","12.85973,77.661514",
"12-Sep-2026 16:13:04","33.1","4.11","13.95","On","12.856608,77.663995",
"12-Sep-2026 16:13:22","2.28","4.11","13.95","On","12.856425,77.664186",
"12-Sep-2026 16:13:27","10.51","4.11","13.95","On","12.856374,77.664242",
"12-Sep-2026 16:13:34","19.41","4.11","13.93","On","12.856122,77.664456",
"12-Sep-2026 16:14:04","3.21","4.11","13.95","On","12.855341,77.665108",
"12-Sep-2026 16:14:34","39.41","4.11","13.93","On","12.853205,77.666709",
"12-Sep-2026 16:15:04","45.71","4.11","13.93","On","12.850492,77.668936",
"12-Sep-2026 16:15:34","44.67","4.11","13.95","On","12.847697,77.67121",
"12-Sep-2026 16:16:04","59.37","4.11","13.98","On","12.845123,77.673135",
"12-Sep-2026 16:16:34","28.98","4.11","13.93","On","12.841975,77.675652",
"12-Sep-2026 16:17:04","8.21","4.11","13.91","On","12.840753,77.676514",
"12-Sep-2026 16:17:34","0.69","4.11","13.93","On","12.840588,77.676648",
"12-Sep-2026 16:18:04","0.06","4.11","13.93","On","12.840602,77.676642",
"12-Sep-2026 16:18:34","0.57","4.11","13.93","On","12.840576,77.676696",
"12-Sep-2026 16:19:04","0.96","4.11","13.93","On","12.84057,77.676709",
"12-Sep-2026 16:19:34","6.47","4.11","13.91","On","12.840257,77.676959",
"12-Sep-2026 16:20:04","37.27","4.11","13.93","On","12.839197,77.677701",
"12-Sep-2026 16:20:34","27.14","4.11","13.93","On","12.837057,77.678921",
"12-Sep-2026 16:21:04","48.87","4.11","13.91","On","12.834121,77.680039",
"12-Sep-2026 16:21:34","58.37","4.11","13.95","On","12.829641,77.681472",
"12-Sep-2026 16:22:04","50.55","4.11","13.95","On","12.826267,77.682804",
"12-Sep-2026 16:22:34","27.67","4.11","13.93","On","12.823078,77.685412",
"12-Sep-2026 16:23:04","14.35","4.11","13.98","On","12.822113,77.68631",
"12-Sep-2026 16:23:12","4.44","4.11","13.98","On","12.821907,77.686504",
"12-Sep-2026 16:23:17","13.01","4.11","13.98","On","12.821875,77.686564",
"12-Sep-2026 16:23:34","21.54","4.11","13.95","On","12.821079,77.687286",
"12-Sep-2026 16:24:04","20.35","4.11","13.95","On","12.819968,77.68836",
"12-Sep-2026 16:24:34","18.34","4.11","13.93","On","12.819109,77.689194",
"12-Sep-2026 16:24:42","9.09","4.11","13.93","On","12.818919,77.689205",
"12-Sep-2026 16:24:47","15.36","4.11","13.93","On","12.818875,77.689064",
"12-Sep-2026 16:24:57","7.11","4.11","13.93","On","12.818777,77.688897",
"12-Sep-2026 16:25:04","16.1","4.11","13.93","On","12.818626,77.688709",
"12-Sep-2026 16:25:34","28.11","4.11","13.95","On","12.8173,77.687367",
"12-Sep-2026 16:26:04","1","4.11","13.66","Off","12.81686,77.686908",
"12-Sep-2026 16:26:34","0.42","4.11","13.47","Off","12.81685,77.686867",
"12-Sep-2026 16:27:04","0.97","4.11","13.42","Off","12.816869,77.68685",
"12-Sep-2026 16:27:20","0.97","4.11","13.42","Off","12.816869,77.68685",
"12-Sep-2026 16:28:04","0.05","4.11","13.42","Off","12.816871,77.68684",
"12-Sep-2026 16:29:04","0.27","4.11","13.42","Off","12.81687,77.686835",
"12-Sep-2026 16:30:04","0.14","4.11","13.4","Off","12.816856,77.686842",
"12-Sep-2026 16:31:04","0.38","4.11","13.35","Off","12.816861,77.686841",
"12-Sep-2026 16:31:20","0.38","4.11","13.35","Off","12.816861,77.686841",
"12-Sep-2026 16:37:33","0.38","4.11","13.28","On","12.816861,77.686841",
"12-Sep-2026 16:37:33","0.38","4.11","13.28","On","12.816861,77.686841",
"12-Sep-2026 16:37:33","0.3","4.11","13.28","On","12.81686,77.686836",
"12-Sep-2026 16:37:34","0.3","4.11","13.28","On","12.81686,77.686836",
"12-Sep-2026 16:38:04","20.1","4.11","13.83","On","12.816386,77.686363",
"12-Sep-2026 16:38:34","15.67","4.11","13.95","On","12.815468,77.685338",
"12-Sep-2026 16:39:04","13.29","4.11","13.95","On","12.814851,77.684634",
"12-Sep-2026 16:39:34","10.99","4.11","13.95","On","12.814094,77.683794",
"12-Sep-2026 16:40:04","19.63","4.11","13.98","On","12.813567,77.683204",
"12-Sep-2026 16:40:34","25.2","4.11","13.98","On","12.812392,77.68192",
"12-Sep-2026 16:41:04","15.6","4.11","13.98","On","12.811186,77.680594",
"12-Sep-2026 16:41:33","16.74","4.11","13.98","On","12.811137,77.680477",
"12-Sep-2026 16:41:34","16.74","4.11","13.93","On","12.811137,77.680477",
"12-Sep-2026 16:42:04","11.87","4.11","13.95","On","12.811959,77.681353",
"12-Sep-2026 16:42:34","17.56","4.11","13.95","On","12.812802,77.682319",
"12-Sep-2026 16:42:43","5.26","4.11","13.95","On","12.81297,77.682529",
"12-Sep-2026 16:42:58","39.67","4.11","13.95","On","12.812635,77.682892",
"12-Sep-2026 16:43:04","17.56","4.11","13.95","On","12.812377,77.683135",
"12-Sep-2026 16:43:34","26.68","4.11","13.95","On","12.81103,77.684441",
"12-Sep-2026 16:44:04","25.91","4.11","13.98","On","12.809769,77.685647",
"12-Sep-2026 16:44:18","3.38","4.11","13.98","On","12.809223,77.686183",
"12-Sep-2026 16:44:34","1.48","4.11","13.91","On","12.809175,77.686187",
"12-Sep-2026 16:44:53","14.61","4.11","13.91","On","12.809229,77.686053",
"12-Sep-2026 16:45:04","18.9","4.11","13.95","On","12.809497,77.685742",
"12-Sep-2026 16:45:34","27.01","4.11","13.95","On","12.8111,77.6843",
"12-Sep-2026 16:46:04","17.11","4.11","13.98","On","12.812291,77.68313",
"12-Sep-2026 16:46:34","0.61","4.11","13.98","On","12.812717,77.682812",
"12-Sep-2026 16:47:04","1.4","4.11","13.98","On","12.812711,77.682794",
"12-Sep-2026 16:47:08","0.39","4.11","13.98","On","12.812718,77.682798",
"12-Sep-2026 16:47:34","0.78","4.11","13.98","On","12.812739,77.682801",
"12-Sep-2026 16:48:04","1","4.11","13.95","On","12.812732,77.682793",
"12-Sep-2026 16:48:34","0.99","4.11","13.98","On","12.812733,77.682797",
"12-Sep-2026 16:49:04","0.75","4.11","13.98","On","12.812726,77.682778",
"12-Sep-2026 16:49:34","0.34","4.11","13.98","On","12.81271,77.682798",
"12-Sep-2026 16:50:04","0.25","4.11","13.98","On","12.812709,77.682771",
"12-Sep-2026 16:50:34","1.18","4.11","13.59","Off","12.812715,77.682763",
"12-Sep-2026 16:51:04","0.67","4.11","13.52","Off","12.812712,77.682771",
"12-Sep-2026 16:51:34","0.16","4.11","13.45","Off","12.812709,77.682777",
"12-Sep-2026 16:51:36","0.16","4.11","13.45","Off","12.812709,77.682777",
"12-Sep-2026 16:52:34","0.24","4.11","13.45","Off","12.812707,77.682782",
"12-Sep-2026 16:53:04","0.6","4.11","13.42","Off","12.812709,77.682788",
"12-Sep-2026 16:54:04","0.44","4.11","13.38","Off","12.812693,77.6828",
"12-Sep-2026 16:55:04","0.44","4.11","13.35","Off","12.812722,77.682811",
"12-Sep-2026 16:55:36","0.44","4.11","13.33","Off","12.812722,77.682811",
"12-Sep-2026 16:56:37","0.44","4.11","13.26","On","12.812722,77.682811",
"12-Sep-2026 16:56:37","0.47","4.11","13.26","On","12.812712,77.682802",
"12-Sep-2026 16:57:04","16.99","4.11","13.79","On","12.812322,77.683195",
"12-Sep-2026 16:57:07","16.99","4.11","13.79","On","12.812322,77.683195",
"12-Sep-2026 16:57:34","31.98","4.11","13.93","On","12.810943,77.684505",
"12-Sep-2026 16:58:04","32.16","4.11","13.93","On","12.809534,77.68587",
"12-Sep-2026 16:58:27","7.85","4.11","13.93","On","12.808537,77.686836",
"12-Sep-2026 16:58:34","11.21","4.11","13.93","On","12.808532,77.686955",
"12-Sep-2026 16:59:04","1.14","4.11","13.88","On","12.808431,77.686994",
"12-Sep-2026 16:59:34","0.95","4.11","13.95","On","12.808445,77.686987",
"12-Sep-2026 17:00:04","0.51","4.11","13.91","On","12.808462,77.686988",
"12-Sep-2026 17:00:34","3.63","4.11","13.95","On","12.808407,77.686977",
"12-Sep-2026 17:01:04","0.93","4.11","13.95","On","12.808351,77.686944",
"12-Sep-2026 17:01:34","2.76","4.11","13.98","On","12.808324,77.686934",
"12-Sep-2026 17:02:04","1.65","4.11","13.93","On","12.80834,77.686943",
"12-Sep-2026 17:02:34","0.75","4.11","13.98","On","12.808348,77.686966",
"12-Sep-2026 17:03:04","0.85","4.11","13.98","On","12.808312,77.686964",
"12-Sep-2026 17:03:34","0.72","4.11","13.95","On","12.808326,77.686925",
"12-Sep-2026 17:04:04","0.39","4.11","13.93","On","12.808374,77.686905",
"12-Sep-2026 17:04:34","0.35","4.11","13.98","On","12.808397,77.686909",
"12-Sep-2026 17:05:04","0.43","4.11","13.95","On","12.808401,77.68694",
"12-Sep-2026 17:05:34","7.54","4.11","13.95","On","12.808388,77.686911",
"12-Sep-2026 17:06:02","33.06","4.11","13.95","On","12.808651,77.686555",
"12-Sep-2026 17:06:04","33.06","4.11","13.95","On","12.808651,77.686555",
"12-Sep-2026 17:06:34","29.78","4.11","13.95","On","12.810488,77.684832",
"12-Sep-2026 17:07:04","14.43","4.11","13.95","On","12.811703,77.683752",
"12-Sep-2026 17:07:34","5.29","4.11","13.95","On","12.812819,77.682659",
"12-Sep-2026 17:08:04","1.1","4.11","13.93","On","12.812934,77.682564",
"12-Sep-2026 17:08:27","6.49","4.11","13.93","On","12.812954,77.682507",
"12-Sep-2026 17:08:34","16.55","4.11","13.95","On","12.812779,77.682332",
"12-Sep-2026 17:09:04","22.74","4.11","13.95","On","12.811656,77.681078",
"12-Sep-2026 17:09:32","11.44","4.11","13.95","On","12.810943,77.680275",
"12-Sep-2026 17:09:34","12.36","4.11","13.93","On","12.810826,77.68019",
"12-Sep-2026 17:10:04","2","4.11","13.93","On","12.810381,77.679789",
"12-Sep-2026 17:10:07","2.95","4.11","13.93","On","12.81036,77.679779",
"12-Sep-2026 17:10:34","5.87","4.11","13.91","On","12.810102,77.679592",
"12-Sep-2026 17:11:04","3.13","4.11","13.95","On","12.809674,77.679376",
"12-Sep-2026 17:11:27","12.23","4.11","13.95","On","12.80924,77.67913",
"12-Sep-2026 17:11:34","11.88","4.11","13.93","On","12.809021,77.678982",
"12-Sep-2026 17:11:42","3.08","4.11","13.93","On","12.808867,77.678956",
"12-Sep-2026 17:12:04","7.42","4.11","13.93","On","12.808696,77.678908",
"12-Sep-2026 17:12:34","0.14","4.11","13.74","Off","12.808247,77.678805",
"12-Sep-2026 17:13:04","0.21","4.11","13.5","Off","12.808245,77.67881",
"12-Sep-2026 17:13:34","0.64","4.11","13.45","Off","12.808233,77.678813",
"12-Sep-2026 17:14:04","0.47","4.11","13.4","Off","12.808239,77.678799",
"12-Sep-2026 17:14:14","0.47","4.11","13.4","Off","12.808239,77.678799",
"12-Sep-2026 17:15:04","0.18","4.11","13.42","Off","12.808248,77.678794",
"12-Sep-2026 17:16:04","0.44","4.11","13.4","Off","12.808267,77.678797",
"12-Sep-2026 17:17:04","0.21","4.11","13.38","Off","12.808288,77.678796",
"12-Sep-2026 17:18:04","0.06","4.11","13.33","Off","12.808297,77.678799",
"12-Sep-2026 17:18:14","0.06","4.11","13.3","Off","12.808297,77.678799",
"12-Sep-2026 17:19:14","0.06","4.11","13.33","Off","12.808297,77.678799",
"12-Sep-2026 17:19:14","0.16","4.11","13.33","Off","12.808298,77.678796",
"12-Sep-2026 17:19:28","0.16","4.11","13.3","Off","12.808298,77.678796",
"12-Sep-2026 17:20:04","0.63","4.11","13.26","Off","12.808407,77.678699",
"12-Sep-2026 17:21:04","0.16","4.11","13.23","Off","12.808352,77.678728",
"12-Sep-2026 17:22:04","0.17","4.11","13.18","Off","12.80829,77.678746",
"12-Sep-2026 17:23:03","0.17","4.11","13.16","Off","12.80829,77.678746",
"12-Sep-2026 17:23:03","0.9","4.11","13.16","Off","12.808256,77.678754",
"12-Sep-2026 17:23:04","0.9","4.11","13.13","Off","12.808256,77.678754",
"12-Sep-2026 17:23:34","1.4","4.11","13.11","Off","12.808225,77.678767",
"12-Sep-2026 17:24:04","0.94","4.11","13.09","Off","12.808224,77.67875",
"12-Sep-2026 17:24:34","0.9","4.11","13.06","Off","12.808224,77.678757",
"12-Sep-2026 17:24:35","0.9","4.11","13.06","Off","12.808224,77.678757",
"12-Sep-2026 17:25:18","0.9","4.11","13.06","Off","12.808224,77.678757",
"12-Sep-2026 17:25:18","0.87","4.11","13.06","Off","12.808236,77.678783",
"12-Sep-2026 17:25:34","0.55","4.11","13.13","On","12.808235,77.678788",
"12-Sep-2026 17:26:04","6.66","4.11","13.83","On","12.808122,77.678699",
"12-Sep-2026 17:26:34","5.3","4.11","13.91","On","12.807732,77.678363",
"12-Sep-2026 17:26:59","11.01","4.11","13.91","On","12.807358,77.678185",
"12-Sep-2026 17:27:04","7.54","4.11","13.93","On","12.807288,77.678131",
"12-Sep-2026 17:27:04","7.54","4.11","13.93","On","12.807288,77.678131",
"12-Sep-2026 17:27:34","0.65","4.11","13.93","On","12.807142,77.677834",
"12-Sep-2026 17:28:04","1.36","4.11","13.95","On","12.807138,77.677792",
"12-Sep-2026 17:28:34","9.72","4.11","13.95","On","12.807174,77.67769",
"12-Sep-2026 17:28:39","11.48","4.11","13.95","On","12.807217,77.677615",
"12-Sep-2026 17:28:49","6.6","4.11","13.95","On","12.807253,77.677456",
"12-Sep-2026 17:28:54","13.53","4.11","13.95","On","12.807066,77.677366",
"12-Sep-2026 17:29:04","17.3","4.11","13.93","On","12.806878,77.677269",
"12-Sep-2026 17:29:04","17.3","4.11","13.93","On","12.806878,77.677269",
"12-Sep-2026 17:29:09","10.03","4.11","13.93","On","12.80675,77.677233",
"12-Sep-2026 17:29:29","1.25","4.11","13.93","On","12.806375,77.677074",
"12-Sep-2026 17:29:34","1.38","4.11","13.95","On","12.806368,77.677079",
"12-Sep-2026 17:30:04","0.29","4.11","13.93","On","12.806349,77.677039",
"12-Sep-2026 17:30:34","0.67","4.11","13.95","On","12.806345,77.677047",
"12-Sep-2026 17:31:04","0.75","4.11","13.98","On","12.806362,77.677058",
"12-Sep-2026 17:31:34","1.66","4.11","13.98","On","12.806369,77.677063",
"12-Sep-2026 17:32:04","1.11","4.11","13.98","On","12.806377,77.67709",
"12-Sep-2026 17:32:34","0.08","4.11","13.98","On","12.806361,77.677069",
"12-Sep-2026 17:33:04","0.94","4.11","13.95","On","12.806363,77.677086",
"12-Sep-2026 17:33:34","0.59","4.11","13.98","On","12.80638,77.677108",
"12-Sep-2026 17:34:04","0.73","4.11","13.98","On","12.806402,77.677133",
"12-Sep-2026 17:34:34","0.78","4.11","14","On","12.806434,77.677152",
"12-Sep-2026 17:35:04","3.24","4.11","13.98","On","12.806412,77.677149",
"12-Sep-2026 17:35:34","0.3","4.11","13.98","On","12.806389,77.677126",
"12-Sep-2026 17:36:04","1.56","4.11","14","On","12.806387,77.677138",
"12-Sep-2026 17:36:34","1.25","4.11","13.66","Off","12.806375,77.677108",
"12-Sep-2026 17:37:04","0.5","4.11","13.5","Off","12.806368,77.677092",
"12-Sep-2026 17:37:34","1.1","4.11","13.45","Off","12.806374,77.677091",
"12-Sep-2026 17:37:48","1.1","4.11","13.47","Off","12.806374,77.677091",
"12-Sep-2026 17:38:34","0.5","4.11","13.45","Off","12.806335,77.677063",
"12-Sep-2026 17:39:04","0.66","4.11","13.42","Off","12.806343,77.677059",
"12-Sep-2026 17:40:04","0.92","4.11","13.38","Off","12.806354,77.677051",
"12-Sep-2026 17:41:04","0.38","4.11","13.33","Off","12.806347,77.677072",
"12-Sep-2026 17:41:48","0.38","4.11","13.3","Off","12.806347,77.677072",
"12-Sep-2026 17:50:56","0.38","4.11","13.18","Off","12.806347,77.677072",
"12-Sep-2026 17:50:56","0.25","4.11","13.18","Off","12.806318,77.677042",
"12-Sep-2026 17:51:04","0.25","4.11","13.16","Off","12.806318,77.677042",
"12-Sep-2026 17:52:04","0.59","4.11","13.09","Off","12.806244,77.676876",
"12-Sep-2026 17:53:04","1.28","4.11","13.04","Off","12.806186,77.676825",
"12-Sep-2026 17:54:04","1","4.11","12.99","Off","12.806243,77.676879",
"12-Sep-2026 17:54:56","1","4.11","12.97","Off","12.806243,77.676879",
"12-Sep-2026 17:58:43","1","4.11","12.97","Off","12.806243,77.676879",
"12-Sep-2026 17:58:43","0.81","4.11","12.97","Off","12.806235,77.676875",
"12-Sep-2026 17:59:04","0.81","4.11","12.97","Off","12.806235,77.676875",
"12-Sep-2026 17:59:15","0.81","4.11","12.92","Off","12.806235,77.676875",
"12-Sep-2026 17:59:34","1.22","4.11","12.89","Off","12.806222,77.676831",
"12-Sep-2026 18:00:04","0.16","4.11","12.85","Off","12.806301,77.676909",
"12-Sep-2026 18:00:15","0.16","4.11","12.82","Off","12.806301,77.676909",
"12-Sep-2026 18:01:04","1.55","4.11","12.82","Off","12.806297,77.676963",
"12-Sep-2026 18:02:04","1.81","4.11","12.8","Off","12.806295,77.677013",
"12-Sep-2026 18:03:04","0.62","4.11","12.8","Off","12.806346,77.677018",
"12-Sep-2026 18:04:04","0.42","4.11","12.82","Off","12.806315,77.677005",
"12-Sep-2026 18:04:15","0.42","4.11","12.82","Off","12.806315,77.677005",
"12-Sep-2026 18:30:35","0.42","4.11","12.94","Off","12.806315,77.677005",
"12-Sep-2026 18:30:35","0.71","4.11","12.94","Off","12.806319,77.677016",
"12-Sep-2026 18:32:04","0.8","4.11","12.89","Off","12.806309,77.676918",
"12-Sep-2026 18:33:04","0.57","4.11","12.87","Off","12.806311,77.676913",
"12-Sep-2026 18:34:04","0.33","4.11","12.87","Off","12.806327,77.67694",
"12-Sep-2026 18:34:35","0.33","4.11","12.87","Off","12.806327,77.67694",
"12-Sep-2026 18:53:19","0.33","4.11","12.99","Off","12.806327,77.67694",
"12-Sep-2026 18:53:19","1.18","4.11","12.99","Off","12.806346,77.676993",
"12-Sep-2026 18:53:20","1.18","4.11","12.99","On","12.806346,77.676993",
"12-Sep-2026 18:53:34","1.18","4.11","13.4","On","12.806346,77.676993",
"12-Sep-2026 18:54:04","0.76","4.11","13.59","On","12.806433,77.67716",
"12-Sep-2026 18:55:04","0.48","4.11","13.57","Off","12.806529,77.677239",
"12-Sep-2026 18:55:34","1.24","4.11","13.52","Off","12.806559,77.677264",
"12-Sep-2026 18:56:04","0.45","4.11","13.45","Off","12.806551,77.677247",
"12-Sep-2026 18:56:34","0.3","4.11","13.4","Off","12.80655,77.677226",
"12-Sep-2026 18:56:36","0.3","4.11","13.4","Off","12.80655,77.677226",
"12-Sep-2026 18:57:34","0.57","4.11","13.38","Off","12.806545,77.677209",
"12-Sep-2026 18:58:04","0.23","4.11","13.33","Off","12.806546,77.677191",
"12-Sep-2026 18:59:04","0.82","4.11","13.28","Off","12.806521,77.677183",
"12-Sep-2026 19:00:04","1.07","4.11","13.21","Off","12.806529,77.6772",
"12-Sep-2026 19:00:36","1.07","4.11","13.18","Off","12.806529,77.6772",
"12-Sep-2026 20:00:36","1.07","4.11","12.92","Off","12.806529,77.6772",
"12-Sep-2026 20:00:36","0.1","4.11","12.92","Off","12.806516,77.677211",
"12-Sep-2026 20:01:47","0.93","4.11","12.85","Off","12.806537,77.677205",
"12-Sep-2026 20:02:04","8.68","4.11","13.33","On","12.806639,77.677218",
"12-Sep-2026 20:02:12","10.25","4.11","13.33","On","12.806791,77.6773",
"12-Sep-2026 20:02:34","4.48","4.11","13.59","On","12.807261,77.677455",
"12-Sep-2026 20:03:02","5.03","4.11","13.59","On","12.807708,77.677674",
"12-Sep-2026 20:03:04","10.94","4.11","13.57","On","12.807804,77.677693",
"12-Sep-2026 20:03:07","10.94","4.11","13.57","On","12.807804,77.677693",
"12-Sep-2026 20:03:17","9.22","4.11","13.57","On","12.807988,77.677859",
"12-Sep-2026 20:03:34","5.95","4.11","13.62","On","12.807828,77.678208",
"12-Sep-2026 20:04:04","8.37","4.11","13.64","On","12.807989,77.678596",
"12-Sep-2026 20:04:34","4.88","4.11","13.64","On","12.808477,77.678845",
"12-Sep-2026 20:05:04","9.96","4.11","13.62","On","12.808933,77.678916",
"12-Sep-2026 20:05:17","13.01","4.11","13.62","On","12.809193,77.67908",
"12-Sep-2026 20:05:27","5.67","4.11","13.62","On","12.809339,77.679187",
"12-Sep-2026 20:05:34","7.86","4.11","13.64","On","12.809452,77.679273",
"12-Sep-2026 20:06:04","7.53","4.11","13.64","On","12.80986,77.679461",
"12-Sep-2026 20:06:34","3.51","4.11","13.62","On","12.80991,77.67977",
"12-Sep-2026 20:07:04","0.64","4.11","13.59","On","12.809756,77.680037",
"12-Sep-2026 20:07:34","0.73","4.11","13.62","On","12.809779,77.680054",
"12-Sep-2026 20:08:04","0.28","4.11","13.69","On","12.809767,77.680016",
"12-Sep-2026 20:08:34","1.65","4.11","13.95","On","12.809753,77.679987",
"12-Sep-2026 20:09:04","1.72","4.11","14","On","12.809766,77.679974",
"12-Sep-2026 20:09:34","0.6","4.11","14","On","12.809776,77.679995",
"12-Sep-2026 20:10:04","0.47","4.11","14","On","12.809785,77.679979",
"12-Sep-2026 20:10:34","0.33","4.11","13.98","On","12.809797,77.679966",
"12-Sep-2026 20:11:04","0.43","4.11","13.98","On","12.809791,77.679957",
"12-Sep-2026 20:11:34","0.49","4.11","14","On","12.809795,77.679989",
"12-Sep-2026 20:12:04","1.43","4.11","14","On","12.809793,77.679969",
"12-Sep-2026 20:12:34","0.26","4.11","13.98","On","12.809816,77.679942",
"12-Sep-2026 20:13:04","1.23","4.11","14","On","12.809811,77.67996",
"12-Sep-2026 20:13:34","0.54","4.11","13.81","Off","12.809811,77.679997",
"12-Sep-2026 20:14:04","0.45","4.11","13.71","Off","12.809811,77.67999",
"12-Sep-2026 20:14:34","0.64","4.11","13.66","Off","12.809807,77.680013",
"12-Sep-2026 20:14:43","0.64","4.11","13.64","Off","12.809807,77.680013",
"12-Sep-2026 20:15:34","0.65","4.11","13.64","Off","12.80982,77.680003",
"12-Sep-2026 20:16:04","1.04","4.11","13.62","Off","12.809814,77.679982",
"12-Sep-2026 20:17:04","0.49","4.11","13.54","Off","12.809786,77.680014",
"12-Sep-2026 20:18:04","0.32","4.11","13.52","Off","12.809773,77.680052",
"12-Sep-2026 20:18:12","0.32","4.11","13.52","On","12.809773,77.680052",
"12-Sep-2026 20:18:34","0.31","4.11","13.83","On","12.809751,77.680018",
"12-Sep-2026 20:19:04","0.62","4.11","13.91","On","12.80976,77.680034",
"12-Sep-2026 20:19:34","1.4","4.11","13.86","On","12.809789,77.680027",
"12-Sep-2026 20:20:04","0.76","4.11","13.64","On","12.809798,77.680033",
"12-Sep-2026 20:20:34","0.72","4.11","13.54","Off","12.809813,77.679929",
"12-Sep-2026 20:21:04","1.49","4.11","12.7","Off","12.809826,77.679928",
"12-Sep-2026 20:21:34","0.27","4.11","13.21","Off","12.809825,77.67993",
"12-Sep-2026 20:22:02","0.27","4.11","13.26","Off","12.809825,77.67993",
"12-Sep-2026 20:22:34","0.63","4.11","13.3","Off","12.809825,77.679933",
"12-Sep-2026 20:23:04","0.22","4.11","13.33","Off","12.809793,77.679922",
"12-Sep-2026 20:24:04","0.35","4.11","13.33","Off","12.809755,77.679925",
"12-Sep-2026 20:25:04","2.75","4.11","13.3","Off","12.809796,77.679935",
"12-Sep-2026 20:26:02","2.75","4.11","13.35","Off","12.809796,77.679935",
"12-Sep-2026 20:45:20","2.75","4.11","14.05","Off","12.809796,77.679935",
"12-Sep-2026 20:45:20","0.89","4.11","14.05","Off","12.809824,77.679941",
"12-Sep-2026 20:45:22","0.89","4.11","14.03","On","12.809824,77.679941",
"12-Sep-2026 20:45:34","0.89","4.11","14.03","On","12.809824,77.679941",
"12-Sep-2026 20:46:34","1.39","4.11","13.64","On","12.810142,77.679573",
"12-Sep-2026 20:47:04","4.33","4.11","13.64","On","12.809752,77.679361",
"12-Sep-2026 20:47:21","10.12","4.11","13.64","On","12.80952,77.679346",
"12-Sep-2026 20:47:34","7.39","4.11","13.64","On","12.809318,77.679219",
"12-Sep-2026 20:47:56","3.32","4.11","13.64","On","12.808868,77.678925",
"12-Sep-2026 20:48:04","5.41","4.11","13.62","On","12.808797,77.678984",
"12-Sep-2026 20:48:34","1.83","4.11","13.57","On","12.808768,77.679016",
"12-Sep-2026 20:49:04","7.28","4.11","13.64","On","12.809162,77.679086",
"12-Sep-2026 20:49:11","10.75","4.11","13.64","On","12.809234,77.679142",
"12-Sep-2026 20:49:26","4.3","4.11","13.64","On","12.809498,77.679301",
"12-Sep-2026 20:49:34","5.87","4.11","13.64","On","12.809549,77.679339",
"12-Sep-2026 20:50:04","8.58","4.11","13.62","On","12.810009,77.679497",
"12-Sep-2026 20:50:34","14.71","4.11","13.62","On","12.810693,77.68006",
"12-Sep-2026 20:51:04","19.49","4.11","13.64","On","12.811892,77.681297",
"12-Sep-2026 20:51:34","32.44","4.11","13.62","On","12.813288,77.682846",
"12-Sep-2026 20:52:04","25.85","4.11","13.62","On","12.814734,77.684424",
"12-Sep-2026 20:52:34","33.16","4.11","13.62","On","12.815983,77.685819",
"12-Sep-2026 20:53:04","36.12","4.11","13.62","On","12.817678,77.687684",
"12-Sep-2026 20:53:34","19.25","4.11","13.62","On","12.818893,77.689001",
"12-Sep-2026 20:53:41","21.04","4.11","13.62","On","12.819186,77.689002",
"12-Sep-2026 20:54:04","24.54","4.11","13.62","On","12.820039,77.688319",
"12-Sep-2026 20:54:34","25.73","4.11","13.62","On","12.821043,77.687319",
"12-Sep-2026 20:55:04","6.55","4.11","13.62","On","12.822512,77.685912",
"12-Sep-2026 20:55:34","23.89","4.11","13.62","On","12.823457,77.68505",
"12-Sep-2026 20:56:04","27.38","4.11","13.62","On","12.824923,77.68379",
"12-Sep-2026 20:56:31","18.75","4.11","13.62","On","12.826857,77.682594",
"12-Sep-2026 20:56:34","20.6","4.11","13.62","On","12.827045,77.682546",
"12-Sep-2026 20:56:41","28.22","4.11","13.62","On","12.827485,77.682305",
"12-Sep-2026 20:57:01","25.62","4.11","13.62","On","12.82892,77.681761",
"12-Sep-2026 20:57:04","25.62","4.11","13.62","On","12.82892,77.681761",
"12-Sep-2026 20:57:34","20.59","4.11","13.62","On","12.830805,77.681185",
"12-Sep-2026 20:58:04","31.09","4.11","13.62","On","12.832779,77.680575",
"12-Sep-2026 20:58:34","22","4.11","13.62","On","12.835029,77.679794",
"12-Sep-2026 20:59:04","16.11","4.11","13.64","On","12.836226,77.679332",
"12-Sep-2026 20:59:34","24.03","4.11","13.59","On","12.837747,77.678714",
"12-Sep-2026 20:59:46","31.01","4.11","13.59","On","12.838438,77.678293",
"12-Sep-2026 21:00:04","23.59","4.11","13.59","On","12.839151,77.677779",
"12-Sep-2026 21:00:26","16.32","4.11","13.59","On","12.840108,77.677207",
"12-Sep-2026 21:00:34","18.56","4.11","13.59","On","12.840401,77.677591",
"12-Sep-2026 21:01:04","6.55","4.11","13.62","On","12.840932,77.678402",
"12-Sep-2026 21:01:34","16.67","4.11","13.59","On","12.841949,77.679964",
"12-Sep-2026 21:01:56","15.07","4.11","13.59","On","12.842441,77.680748",
"12-Sep-2026 21:02:01","10.39","4.11","13.59","On","12.84238,77.680851",
"12-Sep-2026 21:02:04","19.49","4.11","13.62","On","12.842244,77.680931",
"12-Sep-2026 21:02:21","5.72","4.11","13.62","On","12.841804,77.681335",
"12-Sep-2026 21:02:31","14.89","4.11","13.62","On","12.841924,77.681642",
"12-Sep-2026 21:02:34","17.18","4.11","13.64","On","12.842035,77.681807",
"12-Sep-2026 21:03:04","14.67","4.11","13.64","On","12.842517,77.682437",
"12-Sep-2026 21:03:16","4.92","4.11","13.64","On","12.842707,77.682773",
"12-Sep-2026 21:03:34","10.01","4.11","13.62","On","12.842385,77.683063",
"12-Sep-2026 21:04:04","1","4.11","13.62","On","12.84233,77.68325",
"12-Sep-2026 21:04:34","0.85","4.11","13.57","On","12.842316,77.683242",
"12-Sep-2026 21:05:04","3.48","4.11","13.59","On","12.842272,77.683173",
"12-Sep-2026 21:05:34","2","4.11","13.62","On","12.842565,77.682882",
"12-Sep-2026 21:06:04","1.14","4.11","13.64","On","12.842675,77.682811",
"12-Sep-2026 21:06:16","10.42","4.11","13.64","On","12.842712,77.682673",
"12-Sep-2026 21:06:34","12.48","4.11","13.59","On","12.842313,77.682209",
"12-Sep-2026 21:07:04","15.98","4.11","13.62","On","12.8417,77.681402",
"12-Sep-2026 21:07:06","8.28","4.11","13.62","On","12.841764,77.681289",
"12-Sep-2026 21:07:26","11.66","4.11","13.62","On","12.842389,77.6808",
"12-Sep-2026 21:07:31","18.71","4.11","13.62","On","12.842329,77.680661",
"12-Sep-2026 21:07:34","17.56","4.11","13.62","On","12.842234,77.68051",
"12-Sep-2026 21:08:04","42.86","4.11","13.62","On","12.841208,77.67894",
"12-Sep-2026 21:08:34","27.82","4.11","13.62","On","12.840264,77.677457",
"12-Sep-2026 21:08:46","22.53","4.11","13.62","On","12.839846,77.677317",
"12-Sep-2026 21:09:04","26.12","4.11","13.64","On","12.839063,77.677902",
"12-Sep-2026 21:09:16","10.21","4.11","13.64","On","12.838703,77.678211",
"12-Sep-2026 21:09:21","6.81","4.11","13.64","On","12.838714,77.678291",
"12-Sep-2026 21:09:34","0.29","4.11","13.52","Off","12.838743,77.678336",
"12-Sep-2026 21:10:04","2.05","4.11","13.45","Off","12.83876,77.678343",
"12-Sep-2026 21:10:34","0.49","4.11","13.42","Off","12.838777,77.678385",
"12-Sep-2026 21:11:04","0.14","4.11","13.42","Off","12.838799,77.678422",
"12-Sep-2026 21:11:34","1.11","4.11","13.59","On","12.838807,77.678393",
"12-Sep-2026 21:12:04","1.19","4.11","13.5","Off","12.838827,77.67836",
"12-Sep-2026 21:12:34","0.92","4.11","13.45","Off","12.838842,77.678338",
"12-Sep-2026 21:13:04","0.71","4.11","13.42","Off","12.838823,77.678314",
"12-Sep-2026 21:13:34","0.63","4.11","13.4","Off","12.838836,77.678335",
"12-Sep-2026 21:14:04","2.15","4.11","13.38","Off","12.838823,77.678371",
"12-Sep-2026 21:14:34","0.26","4.11","13.35","Off","12.838817,77.678359",
"12-Sep-2026 21:14:42","0.26","4.11","13.35","Off","12.838817,77.678359",
"12-Sep-2026 21:15:34","0.6","4.11","13.38","Off","12.838846,77.678367",
"12-Sep-2026 21:16:04","0.35","4.11","13.35","Off","12.838847,77.678354",
"12-Sep-2026 21:17:04","0.24","4.11","13.33","Off","12.838862,77.678373",
"12-Sep-2026 21:18:04","0.37","4.11","13.28","Off","12.838843,77.678331",
"12-Sep-2026 21:18:42","0.37","4.11","13.26","Off","12.838843,77.678331",
"12-Sep-2026 21:24:59","0.37","4.11","13.28","On","12.838843,77.678331",
"12-Sep-2026 21:24:59","0.37","4.11","13.28","On","12.838843,77.678331",
"12-Sep-2026 21:24:59","1.63","4.11","13.28","On","12.838835,77.678303",
"12-Sep-2026 21:25:04","1.63","4.11","13.3","On","12.838835,77.678303",
"12-Sep-2026 21:26:04","1.87","4.11","13.93","On","12.838779,77.678419",
"12-Sep-2026 21:26:34","0.25","4.11","13.95","On","12.838742,77.678431",
"12-Sep-2026 21:27:04","0.76","4.11","13.98","On","12.838717,77.678423",
"12-Sep-2026 21:27:34","0.28","4.11","13.98","On","12.838713,77.678424",
"12-Sep-2026 21:28:04","0.33","4.11","13.98","On","12.838719,77.678437",
"12-Sep-2026 21:28:34","0.14","4.11","13.98","On","12.838704,77.678432",
"12-Sep-2026 21:29:04","0.45","4.11","13.98","On","12.838705,77.678445",
"12-Sep-2026 21:29:34","0.3","4.11","13.98","On","12.838711,77.678439",
"12-Sep-2026 21:30:04","0.79","4.11","14","On","12.838731,77.67844",
"12-Sep-2026 21:30:34","1.52","4.11","14","On","12.838696,77.67845",
"12-Sep-2026 21:31:04","1.13","4.11","14","On","12.83869,77.678438",
"12-Sep-2026 21:31:34","6.4","4.11","13.98","On","12.838657,77.678298",
"12-Sep-2026 21:31:51","19.06","4.11","13.98","On","12.83881,77.678079",
"12-Sep-2026 21:32:04","19.75","4.11","13.66","On","12.839681,77.677392",
"12-Sep-2026 21:32:31","10.54","4.11","13.66","On","12.840078,77.677195",
"12-Sep-2026 21:32:34","19.22","4.11","13.62","On","12.840192,77.6773",
"12-Sep-2026 21:32:36","23.34","4.11","13.62","On","12.840307,77.67749",
"12-Sep-2026 21:32:51","6.13","4.11","13.62","On","12.840736,77.678044",
"12-Sep-2026 21:33:01","23.78","4.11","13.62","On","12.840886,77.678281",
"12-Sep-2026 21:33:04","6.53","4.11","13.62","On","12.840955,77.678377",
"12-Sep-2026 21:33:34","34.18","4.11","13.62","On","12.841993,77.680026",
"12-Sep-2026 21:33:51","10.49","4.11","13.62","On","12.842427,77.680869",
"12-Sep-2026 21:34:04","11.91","4.11","13.62","On","12.841798,77.68131",
"12-Sep-2026 21:34:11","13.76","4.11","13.62","On","12.841832,77.681486",
"12-Sep-2026 21:34:34","10.27","4.11","13.59","On","12.84276,77.682753",
"12-Sep-2026 21:34:36","9.24","4.11","13.59","On","12.842712,77.682825",
"12-Sep-2026 21:35:04","1.65","4.11","13.62","On","12.842344,77.683221",
"12-Sep-2026 21:35:34","5.56","4.11","13.52","Off","12.842293,77.683202",
"12-Sep-2026 21:36:04","2.35","4.11","13.64","On","12.842263,77.683082",
"12-Sep-2026 21:36:34","0.87","4.11","13.95","On","12.842313,77.682969",
"12-Sep-2026 21:37:04","2.2","4.11","14","On","12.842263,77.68312",
"12-Sep-2026 21:37:34","1.39","4.11","13.62","Off","12.842181,77.683155",
"12-Sep-2026 21:38:04","2.18","4.11","13.18","Off","12.842208,77.683163",
"12-Sep-2026 21:38:05","2.18","4.11","13.16","Off","12.842208,77.683163",
"12-Sep-2026 21:39:04","0.8","4.11","13.62","Off","12.8422,77.683117",
"12-Sep-2026 21:39:16","0.8","4.11","13.69","Off","12.8422,77.683117",
"12-Sep-2026 21:39:34","1.11","4.11","13.88","Off","12.842221,77.683158",
"12-Sep-2026 21:40:04","0.65","4.11","13.95","Off","12.842232,77.683194",
"12-Sep-2026 21:40:34","1.18","4.11","13.95","Off","12.842226,77.68321",
"12-Sep-2026 21:41:04","0.19","4.11","13.95","Off","12.842201,77.68322",
"12-Sep-2026 21:41:17","0.19","4.11","13.95","Off","12.842201,77.68322",
"12-Sep-2026 21:42:04","1.34","4.11","13.95","Off","12.842153,77.68325",
"12-Sep-2026 21:42:09","1.34","4.11","13.95","Off","12.842153,77.68325",
"12-Sep-2026 21:42:34","1.72","4.11","14","Off","12.842125,77.683289",
"12-Sep-2026 21:43:04","0.95","4.11","13.98","Off","12.842133,77.683304",
"12-Sep-2026 21:43:09","0.95","4.11","13.98","Off","12.842133,77.683304",
"12-Sep-2026 21:44:04","0.63","4.11","13.98","Off","12.842151,77.683398",
"12-Sep-2026 21:45:04","1.28","4.11","13.98","Off","12.842121,77.683245",
"12-Sep-2026 21:45:30","1.28","4.11","13.98","Off","12.842121,77.683245",
"12-Sep-2026 21:45:34","1.6","4.11","13.98","Off","12.842081,77.683237",
"12-Sep-2026 21:46:04","2.62","4.11","13.95","Off","12.842102,77.683256",
"12-Sep-2026 21:46:34","1.74","4.11","13.98","Off","12.842147,77.683258",
"12-Sep-2026 21:47:02","1.74","4.11","13.95","Off","12.842147,77.683258",
"12-Sep-2026 21:47:34","2.63","4.11","13.98","Off","12.84222,77.683143",
"12-Sep-2026 21:48:04","2.04","4.11","13.98","Off","12.842209,77.683099",
"12-Sep-2026 21:49:04","0.24","4.11","13.98","Off","12.84221,77.683125",
"12-Sep-2026 21:50:04","1.1","4.11","14","Off","12.842182,77.683106",
"12-Sep-2026 21:51:02","1.1","4.11","13.98","Off","12.842182,77.683106",
"12-Sep-2026 21:52:02","1.1","4.11","14.03","Off","12.842182,77.683106",
"12-Sep-2026 21:52:02","0.39","4.11","14.03","Off","12.842147,77.683154",
"12-Sep-2026 21:52:04","0.39","4.11","14.03","Off","12.842147,77.683154",
"12-Sep-2026 21:52:34","0","4.11","13.98","Off","12.842121,77.683425",
"12-Sep-2026 21:52:40","0","4.11","13.98","Off","12.842121,77.683425",
"12-Sep-2026 21:53:34","0","4.11","13.98","Off","12.842205,77.683413",
"12-Sep-2026 21:54:04","3.1","4.11","13.98","Off","12.842381,77.683338",
"12-Sep-2026 21:55:04","4.28","4.11","14","Off","12.842275,77.683172",
"12-Sep-2026 21:56:04","3.18","4.11","13.95","Off","12.842254,77.683166",
"12-Sep-2026 21:56:40","3.18","4.11","13.93","Off","12.842254,77.683166",
"12-Sep-2026 22:01:24","3.18","4.11","14.05","Off","12.842254,77.683166",
"12-Sep-2026 22:01:24","1.44","4.11","14.05","Off","12.842252,77.683111",
"12-Sep-2026 22:01:26","1.44","4.11","14.05","Off","12.842252,77.683111",
"12-Sep-2026 22:01:34","1.44","4.11","14.05","Off","12.842252,77.683111",
"12-Sep-2026 22:02:04","0","4.11","13.98","Off","12.842085,77.683338",
"12-Sep-2026 22:02:34","0","4.11","13.95","Off","12.842227,77.683189",
"12-Sep-2026 22:03:00","0","4.11","13.95","Off","12.842227,77.683189",
"12-Sep-2026 22:03:34","0.88","4.11","13.98","Off","12.842132,77.683311",
"12-Sep-2026 22:04:04","2.28","4.11","13.95","Off","12.842291,77.683355",
"12-Sep-2026 22:05:04","1.13","4.11","13.95","Off","12.842144,77.683168",
"12-Sep-2026 22:06:04","2.51","4.11","13.95","Off","12.842139,77.683166",
"12-Sep-2026 22:07:00","2.51","4.11","13.98","Off","12.842139,77.683166",
"12-Sep-2026 22:09:04","2.51","4.11","14.05","Off","12.842139,77.683166",
"12-Sep-2026 22:09:04","0.16","4.11","14.05","Off","12.842185,77.683193",
"12-Sep-2026 22:10:04","0","4.11","14.03","Off","12.842103,77.683342",
"12-Sep-2026 22:11:04","0","4.11","14","Off","12.842099,77.683346",
"12-Sep-2026 22:12:04","0","4.11","14","Off","12.842155,77.683227",
"12-Sep-2026 22:13:04","0","4.11","13.93","Off","12.842137,77.683206",
"12-Sep-2026 22:13:04","0","4.11","13.93","Off","12.842137,77.683206",
"12-Sep-2026 22:33:43","0","4.11","14.05","Off","12.842137,77.683206",
"12-Sep-2026 22:34:04","0","4.11","14.05","Off","12.842116,77.683249",
"12-Sep-2026 22:35:04","0","4.11","14","Off","12.842285,77.683199",
"12-Sep-2026 22:36:04","0","4.11","14","Off","12.842264,77.683203",
"12-Sep-2026 22:37:04","2.93","4.11","14","Off","12.842262,77.683468",
"12-Sep-2026 22:37:43","2.93","4.11","13.76","Off","12.842262,77.683468",
"12-Sep-2026 22:39:51","2.93","4.11","13.59","Off","12.842262,77.683468",
"12-Sep-2026 22:39:51","2.8","4.11","13.59","Off","12.842272,77.683209",
"12-Sep-2026 22:39:53","2.8","4.11","13.59","On","12.842272,77.683209",
"12-Sep-2026 22:39:53","2.8","4.11","13.59","On","12.842272,77.683209",
"12-Sep-2026 22:40:04","2.8","4.11","13.69","On","12.842272,77.683209",
"12-Sep-2026 22:40:34","0","4.11","13.83","On","12.842307,77.683305",
"12-Sep-2026 22:41:04","0","4.11","13.91","On","12.842328,77.683313",
"12-Sep-2026 22:41:34","0","4.11","13.93","On","12.842173,77.683334",
"12-Sep-2026 22:42:04","9.99","4.11","13.98","On","12.842423,77.683252",
"12-Sep-2026 22:42:27","12.64","4.11","13.98","On","12.842887,77.683177",
"12-Sep-2026 22:42:34","6.4","4.11","13.98","On","12.842904,77.683194",
"12-Sep-2026 22:43:04","0.81","4.11","14","On","12.842429,77.683302",
"12-Sep-2026 22:43:34","4.02","4.11","13.95","On","12.842403,77.683239",
"12-Sep-2026 22:44:04","6.34","4.11","13.95","On","12.842574,77.683106",
"12-Sep-2026 22:44:34","2.91","4.11","13.95","On","12.842545,77.68323",
"12-Sep-2026 22:45:34","5.82","4.11","13.95","On","12.842583,77.683123",
"12-Sep-2026 22:46:04","0.94","4.11","13.98","On","12.842538,77.683178",
"12-Sep-2026 22:46:34","2.36","4.11","13.79","On","12.842431,77.683237",
"12-Sep-2026 22:46:52","7.86","4.11","13.79","On","12.842381,77.683139",
"12-Sep-2026 22:47:04","0.4","4.11","13.59","On","12.84231,77.683125",
"12-Sep-2026 22:47:34","0.26","4.11","13.59","On","12.84233,77.683131",
"12-Sep-2026 22:48:04","6.68","4.11","13.59","On","12.842669,77.682843",
"12-Sep-2026 22:48:17","26.91","4.11","13.59","On","12.842581,77.682554",
"12-Sep-2026 22:48:34","20.08","4.11","13.62","On","12.841947,77.681758",
"12-Sep-2026 22:48:47","5.47","4.11","13.62","On","12.841849,77.681327",
"12-Sep-2026 22:49:04","7.07","4.11","13.59","On","12.842402,77.680856",
"12-Sep-2026 22:49:12","21.3","4.11","13.59","On","12.842358,77.680669",
"12-Sep-2026 22:49:34","30.74","4.11","13.59","On","12.84156,77.679497",
"12-Sep-2026 22:50:04","14.7","4.11","13.59","On","12.840644,77.678057",
"12-Sep-2026 22:50:27","16.7","4.11","13.59","On","12.839965,77.677257",
"12-Sep-2026 22:50:34","22.31","4.11","13.59","On","12.839788,77.67738",
"12-Sep-2026 22:51:04","18.47","4.11","13.57","On","12.837772,77.678711",
"12-Sep-2026 22:51:34","33.79","4.11","13.62","On","12.835784,77.679461",
"12-Sep-2026 22:52:04","40.45","4.11","13.59","On","12.833123,77.68043",
"12-Sep-2026 22:52:34","40.3","4.11","13.59","On","12.830258,77.681317",
"12-Sep-2026 22:53:04","47.04","4.11","13.59","On","12.827001,77.68248",
"12-Sep-2026 22:53:34","44.02","4.11","13.59","On","12.824196,77.684294",
"12-Sep-2026 22:54:04","49.42","4.11","13.57","On","12.821262,77.687",
"12-Sep-2026 22:54:34","42.77","4.11","13.59","On","12.818903,77.689185",
"12-Sep-2026 22:55:04","53.44","4.11","13.54","On","12.815726,77.691743",
"12-Sep-2026 22:55:34","37.3","4.11","13.59","On","12.813799,77.693286",
"12-Sep-2026 22:56:04","60.83","4.11","13.59","On","12.810168,77.696205",
"12-Sep-2026 22:56:34","53.48","4.11","13.57","On","12.807263,77.698512",
"12-Sep-2026 22:57:04","52.17","4.11","13.57","On","12.803864,77.701443",
"12-Sep-2026 22:57:07","54.4","4.11","13.57","On","12.803532,77.701879",
"12-Sep-2026 22:57:34","10.5","4.11","13.54","On","12.802624,77.704435",
"12-Sep-2026 22:57:37","17.03","4.11","13.54","On","12.802597,77.704585",
"12-Sep-2026 22:57:47","10.41","4.11","13.54","On","12.802483,77.705092",
"12-Sep-2026 22:57:52","20.44","4.11","13.54","On","12.802369,77.705118",
"12-Sep-2026 22:58:04","42.16","4.11","13.57","On","12.801542,77.705129",
"12-Sep-2026 22:58:07","39.32","4.11","13.57","On","12.801142,77.705252",
"12-Sep-2026 22:58:17","12.42","4.11","13.57","On","12.800706,77.705391",
"12-Sep-2026 22:58:22","34.22","4.11","13.57","On","12.800477,77.705448",
"12-Sep-2026 22:58:34","31.33","4.11","13.57","On","12.799482,77.705753",
"12-Sep-2026 22:59:04","11.35","4.11","13.59","On","12.79795,77.706238",
"12-Sep-2026 22:59:34","41.16","4.11","13.59","On","12.795782,77.706672",
"12-Sep-2026 22:59:37","42.9","4.11","13.59","On","12.795353,77.706674",
"12-Sep-2026 23:00:04","10.03","4.11","13.59","On","12.792764,77.706178",
"12-Sep-2026 23:00:12","16.87","4.11","13.59","On","12.792545,77.706034",
"12-Sep-2026 23:00:17","29.31","4.11","13.59","On","12.792511,77.705803",
"12-Sep-2026 23:00:34","21","4.11","13.57","On","12.792521,77.704395",
"12-Sep-2026 23:01:04","29.6","4.11","13.59","On","12.79235,77.701682",
"12-Sep-2026 23:01:07","29.6","4.11","13.59","On","12.79235,77.701682",
"12-Sep-2026 23:01:34","27.1","4.11","13.59","On","12.790268,77.701588",
"12-Sep-2026 23:02:04","43.74","4.11","13.59","On","12.788248,77.701593",
"12-Sep-2026 23:02:22","9.47","4.11","13.59","On","12.786821,77.701478",
"12-Sep-2026 23:02:27","19.3","4.11","13.59","On","12.786725,77.70149",
"12-Sep-2026 23:02:34","14.85","4.11","13.59","On","12.786418,77.701511",
"12-Sep-2026 23:02:47","15.47","4.11","13.59","On","12.785623,77.701383",
"12-Sep-2026 23:03:02","35.12","4.11","13.59","On","12.78551,77.699885",
"12-Sep-2026 23:03:04","35.12","4.11","13.57","On","12.78551,77.699885",
"12-Sep-2026 23:03:34","18.46","4.11","13.57","On","12.785457,77.698122",
"12-Sep-2026 23:03:47","7.24","4.11","13.57","On","12.785477,77.697797",
"12-Sep-2026 23:03:57","16.61","4.11","13.57","On","12.785454,77.697452",
"12-Sep-2026 23:04:04","20.29","4.11","13.54","On","12.785444,77.697254",
"12-Sep-2026 23:04:12","6.36","4.11","13.54","On","12.785403,77.696919",
"12-Sep-2026 23:04:27","11.08","4.11","13.54","On","12.785434,77.696932",
"12-Sep-2026 23:04:34","11.95","4.11","13.59","On","12.785445,77.697113",
"12-Sep-2026 23:05:04","32.45","4.11","13.59","On","12.785534,77.698357",
"12-Sep-2026 23:05:34","8.05","4.11","13.57","On","12.785529,77.699704",
"12-Sep-2026 23:05:42","4.02","4.11","13.57","On","12.785537,77.699814",
"12-Sep-2026 23:06:04","0.92","4.11","13.59","On","12.785545,77.699839",
"12-Sep-2026 23:06:34","7.63","4.11","13.57","On","12.785534,77.699559",
"12-Sep-2026 23:07:04","0.16","4.11","13.47","Off","12.785826,77.699575",
"12-Sep-2026 23:07:34","0.14","4.11","13.45","Off","12.785831,77.699575",
"12-Sep-2026 23:08:04","0.24","4.11","13.42","Off","12.785838,77.699578",
"12-Sep-2026 23:08:34","0.39","4.11","13.4","Off","12.785837,77.699576",
"12-Sep-2026 23:08:42","0.39","4.11","13.4","Off","12.785837,77.699576",
"12-Sep-2026 23:09:34","0.49","4.11","13.4","Off","12.78585,77.699604",
"12-Sep-2026 23:10:04","0.52","4.11","13.4","Off","12.785844,77.69961",
"12-Sep-2026 23:11:04","1.3","4.11","13.4","Off","12.78585,77.699615",
"12-Sep-2026 23:12:04","0.53","4.11","13.33","Off","12.785851,77.699625",
"12-Sep-2026 23:12:42","0.53","4.11","13.3","Off","12.785851,77.699625",
"13-Sep-2026 00:01:04","0.53","4.11","13.01","Off","12.785851,77.699625",
"13-Sep-2026 00:01:04","0.82","4.11","13.01","Off","12.785853,77.699629",
"13-Sep-2026 00:01:06","0.82","4.11","13.04","Off","12.785853,77.699629",
"13-Sep-2026 00:02:04","0.61","4.11","12.92","Off","12.785787,77.699555",
"13-Sep-2026 00:02:06","0.61","4.11","12.92","Off","12.785787,77.699555",
"13-Sep-2026 00:03:04","0.1","4.11","12.92","Off","12.785805,77.69953",
"13-Sep-2026 00:04:04","0.58","4.11","12.89","Off","12.785832,77.69953",
"13-Sep-2026 00:05:04","0.66","4.11","12.89","Off","12.78584,77.699522",
"13-Sep-2026 00:06:04","0.38","4.11","12.87","Off","12.785834,77.699542",
"13-Sep-2026 00:06:06","0.38","4.11","12.85","Off","12.785834,77.699542",
"13-Sep-2026 01:06:06","0.38","4.11","12.94","Off","12.785834,77.699542",
"13-Sep-2026 01:06:06","0.54","4.11","12.94","Off","12.785835,77.699536",
"13-Sep-2026 01:07:04","1.04","4.11","12.89","Off","12.785836,77.699523",
"13-Sep-2026 01:08:04","0.03","4.11","12.8","Off","12.785823,77.699547",
"13-Sep-2026 01:09:04","0.14","4.11","12.8","Off","12.785833,77.699548",
"13-Sep-2026 01:10:04","0.21","4.11","12.77","Off","12.785837,77.699552",
"13-Sep-2026 01:10:06","0.21","4.11","12.77","Off","12.785837,77.699552",
"13-Sep-2026 02:10:06","0.21","4.11","12.89","Off","12.785837,77.699552",
"13-Sep-2026 02:10:06","0.16","4.11","12.89","Off","12.785836,77.699553",
"13-Sep-2026 02:11:04","1.21","4.11","12.85","Off","12.785893,77.69958",
"13-Sep-2026 02:12:04","0.82","4.11","12.8","Off","12.785835,77.699551",
"13-Sep-2026 02:13:04","0.77","4.11","12.8","Off","12.785846,77.69954",
"13-Sep-2026 02:14:04","0.64","4.11","12.77","Off","12.785847,77.699537",
"13-Sep-2026 02:14:06","0.64","4.11","12.77","Off","12.785847,77.699537",
"13-Sep-2026 03:14:06","0.64","4.11","12.92","Off","12.785847,77.699537",
"13-Sep-2026 03:14:06","1.77","4.11","12.92","Off","12.785854,77.69954",
"13-Sep-2026 03:16:04","0.41","4.11","12.85","Off","12.785865,77.699579",
"13-Sep-2026 03:17:04","0.64","4.11","12.8","Off","12.785874,77.699597",
"13-Sep-2026 03:18:04","0.31","4.11","12.77","Off","12.785871,77.69965",
"13-Sep-2026 03:18:06","0.31","4.11","12.77","Off","12.785871,77.69965",
"13-Sep-2026 04:18:06","0.31","4.11","12.92","Off","12.785871,77.69965",
"13-Sep-2026 04:18:06","0.29","4.11","12.92","Off","12.785877,77.69965",
"13-Sep-2026 04:19:04","1.07","4.11","12.85","Off","12.78582,77.699515",
"13-Sep-2026 04:20:04","3.04","4.11","12.82","Off","12.785817,77.69953",
"13-Sep-2026 04:21:04","1.03","4.11","12.8","Off","12.785809,77.699499",
"13-Sep-2026 04:22:04","0.63","4.11","12.77","Off","12.785803,77.699548",
"13-Sep-2026 04:22:06","0.63","4.11","12.8","Off","12.785803,77.699548",
"13-Sep-2026 05:22:06","0.63","4.11","12.87","Off","12.785803,77.699548",
"13-Sep-2026 05:22:06","0.83","4.11","12.87","Off","12.785801,77.699546",
"13-Sep-2026 05:23:04","0.2","4.11","12.85","Off","12.785893,77.699692",
"13-Sep-2026 05:24:04","2.58","4.11","12.8","Off","12.785894,77.699523",
"13-Sep-2026 05:25:04","0.58","4.11","12.8","Off","12.785892,77.699548",
"13-Sep-2026 05:26:04","3.1","4.11","12.77","Off","12.785882,77.699547",
"13-Sep-2026 05:26:06","3.1","4.11","12.77","Off","12.785882,77.699547",
"13-Sep-2026 06:26:07","3.1","4.11","12.72","Off","12.785882,77.699547",
"13-Sep-2026 06:26:07","2.53","4.11","12.72","Off","12.785878,77.699544",
"13-Sep-2026 06:28:04","0.09","4.11","12.68","Off","12.785872,77.699532",
"13-Sep-2026 06:29:04","0.8","4.11","12.65","Off","12.785855,77.699546",
"13-Sep-2026 06:30:04","0.46","4.11","12.63","Off","12.785875,77.699544",
"13-Sep-2026 06:30:07","0.46","4.11","12.63","Off","12.785875,77.699544",
"13-Sep-2026 06:54:49","0.46","4.11","12.72","On","12.785875,77.699544",
"13-Sep-2026 06:54:49","0.46","4.11","12.72","On","12.785875,77.699544",
"13-Sep-2026 06:54:49","1.66","4.11","12.72","On","12.785876,77.699544",
"13-Sep-2026 06:55:04","1.66","4.11","13.4","On","12.785876,77.699544",
"13-Sep-2026 06:56:04","28.85","4.11","13.95","On","12.785632,77.701298",
"13-Sep-2026 06:56:24","17.1","4.11","13.95","On","12.785853,77.702166",
"13-Sep-2026 06:56:34","8.53","4.11","13.98","On","12.786013,77.702388",
"13-Sep-2026 06:57:04","19.03","4.11","13.98","On","12.786133,77.70257",
"13-Sep-2026 06:57:09","5.13","4.11","13.98","On","12.786254,77.702736",
"13-Sep-2026 06:57:34","6.56","4.11","13.98","On","12.786445,77.703113",
"13-Sep-2026 06:58:04","1.95","4.11","14","On","12.786455,77.703124",
"13-Sep-2026 06:58:34","0.84","4.11","13.98","On","12.786454,77.703109",
"13-Sep-2026 06:59:04","14.82","4.11","13.93","On","12.786999,77.703239",
"13-Sep-2026 06:59:14","13.94","4.11","13.93","On","12.787189,77.703101",
"13-Sep-2026 06:59:34","17.71","4.11","13.93","On","12.787389,77.701782",
"13-Sep-2026 06:59:49","8.16","4.11","13.93","On","12.787357,77.701515",
"13-Sep-2026 06:59:54","20.24","4.11","13.93","On","12.787196,77.70152",
"13-Sep-2026 07:00:04","2.23","4.11","13.95","On","12.786824,77.701515",
"13-Sep-2026 07:00:14","10.02","4.11","13.95","On","12.786509,77.701516",
"13-Sep-2026 07:00:24","12.83","4.11","13.95","On","12.786361,77.701528",
"13-Sep-2026 07:00:34","7.2","4.11","13.98","On","12.785784,77.701459",
"13-Sep-2026 07:00:39","16","4.11","13.98","On","12.785674,77.701435",
"13-Sep-2026 07:00:44","36.27","4.11","13.98","On","12.785608,77.701139",
"13-Sep-2026 07:01:04","8.9","4.11","13.93","On","12.785526,77.699916",
"13-Sep-2026 07:01:04","8.9","4.11","13.93","On","12.785526,77.699916",
"13-Sep-2026 07:01:34","0.34","4.11","13.95","On","12.785544,77.699902",
"13-Sep-2026 07:01:54","17.64","4.11","13.95","On","12.785496,77.699697",
"13-Sep-2026 07:02:04","56.09","4.11","13.95","On","12.785461,77.698808",
"13-Sep-2026 07:02:14","7.91","4.11","13.95","On","12.785439,77.6978",
"13-Sep-2026 07:02:29","16.27","4.11","13.95","On","12.785472,77.697888",
"13-Sep-2026 07:02:34","21.93","4.11","13.95","On","12.785522,77.698127",
"13-Sep-2026 07:03:04","12.84","4.11","13.98","On","12.785528,77.699552",
"13-Sep-2026 07:03:34","0.63","4.11","13.98","On","12.78555,77.699859",
"13-Sep-2026 07:04:04","0.64","4.11","13.88","Off","12.785554,77.699889",
"13-Sep-2026 07:04:29","0.07","4.11","13.88","Off","12.785557,77.699883",
"13-Sep-2026 07:04:34","0.82","4.11","13.66","Off","12.785556,77.699886",
"13-Sep-2026 07:05:04","0.55","4.11","13.57","Off","12.785569,77.69987",
"13-Sep-2026 07:05:28","0.55","4.11","13.52","Off","12.785569,77.69987",
"13-Sep-2026 07:05:49","0.55","4.11","13.52","Off","12.785569,77.69987",
"13-Sep-2026 07:05:49","0.55","4.11","13.52","Off","12.785564,77.699876",
"13-Sep-2026 07:06:04","0.97","4.11","13.5","Off","12.785571,77.699882",
"13-Sep-2026 07:06:34","0.39","4.11","13.45","Off","12.785563,77.699882",
"13-Sep-2026 07:07:04","0.49","4.11","13.4","Off","12.78556,77.699887",
"13-Sep-2026 07:07:21","0.49","4.11","13.35","Off","12.78556,77.699887",
"13-Sep-2026 07:08:04","0.08","4.11","13.38","Off","12.785572,77.699895",
"13-Sep-2026 07:09:04","1.48","4.11","13.35","Off","12.785569,77.699871",
"13-Sep-2026 07:10:04","0.13","4.11","13.28","Off","12.785572,77.699864",
"13-Sep-2026 07:11:04","0.56","4.11","13.23","Off","12.785563,77.699855",
"13-Sep-2026 07:11:21","0.56","4.11","13.26","Off","12.785563,77.699855",
"13-Sep-2026 07:20:19","0.56","4.11","13.21","Off","12.785563,77.699855",
"13-Sep-2026 07:20:19","0.24","4.11","13.21","Off","12.785564,77.699858",
"13-Sep-2026 07:21:04","0.84","4.11","13.18","Off","12.785526,77.699885",
"13-Sep-2026 07:22:04","1.32","4.11","13.13","Off","12.785547,77.699909",
"13-Sep-2026 07:22:29","1.32","4.11","13.13","On","12.785547,77.699909",
"13-Sep-2026 07:22:34","0.29","4.11","13.23","On","12.785547,77.699905",
"13-Sep-2026 07:23:04","7.04","4.11","13.86","On","12.78551,77.700009",
"13-Sep-2026 07:23:14","16.48","4.11","13.86","On","12.785526,77.700225",
"13-Sep-2026 07:23:34","27.9","4.11","13.93","On","12.785638,77.701152",
"13-Sep-2026 07:23:39","21.22","4.11","13.93","On","12.785761,77.701418",
"13-Sep-2026 07:23:44","33.78","4.11","13.93","On","12.785987,77.701408",
"13-Sep-2026 07:24:04","13.23","4.11","13.95","On","12.786921,77.701478",
"13-Sep-2026 07:24:09","21.83","4.11","13.95","On","12.787096,77.701486",
"13-Sep-2026 07:24:24","38.35","4.11","13.95","On","12.787985,77.701445",
"13-Sep-2026 07:24:29","36.86","4.11","13.95","On","12.788357,77.701472",
"13-Sep-2026 07:24:34","39.28","4.11","13.95","On","12.788756,77.701475",
"13-Sep-2026 07:24:39","43","4.11","13.95","On","12.789579,77.701541",
"13-Sep-2026 07:24:49","18.72","4.11","13.95","On","12.789901,77.70151",
"13-Sep-2026 07:24:54","20.78","4.11","13.95","On","12.790121,77.701538",
"13-Sep-2026 07:25:04","38.22","4.11","13.95","On","12.790851,77.701552",
"13-Sep-2026 07:25:14","6.45","4.11","13.95","On","12.791385,77.701584",
"13-Sep-2026 07:25:34","19.04","4.11","13.95","On","12.792449,77.701543",
"13-Sep-2026 07:25:34","19.04","4.11","13.95","On","12.792449,77.701543",
"13-Sep-2026 07:25:39","24.62","4.11","13.95","On","12.792662,77.701959",
"13-Sep-2026 07:26:04","6.27","4.11","13.95","On","12.792625,77.703855",
"13-Sep-2026 07:26:34","9.59","4.11","13.95","On","12.792616,77.705892",
"13-Sep-2026 07:26:39","37.06","4.11","13.95","On","12.793007,77.706139",
"13-Sep-2026 07:27:04","40.16","4.11","13.98","On","12.795548,77.706605",
"13-Sep-2026 07:27:09","40","4.11","13.98","On","12.795913,77.706574",
"13-Sep-2026 07:27:34","19.87","4.11","13.95","On","12.797743,77.706236",
"13-Sep-2026 07:28:04","9.67","4.11","13.98","On","12.800276,77.705391",
"13-Sep-2026 07:28:34","13.57","4.11","13.98","On","12.802024,77.704853",
"13-Sep-2026 07:28:34","13.57","4.11","13.98","On","12.802024,77.704853",
"13-Sep-2026 07:28:44","8.48","4.11","13.98","On","12.802161,77.704659",
"13-Sep-2026 07:28:59","41.43","4.11","13.98","On","12.802432,77.703738",
"13-Sep-2026 07:29:04","44.69","4.11","13.95","On","12.802494,77.703294",
"13-Sep-2026 07:29:19","43.8","4.11","13.95","On","12.803284,77.701675",
"13-Sep-2026 07:29:34","46.62","4.11","13.98","On","12.804225,77.700707",
"13-Sep-2026 07:29:34","46.62","4.11","13.98","On","12.804225,77.700707",
"13-Sep-2026 07:30:04","48.67","4.11","13.98","On","12.806872,77.698611",
"13-Sep-2026 07:30:34","46.33","4.11","13.98","On","12.809509,77.696551",
"13-Sep-2026 07:31:04","58.67","4.11","13.95","On","12.812995,77.69369",
"13-Sep-2026 07:31:34","11.91","4.11","13.95","On","12.815048,77.691941",
"13-Sep-2026 07:32:04","41.8","4.11","13.98","On","12.816817,77.690526",
"13-Sep-2026 07:32:34","16.24","4.11","13.95","On","12.818696,77.688852",
"13-Sep-2026 07:32:34","16.24","4.11","13.95","On","12.818696,77.688852",
"13-Sep-2026 07:33:04","38.3","4.11","13.95","On","12.816972,77.686986",
"13-Sep-2026 07:33:34","13.57","4.11","13.95","On","12.81521,77.685007",
"13-Sep-2026 07:34:04","15.5","4.11","13.98","On","12.814315,77.684044",
"13-Sep-2026 07:34:34","14.69","4.11","13.95","On","12.813057,77.682698",
"13-Sep-2026 07:34:44","7.94","4.11","13.95","On","12.812875,77.682687",
"13-Sep-2026 07:35:04","16.31","4.11","13.98","On","12.812417,77.683144",
"13-Sep-2026 07:35:34","45","4.11","13.98","On","12.809907,77.685509",
"13-Sep-2026 07:36:04","3.85","4.11","13.98","On","12.80857,77.686932",
"13-Sep-2026 07:36:34","0.58","4.11","13.98","On","12.80855,77.686951",
"13-Sep-2026 07:37:04","0.49","4.11","13.98","On","12.80857,77.686942",
"13-Sep-2026 07:37:34","1.95","4.11","13.98","On","12.808522,77.686953",
"13-Sep-2026 07:38:04","0.05","4.11","13.98","On","12.808468,77.686944",
"13-Sep-2026 07:38:34","0.37","4.11","13.98","On","12.808451,77.686923",
"13-Sep-2026 07:39:04","0.81","4.11","13.95","On","12.808444,77.686938",
"13-Sep-2026 07:39:34","0.5","4.11","13.91","On","12.80849,77.686963",
"13-Sep-2026 07:40:04","2.19","4.11","13.98","On","12.808441,77.68693",
"13-Sep-2026 07:40:34","1.02","4.11","14","On","12.808438,77.686918",
"13-Sep-2026 07:41:04","3.47","4.11","14.03","On","12.808444,77.686922",
"13-Sep-2026 07:41:34","4","4.11","14","On","12.808427,77.686875",
"13-Sep-2026 07:42:04","3.07","4.11","14","On","12.808359,77.686767",
"13-Sep-2026 07:42:34","2.05","4.11","13.98","On","12.808405,77.686829",
"13-Sep-2026 07:43:04","0.57","4.11","13.98","On","12.808391,77.686845",
"13-Sep-2026 07:43:34","2.09","4.11","13.98","On","12.808433,77.686847",
"13-Sep-2026 07:44:04","1.88","4.11","14","On","12.808415,77.686848",
"13-Sep-2026 07:44:34","2.41","4.11","14","On","12.808418,77.686828",
"13-Sep-2026 07:45:04","0.61","4.11","13.95","On","12.808475,77.686876",
"13-Sep-2026 07:45:34","0.35","4.11","13.98","On","12.808483,77.686898",
"13-Sep-2026 07:46:04","0.51","4.11","14","On","12.808484,77.686892",
"13-Sep-2026 07:46:34","1.08","4.11","14","On","12.808495,77.686887",
"13-Sep-2026 07:47:04","0.48","4.11","14.03","On","12.808533,77.686944",
"13-Sep-2026 07:47:34","0.42","4.11","13.98","On","12.808539,77.686968",
"13-Sep-2026 07:48:04","0.22","4.11","14","On","12.808535,77.686962",
"13-Sep-2026 07:48:34","1.82","4.11","14","On","12.808513,77.686962",
"13-Sep-2026 07:49:04","2.6","4.11","14.03","On","12.808466,77.686917",
"13-Sep-2026 07:49:34","1.42","4.11","14","On","12.808475,77.686892",
"13-Sep-2026 07:50:04","0.8","4.11","14","On","12.808446,77.686877",
"13-Sep-2026 07:50:34","1.5","4.11","14","On","12.808457,77.686894",
"13-Sep-2026 07:51:04","2.79","4.11","14","On","12.808459,77.686904",
"13-Sep-2026 07:51:34","0.9","4.11","14","On","12.808448,77.686921",
"13-Sep-2026 07:52:04","3.06","4.11","14","On","12.808396,77.686935",
"13-Sep-2026 07:52:34","0.39","4.11","13.98","On","12.808367,77.686898",
"13-Sep-2026 07:53:04","1.2","4.11","13.95","On","12.808385,77.686902",
"13-Sep-2026 07:53:34","2.33","4.11","13.98","On","12.808405,77.686909",
"13-Sep-2026 07:54:04","2.6","4.11","14","On","12.808393,77.6869",
"13-Sep-2026 07:54:34","0.43","4.11","14","On","12.808359,77.686903",
"13-Sep-2026 07:55:04","1.17","4.11","14","On","12.808371,77.68691",
"13-Sep-2026 07:55:34","4.52","4.11","13.98","On","12.808407,77.686901",
"13-Sep-2026 07:56:04","2.21","4.11","14","On","12.80844,77.686903",
"13-Sep-2026 07:56:34","3.39","4.11","14.03","On","12.808464,77.686913",
"13-Sep-2026 07:57:04","1.47","4.11","14.03","On","12.808446,77.686896",
"13-Sep-2026 07:57:34","1.71","4.11","14","On","12.808522,77.686929",
"13-Sep-2026 07:58:04","1.87","4.11","13.98","On","12.808509,77.686934",
"13-Sep-2026 07:58:34","1.4","4.11","14","On","12.808481,77.686874",
"13-Sep-2026 07:59:04","0.34","4.11","14","On","12.808477,77.686878",
"13-Sep-2026 07:59:34","0.22","4.11","14.03","On","12.808462,77.686867",
"13-Sep-2026 07:59:54","12.24","4.11","14.03","On","12.808466,77.686697",
"13-Sep-2026 07:59:59","26.19","4.11","14.03","On","12.808618,77.686542",
"13-Sep-2026 08:00:04","28.6","4.11","13.98","On","12.808801,77.686369",
"13-Sep-2026 08:00:34","40.7","4.11","13.95","On","12.811018,77.684376",
"13-Sep-2026 08:01:04","6.74","4.11","13.98","On","12.812838,77.682665",
"13-Sep-2026 08:01:14","10.17","4.11","13.98","On","12.813015,77.682583",
"13-Sep-2026 08:01:19","14.46","4.11","13.98","On","12.813163,77.682684",
"13-Sep-2026 08:01:34","3.22","4.11","13.95","On","12.813292,77.682742",
"13-Sep-2026 08:01:34","3.22","4.11","13.95","On","12.813292,77.682742",
"13-Sep-2026 08:01:39","17.7","4.11","13.95","On","12.813356,77.682784",
"13-Sep-2026 08:02:04","22.82","4.11","13.98","On","12.814654,77.68436",
"13-Sep-2026 08:02:34","52.16","4.11","13.95","On","12.816041,77.68586",
"13-Sep-2026 08:03:04","17.24","4.11","13.95","On","12.818013,77.687972",
"13-Sep-2026 08:03:34","3.59","4.11","13.98","On","12.818927,77.688901",
"13-Sep-2026 08:03:47","5.92","4.11","13.98","On","12.81898,77.688979",
"13-Sep-2026 08:04:02","17.26","4.11","13.98","On","12.818856,77.689398",
"13-Sep-2026 08:04:04","24.17","4.11","13.98","On","12.818643,77.689573",
"13-Sep-2026 08:04:34","33.26","4.11","13.95","On","12.816957,77.690909",
"13-Sep-2026 08:05:04","40.19","4.11","13.98","On","12.814649,77.69275",
"13-Sep-2026 08:05:34","52.73","4.11","13.95","On","12.812312,77.694474",
"13-Sep-2026 08:06:04","54.63","4.11","13.95","On","12.808919,77.697189",
"13-Sep-2026 08:06:34","47.29","4.11","13.95","On","12.806494,77.699153",
"13-Sep-2026 08:07:04","39.86","4.11","13.98","On","12.803803,77.701536",
"13-Sep-2026 08:07:12","41.22","4.11","13.98","On","12.803325,77.702217",
"13-Sep-2026 08:07:34","26.03","4.11","13.98","On","12.802738,77.703918",
"13-Sep-2026 08:07:37","12.24","4.11","13.98","On","12.802727,77.704115",
"13-Sep-2026 08:08:04","21.32","4.11","13.98","On","12.802625,77.704792",
"13-Sep-2026 08:08:17","12.1","4.11","13.98","On","12.802506,77.705125",
"13-Sep-2026 08:08:22","17.81","4.11","13.98","On","12.802337,77.705075",
"13-Sep-2026 08:08:32","27.13","4.11","13.98","On","12.801676,77.70513",
"13-Sep-2026 08:08:34","27.13","4.11","13.98","On","12.801676,77.70513",
"13-Sep-2026 08:09:04","31.15","4.11","13.98","On","12.799629,77.705759",
"13-Sep-2026 08:09:34","11.74","4.11","13.95","On","12.797836,77.706305",
"13-Sep-2026 08:10:04","29","4.11","13.98","On","12.795963,77.706694",
"13-Sep-2026 08:10:12","30.38","4.11","13.98","On","12.795333,77.706698",
"13-Sep-2026 08:10:34","28.91","4.11","13.95","On","12.793802,77.706383",
"13-Sep-2026 08:11:04","7.85","4.11","13.98","On","12.792554,77.70612",
"13-Sep-2026 08:11:34","27.94","4.11","13.95","On","12.791362,77.705888",
"13-Sep-2026 08:11:57","28.07","4.11","13.95","On","12.789578,77.705411",
"13-Sep-2026 08:12:04","32.32","4.11","13.98","On","12.789132,77.705011",
"13-Sep-2026 08:12:34","21.98","4.11","13.98","On","12.788196,77.704076",
"13-Sep-2026 08:13:04","30.28","4.11","13.98","On","12.786805,77.703282",
"13-Sep-2026 08:13:07","30.28","4.11","13.98","On","12.786805,77.703282",
"13-Sep-2026 08:13:12","5.48","4.11","13.98","On","12.786535,77.703228",
"13-Sep-2026 08:13:34","0.54","4.11","13.91","On","12.786593,77.703208",
"13-Sep-2026 08:14:04","0.46","4.11","13.93","On","12.786609,77.703201",
"13-Sep-2026 08:14:34","1.19","4.11","13.91","On","12.786509,77.703196",
"13-Sep-2026 08:14:52","14.09","4.11","13.91","On","12.786315,77.702881",
"13-Sep-2026 08:15:04","10.53","4.11","13.98","On","12.7861,77.702552",
"13-Sep-2026 08:15:17","20.63","4.11","13.98","On","12.7859,77.702257",
"13-Sep-2026 08:15:22","20.41","4.11","13.98","On","12.785759,77.702037",
"13-Sep-2026 08:15:34","19.28","4.11","13.98","On","12.785621,77.701469",
"13-Sep-2026 08:15:47","38.72","4.11","13.98","On","12.785535,77.700581",
"13-Sep-2026 08:16:04","0.12","4.11","13.88","Off","12.785535,77.699849",
"13-Sep-2026 08:16:34","0.17","4.11","13.76","Off","12.78554,77.699845",
"13-Sep-2026 08:17:04","0.1","4.11","13.74","Off","12.785542,77.699848",
"13-Sep-2026 08:17:34","0.13","4.11","13.69","Off","12.78554,77.699842",
"13-Sep-2026 08:17:47","6.01","4.11","13.69","Off","12.785521,77.699826",
"13-Sep-2026 08:18:02","15.4","4.11","13.69","Off","12.785507,77.699962",
"13-Sep-2026 08:18:04","12.69","4.11","13.88","On","12.785512,77.700085",
"13-Sep-2026 08:18:32","21.19","4.11","13.88","On","12.785818,77.701423",
"13-Sep-2026 08:18:34","21.19","4.11","13.93","On","12.785818,77.701423",
"13-Sep-2026 08:18:42","22.2","4.11","13.93","On","12.786382,77.701459",
"13-Sep-2026 08:18:47","2.64","4.11","13.93","On","12.786476,77.701471",
"13-Sep-2026 08:19:04","16.21","4.11","13.95","On","12.787264,77.701517",
"13-Sep-2026 08:19:17","21.96","4.11","13.95","On","12.787441,77.701737",
"13-Sep-2026 08:19:34","10.97","4.11","13.93","On","12.787219,77.702861",
"13-Sep-2026 08:19:47","8.55","4.11","13.93","On","12.787176,77.703247",
"13-Sep-2026 08:19:52","25.76","4.11","13.93","On","12.787469,77.703393",
"13-Sep-2026 08:20:04","36.34","4.11","13.93","On","12.78822,77.704011",
"13-Sep-2026 08:20:34","26.82","4.11","13.93","On","12.790751,77.705646",
"13-Sep-2026 08:20:37","32.9","4.11","13.93","On","12.79103,77.705708",
"13-Sep-2026 08:21:04","24.82","4.11","13.93","On","12.792563,77.706053",
"13-Sep-2026 08:21:34","29.08","4.11","13.95","On","12.79506,77.706558",
"13-Sep-2026 08:21:42","24.22","4.11","13.95","On","12.795521,77.706605",
"13-Sep-2026 08:22:04","38.3","4.11","13.95","On","12.79704,77.706425",
"13-Sep-2026 08:22:34","32.71","4.11","13.95","On","12.799379,77.705732",
"13-Sep-2026 08:23:04","34.89","4.11","13.98","On","12.80139,77.705106",
"13-Sep-2026 08:23:12","21.57","4.11","13.98","On","12.802088,77.704801",
"13-Sep-2026 08:23:27","8.31","4.11","13.98","On","12.802331,77.704516",
"13-Sep-2026 08:23:32","13.16","4.11","13.98","On","12.802576,77.704564",
"13-Sep-2026 08:23:34","13.16","4.11","13.95","On","12.802576,77.704564",
"13-Sep-2026 08:24:04","44.19","4.11","13.95","On","12.804277,77.705133",
"13-Sep-2026 08:24:34","41.39","4.11","13.98","On","12.807754,77.707112",
"13-Sep-2026 08:24:42","39.75","4.11","13.98","On","12.808275,77.707632",
"13-Sep-2026 08:25:04","29.51","4.11","13.95","On","12.808877,77.709182",
"13-Sep-2026 08:25:27","26.87","4.11","13.95","On","12.809671,77.710485",
"13-Sep-2026 08:25:34","22.19","4.11","13.95","On","12.809805,77.710926",
"13-Sep-2026 08:26:04","42.81","4.11","13.95","On","12.811464,77.712604",
"13-Sep-2026 08:26:07","48.12","4.11","13.95","On","12.811856,77.712816",
"13-Sep-2026 08:26:17","45.08","4.11","13.95","On","12.813081,77.713348",
"13-Sep-2026 08:26:34","36.18","4.11","13.95","On","12.814495,77.714704",
"13-Sep-2026 08:26:37","36.36","4.11","13.95","On","12.814809,77.714703",
"13-Sep-2026 08:26:47","37.17","4.11","13.95","On","12.815516,77.714598",
"13-Sep-2026 08:26:52","42.04","4.11","13.95","On","12.815716,77.714936",
"13-Sep-2026 08:26:57","39.19","4.11","13.95","On","12.816057,77.715609",
"13-Sep-2026 08:27:04","41.84","4.11","13.95","On","12.816465,77.715737",
"13-Sep-2026 08:27:07","33.25","4.11","13.95","On","12.816776,77.715899",
"13-Sep-2026 08:27:22","42.58","4.11","13.95","On","12.817572,77.717231",
"13-Sep-2026 08:27:34","46.83","4.11","13.95","On","12.818981,77.717681",
"13-Sep-2026 08:27:37","40.82","4.11","13.95","On","12.819404,77.717658",
"13-Sep-2026 08:27:47","28.38","4.11","13.95","On","12.820172,77.717561",
"13-Sep-2026 08:27:52","31.6","4.11","13.95","On","12.82032,77.717744",
"13-Sep-2026 08:28:04","21.09","4.11","13.93","On","12.820784,77.718719",
"13-Sep-2026 08:28:07","10.92","4.11","13.93","On","12.820899,77.718825",
"13-Sep-2026 08:28:12","20.1","4.11","13.93","On","12.821041,77.718798",
"13-Sep-2026 08:28:17","22.53","4.11","13.93","On","12.821433,77.718796",
"13-Sep-2026 08:28:34","28.1","4.11","13.98","On","12.822472,77.71924",
"13-Sep-2026 08:28:37","31.5","4.11","13.98","On","12.822773,77.719263",
"13-Sep-2026 08:28:42","34.94","4.11","13.98","On","12.823131,77.719289",
"13-Sep-2026 08:29:02","30.19","4.11","13.98","On","12.82486,77.719391",
"13-Sep-2026 08:29:04","30.19","4.11","13.95","On","12.82486,77.719391",
"13-Sep-2026 08:29:07","34.78","4.11","13.95","On","12.825176,77.71932",
"13-Sep-2026 08:29:17","36.73","4.11","13.95","On","12.826229,77.719145",
"13-Sep-2026 08:29:34","37.77","4.11","13.95","On","12.827812,77.719445",
"13-Sep-2026 08:29:47","23.11","4.11","13.95","On","12.828881,77.719798",
"13-Sep-2026 08:29:57","34.03","4.11","13.95","On","12.829821,77.719889",
"13-Sep-2026 08:30:04","33.88","4.11","13.95","On","12.830159,77.719855",
"13-Sep-2026 08:30:07","38.68","4.11","13.95","On","12.830531,77.719858",
"13-Sep-2026 08:30:17","35.13","4.11","13.95","On","12.83151,77.719913",
"13-Sep-2026 08:30:34","39.68","4.11","13.95","On","12.833094,77.719705",
"13-Sep-2026 08:30:37","37.86","4.11","13.95","On","12.833434,77.719529",
"13-Sep-2026 08:30:52","32.55","4.11","13.95","On","12.834395,77.718945",
"13-Sep-2026 08:30:57","20.98","4.11","13.95","On","12.83493,77.718914",
"13-Sep-2026 08:31:02","29.4","4.11","13.95","On","12.835082,77.7191",
"13-Sep-2026 08:31:04","29.4","4.11","13.98","On","12.835082,77.7191",
"13-Sep-2026 08:31:34","4.9","4.11","13.95","On","12.836019,77.721246",
"13-Sep-2026 08:32:04","0.42","4.11","13.98","On","12.836022,77.721256",
"13-Sep-2026 08:32:34","0.27","4.11","13.95","On","12.836019,77.721251",
"13-Sep-2026 08:33:02","3.76","4.11","13.95","On","12.836031,77.721262",
"13-Sep-2026 08:33:04","3.76","4.11","13.95","On","12.836031,77.721262",
"13-Sep-2026 08:33:17","36.85","4.11","13.95","On","12.836209,77.721919",
"13-Sep-2026 08:33:34","38.93","4.11","13.95","On","12.837033,77.723554",
"13-Sep-2026 08:33:47","42.62","4.11","13.95","On","12.837808,77.724541",
"13-Sep-2026 08:34:04","38.31","4.11","13.98","On","12.838833,77.725784",
"13-Sep-2026 08:34:22","25.39","4.11","13.98","On","12.839932,77.726527",
"13-Sep-2026 08:34:34","28.64","4.11","13.95","On","12.840785,77.726709",
"13-Sep-2026 08:35:04","16.35","4.11","13.95","On","12.842562,77.727355",
"13-Sep-2026 08:35:22","0.28","4.11","13.95","On","12.843335,77.727508",
"13-Sep-2026 08:35:32","11.15","4.11","13.95","On","12.843405,77.727514",
"13-Sep-2026 08:35:34","21.27","4.11","13.98","On","12.843582,77.72754",
"13-Sep-2026 08:36:04","43.69","4.11","13.98","On","12.846362,77.72797",
"13-Sep-2026 08:36:34","46.71","4.11","13.98","On","12.849951,77.728905",
"13-Sep-2026 08:37:04","46.34","4.11","13.98","On","12.853097,77.73008",
"13-Sep-2026 08:37:34","34.28","4.11","13.95","On","12.856204,77.731314",
"13-Sep-2026 08:38:04","48.8","4.11","13.95","On","12.859903,77.732165",
"13-Sep-2026 08:38:17","42.71","4.11","13.95","On","12.861287,77.732345",
"13-Sep-2026 08:38:27","47.78","4.11","13.95","On","12.86266,77.731968",
"13-Sep-2026 08:38:34","46.42","4.11","13.95","On","12.863131,77.732022",
"13-Sep-2026 08:38:57","23.9","4.11","13.95","On","12.86523,77.732477",
"13-Sep-2026 08:39:04","42.07","4.11","13.98","On","12.865844,77.73272",
"13-Sep-2026 08:39:34","54.91","4.11","13.95","On","12.869101,77.733539",
"13-Sep-2026 08:39:47","60.04","4.11","13.95","On","12.871413,77.733826",
"13-Sep-2026 08:39:57","58.66","4.11","13.95","On","12.872599,77.733835",
"13-Sep-2026 08:40:04","52.46","4.11","13.95","On","12.873827,77.734166",
"13-Sep-2026 08:40:07","52.96","4.11","13.95","On","12.874301,77.734407",
"13-Sep-2026 08:40:34","47.15","4.11","13.95","On","12.877038,77.735747",
"13-Sep-2026 08:41:04","47.5","4.11","13.98","On","12.88089,77.736923",
"13-Sep-2026 08:41:34","49.68","4.11","13.98","On","12.884423,77.737636",
"13-Sep-2026 08:42:04","13.05","4.11","13.95","On","12.887173,77.738321",
"13-Sep-2026 08:42:34","0.12","4.11","13.98","On","12.887206,77.738317",
"13-Sep-2026 08:43:04","0.49","4.11","13.98","On","12.887227,77.738309",
"13-Sep-2026 08:43:34","0.43","4.11","13.98","On","12.887234,77.738298",
"13-Sep-2026 08:44:04","19.15","4.11","14","On","12.887455,77.738525",
"13-Sep-2026 08:44:07","31.15","4.11","14","On","12.887446,77.738771",
"13-Sep-2026 08:44:34","47.96","4.11","13.95","On","12.887073,77.741436",
"13-Sep-2026 08:45:04","46.88","4.11","13.98","On","12.885696,77.745005",
"13-Sep-2026 08:45:34","47.59","4.11","13.95","On","12.884732,77.748006",
"13-Sep-2026 08:46:04","36.39","4.11","13.93","On","12.883594,77.751581",
"13-Sep-2026 08:46:12","16.02","4.11","13.93","On","12.883469,77.75211",
"13-Sep-2026 08:46:17","8.91","4.11","13.93","On","12.883549,77.752182",
"13-Sep-2026 08:46:22","15.5","4.11","13.93","On","12.88366,77.752185",
"13-Sep-2026 08:46:34","32.99","4.11","13.93","On","12.884348,77.751982",
"13-Sep-2026 08:47:02","21.96","4.11","13.93","On","12.886278,77.751151",
"13-Sep-2026 08:47:04","12.09","4.11","13.95","On","12.886387,77.751045",
"13-Sep-2026 08:47:34","40.26","4.11","13.98","On","12.888748,77.750123",
"13-Sep-2026 08:47:42","44.53","4.11","13.98","On","12.889579,77.74991",
"13-Sep-2026 08:48:04","42.28","4.11","13.95","On","12.891997,77.749406",
"13-Sep-2026 08:48:34","49.8","4.11","13.98","On","12.895238,77.748728",
"13-Sep-2026 08:49:04","52.75","4.11","13.98","On","12.899479,77.748004",
"13-Sep-2026 08:49:34","59.5","4.11","13.98","On","12.903325,77.7472",
"13-Sep-2026 08:50:04","51.61","4.11","13.95","On","12.907578,77.74599",
"13-Sep-2026 08:50:07","52.79","4.11","13.95","On","12.907982,77.745657",
"13-Sep-2026 08:50:34","59.34","4.11","13.95","On","12.910212,77.742837",
"13-Sep-2026 08:51:02","57.25","4.11","13.95","On","12.913107,77.739643",
"13-Sep-2026 08:51:04","56.8","4.11","13.95","On","12.913631,77.739355",
"13-Sep-2026 08:51:34","49.13","4.11","13.98","On","12.917031,77.737399",
"13-Sep-2026 08:51:57","32.31","4.11","13.98","On","12.919233,77.736475",
"13-Sep-2026 08:52:04","31.62","4.11","13.93","On","12.919922,77.73643",
"13-Sep-2026 08:52:17","11.97","4.11","13.93","On","12.920587,77.73639",
"13-Sep-2026 08:52:22","13.14","4.11","13.93","On","12.92072,77.736384",
"13-Sep-2026 08:52:34","5.9","4.11","13.95","On","12.92096,77.736369",
"13-Sep-2026 08:52:42","7.7","4.11","13.95","On","12.921063,77.736366",
"13-Sep-2026 08:53:04","10.8","4.11","13.95","On","12.921682,77.736403",
"13-Sep-2026 08:53:22","19.53","4.11","13.95","On","12.922253,77.736396",
"13-Sep-2026 08:53:27","29.99","4.11","13.95","On","12.922509,77.736397",
"13-Sep-2026 08:53:34","39.46","4.11","13.95","On","12.923222,77.736432",
"13-Sep-2026 08:53:47","39.77","4.11","13.95","On","12.92443,77.736696",
"13-Sep-2026 08:53:57","9.65","4.11","13.95","On","12.925164,77.73691",
"13-Sep-2026 08:54:04","12.14","4.11","13.93","On","12.925202,77.736666",
"13-Sep-2026 08:54:07","12.14","4.11","13.93","On","12.925202,77.736666",
"13-Sep-2026 08:54:34","21.13","4.11","13.98","On","12.925362,77.735734",
"13-Sep-2026 08:55:04","39.07","4.11","13.98","On","12.925743,77.733792",
"13-Sep-2026 08:55:34","38.53","4.11","13.98","On","12.926141,77.731164",
"13-Sep-2026 08:56:02","10.68","4.11","13.98","On","12.926374,77.729272",
"13-Sep-2026 08:56:04","11.81","4.11","13.98","On","12.926349,77.729167",
"13-Sep-2026 08:56:17","10.39","4.11","13.98","On","12.926324,77.728849",
"13-Sep-2026 08:56:34","23.25","4.11","13.98","On","12.926471,77.728108",
"13-Sep-2026 08:57:04","35.77","4.11","13.98","On","12.9268,77.726137",
"13-Sep-2026 08:57:34","33.98","4.11","13.95","On","12.927178,77.723569",
"13-Sep-2026 08:58:04","37.79","4.11","13.93","On","12.927614,77.720476",
"13-Sep-2026 08:58:32","19.91","4.11","13.93","On","12.927954,77.718189",
"13-Sep-2026 08:58:34","19.91","4.11","13.95","On","12.927954,77.718189",
"13-Sep-2026 08:58:37","21.75","4.11","13.95","On","12.928113,77.718122",
"13-Sep-2026 08:59:04","51.79","4.11","13.98","On","12.930893,77.718859",
"13-Sep-2026 08:59:27","40.84","4.11","13.98","On","12.93321,77.71895",
"13-Sep-2026 08:59:34","42.54","4.11","13.98","On","12.934017,77.718799",
"13-Sep-2026 09:00:04","45.42","4.11","14","On","12.937683,77.718128",
"13-Sep-2026 09:00:22","10.26","4.11","14","On","12.938918,77.71786",
"13-Sep-2026 09:00:27","20.78","4.11","14","On","12.938904,77.71772",
"13-Sep-2026 09:00:32","17.47","4.11","14","On","12.938943,77.717396",
"13-Sep-2026 09:00:34","17.47","4.11","13.95","On","12.938943,77.717396",
"13-Sep-2026 09:00:37","19.8","4.11","13.95","On","12.939106,77.717416",
"13-Sep-2026 09:01:04","25.66","4.11","13.95","On","12.9403,77.718705",
"13-Sep-2026 09:01:07","28.13","4.11","13.95","On","12.940563,77.718755",
"13-Sep-2026 09:01:32","32.88","4.11","13.95","On","12.942915,77.718006",
"13-Sep-2026 09:01:34","32.88","4.11","13.95","On","12.942915,77.718006",
"13-Sep-2026 09:01:57","6.06","4.11","13.95","On","12.944564,77.716883",
"13-Sep-2026 09:02:02","10.57","4.11","13.95","On","12.944658,77.716886",
"13-Sep-2026 09:02:04","10.57","4.11","13.98","On","12.944658,77.716886",
"13-Sep-2026 09:02:07","9.88","4.11","13.98","On","12.944747,77.716953",
"13-Sep-2026 09:02:34","11.9","4.11","13.98","On","12.945185,77.717821",
"13-Sep-2026 09:02:42","10.15","4.11","13.98","On","12.945314,77.717995",
"13-Sep-2026 09:02:47","9","4.11","13.98","On","12.9454,77.718002",
"13-Sep-2026 09:02:52","14.91","4.11","13.98","On","12.94551,77.717991",
"13-Sep-2026 09:03:04","19.76","4.11","13.98","On","12.946122,77.718023",
"13-Sep-2026 09:03:12","20.81","4.11","13.98","On","12.946561,77.718013",
"13-Sep-2026 09:03:17","19.85","4.11","13.98","On","12.947028,77.718007",
"13-Sep-2026 09:03:22","21.81","4.11","13.98","On","12.947238,77.718025",
"13-Sep-2026 09:03:34","25.5","4.11","13.95","On","12.948,77.718035",
"13-Sep-2026 09:03:42","15.99","4.11","13.95","On","12.948487,77.717924",
"13-Sep-2026 09:03:47","10.12","4.11","13.95","On","12.948597,77.717926",
"13-Sep-2026 09:03:52","13.79","4.11","13.95","On","12.94872,77.717943",
"13-Sep-2026 09:03:57","16.45","4.11","13.95","On","12.94903,77.717965",
"13-Sep-2026 09:04:04","18.01","4.11","13.95","On","12.949191,77.717952",
"13-Sep-2026 09:04:17","9.61","4.11","13.95","On","12.949586,77.717865",
"13-Sep-2026 09:04:34","8.75","4.11","13.95","On","12.949761,77.717637",
"13-Sep-2026 09:04:37","13.19","4.11","13.95","On","12.949891,77.717624",
"13-Sep-2026 09:04:52","11.64","4.11","13.95","On","12.950273,77.717586",
"13-Sep-2026 09:04:57","5.43","4.11","13.95","On","12.950492,77.71759",
"13-Sep-2026 09:05:04","11.42","4.11","13.95","On","12.950596,77.717568",
"13-Sep-2026 09:05:32","10.58","4.11","13.95","On","12.951542,77.717482",
"13-Sep-2026 09:05:34","24.64","4.11","13.95","On","12.951759,77.717472",
"13-Sep-2026 09:05:42","41.67","4.11","13.95","On","12.952481,77.717476",
"13-Sep-2026 09:05:57","2.81","4.11","13.95","On","12.953535,77.717427",
"13-Sep-2026 09:06:04","2.04","4.11","13.95","On","12.953558,77.717428",
"13-Sep-2026 09:06:34","0.3","4.11","13.95","On","12.953689,77.71736",
"13-Sep-2026 09:07:04","2.45","4.11","13.95","On","12.953718,77.717341",
"13-Sep-2026 09:07:34","1.13","4.11","13.93","On","12.953839,77.717376",
"13-Sep-2026 09:08:04","0.71","4.11","13.95","On","12.953876,77.717426",
"13-Sep-2026 09:08:34","6.06","4.11","13.95","On","12.954023,77.717388",
"13-Sep-2026 09:08:42","12.32","4.11","13.95","On","12.954243,77.717388",
"13-Sep-2026 09:08:47","14.42","4.11","13.95","On","12.9544,77.717391",
"13-Sep-2026 09:08:52","20.27","4.11","13.95","On","12.954586,77.717413",
"13-Sep-2026 09:09:04","22.42","4.11","13.95","On","12.955304,77.717314",
"13-Sep-2026 09:09:17","8.12","4.11","13.95","On","12.955715,77.717225",
"13-Sep-2026 09:09:22","15.09","4.11","13.95","On","12.955723,77.717099",
"13-Sep-2026 09:09:34","24.41","4.11","13.93","On","12.955693,77.716415",
"13-Sep-2026 09:10:04","0.15","4.11","13.95","On","12.955749,77.715042",
"13-Sep-2026 09:10:34","0.3","4.11","13.98","On","12.955728,77.715059",
"13-Sep-2026 09:11:04","0.65","4.11","14","On","12.955724,77.715062",
"13-Sep-2026 09:11:27","9.2","4.11","14","On","12.955732,77.715",
"13-Sep-2026 09:11:34","16.02","4.11","13.98","On","12.955938,77.714793",
"13-Sep-2026 09:11:37","19.76","4.11","13.98","On","12.95611,77.71482",
"13-Sep-2026 09:11:47","13.23","4.11","13.98","On","12.956407,77.714851",
"13-Sep-2026 09:12:04","25.26","4.11","13.98","On","12.957219,77.71454",
"13-Sep-2026 09:12:22","7.65","4.11","13.98","On","12.958162,77.714239",
"13-Sep-2026 09:12:34","14.97","4.11","13.95","On","12.958837,77.71409",
"13-Sep-2026 09:13:04","3.56","4.11","13.95","On","12.960225,77.713733",
"13-Sep-2026 09:13:07","19.83","4.11","13.95","On","12.960203,77.713586",
"13-Sep-2026 09:13:34","5.53","4.11","13.98","On","12.960052,77.712579",
"13-Sep-2026 09:13:42","7","4.11","13.98","On","12.959963,77.712556",
"13-Sep-2026 09:13:47","10.66","4.11","13.98","On","12.959867,77.71255",
"13-Sep-2026 09:13:52","9.55","4.11","13.98","On","12.959727,77.712567",
"13-Sep-2026 09:14:04","4.64","4.11","13.98","On","12.95949,77.712644",
"13-Sep-2026 09:14:34","0.28","4.11","13.98","On","12.959433,77.712569",
"13-Sep-2026 09:15:04","0.2","4.11","13.98","On","12.959425,77.712572",
"13-Sep-2026 09:15:34","0.12","4.11","14","On","12.959424,77.712587",
"13-Sep-2026 09:16:04","0.13","4.11","14","On","12.959422,77.712579",
"13-Sep-2026 09:16:34","0.62","4.11","13.98","On","12.959429,77.71257",
"13-Sep-2026 09:17:04","1.19","4.11","14","On","12.959438,77.71255",
"13-Sep-2026 09:17:34","0.2","4.11","13.98","On","12.959432,77.712525",
"13-Sep-2026 09:18:04","0.09","4.11","13.98","On","12.959422,77.712503",
"13-Sep-2026 09:18:34","0.23","4.11","14","On","12.959425,77.712494",
"13-Sep-2026 09:19:04","0.51","4.11","14","On","12.959441,77.712511",
"13-Sep-2026 09:19:34","0.47","4.11","14","On","12.95945,77.712487",
"13-Sep-2026 09:20:04","0.83","4.11","13.98","On","12.959456,77.712493",
"13-Sep-2026 09:20:34","0.6","4.11","13.98","On","12.95945,77.71252",
"13-Sep-2026 09:21:04","0.47","4.11","14","On","12.959458,77.712538",
"13-Sep-2026 09:21:34","1","4.11","14","On","12.95946,77.712546",
"13-Sep-2026 09:22:04","0.5","4.11","14","On","12.959445,77.712533",
"13-Sep-2026 09:22:34","0.47","4.11","14","On","12.95944,77.71251",
"13-Sep-2026 09:23:04","0.28","4.11","14","On","12.959429,77.712503",
"13-Sep-2026 09:23:34","0.38","4.11","13.98","On","12.959427,77.712517",
"13-Sep-2026 09:24:04","0.35","4.11","13.98","On","12.959409,77.712516",
"13-Sep-2026 09:24:34","0.24","4.11","13.95","On","12.959412,77.712523",
"13-Sep-2026 09:25:04","0.32","4.11","13.91","On","12.959451,77.712572",
"13-Sep-2026 09:25:27","13.04","4.11","13.91","On","12.959786,77.712531",
"13-Sep-2026 09:25:32","10.45","4.11","13.91","On","12.959907,77.712527",
"13-Sep-2026 09:25:34","10.45","4.11","13.98","On","12.959907,77.712527",
"13-Sep-2026 09:26:04","1.85","4.11","13.98","On","12.959963,77.712509",
"13-Sep-2026 09:26:27","12.2","4.11","13.98","On","12.960049,77.712607",
"13-Sep-2026 09:26:34","4.29","4.11","14","On","12.960074,77.712697",
"13-Sep-2026 09:27:04","5.31","4.11","13.98","On","12.960199,77.713627",
"13-Sep-2026 09:27:12","10.67","4.11","13.98","On","12.960309,77.713719",
"13-Sep-2026 09:27:17","10.97","4.11","13.98","On","12.960462,77.713691",
"13-Sep-2026 09:27:34","16.2","4.11","14","On","12.961123,77.713566",
"13-Sep-2026 09:28:04","8.06","4.11","13.98","On","12.962724,77.713286",
"13-Sep-2026 09:28:27","6.06","4.11","13.98","On","12.963781,77.713064",
"13-Sep-2026 09:28:34","3.11","4.11","13.98","On","12.96384,77.713059",
"13-Sep-2026 09:29:04","4.88","4.11","13.98","On","12.96412,77.713293",
"13-Sep-2026 09:29:27","11.39","4.11","13.98","On","12.964265,77.713777",
"13-Sep-2026 09:29:34","9.92","4.11","13.98","On","12.964298,77.713958",
"13-Sep-2026 09:30:04","18.8","4.11","14","On","12.964513,77.714966",
"13-Sep-2026 09:30:34","17.68","4.11","14","On","12.964718,77.716151",
"13-Sep-2026 09:31:04","16.07","4.11","14","On","12.964852,77.717446",
"13-Sep-2026 09:31:27","14.26","4.11","14","On","12.964904,77.718211",
"13-Sep-2026 09:31:34","21.57","4.11","14.03","On","12.965084,77.718266",
"13-Sep-2026 09:31:42","25.66","4.11","14.03","On","12.965545,77.718319",
"13-Sep-2026 09:31:52","33.26","4.11","14.03","On","12.966379,77.718016",
"13-Sep-2026 09:32:04","31.6","4.11","13.98","On","12.967033,77.717222",
"13-Sep-2026 09:32:07","31.55","4.11","13.98","On","12.967148,77.716931",
"13-Sep-2026 09:32:27","35.24","4.11","13.98","On","12.967448,77.715256",
"13-Sep-2026 09:32:34","26.19","4.11","13.98","On","12.967477,77.714904",
"13-Sep-2026 09:32:47","29.71","4.11","13.98","On","12.967834,77.713636",
"13-Sep-2026 09:33:04","38.17","4.11","14","On","12.969098,77.712966",
"13-Sep-2026 09:33:17","30.09","4.11","14","On","12.970129,77.712512",
"13-Sep-2026 09:33:34","30.82","4.11","13.98","On","12.971296,77.711999",
"13-Sep-2026 09:33:47","0.54","4.11","13.98","On","12.971672,77.711871",
"13-Sep-2026 09:34:04","14.24","4.11","13.95","On","12.972223,77.711658",
"13-Sep-2026 09:34:07","14.24","4.11","13.95","On","12.972223,77.711658",
"13-Sep-2026 09:34:34","38.08","4.11","13.98","On","12.97291,77.709748",
"13-Sep-2026 09:34:47","17.79","4.11","13.98","On","12.973174,77.709266",
"13-Sep-2026 09:34:52","30.18","4.11","13.98","On","12.97356,77.709045",
"13-Sep-2026 09:35:02","9.27","4.11","13.98","On","12.973925,77.708886",
"13-Sep-2026 09:35:04","19.27","4.11","13.93","On","12.973936,77.708717",
"13-Sep-2026 09:35:07","19.27","4.11","13.93","On","12.973936,77.708717",
"13-Sep-2026 09:35:32","13.62","4.11","13.93","On","12.973523,77.707449",
"13-Sep-2026 09:35:34","13.62","4.11","13.95","On","12.973523,77.707449",
"13-Sep-2026 09:35:47","13.83","4.11","13.95","On","12.974106,77.706968",
"13-Sep-2026 09:35:52","17.24","4.11","13.95","On","12.974193,77.70674",
"13-Sep-2026 09:36:04","36.62","4.11","13.95","On","12.97429,77.705728",
"13-Sep-2026 09:36:27","24.11","4.11","13.95","On","12.974384,77.703779",
"13-Sep-2026 09:36:32","36.75","4.11","13.95","On","12.973808,77.70339",
"13-Sep-2026 09:36:34","36.75","4.11","13.95","On","12.973808,77.70339",
"13-Sep-2026 09:36:42","28.81","4.11","13.95","On","12.973416,77.702923",
"13-Sep-2026 09:37:04","9.87","4.11","13.95","On","12.972948,77.701683",
"13-Sep-2026 09:37:32","35.3","4.11","13.95","On","12.972682,77.699562",
"13-Sep-2026 09:37:34","35.3","4.11","13.95","On","12.972682,77.699562",
"13-Sep-2026 09:37:47","32.7","4.11","13.95","On","12.973359,77.698683",
"13-Sep-2026 09:38:04","17.94","4.11","13.95","On","12.974454,77.697977",
"13-Sep-2026 09:38:32","3.36","4.11","13.95","On","12.975739,77.697291",
"13-Sep-2026 09:38:34","3.36","4.11","13.93","On","12.975739,77.697291",
"13-Sep-2026 09:39:04","1.49","4.11","13.95","On","12.975997,77.69751",
"13-Sep-2026 09:39:34","0.63","4.11","13.98","On","12.975994,77.697478",
"13-Sep-2026 09:40:04","9.51","4.11","13.95","On","12.976171,77.697649",
"13-Sep-2026 09:40:07","12.39","4.11","13.95","On","12.976243,77.697588",
"13-Sep-2026 09:40:12","12.69","4.11","13.95","On","12.976353,77.697481",
"13-Sep-2026 09:40:17","12.76","4.11","13.95","On","12.976617,77.697577",
"13-Sep-2026 09:40:32","9.51","4.11","13.95","On","12.976707,77.697857",
"13-Sep-2026 09:40:34","1.7","4.11","13.95","On","12.976684,77.697901",
"13-Sep-2026 09:41:02","11.09","4.11","13.95","On","12.976574,77.698627",
"13-Sep-2026 09:41:04","11.09","4.11","13.95","On","12.976574,77.698627",
"13-Sep-2026 09:41:07","15.03","4.11","13.95","On","12.976524,77.69875",
"13-Sep-2026 09:41:17","1.97","4.11","13.95","On","12.976168,77.699017",
"13-Sep-2026 09:41:34","1.47","4.11","13.93","On","12.976157,77.699022",
"13-Sep-2026 09:41:42","11.18","4.11","13.93","On","12.97619,77.699127",
"13-Sep-2026 09:41:47","7.65","4.11","13.93","On","12.976195,77.699221",
"13-Sep-2026 09:41:52","10.86","4.11","13.93","On","12.976141,77.699301",
"13-Sep-2026 09:41:57","8.02","4.11","13.93","On","12.975985,77.699455",
"13-Sep-2026 09:42:02","17","4.11","13.93","On","12.975829,77.699437",
"13-Sep-2026 09:42:04","17","4.11","13.95","On","12.975829,77.699437",
"13-Sep-2026 09:42:07","13.73","4.11","13.95","On","12.975702,77.699331",
"13-Sep-2026 09:42:12","7.96","4.11","13.95","On","12.97564,77.699221",
"13-Sep-2026 09:42:27","12.4","4.11","13.95","On","12.975697,77.698828",
"13-Sep-2026 09:42:34","3.89","4.11","13.95","On","12.975774,77.698657",
"13-Sep-2026 09:42:52","2.07","4.11","13.95","On","12.975722,77.6986",
"13-Sep-2026 09:43:04","0.54","4.11","13.74","Off","12.975722,77.698608",
"13-Sep-2026 09:43:34","0.06","4.11","13.57","Off","12.975734,77.698579",
"13-Sep-2026 09:44:04","0.64","4.11","13.5","Off","12.975731,77.698578",
"13-Sep-2026 09:44:34","0.12","4.11","13.5","Off","12.97576,77.698585",
"13-Sep-2026 09:44:39","0.12","4.11","13.5","Off","12.97576,77.698585",
"13-Sep-2026 09:45:34","0.25","4.11","13.5","Off","12.975777,77.698616",
"13-Sep-2026 09:46:04","0.52","4.11","13.47","Off","12.975742,77.698604",
"13-Sep-2026 09:47:04","0.18","4.11","13.45","Off","12.97572,77.69859",
"13-Sep-2026 09:48:04","0.67","4.11","13.4","Off","12.97568,77.698587",
"13-Sep-2026 09:48:39","0.67","4.11","13.4","Off","12.97568,77.698587",
"13-Sep-2026 09:49:40","0.67","4.11","13.4","Off","12.97568,77.698587",
"13-Sep-2026 09:49:40","0.08","4.11","13.4","Off","12.975635,77.698587",
"13-Sep-2026 09:50:04","0.08","4.11","13.38","On","12.975635,77.698587",
"13-Sep-2026 09:50:34","6.22","4.11","13.83","On","12.97572,77.698002",
"13-Sep-2026 09:50:35","13.84","4.11","13.83","On","12.975689,77.697919",
"13-Sep-2026 09:50:45","13.09","4.11","13.83","On","12.975534,77.697882",
"13-Sep-2026 09:50:50","9.01","4.11","13.83","On","12.975659,77.697599",
"13-Sep-2026 09:51:04","8.16","4.11","13.88","On","12.975712,77.697396",
"13-Sep-2026 09:51:20","16.27","4.11","13.88","On","12.975555,77.697185",
"13-Sep-2026 09:51:25","32.34","4.11","13.88","On","12.975345,77.697296",
"13-Sep-2026 09:51:34","18.86","4.11","13.88","On","12.974948,77.69753",
"13-Sep-2026 09:52:04","43.87","4.11","13.93","On","12.972569,77.699139",
"13-Sep-2026 09:52:34","37.24","4.11","13.98","On","12.969827,77.700726",
"13-Sep-2026 09:53:04","8.6","4.11","13.91","On","12.967347,77.702069",
"13-Sep-2026 09:53:05","8.6","4.11","13.91","On","12.967347,77.702069",
"13-Sep-2026 09:53:15","26.67","4.11","13.91","On","12.967575,77.701831",
"13-Sep-2026 09:53:30","12.49","4.11","13.91","On","12.968002,77.70149",
"13-Sep-2026 09:53:34","28.65","4.11","13.95","On","12.967984,77.70127",
"13-Sep-2026 09:54:04","46.86","4.11","13.95","On","12.967517,77.697742",
"13-Sep-2026 09:54:34","43.12","4.11","13.95","On","12.967522,77.695562",
"13-Sep-2026 09:55:00","10.91","4.11","13.95","On","12.968006,77.693311",
"13-Sep-2026 09:55:04","11.79","4.11","13.93","On","12.968101,77.69333",
"13-Sep-2026 09:55:05","11.79","4.11","13.93","On","12.968101,77.69333",
"13-Sep-2026 09:55:20","5.16","4.11","13.93","On","12.968716,77.693454",
"13-Sep-2026 09:55:34","10.41","4.11","13.95","On","12.968763,77.693341",
"13-Sep-2026 09:55:50","10.81","4.11","13.95","On","12.968818,77.693198",
"13-Sep-2026 09:55:55","13.28","4.11","13.95","On","12.968876,77.692855",
"13-Sep-2026 09:56:04","20.59","4.11","13.98","On","12.96895,77.692461",
"13-Sep-2026 09:56:34","2.23","4.11","13.98","On","12.969058,77.691254",
"13-Sep-2026 09:57:04","18.03","4.11","13.95","On","12.969089,77.690277",
"13-Sep-2026 09:57:15","2.42","4.11","13.95","On","12.969103,77.689733",
"13-Sep-2026 09:57:20","13.46","4.11","13.95","On","12.969122,77.689665",
"13-Sep-2026 09:57:34","20.09","4.11","13.98","On","12.96913,77.689266",
"13-Sep-2026 09:57:40","4.6","4.11","13.98","On","12.969094,77.688961",
"13-Sep-2026 09:57:50","15.65","4.11","13.98","On","12.968962,77.688935",
"13-Sep-2026 09:58:00","8.22","4.11","13.98","On","12.968751,77.688823",
"13-Sep-2026 09:58:04","8.58","4.11","13.95","On","12.968793,77.688687",
"13-Sep-2026 09:58:34","0.74","4.11","13.98","On","12.968827,77.688476",
"13-Sep-2026 09:59:04","0.18","4.11","13.98","On","12.968782,77.688422",
"13-Sep-2026 09:59:34","0.45","4.11","13.95","On","12.968799,77.688339",
"13-Sep-2026 10:00:04","0.95","4.11","13.98","On","12.968804,77.688262",
"13-Sep-2026 10:00:34","8.78","4.11","13.98","On","12.968835,77.687825",
"13-Sep-2026 10:01:04","0.45","4.11","13.98","On","12.968878,77.687163",
"13-Sep-2026 10:01:34","9.09","4.11","13.95","On","12.96865,77.687046",
"13-Sep-2026 10:02:04","3.62","4.11","13.95","On","12.968149,77.686924",
"13-Sep-2026 10:02:15","11.22","4.11","13.95","On","12.96797,77.686926",
"13-Sep-2026 10:02:20","13.05","4.11","13.95","On","12.967667,77.68693",
"13-Sep-2026 10:02:30","12.78","4.11","13.95","On","12.967448,77.686971",
"13-Sep-2026 10:02:34","5.06","4.11","13.95","On","12.967321,77.686985",
"13-Sep-2026 10:02:35","5.06","4.11","13.95","On","12.967321,77.686985",
"13-Sep-2026 10:02:40","12.19","4.11","13.95","On","12.967243,77.686792",
"13-Sep-2026 10:02:55","11.86","4.11","13.95","On","12.967168,77.686296",
"13-Sep-2026 10:03:04","14.04","4.11","13.95","On","12.96717,77.685969",
"13-Sep-2026 10:03:34","10.52","4.11","13.95","On","12.967153,77.684614",
"13-Sep-2026 10:04:04","9.33","4.11","13.95","On","12.967208,77.683527",
"13-Sep-2026 10:04:30","7.92","4.11","13.95","On","12.96724,77.682661",
"13-Sep-2026 10:04:34","15.04","4.11","13.93","On","12.967341,77.682628",
"13-Sep-2026 10:04:35","15.04","4.11","13.93","On","12.967341,77.682628",
"13-Sep-2026 10:05:04","28.26","4.11","13.95","On","12.968769,77.68249",
"13-Sep-2026 10:05:10","19.44","4.11","13.95","On","12.969259,77.682445",
"13-Sep-2026 10:05:15","6.09","4.11","13.95","On","12.969407,77.682439",
"13-Sep-2026 10:05:25","24.67","4.11","13.95","On","12.969912,77.682219",
"13-Sep-2026 10:05:34","13.51","4.11","13.93","On","12.970225,77.682078",
"13-Sep-2026 10:05:50","9.6","4.11","13.93","On","12.970742,77.681857",
"13-Sep-2026 10:05:55","14.38","4.11","13.93","On","12.970849,77.681843",
"13-Sep-2026 10:06:00","19.01","4.11","13.93","On","12.97102,77.681807",
"13-Sep-2026 10:06:04","21.03","4.11","13.93","On","12.971203,77.681789",
"13-Sep-2026 10:06:05","21.49","4.11","13.93","On","12.971409,77.681781",
"13-Sep-2026 10:06:10","8.55","4.11","13.93","On","12.971572,77.681772",
"13-Sep-2026 10:06:15","10.63","4.11","13.93","On","12.97166,77.681721",
"13-Sep-2026 10:06:20","5.84","4.11","13.93","On","12.971761,77.681728",
"13-Sep-2026 10:06:34","7.49","4.11","13.93","On","12.972262,77.681808",
"13-Sep-2026 10:06:45","14.19","4.11","13.93","On","12.972653,77.68189",
"13-Sep-2026 10:06:50","11.16","4.11","13.93","On","12.97278,77.681908",
"13-Sep-2026 10:07:04","8.06","4.11","13.88","On","12.973156,77.681983",
"13-Sep-2026 10:07:05","7.93","4.11","13.88","On","12.973211,77.681947",
"13-Sep-2026 10:07:34","7.25","4.11","13.95","On","12.973527,77.680987",
"13-Sep-2026 10:08:00","15.93","4.11","13.95","On","12.973843,77.680256",
"13-Sep-2026 10:08:04","20.38","4.11","13.93","On","12.974027,77.680329",
"13-Sep-2026 10:08:15","19.66","4.11","13.93","On","12.974534,77.680474",
"13-Sep-2026 10:08:20","15.81","4.11","13.93","On","12.974688,77.680528",
"13-Sep-2026 10:08:34","17.42","4.11","13.93","On","12.975368,77.680688",
"13-Sep-2026 10:09:04","0.2","4.11","13.93","On","12.976397,77.680929",
"13-Sep-2026 10:09:05","0.88","4.11","13.93","On","12.976408,77.680938",
"13-Sep-2026 10:09:34","0.26","4.11","13.91","On","12.976368,77.68092",
"13-Sep-2026 10:10:04","0.59","4.11","13.64","Off","12.976363,77.680909",
"13-Sep-2026 10:10:34","1.72","4.11","13.57","Off","12.976363,77.680909",
"13-Sep-2026 10:11:04","3.03","4.11","13.52","Off","12.976361,77.680915",
"13-Sep-2026 10:11:34","2.49","4.11","13.5","Off","12.976367,77.680919",
"13-Sep-2026 10:12:04","0.18","4.11","13.47","Off","12.976371,77.680909",
"13-Sep-2026 10:12:10","0.18","4.11","13.45","Off","12.976371,77.680909",
"13-Sep-2026 10:13:04","0.26","4.11","13.47","Off","12.976351,77.680898",
"13-Sep-2026 10:14:04","0.17","4.11","13.45","Off","12.976362,77.680908",
"13-Sep-2026 10:15:04","0.37","4.11","13.4","Off","12.976349,77.680925",
"13-Sep-2026 10:16:04","0.31","4.11","13.38","Off","12.976345,77.680939",
"13-Sep-2026 10:16:08","0.31","4.11","13.35","On","12.976345,77.680939",
"13-Sep-2026 10:16:34","0.78","4.11","13.83","On","12.976363,77.68092",
"13-Sep-2026 10:17:04","0.43","4.11","13.95","On","12.976518,77.680946",
"13-Sep-2026 10:17:34","5.56","4.11","13.93","On","12.97643,77.680938",
"13-Sep-2026 10:17:45","13.13","4.11","13.93","On","12.976178,77.680875",
"13-Sep-2026 10:18:04","14.95","4.11","13.93","On","12.975513,77.680765",
"13-Sep-2026 10:18:34","1.85","4.11","13.95","On","12.9746,77.680565",
"13-Sep-2026 10:18:50","6.53","4.11","13.95","On","12.974418,77.680479",
"13-Sep-2026 10:18:55","18.07","4.11","13.95","On","12.974442,77.680256",
"13-Sep-2026 10:19:04","18.66","4.11","13.93","On","12.974469,77.679838",
"13-Sep-2026 10:19:34","1.52","4.11","13.93","On","12.974638,77.678711",
"13-Sep-2026 10:19:36","7.88","4.11","13.93","On","12.9746,77.678673",
"13-Sep-2026 10:20:04","19.7","4.11","13.93","On","12.973618,77.67837",
"13-Sep-2026 10:20:34","3.55","4.11","13.95","On","12.97278,77.678101",
"13-Sep-2026 10:20:41","15.24","4.11","13.95","On","12.97279,77.677867",
"13-Sep-2026 10:21:04","30.28","4.11","13.98","On","12.973063,77.676273",
"13-Sep-2026 10:21:16","6.52","4.11","13.98","On","12.973229,77.675799",
"13-Sep-2026 10:21:21","15.36","4.11","13.98","On","12.973303,77.675823",
"13-Sep-2026 10:21:31","5.54","4.11","13.98","On","12.973579,77.675874",
"13-Sep-2026 10:21:34","17.43","4.11","13.93","On","12.973657,77.675741",
"13-Sep-2026 10:21:36","16.22","4.11","13.93","On","12.973739,77.675563",
"13-Sep-2026 10:21:51","16.24","4.11","13.93","On","12.973937,77.675275",
"13-Sep-2026 10:21:56","23.8","4.11","13.93","On","12.97435,77.675504",
"13-Sep-2026 10:22:04","24.76","4.11","13.91","On","12.974882,77.675714",
"13-Sep-2026 10:22:34","17.34","4.11","13.93","On","12.975836,77.676031",
"13-Sep-2026 10:22:41","16.89","4.11","13.93","On","12.976014,77.675923",
"13-Sep-2026 10:23:04","23.3","4.11","13.98","On","12.976237,77.674913",
"13-Sep-2026 10:23:16","7.6","4.11","13.98","On","12.976302,77.674613",
"13-Sep-2026 10:23:21","16.69","4.11","13.98","On","12.976631,77.674695",
"13-Sep-2026 10:23:31","10.36","4.11","13.98","On","12.976898,77.674669",
"13-Sep-2026 10:23:34","8.4","4.11","13.95","On","12.976922,77.674585",
"13-Sep-2026 10:23:36","8.4","4.11","13.95","On","12.976922,77.674585",
"13-Sep-2026 10:23:41","15.55","4.11","13.95","On","12.976949,77.674335",
"13-Sep-2026 10:23:56","4.45","4.11","13.95","On","12.977052,77.674072",
"13-Sep-2026 10:24:04","12.79","4.11","13.98","On","12.977192,77.673786",
"13-Sep-2026 10:24:06","12.79","4.11","13.98","On","12.977192,77.673786",
"13-Sep-2026 10:24:21","20.8","4.11","13.98","On","12.977657,77.673453",
"13-Sep-2026 10:24:31","10.3","4.11","13.98","On","12.977875,77.67346",
"13-Sep-2026 10:24:34","18.95","4.11","13.93","On","12.977931,77.673307",
"13-Sep-2026 10:24:56","5.72","4.11","13.93","On","12.978136,77.672774",
"13-Sep-2026 10:25:04","1.14","4.11","13.93","On","12.978224,77.672774",
"13-Sep-2026 10:25:34","1.1","4.11","13.98","On","12.978243,77.672773",
"13-Sep-2026 10:26:04","1.39","4.11","13.98","On","12.978251,77.672749",
"13-Sep-2026 10:26:34","0.59","4.11","13.88","On","12.978195,77.672759",
"13-Sep-2026 10:27:04","1.58","4.11","13.91","On","12.978148,77.67277",
"13-Sep-2026 10:27:34","0.61","4.11","13.98","On","12.978138,77.672793",
"13-Sep-2026 10:28:04","0.24","4.11","14","On","12.978145,77.672783",
"13-Sep-2026 10:28:34","0.67","4.11","14","On","12.978141,77.672798",
"13-Sep-2026 10:29:04","0.33","4.11","13.98","On","12.978155,77.672798",
"13-Sep-2026 10:29:34","0.6","4.11","13.98","On","12.978143,77.672809",
"13-Sep-2026 10:30:04","3.38","4.11","13.95","On","12.978092,77.673072",
"13-Sep-2026 10:30:16","16.4","4.11","13.95","On","12.97784,77.673338",
"13-Sep-2026 10:30:21","8.25","4.11","13.95","On","12.977508,77.673344",
"13-Sep-2026 10:30:31","16.02","4.11","13.95","On","12.977358,77.673539",
"13-Sep-2026 10:30:34","13.2","4.11","13.93","On","12.977268,77.673687",
"13-Sep-2026 10:30:36","13.2","4.11","13.93","On","12.977268,77.673687",
"13-Sep-2026 10:30:56","14.02","4.11","13.93","On","12.97699,77.674372",
"13-Sep-2026 10:31:01","13.36","4.11","13.93","On","12.977044,77.6746",
"13-Sep-2026 10:31:04","13.36","4.11","13.93","On","12.977044,77.6746",
"13-Sep-2026 10:31:26","14.03","4.11","13.93","On","12.977522,77.675112",
"13-Sep-2026 10:31:34","31.16","4.11","13.93","On","12.977923,77.675326",
"13-Sep-2026 10:31:51","10.81","4.11","13.93","On","12.978775,77.675579",
"13-Sep-2026 10:32:01","20.23","4.11","13.93","On","12.979073,77.675535",
"13-Sep-2026 10:32:04","17.6","4.11","13.91","On","12.979283,77.675592",
"13-Sep-2026 10:32:11","8.25","4.11","13.91","On","12.979537,77.675634",
"13-Sep-2026 10:32:16","17.35","4.11","13.91","On","12.979711,77.675661",
"13-Sep-2026 10:32:34","20.27","4.11","13.91","On","12.980462,77.675824",
"13-Sep-2026 10:32:51","4.65","4.11","13.91","On","12.981331,77.676039",
"13-Sep-2026 10:32:56","11.97","4.11","13.91","On","12.98144,77.676048",
"13-Sep-2026 10:33:01","11.36","4.11","13.91","On","12.981601,77.67608",
"13-Sep-2026 10:33:04","11.52","4.11","13.88","On","12.981719,77.676152",
"13-Sep-2026 10:33:06","4.96","4.11","13.88","On","12.981834,77.676266",
"13-Sep-2026 10:33:34","0.42","4.11","13.91","On","12.982022,77.675855",
"13-Sep-2026 10:34:04","0.38","4.11","13.95","On","12.982056,77.675803",
"13-Sep-2026 10:34:34","1.03","4.11","13.98","On","12.982088,77.675736",
"13-Sep-2026 10:35:04","1.2","4.11","13.95","On","12.982097,77.675735",
"13-Sep-2026 10:35:34","0.19","4.11","13.98","On","12.98214,77.675758",
"13-Sep-2026 10:36:04","0.92","4.11","14","On","12.982124,77.675755",
"13-Sep-2026 10:36:34","1.18","4.11","13.98","On","12.982128,77.675752",
"13-Sep-2026 10:37:04","0.91","4.11","13.98","On","12.982119,77.675756",
"13-Sep-2026 10:37:34","1.02","4.11","13.98","On","12.982137,77.675756",
"13-Sep-2026 10:38:04","0.41","4.11","14","On","12.982121,77.675759",
"13-Sep-2026 10:38:26","12.09","4.11","14","On","12.982177,77.675567",
"13-Sep-2026 10:38:31","6.28","4.11","14","On","12.9822,77.675471",
"13-Sep-2026 10:38:34","7.72","4.11","13.98","On","12.982207,77.675405",
"13-Sep-2026 10:38:41","11.78","4.11","13.98","On","12.982223,77.675268",
"13-Sep-2026 10:38:46","13.53","4.11","13.98","On","12.982285,77.674831",
"13-Sep-2026 10:39:01","13.78","4.11","13.98","On","12.982409,77.67446",
"13-Sep-2026 10:39:04","9.67","4.11","13.95","On","12.982449,77.674323",
"13-Sep-2026 10:39:21","10.54","4.11","13.95","On","12.982571,77.673747",
"13-Sep-2026 10:39:26","10.27","4.11","13.95","On","12.982836,77.673819",
"13-Sep-2026 10:39:34","12.61","4.11","13.93","On","12.98307,77.673881",
"13-Sep-2026 10:39:36","12.61","4.11","13.93","On","12.98307,77.673881",
"13-Sep-2026 10:39:41","9.08","4.11","13.93","On","12.983193,77.673947",
"13-Sep-2026 10:39:46","12.46","4.11","13.93","On","12.983389,77.674005",
"13-Sep-2026 10:40:04","11.06","4.11","13.95","On","12.983953,77.674287",
"13-Sep-2026 10:40:16","15.96","4.11","13.95","On","12.984283,77.674516",
"13-Sep-2026 10:40:21","14.46","4.11","13.95","On","12.984451,77.674621",
"13-Sep-2026 10:40:31","8.82","4.11","13.95","On","12.984714,77.674795",
"13-Sep-2026 10:40:34","2.76","4.11","13.93","On","12.984802,77.674848",
"13-Sep-2026 10:40:51","29.66","4.11","13.93","On","12.98504,77.674374",
"13-Sep-2026 10:41:04","7.31","4.11","13.93","On","12.985206,77.673778",
"13-Sep-2026 10:41:34","15.54","4.11","13.95","On","12.985588,77.672395",
"13-Sep-2026 10:41:51","3.16","4.11","13.95","On","12.985674,77.67202",
"13-Sep-2026 10:42:01","14.68","4.11","13.95","On","12.985555,77.671973",
"13-Sep-2026 10:42:04","15.49","4.11","13.95","On","12.9854,77.67194",
"13-Sep-2026 10:42:26","6.41","4.11","13.95","On","12.984704,77.671701",
"13-Sep-2026 10:42:34","6.85","4.11","13.93","On","12.984443,77.671611",
"13-Sep-2026 10:42:41","16.51","4.11","13.93","On","12.984258,77.671673",
"13-Sep-2026 10:42:46","10.33","4.11","13.93","On","12.98415,77.671783",
"13-Sep-2026 10:43:01","14.8","4.11","13.93","On","12.983951,77.67225",
"13-Sep-2026 10:43:04","9.74","4.11","13.93","On","12.983844,77.672261",
"13-Sep-2026 10:43:06","9.74","4.11","13.93","On","12.983844,77.672261",
"13-Sep-2026 10:43:34","2.06","4.11","13.95","On","12.983157,77.671853",
"13-Sep-2026 10:44:04","0.95","4.11","13.98","On","12.983163,77.671881",
"13-Sep-2026 10:44:34","1.45","4.11","13.98","On","12.983172,77.671828",
"13-Sep-2026 10:45:04","1.37","4.11","13.95","On","12.983158,77.671822",
"13-Sep-2026 10:45:34","1.44","4.11","13.98","On","12.983121,77.671762",
"13-Sep-2026 10:46:04","0.78","4.11","13.98","On","12.983093,77.671762",
"13-Sep-2026 10:46:34","0.43","4.11","14","On","12.983115,77.671812",
"13-Sep-2026 10:47:04","0.38","4.11","14","On","12.983112,77.671822",
"13-Sep-2026 10:47:34","1.25","4.11","14","On","12.983118,77.671846",
"13-Sep-2026 10:48:04","0.15","4.11","14","On","12.983106,77.671834",
"13-Sep-2026 10:48:34","0.73","4.11","14","On","12.983111,77.671826",
"13-Sep-2026 10:49:04","1","4.11","14","On","12.983122,77.671835",
"13-Sep-2026 10:49:34","0.83","4.11","14","On","12.983121,77.671851",
"13-Sep-2026 10:50:04","0.55","4.11","13.98","On","12.983126,77.671862",
"13-Sep-2026 10:50:34","3.7","4.11","13.93","On","12.983074,77.671721",
"13-Sep-2026 10:50:51","14.25","4.11","13.93","On","12.983306,77.67194",
"13-Sep-2026 10:51:04","15.95","4.11","13.93","On","12.983719,77.672168",
"13-Sep-2026 10:51:11","11.18","4.11","13.93","On","12.983987,77.672213",
"13-Sep-2026 10:51:16","13.65","4.11","13.93","On","12.984032,77.672106",
"13-Sep-2026 10:51:34","6.7","4.11","13.95","On","12.984165,77.67179",
"13-Sep-2026 10:51:46","6.99","4.11","13.95","On","12.984272,77.671496",
"13-Sep-2026 10:52:04","12.15","4.11","13.98","On","12.984883,77.671736",
"13-Sep-2026 10:52:06","12.15","4.11","13.98","On","12.984883,77.671736",
"13-Sep-2026 10:52:31","6.33","4.11","13.98","On","12.985701,77.671985",
"13-Sep-2026 10:52:34","15.9","4.11","13.95","On","12.985736,77.671881",
"13-Sep-2026 10:52:36","12.48","4.11","13.95","On","12.985777,77.671749",
"13-Sep-2026 10:53:04","20.97","4.11","13.95","On","12.986114,77.670542",
"13-Sep-2026 10:53:21","15.29","4.11","13.95","On","12.986185,77.66978",
"13-Sep-2026 10:53:34","14.63","4.11","13.95","On","12.986161,77.669364",
"13-Sep-2026 10:53:51","20.14","4.11","13.95","On","12.985872,77.668535",
"13-Sep-2026 10:54:04","9.06","4.11","13.95","On","12.985499,77.667906",
"13-Sep-2026 10:54:31","21.06","4.11","13.95","On","12.985071,77.666966",
"13-Sep-2026 10:54:34","24.12","4.11","13.95","On","12.985081,77.666722",
"13-Sep-2026 10:55:04","28.02","4.11","13.95","On","12.985372,77.664659",
"13-Sep-2026 10:55:16","17.74","4.11","13.95","On","12.985518,77.663881",
"13-Sep-2026 10:55:21","31.3","4.11","13.95","On","12.985767,77.663863",
"13-Sep-2026 10:55:26","40.05","4.11","13.95","On","12.986144,77.663892",
"13-Sep-2026 10:55:34","35.51","4.11","13.95","On","12.986945,77.663908",
"13-Sep-2026 10:55:36","30.34","4.11","13.95","On","12.987282,77.663856",
"13-Sep-2026 10:55:46","22.76","4.11","13.95","On","12.987718,77.663808",
"13-Sep-2026 10:55:51","7.47","4.11","13.95","On","12.987967,77.663822",
"13-Sep-2026 10:55:56","29.27","4.11","13.95","On","12.98848,77.663854",
"13-Sep-2026 10:56:04","27.36","4.11","13.95","On","12.989043,77.663878",
"13-Sep-2026 10:56:16","17.91","4.11","13.95","On","12.989541,77.663877",
"13-Sep-2026 10:56:34","4.58","4.11","13.95","On","12.990047,77.662932",
"13-Sep-2026 10:56:36","2.4","4.11","13.95","On","12.990091,77.662896",
"13-Sep-2026 10:57:01","15.66","4.11","13.95","On","12.990393,77.662546",
"13-Sep-2026 10:57:04","18.89","4.11","13.95","On","12.990434,77.662383",
"13-Sep-2026 10:57:16","5.9","4.11","13.95","On","12.990424,77.661894",
"13-Sep-2026 10:57:34","15.03","4.11","13.98","On","12.98984,77.661713",
"13-Sep-2026 10:58:04","0.36","4.11","13.95","On","12.989588,77.661677",
"13-Sep-2026 10:58:34","6.04","4.11","13.95","On","12.989426,77.661662",
"13-Sep-2026 10:59:04","0.27","4.11","13.95","On","12.989339,77.661647",
"13-Sep-2026 10:59:34","0.45","4.11","13.98","On","12.989317,77.661666",
"13-Sep-2026 11:00:04","0.25","4.11","13.98","On","12.989259,77.661652",
"13-Sep-2026 11:00:34","1.09","4.11","14","On","12.989297,77.661645",
"13-Sep-2026 11:01:04","0.35","4.11","14","On","12.989292,77.66166",
"13-Sep-2026 11:01:34","0.6","4.11","14","On","12.98932,77.661652",
"13-Sep-2026 11:01:46","10.46","4.11","14","On","12.989207,77.661644",
"13-Sep-2026 11:01:51","4.92","4.11","14","On","12.9891,77.661661",
"13-Sep-2026 11:02:04","3.89","4.11","13.93","On","12.989073,77.661685",
"13-Sep-2026 11:02:11","15.8","4.11","13.93","On","12.989197,77.661667",
"13-Sep-2026 11:02:34","0.26","4.11","13.95","On","12.989508,77.661564",
"13-Sep-2026 11:03:01","9.77","4.11","13.95","On","12.989606,77.661602",
"13-Sep-2026 11:03:04","9.77","4.11","13.95","On","12.989606,77.661602",
"13-Sep-2026 11:03:16","12.23","4.11","13.95","On","12.990128,77.661732",
"13-Sep-2026 11:03:21","2.71","4.11","13.95","On","12.990374,77.661761",
"13-Sep-2026 11:03:34","16.67","4.11","13.98","On","12.990506,77.661903",
"13-Sep-2026 11:03:36","16.67","4.11","13.98","On","12.990506,77.661903",
"13-Sep-2026 11:03:41","17.05","4.11","13.98","On","12.990519,77.662367",
"13-Sep-2026 11:03:51","5.25","4.11","13.98","On","12.990426,77.662628",
"13-Sep-2026 11:04:04","0.46","4.11","13.95","On","12.990408,77.662657",
"13-Sep-2026 11:04:34","0.13","4.11","13.98","On","12.990425,77.66265",
"13-Sep-2026 11:05:04","0.2","4.11","13.98","On","12.990445,77.662651",
"13-Sep-2026 11:05:34","0.53","4.11","13.95","On","12.990197,77.66286",
"13-Sep-2026 11:06:04","1.43","4.11","13.95","On","12.99016,77.662894",
"13-Sep-2026 11:06:34","0.74","4.11","13.95","On","12.990045,77.662959",
"13-Sep-2026 11:07:04","1.14","4.11","13.98","On","12.989961,77.663062",
"13-Sep-2026 11:07:34","2.5","4.11","13.95","On","12.98988,77.663231",
"13-Sep-2026 11:08:04","4.39","4.11","13.95","On","12.989795,77.663364",
"13-Sep-2026 11:08:34","2.83","4.11","13.95","On","12.989722,77.66351",
"13-Sep-2026 11:09:04","0.42","4.11","13.95","On","12.989659,77.66361",
"13-Sep-2026 11:09:34","1.12","4.11","13.95","On","12.989607,77.663693",
"13-Sep-2026 11:10:04","0.28","4.11","13.95","On","12.98958,77.663718",
"13-Sep-2026 11:10:34","0.17","4.11","13.93","On","12.989566,77.663836",
"13-Sep-2026 11:11:04","2.6","4.11","13.93","On","12.989562,77.663902",
"13-Sep-2026 11:11:34","0.68","4.11","13.98","On","12.989462,77.663939",
"13-Sep-2026 11:12:04","1.07","4.11","13.95","On","12.989398,77.663926",
"13-Sep-2026 11:12:34","0.66","4.11","13.95","On","12.989197,77.663928",
"13-Sep-2026 11:13:04","3.83","4.11","13.95","On","12.98901,77.663901",
"13-Sep-2026 11:13:34","0.2","4.11","13.98","On","12.988915,77.663899",
"13-Sep-2026 11:14:04","5.45","4.11","13.98","On","12.988552,77.663868",
"13-Sep-2026 11:14:34","5.49","4.11","13.95","On","12.988003,77.663834",
"13-Sep-2026 11:15:04","3.13","4.11","13.95","On","12.987569,77.663851",
"13-Sep-2026 11:15:34","3.45","4.11","13.93","On","12.987054,77.663882",
"13-Sep-2026 11:16:04","4.58","4.11","13.98","On","12.986671,77.663893",
"13-Sep-2026 11:16:34","3.08","4.11","13.95","On","12.986199,77.663889",
"13-Sep-2026 11:17:04","6.59","4.11","13.98","On","12.985765,77.663888",
"13-Sep-2026 11:17:34","5.47","4.11","13.98","On","12.985467,77.664098",
"13-Sep-2026 11:17:41","15.71","4.11","13.98","On","12.985458,77.664191",
"13-Sep-2026 11:18:04","16.3","4.11","13.93","On","12.98538,77.66556",
"13-Sep-2026 11:18:06","15.81","4.11","13.93","On","12.98529,77.665648",
"13-Sep-2026 11:18:34","13.64","4.11","13.95","On","12.983006,77.665347",
"13-Sep-2026 11:18:46","8.98","4.11","13.95","On","12.982703,77.665263",
"13-Sep-2026 11:18:56","12.86","4.11","13.95","On","12.982499,77.665528",
"13-Sep-2026 11:19:04","2.33","4.11","13.95","On","12.982274,77.66567",
"13-Sep-2026 11:19:16","7.61","4.11","13.95","On","12.982136,77.665704",
"13-Sep-2026 11:19:31","14.16","4.11","13.95","On","12.98151,77.665661",
"13-Sep-2026 11:19:34","7.04","4.11","13.98","On","12.981456,77.665568",
"13-Sep-2026 11:19:36","7.04","4.11","13.98","On","12.981456,77.665568",
"13-Sep-2026 11:19:51","15.41","4.11","13.98","On","12.981059,77.665437",
"13-Sep-2026 11:20:04","28.79","4.11","13.95","On","12.980251,77.665572",
"13-Sep-2026 11:20:11","20.55","4.11","13.95","On","12.979908,77.665627",
"13-Sep-2026 11:20:21","9.55","4.11","13.95","On","12.979719,77.665865",
"13-Sep-2026 11:20:31","14.68","4.11","13.95","On","12.979531,77.666138",
"13-Sep-2026 11:20:34","14.68","4.11","13.95","On","12.979531,77.666138",
"13-Sep-2026 11:21:04","0.27","4.11","13.98","On","12.978108,77.666372",
"13-Sep-2026 11:21:21","3.84","4.11","13.98","On","12.978077,77.66638",
"13-Sep-2026 11:21:34","2.77","4.11","13.95","On","12.977983,77.666348",
"13-Sep-2026 11:21:56","17.99","4.11","13.95","On","12.977483,77.666104",
"13-Sep-2026 11:22:04","23.25","4.11","13.95","On","12.97699,77.666082",
"13-Sep-2026 11:22:34","3.37","4.11","13.98","On","12.975805,77.666044",
"13-Sep-2026 11:23:01","2.85","4.11","13.98","On","12.975193,77.666006",
"13-Sep-2026 11:23:04","5.59","4.11","13.95","On","12.975169,77.665988",
"13-Sep-2026 11:23:31","18.28","4.11","13.95","On","12.974767,77.665755",
"13-Sep-2026 11:23:34","18.28","4.11","13.93","On","12.974767,77.665755",
"13-Sep-2026 11:24:04","5.17","4.11","13.95","On","12.973415,77.665624",
"13-Sep-2026 11:24:34","9.54","4.11","13.98","On","12.972682,77.665479",
"13-Sep-2026 11:24:36","8.01","4.11","13.98","On","12.972597,77.665522",
"13-Sep-2026 11:25:04","9.23","4.11","13.98","On","12.972203,77.665782",
"13-Sep-2026 11:25:34","8.02","4.11","13.98","On","12.971716,77.665869",
"13-Sep-2026 11:26:04","22.42","4.11","13.95","On","12.971223,77.665995",
"13-Sep-2026 11:26:06","22.42","4.11","13.95","On","12.971223,77.665995",
"13-Sep-2026 11:26:34","12.27","4.11","13.95","On","12.970169,77.665798",
"13-Sep-2026 11:26:36","6.36","4.11","13.95","On","12.970024,77.665777",
"13-Sep-2026 11:26:41","17.43","4.11","13.95","On","12.970011,77.66566",
"13-Sep-2026 11:27:04","10.02","4.11","13.95","On","12.970286,77.664281",
"13-Sep-2026 11:27:11","11.74","4.11","13.95","On","12.970171,77.664147",
"13-Sep-2026 11:27:34","25.09","4.11","13.95","On","12.969521,77.663976",
"13-Sep-2026 11:27:51","6.56","4.11","13.95","On","12.968844,77.663764",
"13-Sep-2026 11:27:56","11.47","4.11","13.95","On","12.968758,77.66369",
"13-Sep-2026 11:28:04","10.14","4.11","13.98","On","12.96851,77.663607",
"13-Sep-2026 11:28:26","6.17","4.11","13.98","On","12.96816,77.663454",
"13-Sep-2026 11:28:34","4.24","4.11","13.95","On","12.96815,77.663338",
"13-Sep-2026 11:29:04","0.65","4.11","13.98","On","12.968139,77.663223",
"13-Sep-2026 11:29:34","1.26","4.11","13.98","On","12.968086,77.66319",
"13-Sep-2026 11:30:04","0.57","4.11","14","On","12.96813,77.663188",
"13-Sep-2026 11:30:34","2.31","4.11","13.98","On","12.968108,77.663184",
"13-Sep-2026 11:31:04","0.73","4.11","14","On","12.968133,77.663232",
"13-Sep-2026 11:31:34","0.7","4.11","14","On","12.96814,77.663251",
"13-Sep-2026 11:32:04","1.06","4.11","14","On","12.968136,77.66325",
"13-Sep-2026 11:32:34","1.33","4.11","14","On","12.968139,77.663223",
"13-Sep-2026 11:33:04","0.54","4.11","14","On","12.968129,77.663229",
"13-Sep-2026 11:33:34","0.89","4.11","13.98","On","12.968085,77.663222",
"13-Sep-2026 11:34:04","0.59","4.11","13.98","On","12.968082,77.663228",
"13-Sep-2026 11:34:34","0.89","4.11","13.98","On","12.968086,77.66321",
"13-Sep-2026 11:35:04","0.52","4.11","14","On","12.968097,77.663208",
"13-Sep-2026 11:35:34","0.18","4.11","14","On","12.968113,77.663203",
"13-Sep-2026 11:36:04","0.56","4.11","13.98","On","12.968085,77.663221",
"13-Sep-2026 11:36:34","0.39","4.11","14.03","On","12.968117,77.663211",
"13-Sep-2026 11:37:04","0.5","4.11","14","On","12.96811,77.66321",
"13-Sep-2026 11:37:34","0.65","4.11","14","On","12.968111,77.663211",
"13-Sep-2026 11:38:04","1.47","4.11","13.98","On","12.968113,77.663213",
"13-Sep-2026 11:38:34","0.58","4.11","14","On","12.96812,77.663229",
"13-Sep-2026 11:39:04","0.78","4.11","13.98","On","12.968111,77.663232",
"13-Sep-2026 11:39:34","0.51","4.11","13.98","On","12.968125,77.663242",
"13-Sep-2026 11:40:04","0.25","4.11","14","On","12.968121,77.66324",
"13-Sep-2026 11:40:34","0.93","4.11","14","On","12.968137,77.663238",
"13-Sep-2026 11:41:04","0.57","4.11","13.98","On","12.968139,77.663238",
"13-Sep-2026 11:41:34","1.22","4.11","13.98","On","12.968152,77.663218",
"13-Sep-2026 11:42:04","0.73","4.11","13.98","On","12.968145,77.663211",
"13-Sep-2026 11:42:34","1.95","4.11","13.91","On","12.968102,77.663301",
"13-Sep-2026 11:43:04","0.58","4.11","13.93","On","12.968054,77.663358",
"13-Sep-2026 11:43:34","0.66","4.11","13.91","On","12.968051,77.663387",
"13-Sep-2026 11:44:04","12.89","4.11","13.95","On","12.967759,77.663322",
"13-Sep-2026 11:44:06","10.08","4.11","13.95","On","12.967668,77.663281",
"13-Sep-2026 11:44:16","3.39","4.11","13.95","On","12.967531,77.663227",
"13-Sep-2026 11:44:31","11.65","4.11","13.95","On","12.967509,77.662856",
"13-Sep-2026 11:44:34","19.35","4.11","13.95","On","12.967382,77.662708",
"13-Sep-2026 11:44:46","16","4.11","13.95","On","12.967086,77.662333",
"13-Sep-2026 11:45:01","15.27","4.11","13.95","On","12.966817,77.662029",
"13-Sep-2026 11:45:04","28.49","4.11","13.95","On","12.966641,77.662157",
"13-Sep-2026 11:45:16","6.24","4.11","13.95","On","12.966145,77.662485",
"13-Sep-2026 11:45:21","14.39","4.11","13.95","On","12.966047,77.662516",
"13-Sep-2026 11:45:26","5.35","4.11","13.95","On","12.965909,77.662356",
"13-Sep-2026 11:45:34","0.58","4.11","13.95","On","12.965858,77.66225",
"13-Sep-2026 11:45:51","21.64","4.11","13.95","On","12.965941,77.662175",
"13-Sep-2026 11:46:04","29.57","4.11","13.95","On","12.966511,77.661722",
"13-Sep-2026 11:46:11","15.59","4.11","13.95","On","12.966731,77.661518",
"13-Sep-2026 11:46:34","24.96","4.11","13.98","On","12.966921,77.659863",
"13-Sep-2026 11:46:36","24.96","4.11","13.98","On","12.966921,77.659863",
"13-Sep-2026 11:46:46","11.13","4.11","13.98","On","12.966867,77.65952",
"13-Sep-2026 11:46:56","4.11","4.11","13.98","On","12.966628,77.659466",
"13-Sep-2026 11:47:04","4.3","4.11","13.93","On","12.966637,77.659355",
"13-Sep-2026 11:47:34","0.98","4.11","14","On","12.96661,77.659259",
"13-Sep-2026 11:48:04","0.65","4.11","13.95","On","12.966608,77.659234",
"13-Sep-2026 11:48:34","0.42","4.11","13.98","On","12.966614,77.659213",
"13-Sep-2026 11:49:04","0.23","4.11","13.98","On","12.966632,77.65921",
"13-Sep-2026 11:49:34","0.6","4.11","13.98","On","12.966616,77.659228",
"13-Sep-2026 11:50:04","2.74","4.11","13.95","On","12.966585,77.659199",
"13-Sep-2026 11:50:34","1.05","4.11","13.93","On","12.966599,77.659273",
"13-Sep-2026 11:51:04","1.81","4.11","13.95","On","12.966604,77.659324",
"13-Sep-2026 11:51:16","10.35","4.11","13.95","On","12.966632,77.659404",
"13-Sep-2026 11:51:21","15.29","4.11","13.95","On","12.966775,77.659422",
"13-Sep-2026 11:51:26","5.24","4.11","13.95","On","12.966936,77.659451",
"13-Sep-2026 11:51:34","17.39","4.11","13.93","On","12.967015,77.659325",
"13-Sep-2026 11:51:36","17.39","4.11","13.93","On","12.967015,77.659325",
"13-Sep-2026 11:52:04","7.04","4.11","13.98","On","12.967204,77.65799",
"13-Sep-2026 11:52:34","22.97","4.11","13.95","On","12.967379,77.656554",
"13-Sep-2026 11:53:04","7.78","4.11","13.98","On","12.967599,77.655073",
"13-Sep-2026 11:53:34","19.62","4.11","13.98","On","12.967723,77.653861",
"13-Sep-2026 11:54:04","22.87","4.11","13.98","On","12.967977,77.652247",
"13-Sep-2026 11:54:34","0.5","4.11","13.95","On","12.968287,77.650663",
"13-Sep-2026 11:55:04","21.09","4.11","13.98","On","12.968533,77.649464",
"13-Sep-2026 11:55:31","1.8","4.11","13.98","On","12.968768,77.648105",
"13-Sep-2026 11:55:34","7.08","4.11","13.98","On","12.968778,77.648052",
"13-Sep-2026 11:56:04","0.26","4.11","13.98","On","12.968768,77.647976",
"13-Sep-2026 11:56:31","16.83","4.11","13.98","On","12.968615,77.647818",
"13-Sep-2026 11:56:34","8.4","4.11","13.95","On","12.968479,77.647829",
"13-Sep-2026 11:56:36","8.4","4.11","13.95","On","12.968479,77.647829",
"13-Sep-2026 11:56:46","24.37","4.11","13.95","On","12.968401,77.647596",
"13-Sep-2026 11:57:04","17.07","4.11","13.95","On","12.968208,77.646823",
"13-Sep-2026 11:57:31","7.03","4.11","13.95","On","12.96816,77.645691",
"13-Sep-2026 11:57:34","6.34","4.11","13.95","On","12.968079,77.645679",
"13-Sep-2026 11:57:51","11.94","4.11","13.95","On","12.967609,77.645335",
"13-Sep-2026 11:58:04","14.93","4.11","13.98","On","12.967533,77.644873",
"13-Sep-2026 11:58:26","15.1","4.11","13.98","On","12.967497,77.643775",
"13-Sep-2026 11:58:34","23.28","4.11","13.98","On","12.967485,77.642977",
"13-Sep-2026 11:58:56","4.43","4.11","13.98","On","12.967416,77.642089",
"13-Sep-2026 11:59:01","15.6","4.11","13.98","On","12.967415,77.641969",
"13-Sep-2026 11:59:04","12.66","4.11","13.98","On","12.967415,77.641775",
"13-Sep-2026 11:59:11","7.78","4.11","13.98","On","12.967359,77.641577",
"13-Sep-2026 11:59:34","30.07","4.11","14","On","12.966038,77.641545",
"13-Sep-2026 12:00:04","15.73","4.11","13.95","On","12.964987,77.64161",
"13-Sep-2026 12:00:34","1.01","4.11","13.95","On","12.96398,77.641675",
"13-Sep-2026 12:01:04","0.55","4.11","13.95","On","12.963815,77.641708",
"13-Sep-2026 12:01:34","0.26","4.11","13.98","On","12.963797,77.641724",
"13-Sep-2026 12:02:04","3.93","4.11","14","On","12.9638,77.641726",
"13-Sep-2026 12:02:34","24.48","4.11","13.98","On","12.962167,77.641732",
"13-Sep-2026 12:02:36","17.74","4.11","13.98","On","12.961988,77.641748",
"13-Sep-2026 12:03:04","50.21","4.11","13.95","On","12.959184,77.641525",
"13-Sep-2026 12:03:34","38.96","4.11","13.98","On","12.956493,77.641473",
"13-Sep-2026 12:03:56","43.68","4.11","13.98","On","12.953916,77.641182",
"13-Sep-2026 12:04:04","54.87","4.11","13.98","On","12.953015,77.640707",
"13-Sep-2026 12:04:34","39.81","4.11","13.95","On","12.950387,77.639303",
"13-Sep-2026 12:04:36","42.6","4.11","13.95","On","12.949981,77.639287",
"13-Sep-2026 12:04:41","47.8","4.11","13.95","On","12.949549,77.639477",
"13-Sep-2026 12:05:01","50.45","4.11","13.95","On","12.947469,77.640896",
"13-Sep-2026 12:05:04","52.39","4.11","13.95","On","12.946989,77.640742",
"13-Sep-2026 12:05:06","52.39","4.11","13.95","On","12.946989,77.640742",
"13-Sep-2026 12:05:34","58.28","4.11","13.98","On","12.944546,77.639235",
"13-Sep-2026 12:06:04","59.75","4.11","13.95","On","12.940485,77.636719",
"13-Sep-2026 12:06:16","35.4","4.11","13.95","On","12.939232,77.635716",
"13-Sep-2026 12:06:34","15.01","4.11","13.98","On","12.938621,77.634732",
"13-Sep-2026 12:06:36","19.24","4.11","13.98","On","12.938546,77.634575",
"13-Sep-2026 12:07:01","14.96","4.11","13.98","On","12.93835,77.633438",
"13-Sep-2026 12:07:04","35.09","4.11","13.98","On","12.93837,77.633182",
"13-Sep-2026 12:07:16","5.72","4.11","13.98","On","12.938371,77.632729",
"13-Sep-2026 12:07:34","11.47","4.11","14","On","12.938428,77.632315",
"13-Sep-2026 12:07:56","14.71","4.11","14","On","12.938491,77.631732",
"13-Sep-2026 12:08:04","25.33","4.11","13.95","On","12.938354,77.631218",
"13-Sep-2026 12:08:34","12.77","4.11","13.95","On","12.938345,77.629313",
"13-Sep-2026 12:08:41","21.44","4.11","13.95","On","12.938225,77.628957",
"13-Sep-2026 12:09:01","1.42","4.11","13.95","On","12.937597,77.627863",
"13-Sep-2026 12:09:04","1.49","4.11","13.95","On","12.937615,77.627852",
"13-Sep-2026 12:09:34","0.26","4.11","13.98","On","12.937643,77.627814",
"13-Sep-2026 12:10:04","11.76","4.11","13.95","On","12.937483,77.627555",
"13-Sep-2026 12:10:21","11.65","4.11","13.95","On","12.937184,77.627165",
"13-Sep-2026 12:10:31","26.56","4.11","13.95","On","12.936805,77.627454",
"13-Sep-2026 12:10:34","24.89","4.11","13.95","On","12.936605,77.627627",
"13-Sep-2026 12:11:01","1.18","4.11","13.95","On","12.935408,77.628683",
"13-Sep-2026 12:11:04","2.16","4.11","13.93","On","12.935387,77.628681",
"13-Sep-2026 12:11:16","16.41","4.11","13.93","On","12.935102,77.628317",
"13-Sep-2026 12:11:31","11.21","4.11","13.93","On","12.934867,77.627994",
"13-Sep-2026 12:11:34","14.5","4.11","13.98","On","12.934747,77.627826",
"13-Sep-2026 12:11:36","4","4.11","13.98","On","12.934654,77.627727",
"13-Sep-2026 12:12:04","15","4.11","13.95","On","12.933853,77.62682",
"13-Sep-2026 12:12:06","15","4.11","13.95","On","12.933853,77.62682",
"13-Sep-2026 12:12:34","18.14","4.11","13.98","On","12.93289,77.62767",
"13-Sep-2026 12:12:51","20.24","4.11","13.98","On","12.932237,77.628198",
"13-Sep-2026 12:13:04","40.27","4.11","13.98","On","12.931269,77.628727",
"13-Sep-2026 12:13:21","6.31","4.11","13.98","On","12.930251,77.629196",
"13-Sep-2026 12:13:34","14.75","4.11","13.93","On","12.929799,77.629229",
"13-Sep-2026 12:14:04","14.8","4.11","13.98","On","12.928116,77.628993",
"13-Sep-2026 12:14:34","9.84","4.11","13.98","On","12.926136,77.628723",
"13-Sep-2026 12:15:04","23.55","4.11","13.98","On","12.925036,77.628508",
"13-Sep-2026 12:15:34","0.69","4.11","13.98","On","12.92482,77.628422",
"13-Sep-2026 12:16:04","1.03","4.11","14","On","12.924807,77.628405",
"13-Sep-2026 12:16:34","0.31","4.11","13.98","On","12.924775,77.628388",
"13-Sep-2026 12:16:46","14.21","4.11","13.98","On","12.924676,77.628343",
"13-Sep-2026 12:16:51","11.36","4.11","13.98","On","12.924537,77.628336",
"13-Sep-2026 12:16:56","21.16","4.11","13.98","On","12.924423,77.628464",
"13-Sep-2026 12:17:01","22.62","4.11","13.98","On","12.924047,77.628732",
"13-Sep-2026 12:17:04","22.62","4.11","13.95","On","12.924047,77.628732",
"13-Sep-2026 12:17:06","24.52","4.11","13.95","On","12.923906,77.628487",
"13-Sep-2026 12:17:34","25.39","4.11","13.95","On","12.923521,77.626635",
"13-Sep-2026 12:18:04","32.52","4.11","13.95","On","12.922897,77.623955",
"13-Sep-2026 12:18:16","38.42","4.11","13.95","On","12.922557,77.623027",
"13-Sep-2026 12:18:34","18.57","4.11","13.95","On","12.92171,77.621456",
"13-Sep-2026 12:18:46","5.39","4.11","13.95","On","12.921438,77.621043",
"13-Sep-2026 12:19:04","11.26","4.11","13.93","On","12.921351,77.620935",
"13-Sep-2026 12:19:34","8.19","4.11","13.91","On","12.921001,77.62043",
"13-Sep-2026 12:19:41","11.61","4.11","13.91","On","12.920907,77.620465",
"13-Sep-2026 12:20:04","43.38","4.11","13.95","On","12.919363,77.621438",
"13-Sep-2026 12:20:34","55.16","4.11","13.95","On","12.916071,77.623507",
"13-Sep-2026 12:21:04","24.49","4.11","13.95","On","12.912853,77.625407",
"13-Sep-2026 12:21:34","54.83","4.11","13.95","On","12.909859,77.627311",
"13-Sep-2026 12:22:04","4.52","4.11","13.95","On","12.907242,77.628883",
"13-Sep-2026 12:22:34","0.45","4.11","13.95","On","12.907237,77.628912",
"13-Sep-2026 12:22:46","11.17","4.11","13.95","On","12.907159,77.628954",
"13-Sep-2026 12:22:51","1.6","4.11","13.95","On","12.907121,77.62896",
"13-Sep-2026 12:23:04","0.96","4.11","13.95","On","12.907127,77.628954",
"13-Sep-2026 12:23:34","9.63","4.11","13.98","On","12.906966,77.628654",
"13-Sep-2026 12:23:41","17.18","4.11","13.98","On","12.906886,77.628488",
"13-Sep-2026 12:23:51","22.37","4.11","13.98","On","12.906473,77.627987",
"13-Sep-2026 12:24:01","21.59","4.11","13.98","On","12.906109,77.627879",
"13-Sep-2026 12:24:04","25.56","4.11","13.95","On","12.905867,77.62784",
"13-Sep-2026 12:24:34","20.07","4.11","13.95","On","12.904151,77.627401",
"13-Sep-2026 12:25:01","29.3","4.11","13.95","On","12.903139,77.627414",
"13-Sep-2026 12:25:04","32.06","4.11","13.98","On","12.902829,77.627455",
"13-Sep-2026 12:25:06","38.77","4.11","13.98","On","12.902451,77.627463",
"13-Sep-2026 12:25:34","20.51","4.11","13.95","On","12.900884,77.627161",
"13-Sep-2026 12:26:04","35.74","4.11","13.95","On","12.899434,77.626797",
"13-Sep-2026 12:26:34","7.61","4.11","13.93","On","12.897911,77.626381",
"13-Sep-2026 12:26:46","0.23","4.11","13.93","On","12.897822,77.626352",
"13-Sep-2026 12:27:04","0.37","4.11","13.71","On","12.897825,77.626348",
"13-Sep-2026 12:27:34","0.61","4.11","13.66","On","12.897822,77.626359",
"13-Sep-2026 12:28:04","0.73","4.11","13.66","On","12.897797,77.626372",
"13-Sep-2026 12:28:34","1.95","4.11","13.62","On","12.897777,77.626381",
"13-Sep-2026 12:29:04","0.84","4.11","13.64","On","12.897793,77.626388",
"13-Sep-2026 12:29:34","0.76","4.11","13.66","On","12.897799,77.626385",
"13-Sep-2026 12:30:04","0.2","4.11","13.64","On","12.897809,77.626368",
"13-Sep-2026 12:30:34","0.36","4.11","13.69","On","12.897805,77.626358",
"13-Sep-2026 12:31:04","0.47","4.11","13.64","On","12.897796,77.626347",
"13-Sep-2026 12:31:34","0.53","4.11","13.66","On","12.897808,77.626349",
"13-Sep-2026 12:32:04","0.39","4.11","13.62","On","12.897809,77.626352",
"13-Sep-2026 12:32:34","18.17","4.11","13.76","On","12.897671,77.626347",
"13-Sep-2026 12:33:01","21.73","4.11","13.76","On","12.896292,77.626115",
"13-Sep-2026 12:33:04","10.81","4.11","13.93","On","12.896151,77.626103",
"13-Sep-2026 12:33:34","23.03","4.11","13.98","On","12.895096,77.626001",
"13-Sep-2026 12:33:41","7.7","4.11","13.98","On","12.894755,77.625917",
"13-Sep-2026 12:34:01","18.67","4.11","13.98","On","12.894214,77.625756",
"13-Sep-2026 12:34:04","16.22","4.11","13.95","On","12.894037,77.625765",
"13-Sep-2026 12:34:34","22.99","4.11","13.95","On","12.892763,77.625917",
"13-Sep-2026 12:35:04","19.71","4.11","13.98","On","12.891257,77.625905",
"13-Sep-2026 12:35:34","19.62","4.11","13.98","On","12.889689,77.625724",
"13-Sep-2026 12:36:04","9.25","4.11","14","On","12.888747,77.625641",
"13-Sep-2026 12:36:34","20","4.11","13.98","On","12.887636,77.625584",
"13-Sep-2026 12:36:56","15.47","4.11","13.98","On","12.8863,77.625454",
"13-Sep-2026 12:37:04","9.87","4.11","13.98","On","12.886131,77.625415",
"13-Sep-2026 12:37:34","18.01","4.11","13.98","On","12.88523,77.6252",
"13-Sep-2026 12:38:04","19.14","4.11","13.98","On","12.884515,77.624951",
"13-Sep-2026 12:38:26","0.39","4.11","13.98","On","12.883483,77.624865",
"13-Sep-2026 12:38:34","0.42","4.11","13.98","On","12.883476,77.624867",
"13-Sep-2026 12:39:04","5.2","4.11","13.98","On","12.883296,77.624835",
"13-Sep-2026 12:39:34","11.16","4.11","13.98","On","12.881924,77.624768",
"13-Sep-2026 12:40:04","26.99","4.11","13.95","On","12.880455,77.624618",
"13-Sep-2026 12:40:34","20.27","4.11","13.98","On","12.878938,77.624735",
"13-Sep-2026 12:40:41","28.94","4.11","13.98","On","12.878394,77.624831",
"13-Sep-2026 12:40:51","22.62","4.11","13.98","On","12.878005,77.625237",
"13-Sep-2026 12:41:01","15.13","4.11","13.98","On","12.877755,77.625556",
"13-Sep-2026 12:41:04","15.99","4.11","13.95","On","12.877601,77.625597",
"13-Sep-2026 12:41:34","28.48","4.11","13.98","On","12.876129,77.626199",
"13-Sep-2026 12:41:36","21.83","4.11","13.98","On","12.875865,77.626178",
"13-Sep-2026 12:41:56","18.57","4.11","13.98","On","12.875279,77.625904",
"13-Sep-2026 12:42:04","13.32","4.11","13.98","On","12.875013,77.625772",
"13-Sep-2026 12:42:34","4.94","4.11","13.98","On","12.874485,77.625502",
"13-Sep-2026 12:42:36","9.28","4.11","13.98","On","12.87442,77.625488",
"13-Sep-2026 12:43:01","18.93","4.11","13.98","On","12.873406,77.625198",
"13-Sep-2026 12:43:04","27.11","4.11","13.95","On","12.873197,77.625291",
"13-Sep-2026 12:43:16","10.53","4.11","13.95","On","12.872577,77.625619",
"13-Sep-2026 12:43:21","28.36","4.11","13.95","On","12.87243,77.62573",
"13-Sep-2026 12:43:34","39.61","4.11","13.95","On","12.871655,77.626168",
"13-Sep-2026 12:44:04","22.8","4.11","13.93","On","12.870399,77.626905",
"13-Sep-2026 12:44:34","36.43","4.11","13.93","On","12.869092,77.627665",
"13-Sep-2026 12:45:04","21.48","4.11","13.93","On","12.867199,77.628441",
"13-Sep-2026 12:45:34","19.96","4.11","13.98","On","12.865874,77.629213",
"13-Sep-2026 12:46:04","7.4","4.11","13.95","On","12.864007,77.6304",
"13-Sep-2026 12:46:34","7.3","4.11","13.93","On","12.861256,77.632246",
"13-Sep-2026 12:47:01","15.17","4.11","13.93","On","12.859844,77.633178",
"13-Sep-2026 12:47:04","15.17","4.11","13.93","On","12.859844,77.633178",
"13-Sep-2026 12:47:16","20.26","4.11","13.93","On","12.85948,77.633995",
"13-Sep-2026 12:47:34","31.05","4.11","13.93","On","12.859048,77.634997",
"13-Sep-2026 12:47:36","31.05","4.11","13.93","On","12.859048,77.634997",
"13-Sep-2026 12:48:04","26.15","4.11","13.93","On","12.857558,77.635502",
"13-Sep-2026 12:48:11","18.59","4.11","13.93","On","12.857235,77.635729",
"13-Sep-2026 12:48:16","14.8","4.11","13.93","On","12.857126,77.635833",
"13-Sep-2026 12:48:31","13.95","4.11","13.93","On","12.856687,77.635904",
"13-Sep-2026 12:48:34","21.65","4.11","13.93","On","12.856621,77.636079",
"13-Sep-2026 12:48:41","30.87","4.11","13.93","On","12.856182,77.636398",
"13-Sep-2026 12:48:46","21.74","4.11","13.93","On","12.85599,77.636562",
"13-Sep-2026 12:49:04","33.61","4.11","13.95","On","12.854584,77.636467",
"13-Sep-2026 12:49:34","37.58","4.11","13.95","On","12.852039,77.636148",
"13-Sep-2026 12:49:36","37.58","4.11","13.95","On","12.852039,77.636148",
"13-Sep-2026 12:50:04","26.48","4.11","13.93","On","12.849869,77.635692",
"13-Sep-2026 12:50:34","38.36","4.11","13.95","On","12.847732,77.635564",
"13-Sep-2026 12:50:51","43.72","4.11","13.95","On","12.846574,77.635553",
"13-Sep-2026 12:51:01","16.41","4.11","13.95","On","12.845728,77.635584",
"13-Sep-2026 12:51:04","16.41","4.11","13.95","On","12.845728,77.635584",
"13-Sep-2026 12:51:34","6.74","4.11","13.95","On","12.843978,77.634831",
"13-Sep-2026 12:51:41","20.92","4.11","13.95","On","12.843913,77.634974",
"13-Sep-2026 12:51:56","44.55","4.11","13.95","On","12.843841,77.635848",
"13-Sep-2026 12:52:04","29.12","4.11","13.95","On","12.843706,77.636494",
"13-Sep-2026 12:52:34","17.21","4.11","13.95","On","12.843384,77.638154",
"13-Sep-2026 12:53:04","28.42","4.11","13.95","On","12.843083,77.639643",
"13-Sep-2026 12:53:34","13.64","4.11","13.93","On","12.842724,77.641271",
"13-Sep-2026 12:53:46","24.29","4.11","13.93","On","12.842689,77.641723",
"13-Sep-2026 12:54:04","25.17","4.11","13.95","On","12.842872,77.642258",
"13-Sep-2026 12:54:34","1.65","4.11","13.93","On","12.843173,77.64307",
"13-Sep-2026 12:55:04","0.08","4.11","13.93","On","12.843194,77.643106",
"13-Sep-2026 12:55:34","0.26","4.11","13.98","On","12.8432,77.643135",
"13-Sep-2026 12:56:04","8.41","4.11","13.95","On","12.843319,77.643504",
"13-Sep-2026 12:56:16","2.06","4.11","13.95","On","12.843333,77.643664",
"13-Sep-2026 12:57:04","0.44","4.11","13.95","On","12.843355,77.643858",
"13-Sep-2026 12:57:32","15.91","4.11","13.95","On","12.843463,77.644096",
"13-Sep-2026 12:57:34","3.75","4.11","13.93","On","12.843498,77.644193",
"13-Sep-2026 12:57:42","2.91","4.11","13.93","On","12.843484,77.644256",
"13-Sep-2026 12:57:52","10.5","4.11","13.93","On","12.843353,77.644284",
"13-Sep-2026 12:58:04","14.71","4.11","13.95","On","12.842999,77.644284",
"13-Sep-2026 12:58:34","13.14","4.11","13.95","On","12.842219,77.644224",
"13-Sep-2026 12:58:47","9.88","4.11","13.95","On","12.841839,77.644209",
"13-Sep-2026 12:59:04","8.57","4.11","13.95","On","12.841718,77.644496",
"13-Sep-2026 12:59:07","13.07","4.11","13.95","On","12.841701,77.644628",
"13-Sep-2026 12:59:22","14.03","4.11","13.95","On","12.841704,77.645222",
"13-Sep-2026 12:59:32","10.5","4.11","13.95","On","12.841848,77.645499",
"13-Sep-2026 12:59:34","21.38","4.11","13.98","On","12.841872,77.645693",
"13-Sep-2026 13:00:04","7.03","4.11","13.95","On","12.841713,77.646797",
"13-Sep-2026 13:00:07","4.01","4.11","13.95","On","12.841704,77.646864",
"13-Sep-2026 13:00:34","38.58","4.11","13.95","On","12.841431,77.648239",
"13-Sep-2026 13:01:04","12.05","4.11","13.98","On","12.840989,77.649979",
"13-Sep-2026 13:01:34","0.73","4.11","13.98","On","12.84093,77.650212",
"13-Sep-2026 13:02:04","0.11","4.11","14","On","12.840925,77.65022",
"13-Sep-2026 13:02:34","0.64","4.11","14","On","12.840909,77.650209",
"13-Sep-2026 13:03:04","0.72","4.11","13.98","On","12.840892,77.650216",
"13-Sep-2026 13:03:34","0.55","4.11","14","On","12.840878,77.650235",
"13-Sep-2026 13:04:04","0.91","4.11","13.98","On","12.840873,77.650225",
"13-Sep-2026 13:04:34","25.4","4.11","13.98","On","12.840729,77.650875",
"13-Sep-2026 13:05:04","24.27","4.11","14","On","12.84031,77.652533",
"13-Sep-2026 13:05:34","27.67","4.11","13.98","On","12.839343,77.654835",
"13-Sep-2026 13:06:02","45.85","4.11","13.98","On","12.839762,77.655498",
"13-Sep-2026 13:06:04","45.85","4.11","13.95","On","12.839762,77.655498",
"13-Sep-2026 13:06:27","43.83","4.11","13.95","On","12.842263,77.655968",
"13-Sep-2026 13:06:34","35.54","4.11","13.95","On","12.842904,77.655906",
"13-Sep-2026 13:06:47","21.93","4.11","13.95","On","12.844089,77.65581",
"13-Sep-2026 13:06:52","35.41","4.11","13.95","On","12.844293,77.656",
"13-Sep-2026 13:07:04","55.1","4.11","13.95","On","12.844731,77.657486",
"13-Sep-2026 13:07:27","13.58","4.11","13.95","On","12.845157,77.659212",
"13-Sep-2026 13:07:34","33.1","4.11","13.95","On","12.84557,77.659064",
"13-Sep-2026 13:07:52","19.57","4.11","13.95","On","12.846967,77.658526",
"13-Sep-2026 13:08:04","36.19","4.11","13.98","On","12.847834,77.658075",
"13-Sep-2026 13:08:12","31.15","4.11","13.98","On","12.848346,77.657881",
"13-Sep-2026 13:08:34","28.17","4.11","13.98","On","12.850263,77.657586",
"13-Sep-2026 13:08:52","20.31","4.11","13.98","On","12.85103,77.657483",
"13-Sep-2026 13:08:57","18.6","4.11","13.98","On","12.851076,77.657685",
"13-Sep-2026 13:09:04","36.43","4.11","13.95","On","12.851033,77.658322",
"13-Sep-2026 13:09:22","23.17","4.11","13.95","On","12.850815,77.660129",
"13-Sep-2026 13:09:27","14.81","4.11","13.95","On","12.850982,77.660207",
"13-Sep-2026 13:09:32","38.55","4.11","13.95","On","12.851252,77.660201",
"13-Sep-2026 13:09:34","44.4","4.11","13.95","On","12.851675,77.660267",
"13-Sep-2026 13:10:02","34.96","4.11","13.95","On","12.85384,77.66076",
"13-Sep-2026 13:10:04","34.96","4.11","13.95","On","12.85384,77.66076",
"13-Sep-2026 13:10:27","40.81","4.11","13.95","On","12.854575,77.662943",
"13-Sep-2026 13:10:34","47.16","4.11","13.95","On","12.854924,77.663221",
"13-Sep-2026 13:11:04","0.24","4.11","13.98","On","12.855679,77.663896",
"13-Sep-2026 13:11:27","4.55","4.11","13.98","On","12.855706,77.663922",
"13-Sep-2026 13:11:34","2.88","4.11","13.98","On","12.855741,77.663938",
"13-Sep-2026 13:11:42","15.64","4.11","13.98","On","12.855924,77.664147",
"13-Sep-2026 13:11:47","9.19","4.11","13.98","On","12.856041,77.664379",
"13-Sep-2026 13:11:52","20.97","4.11","13.98","On","12.855935,77.664516",
"13-Sep-2026 13:12:04","39.72","4.11","13.98","On","12.85513,77.665189",
"13-Sep-2026 13:12:34","47.65","4.11","13.98","On","12.85261,77.667211",
"13-Sep-2026 13:13:04","49.99","4.11","13.98","On","12.849649,77.669584",
"13-Sep-2026 13:13:34","46.91","4.11","13.98","On","12.846782,77.671902",
"13-Sep-2026 13:14:04","59.69","4.11","13.98","On","12.843104,77.674625",
"13-Sep-2026 13:14:34","6.6","4.11","13.95","On","12.84093,77.676383",
"13-Sep-2026 13:15:04","9.65","4.11","13.95","On","12.840511,77.676725",
"13-Sep-2026 13:15:34","1.11","4.11","13.98","On","12.84016,77.676988",
"13-Sep-2026 13:16:04","0.13","4.11","13.98","On","12.840102,77.677018",
"13-Sep-2026 13:16:34","1.07","4.11","14","On","12.840104,77.676999",
"13-Sep-2026 13:17:04","39.91","4.11","13.98","On","12.838256,77.678359",
"13-Sep-2026 13:17:34","49.99","4.11","13.98","On","12.8352,77.679625",
"13-Sep-2026 13:17:52","59.36","4.11","13.98","On","12.832623,77.680531",
"13-Sep-2026 13:18:04","60.2","4.11","13.95","On","12.83089,77.681046",
"13-Sep-2026 13:18:34","56.8","4.11","13.95","On","12.827034,77.682381",
"13-Sep-2026 13:18:47","58.8","4.11","13.95","On","12.82499,77.683596",
"13-Sep-2026 13:19:04","30.9","4.11","13.93","On","12.82342,77.684986",
"13-Sep-2026 13:19:34","23.77","4.11","13.91","On","12.82248,77.685958",
"13-Sep-2026 13:20:04","11.31","4.11","13.91","On","12.82124,77.687188",
"13-Sep-2026 13:20:12","3.25","4.11","13.91","On","12.821145,77.687329",
"13-Sep-2026 13:20:34","0.4","4.11","13.98","On","12.821117,77.687355",
"13-Sep-2026 13:21:04","1.14","4.11","13.98","On","12.821101,77.687375",
"13-Sep-2026 13:21:32","11.43","4.11","13.98","On","12.820862,77.687547",
"13-Sep-2026 13:21:34","11.43","4.11","13.95","On","12.820862,77.687547",
"13-Sep-2026 13:22:04","22.93","4.11","13.98","On","12.819794,77.688527",
"13-Sep-2026 13:22:22","14.72","4.11","13.98","On","12.81901,77.689248",
"13-Sep-2026 13:22:27","13.9","4.11","13.98","On","12.818886,77.68922",
"13-Sep-2026 13:22:34","2.27","4.11","13.95","On","12.818877,77.689167",
"13-Sep-2026 13:23:04","35.59","4.11","13.95","On","12.817397,77.687406",
"13-Sep-2026 13:23:34","31.29","4.11","13.93","On","12.815544,77.685426",
"13-Sep-2026 13:24:04","7.52","4.11","13.95","On","12.814633,77.684384",
"13-Sep-2026 13:24:34","28.36","4.11","13.98","On","12.813731,77.683363",
"13-Sep-2026 13:25:04","27.02","4.11","14","On","12.81192,77.681388",
"13-Sep-2026 13:25:12","0.31","4.11","14","On","12.811807,77.681276",
"13-Sep-2026 13:25:32","28.83","4.11","14","On","12.811943,77.681374",
"13-Sep-2026 13:25:34","28.83","4.11","13.95","On","12.811943,77.681374",
"13-Sep-2026 13:26:04","0.63","4.11","14","On","12.812871,77.682358",
"13-Sep-2026 13:26:34","0.35","4.11","14","On","12.812879,77.682359",
"13-Sep-2026 13:27:04","0.38","4.11","13.98","On","12.812882,77.682372",
"13-Sep-2026 13:27:34","0.43","4.11","14","On","12.812878,77.682367",
"13-Sep-2026 13:28:04","23.61","4.11","13.95","On","12.8132,77.682711",
"13-Sep-2026 13:28:34","9.33","4.11","13.95","On","12.814353,77.683997",
"13-Sep-2026 13:29:04","20.02","4.11","14","On","12.8153,77.685016",
"13-Sep-2026 13:29:34","34.8","4.11","14","On","12.81655,77.686402",
"13-Sep-2026 13:30:04","24.46","4.11","13.98","On","12.818213,77.68825",
"13-Sep-2026 13:30:34","1.94","4.11","13.98","On","12.81884,77.688901",
"13-Sep-2026 13:30:42","5.74","4.11","13.98","On","12.818919,77.688991",
"13-Sep-2026 13:30:52","23.47","4.11","13.98","On","12.818681,77.689364",
"13-Sep-2026 13:31:04","25.7","4.11","13.98","On","12.818258,77.68971",
"13-Sep-2026 13:31:34","41.98","4.11","14","On","12.816253,77.691446",
"13-Sep-2026 13:32:04","21.51","4.11","13.98","On","12.814404,77.692912",
"13-Sep-2026 13:32:34","57.28","4.11","13.95","On","12.81213,77.694604",
"13-Sep-2026 13:33:04","49.06","4.11","13.98","On","12.80942,77.696761",
"13-Sep-2026 13:33:34","48.46","4.11","13.98","On","12.806868,77.698833",
"13-Sep-2026 13:34:04","32.41","4.11","13.95","On","12.804125,77.701112",
"13-Sep-2026 13:34:17","17.3","4.11","13.95","On","12.80336,77.702116",
"13-Sep-2026 13:34:34","0.34","4.11","13.95","On","12.803204,77.702437",
"13-Sep-2026 13:35:04","5.94","4.11","13.95","On","12.803039,77.702836",
"13-Sep-2026 13:35:07","5.35","4.11","13.95","On","12.803017,77.702909",
"13-Sep-2026 13:35:34","0.39","4.11","13.98","On","12.802812,77.703698",
"13-Sep-2026 13:36:04","1.88","4.11","13.95","On","12.802805,77.703729",
"13-Sep-2026 13:36:34","0.33","4.11","13.95","On","12.802754,77.703939",
"13-Sep-2026 13:37:04","3.67","4.11","13.95","On","12.802694,77.704246",
"13-Sep-2026 13:37:34","0.48","4.11","13.95","On","12.802626,77.704618",
"13-Sep-2026 13:38:04","0.82","4.11","13.98","On","12.802605,77.704705",
"13-Sep-2026 13:38:34","10.78","4.11","13.95","On","12.802477,77.705084",
"13-Sep-2026 13:38:37","13.38","4.11","13.95","On","12.802381,77.705133",
"13-Sep-2026 13:39:04","6.66","4.11","13.95","On","12.80193,77.705026",
"13-Sep-2026 13:39:34","3.59","4.11","13.95","On","12.801625,77.705079",
"13-Sep-2026 13:40:04","5.76","4.11","13.95","On","12.801243,77.70521",
"13-Sep-2026 13:40:34","12.72","4.11","13.98","On","12.800626,77.705416",
"13-Sep-2026 13:40:42","4.18","4.11","13.98","On","12.800389,77.705491",
"13-Sep-2026 13:41:04","2.34","4.11","13.95","On","12.800221,77.705556",
"13-Sep-2026 13:41:34","0.41","4.11","13.98","On","12.800057,77.705611",
"13-Sep-2026 13:42:04","2.86","4.11","13.98","On","12.799832,77.705683",
"13-Sep-2026 13:42:34","10.29","4.11","13.98","On","12.799582,77.705754",
"13-Sep-2026 13:43:04","0.89","4.11","13.98","On","12.799057,77.705926",
"13-Sep-2026 13:43:34","1.75","4.11","13.95","On","12.798736,77.706013",
"13-Sep-2026 13:44:04","1.78","4.11","13.95","On","12.798575,77.70605",
"13-Sep-2026 13:44:34","6.55","4.11","13.98","On","12.798464,77.706088",
"13-Sep-2026 13:45:04","6.14","4.11","13.98","On","12.798113,77.706193",
"13-Sep-2026 13:45:34","4.48","4.11","13.98","On","12.797738,77.70632",
"13-Sep-2026 13:46:04","6.88","4.11","13.95","On","12.797329,77.706424",
"13-Sep-2026 13:46:34","12.81","4.11","13.93","On","12.796769,77.706547",
"13-Sep-2026 13:46:57","13.62","4.11","13.93","On","12.796206,77.706651",
"13-Sep-2026 13:47:04","24.31","4.11","13.93","On","12.795991,77.706669",
"13-Sep-2026 13:47:34","31.66","4.11","13.95","On","12.793375,77.706275",
"13-Sep-2026 13:48:04","17.45","4.11","13.98","On","12.792193,77.706033",
"13-Sep-2026 13:48:34","38.47","4.11","13.95","On","12.789955,77.705553",
"13-Sep-2026 13:48:37","38.47","4.11","13.95","On","12.789955,77.705553",
"13-Sep-2026 13:48:42","36.6","4.11","13.95","On","12.789322,77.705159",
"13-Sep-2026 13:49:04","14.14","4.11","13.93","On","12.788284,77.704156",
"13-Sep-2026 13:49:34","11.06","4.11","13.95","On","12.78779,77.703708",
"13-Sep-2026 13:49:47","27.68","4.11","13.95","On","12.787254,77.703369",
"13-Sep-2026 13:50:02","12.94","4.11","13.95","On","12.786462,77.703211",
"13-Sep-2026 13:50:04","12.94","4.11","13.95","On","12.786462,77.703211",
"13-Sep-2026 13:50:34","3.84","4.11","13.95","On","12.786044,77.702484",
"13-Sep-2026 13:51:02","21.26","4.11","13.95","On","12.785611,77.701507",
"13-Sep-2026 13:51:04","21.26","4.11","13.93","On","12.785611,77.701507",
"13-Sep-2026 13:51:32","12.7","4.11","13.93","On","12.785505,77.699572",
"13-Sep-2026 13:51:34","17.26","4.11","13.93","On","12.785663,77.699561",
"13-Sep-2026 13:51:37","17.26","4.11","13.93","On","12.785663,77.699561",
"13-Sep-2026 13:52:04","0.09","4.11","13.59","Off","12.785822,77.699552",
"13-Sep-2026 13:52:34","0.26","4.11","13.5","Off","12.78582,77.699545",
"13-Sep-2026 13:53:04","0.19","4.11","13.47","Off","12.785823,77.699541",
"13-Sep-2026 13:53:10","0.19","4.11","13.47","Off","12.785823,77.699541",
"13-Sep-2026 13:54:04","0.21","4.11","13.45","Off","12.785814,77.699548",
"13-Sep-2026 13:55:04","0.18","4.11","13.42","Off","12.78582,77.699545",
"13-Sep-2026 13:56:04","0.29","4.11","13.38","Off","12.785832,77.699525",
"13-Sep-2026 13:57:04","0.27","4.11","13.35","Off","12.785834,77.699518",
"13-Sep-2026 13:57:10","0.27","4.11","13.35","Off","12.785834,77.699518",
"13-Sep-2026 13:58:36","0.27","4.11","13.33","On","12.785834,77.699518",
"13-Sep-2026 13:58:36","0.27","4.11","13.33","On","12.785834,77.699518",
"13-Sep-2026 13:58:36","0.07","4.11","13.33","On","12.785834,77.699518",
"13-Sep-2026 13:59:07","6.49","4.11","13.79","On","12.785898,77.699836",
"13-Sep-2026 13:59:34","2.75","4.11","13.91","On","12.785831,77.69957",
"13-Sep-2026 14:00:04","0.63","4.11","13.91","On","12.785947,77.699558",
"13-Sep-2026 14:00:34","1.03","4.11","13.88","Off","12.785953,77.699558",
"13-Sep-2026 14:01:04","0.42","4.11","13.59","Off","12.785944,77.699551",
"13-Sep-2026 14:01:34","1.97","4.11","13.52","Off","12.785944,77.69955",
"13-Sep-2026 14:02:04","0.92","4.11","13.52","Off","12.785936,77.699552",
"13-Sep-2026 14:02:20","0.92","4.11","13.5","Off","12.785936,77.699552",
"13-Sep-2026 14:03:04","0.95","4.11","13.47","Off","12.785932,77.699547",
"13-Sep-2026 14:04:04","1.33","4.11","13.45","Off","12.78594,77.69954",
"13-Sep-2026 14:05:04","0.08","4.11","13.42","Off","12.785974,77.699512",
"13-Sep-2026 14:06:04","0.33","4.11","13.38","Off","12.785948,77.69951",
"13-Sep-2026 14:06:20","0.33","4.11","13.35","Off","12.785948,77.69951",
"13-Sep-2026 15:03:48","0.33","4.11","12.94","Off","12.785948,77.69951",
"13-Sep-2026 15:03:48","0.89","4.11","12.94","Off","12.785933,77.699519",
"13-Sep-2026 15:03:50","0.89","4.11","12.94","Off","12.785933,77.699519",
"13-Sep-2026 15:03:50","0.89","4.11","12.94","Off","12.785933,77.699519",
"13-Sep-2026 15:04:04","0.89","4.11","13.45","On","12.785933,77.699519",
"13-Sep-2026 15:04:34","0.36","4.11","13.88","On","12.785552,77.699785",
"13-Sep-2026 15:04:39","21.33","4.11","13.88","On","12.785517,77.699919",
"13-Sep-2026 15:05:04","18.17","4.11","13.95","On","12.785606,77.701368",
"13-Sep-2026 15:05:19","8.45","4.11","13.95","On","12.785666,77.701841",
"13-Sep-2026 15:05:34","15.42","4.11","13.95","On","12.785869,77.702215",
"13-Sep-2026 15:06:04","7.84","4.11","13.93","On","12.786276,77.702834",
"13-Sep-2026 15:06:34","15.4","4.11","13.93","On","12.786555,77.703186",
"13-Sep-2026 15:06:34","15.4","4.11","13.93","On","12.786555,77.703186",
"13-Sep-2026 15:06:59","10.27","4.11","13.93","On","12.788054,77.703851",
"13-Sep-2026 15:07:04","4.71","4.11","13.93","On","12.788192,77.703851",
"13-Sep-2026 15:07:04","4.71","4.11","13.95","On","12.788192,77.703851",
"13-Sep-2026 15:07:34","2.69","4.11","13.91","On","12.788268,77.703917",
"13-Sep-2026 15:08:04","0.13","4.11","13.79","Off","12.788274,77.703964",
"13-Sep-2026 15:08:34","0.54","4.11","13.69","Off","12.788273,77.70395",
"13-Sep-2026 15:09:04","0.49","4.11","13.62","Off","12.788277,77.703954",
"13-Sep-2026 15:09:29","0.49","4.11","13.59","Off","12.788277,77.703954",
"13-Sep-2026 15:09:35","0.49","4.11","13.59","Off","12.788277,77.703954",
"13-Sep-2026 15:09:35","0.04","4.11","13.59","Off","12.788282,77.703949",
"13-Sep-2026 15:10:04","0.48","4.11","13.74","On","12.788258,77.703971",
"13-Sep-2026 15:10:34","5.93","4.11","13.93","On","12.78855,77.704285",
"13-Sep-2026 15:11:04","8.57","4.11","13.95","On","12.78908,77.704876",
"13-Sep-2026 15:11:09","18.43","4.11","13.95","On","12.78898,77.704787",
"13-Sep-2026 15:11:34","5.61","4.11","13.95","On","12.787847,77.703765",
"13-Sep-2026 15:11:49","21.13","4.11","13.95","On","12.787345,77.703404",
"13-Sep-2026 15:12:04","8.77","4.11","13.95","On","12.786493,77.703226",
"13-Sep-2026 15:12:04","8.77","4.11","13.93","On","12.786493,77.703226",
"13-Sep-2026 15:12:34","4.49","4.11","13.95","On","12.786248,77.702771",
"13-Sep-2026 15:13:04","15.45","4.11","13.95","On","12.785808,77.702148",
"13-Sep-2026 15:13:24","13.62","4.11","13.95","On","12.785643,77.701627",
"13-Sep-2026 15:13:34","17.14","4.11","13.98","On","12.785586,77.701332",
"13-Sep-2026 15:14:04","4.81","4.11","13.98","On","12.785523,77.699865",
"13-Sep-2026 15:14:04","4.81","4.11","13.95","On","12.785523,77.699865",
"13-Sep-2026 15:14:34","3.61","4.11","13.88","On","12.785524,77.699899",
"13-Sep-2026 15:15:04","1.13","4.11","13.86","Off","12.785531,77.699866",
"13-Sep-2026 15:15:34","0.2","4.11","13.64","Off","12.785527,77.699867",
"13-Sep-2026 15:16:04","0.3","4.11","13.59","Off","12.785517,77.699865",
"13-Sep-2026 15:16:34","0.08","4.11","13.57","Off","12.785521,77.699873",
"13-Sep-2026 15:16:50","0.08","4.11","13.54","Off","12.785521,77.699873",
"13-Sep-2026 15:17:34","0.14","4.11","13.52","Off","12.785526,77.699878",
"13-Sep-2026 15:18:04","0.07","4.11","13.52","Off","12.785526,77.699878",
"13-Sep-2026 15:19:04","0.06","4.11","13.47","Off","12.785526,77.699891",
"13-Sep-2026 15:20:04","0.18","4.11","13.42","Off","12.785527,77.699896",
"13-Sep-2026 15:20:50","0.18","4.11","13.38","Off","12.785527,77.699896",
"13-Sep-2026 15:41:31","0.18","4.11","13.13","Off","12.785527,77.699896",
"13-Sep-2026 15:41:31","0.13","4.11","13.13","Off","12.785535,77.6999",
"13-Sep-2026 15:41:33","0.13","4.11","13.13","Off","12.785535,77.6999",
"13-Sep-2026 15:41:34","0.13","4.11","13.13","Off","12.785535,77.6999",
"13-Sep-2026 15:42:04","0.27","4.11","13.06","Off","12.785532,77.699783",
"13-Sep-2026 15:42:34","0.19","4.11","13.01","Off","12.785516,77.699838",
"13-Sep-2026 15:43:04","0.11","4.11","13.01","Off","12.785521,77.699827",
"13-Sep-2026 15:43:05","0.11","4.11","12.99","Off","12.785521,77.699827",
"13-Sep-2026 15:44:04","0.28","4.11","13.01","Off","12.78552,77.699825",
"13-Sep-2026 15:45:04","0.14","4.11","12.99","Off","12.785521,77.69985",
"13-Sep-2026 15:46:04","0.37","4.11","12.97","Off","12.785515,77.699859",
"13-Sep-2026 15:47:04","0.05","4.11","12.97","Off","12.785509,77.699864",
"13-Sep-2026 15:47:05","0.05","4.11","12.94","Off","12.785509,77.699864",
"13-Sep-2026 16:47:05","0.05","4.11","12.94","Off","12.785509,77.699864",
"13-Sep-2026 16:47:05","0.05","4.11","12.94","Off","12.785509,77.699864",
"13-Sep-2026 16:48:04","0.71","4.11","12.92","Off","12.785512,77.69986",
"13-Sep-2026 16:49:04","0.16","4.11","12.89","Off","12.785511,77.699863",
"13-Sep-2026 16:50:04","0.14","4.11","12.85","Off","12.785521,77.699866",
"13-Sep-2026 16:51:04","0.33","4.11","12.85","Off","12.785517,77.69987",
"13-Sep-2026 16:51:05","0.33","4.11","12.85","Off","12.785517,77.69987",
"13-Sep-2026 17:51:05","0.33","4.11","12.94","Off","12.785517,77.69987",
"13-Sep-2026 17:51:05","0.24","4.11","12.94","Off","12.785518,77.699869",
"13-Sep-2026 17:52:04","0.31","4.11","12.89","Off","12.785487,77.699895",
"13-Sep-2026 17:53:04","0.57","4.11","12.87","Off","12.78549,77.699884",
"13-Sep-2026 17:54:04","0.24","4.11","12.89","Off","12.785498,77.699875",
"13-Sep-2026 17:55:04","0.29","4.11","12.87","Off","12.785513,77.69988",
"13-Sep-2026 17:55:05","0.29","4.11","12.87","Off","12.785513,77.69988",
"13-Sep-2026 18:55:05","0.29","4.11","12.94","Off","12.785513,77.69988",
"13-Sep-2026 18:55:05","0.12","4.11","12.94","Off","12.785515,77.699879",
"13-Sep-2026 18:56:04","0.57","4.11","12.89","Off","12.785514,77.699867",
"13-Sep-2026 18:57:04","0.43","4.11","12.87","Off","12.785521,77.699878",
"13-Sep-2026 18:58:04","0.81","4.11","12.87","Off","12.785509,77.699887",
"13-Sep-2026 18:59:04","0.36","4.11","12.85","Off","12.785507,77.699886",
"13-Sep-2026 18:59:05","0.36","4.11","12.82","Off","12.785507,77.699886",
"13-Sep-2026 19:30:07","0.36","4.11","12.89","On","12.785507,77.699886",
"13-Sep-2026 19:30:07","0.36","4.11","12.89","On","12.785507,77.699886",
"13-Sep-2026 19:30:07","0.84","4.11","12.89","On","12.785506,77.699884",
"13-Sep-2026 19:30:34","0.84","4.11","13.45","On","12.785506,77.699884",
"13-Sep-2026 19:31:04","0.14","4.11","13.69","On","12.785596,77.699545",
"13-Sep-2026 19:31:34","3.06","4.11","13.62","On","12.785644,77.699522",
"13-Sep-2026 19:32:04","0.19","4.11","13.66","On","12.785581,77.699508",
"13-Sep-2026 19:32:34","0.77","4.11","13.66","On","12.785575,77.699504",
"13-Sep-2026 19:33:04","0.25","4.11","13.66","On","12.78557,77.699504",
"13-Sep-2026 19:33:34","1.63","4.11","13.64","On","12.785584,77.699502",
"13-Sep-2026 19:34:04","0.28","4.11","13.66","On","12.785522,77.699657",
"13-Sep-2026 19:34:24","12.75","4.11","13.66","On","12.785496,77.699802",
"13-Sep-2026 19:34:34","9.72","4.11","13.64","On","12.785507,77.70005",
"13-Sep-2026 19:34:34","9.72","4.11","13.64","On","12.785507,77.70005",
"13-Sep-2026 19:34:59","14.86","4.11","13.64","On","12.785597,77.701321",
"13-Sep-2026 19:35:04","4.87","4.11","13.64","On","12.785604,77.701433",
"13-Sep-2026 19:35:29","4.78","4.11","13.64","On","12.785625,77.701507",
"13-Sep-2026 19:35:34","4.26","4.11","13.66","On","12.785643,77.701553",
"13-Sep-2026 19:36:04","1.2","4.11","13.62","On","12.785622,77.701597",
"13-Sep-2026 19:36:19","20.97","4.11","13.62","On","12.785853,77.701415",
"13-Sep-2026 19:36:34","0.54","4.11","13.62","On","12.78612,77.701422",
"13-Sep-2026 19:36:39","14.62","4.11","13.62","On","12.786334,77.701451",
"13-Sep-2026 19:36:44","5.1","4.11","13.62","On","12.786427,77.701442",
"13-Sep-2026 19:37:04","13.07","4.11","13.64","On","12.786853,77.70146",
"13-Sep-2026 19:37:19","14.69","4.11","13.64","On","12.787503,77.701481",
"13-Sep-2026 19:37:24","20.41","4.11","13.64","On","12.787671,77.701481",
"13-Sep-2026 19:37:34","24.41","4.11","13.64","On","12.7882,77.701482",
"13-Sep-2026 19:37:39","20.12","4.11","13.64","On","12.788637,77.701487",
"13-Sep-2026 19:37:44","21.37","4.11","13.64","On","12.788827,77.701483",
"13-Sep-2026 19:38:04","6.04","4.11","13.62","On","12.789695,77.701542",
"13-Sep-2026 19:38:04","6.04","4.11","13.62","On","12.789695,77.701542",
"13-Sep-2026 19:38:14","11.01","4.11","13.62","On","12.789856,77.70159",
"13-Sep-2026 19:38:19","19.52","4.11","13.62","On","12.789862,77.701782",
"13-Sep-2026 19:38:34","21.67","4.11","13.64","On","12.789901,77.702719",
"13-Sep-2026 19:38:59","2.38","4.11","13.64","On","12.789847,77.703419",
"13-Sep-2026 19:39:04","9.99","4.11","13.64","On","12.789853,77.703458",
"13-Sep-2026 19:39:34","4.87","4.11","13.64","On","12.790216,77.703699",
"13-Sep-2026 19:39:54","16.43","4.11","13.64","On","12.790357,77.703891",
"13-Sep-2026 19:40:04","16.38","4.11","13.66","On","12.790861,77.703904",
"13-Sep-2026 19:40:19","23.89","4.11","13.66","On","12.791654,77.70393",
"13-Sep-2026 19:40:29","20.66","4.11","13.66","On","12.791914,77.70393",
"13-Sep-2026 19:40:34","19.62","4.11","13.62","On","12.792193,77.703948",
"13-Sep-2026 19:40:34","19.62","4.11","13.62","On","12.792193,77.703948",
"13-Sep-2026 19:40:39","8.16","4.11","13.62","On","12.792357,77.703971",
"13-Sep-2026 19:40:54","15.4","4.11","13.62","On","12.792573,77.70406",
"13-Sep-2026 19:41:04","33.25","4.11","13.64","On","12.792575,77.705157",
"13-Sep-2026 19:41:24","7.51","4.11","13.64","On","12.792597,77.705949",
"13-Sep-2026 19:41:34","12.08","4.11","13.83","On","12.792713,77.706045",
"13-Sep-2026 19:41:34","12.08","4.11","13.83","On","12.792713,77.706045",
"13-Sep-2026 19:42:04","35.22","4.11","13.93","On","12.794734,77.706464",
"13-Sep-2026 19:42:24","9.39","4.11","13.93","On","12.795542,77.706589",
"13-Sep-2026 19:42:34","13.13","4.11","13.98","On","12.795748,77.706581",
"13-Sep-2026 19:43:04","13.98","4.11","14","On","12.796816,77.706449",
"13-Sep-2026 19:43:34","0.35","4.11","13.98","On","12.797537,77.706268",
"13-Sep-2026 19:44:04","1.69","4.11","14","On","12.797602,77.70625",
"13-Sep-2026 19:44:34","20.72","4.11","14","On","12.79803,77.70612",
"13-Sep-2026 19:45:04","41.59","4.11","13.93","On","12.799614,77.70566",
"13-Sep-2026 19:45:34","15.47","4.11","13.69","On","12.800549,77.705301",
"13-Sep-2026 19:46:04","17.46","4.11","13.66","On","12.80143,77.70505",
"13-Sep-2026 19:46:34","9.19","4.11","13.62","On","12.801899,77.704898",
"13-Sep-2026 19:47:04","9.5","4.11","13.64","On","12.802092,77.704737",
"13-Sep-2026 19:47:24","12.93","4.11","13.64","On","12.802264,77.704426",
"13-Sep-2026 19:47:34","27.25","4.11","13.81","On","12.802389,77.703895",
"13-Sep-2026 19:48:04","34.79","4.11","13.66","On","12.803256,77.701618",
"13-Sep-2026 19:48:19","21.54","4.11","13.66","On","12.804036,77.700806",
"13-Sep-2026 19:48:34","20.53","4.11","13.64","On","12.804634,77.700382",
"13-Sep-2026 19:49:04","15.13","4.11","13.59","On","12.805816,77.699484",
"13-Sep-2026 19:49:34","14.03","4.11","13.64","On","12.806865,77.698646",
"13-Sep-2026 19:50:04","10.63","4.11","13.62","On","12.807629,77.698026",
"13-Sep-2026 19:50:34","26.37","4.11","13.64","On","12.808844,77.697045",
"13-Sep-2026 19:51:04","23.88","4.11","13.62","On","12.810442,77.695785",
"13-Sep-2026 19:51:34","26.25","4.11","13.64","On","12.811924,77.694604",
"13-Sep-2026 19:52:04","23.79","4.11","13.76","On","12.813306,77.693491",
"13-Sep-2026 19:52:34","37.32","4.11","13.91","On","12.815144,77.69198",
"13-Sep-2026 19:53:04","58.7","4.11","13.95","On","12.817851,77.689851",
"13-Sep-2026 19:53:34","41.76","4.11","13.93","On","12.821,77.687077",
"13-Sep-2026 19:54:04","47.43","4.11","13.66","On","12.822915,77.685289",
"13-Sep-2026 19:54:34","57.96","4.11","13.64","On","12.8261,77.682766",
"13-Sep-2026 19:55:04","52.08","4.11","13.66","On","12.829615,77.681322",
"13-Sep-2026 19:55:09","47.07","4.11","13.66","On","12.830545,77.68104",
"13-Sep-2026 19:55:34","29.68","4.11","13.64","On","12.832789,77.680358",
"13-Sep-2026 19:56:04","42.95","4.11","13.62","On","12.836176,77.679126",
"13-Sep-2026 19:56:34","28.35","4.11","13.62","On","12.837813,77.678433",
"13-Sep-2026 19:56:44","42.66","4.11","13.62","On","12.838286,77.678128",
"13-Sep-2026 19:57:04","4.02","4.11","13.59","On","12.839268,77.677427",
"13-Sep-2026 19:57:34","21.06","4.11","13.59","On","12.839694,77.67711",
"13-Sep-2026 19:57:44","8.17","4.11","13.59","On","12.83989,77.677017",
"13-Sep-2026 19:57:49","49.46","4.11","13.59","On","12.839504,77.677386",
"13-Sep-2026 19:58:04","38.12","4.11","13.62","On","12.838367,77.678277",
"13-Sep-2026 19:58:09","0.92","4.11","13.62","On","12.838045,77.678503",
"13-Sep-2026 19:58:29","18.46","4.11","13.62","On","12.838374,77.678362",
"13-Sep-2026 19:58:34","28.25","4.11","13.79","On","12.838579,77.678215",
"13-Sep-2026 19:59:04","9.99","4.11","13.59","On","12.839898,77.677146",
"13-Sep-2026 19:59:09","10.25","4.11","13.59","On","12.840046,77.677108",
"13-Sep-2026 19:59:14","14.79","4.11","13.59","On","12.840113,77.677187",
"13-Sep-2026 19:59:34","18.65","4.11","13.59","On","12.840744,77.678126",
"13-Sep-2026 20:00:04","44.44","4.11","13.64","On","12.841685,77.679584",
"13-Sep-2026 20:00:24","10.34","4.11","13.64","On","12.842411,77.680853",
"13-Sep-2026 20:00:34","2.99","4.11","13.59","On","12.841915,77.681223",
"13-Sep-2026 20:00:44","7.32","4.11","13.59","On","12.841805,77.681336",
"13-Sep-2026 20:00:49","27.75","4.11","13.59","On","12.84192,77.681574",
"13-Sep-2026 20:01:04","16.51","4.11","13.64","On","12.842331,77.682141",
"13-Sep-2026 20:01:24","6.44","4.11","13.64","On","12.842734,77.682743",
"13-Sep-2026 20:01:34","7.14","4.11","13.62","On","12.842549,77.682934",
"13-Sep-2026 20:02:04","1.84","4.11","13.64","On","12.842275,77.683185",
"13-Sep-2026 20:02:34","1.48","4.11","13.62","On","12.842306,77.683202",
"13-Sep-2026 20:03:04","1.15","4.11","13.59","On","12.842227,77.683306",
"13-Sep-2026 20:03:34","0.89","4.11","13.62","On","12.84224,77.683276",
"13-Sep-2026 20:04:04","1.07","4.11","13.54","Off","12.842247,77.683243",
"13-Sep-2026 20:04:34","1.99","4.11","13.23","Off","12.842205,77.683168",
"13-Sep-2026 20:05:04","1.13","4.11","12.97","Off","12.842199,77.683169",
"13-Sep-2026 20:05:34","0.78","4.11","12.75","Off","12.842134,77.683161",
"13-Sep-2026 20:05:52","0.78","4.11","12.63","Off","12.842134,77.683161",
"13-Sep-2026 20:06:34","0.54","4.11","12.58","Off","12.842125,77.68315",
"13-Sep-2026 20:06:58","0.54","4.11","12.58","On","12.842125,77.68315",
"13-Sep-2026 20:06:58","2.55","4.11","12.58","On","12.842132,77.683146",
"13-Sep-2026 20:07:04","4.2","4.11","12.85","On","12.842128,77.683164",
"13-Sep-2026 20:07:34","0.77","4.11","13.83","On","12.842113,77.683211",
"13-Sep-2026 20:08:04","0.82","4.11","13.95","On","12.842123,77.683248",
"13-Sep-2026 20:08:34","2.82","4.11","14","On","12.842168,77.683196",
"13-Sep-2026 20:09:04","0.08","4.11","13.74","Off","12.842192,77.683177",
"13-Sep-2026 20:09:34","1.71","4.11","13.52","Off","12.842152,77.683159",
"13-Sep-2026 20:09:35","1.71","4.11","13.5","Off","12.842152,77.683159",
"13-Sep-2026 20:10:34","0.17","4.11","13.09","Off","12.842146,77.683205",
"13-Sep-2026 20:11:04","1.92","4.11","12.92","Off","12.842165,77.683176",
"13-Sep-2026 20:11:05","1.92","4.11","12.92","On","12.842165,77.683176",
"13-Sep-2026 20:11:34","0.98","4.11","12.7","Off","12.84215,77.683167",
"13-Sep-2026 20:12:04","0.79","4.11","12.7","Off","12.842148,77.683199",
"13-Sep-2026 20:12:07","0.79","4.11","12.7","Off","12.842148,77.683199",
"13-Sep-2026 20:13:04","1.37","4.11","12.75","Off","12.842114,77.683235",
"13-Sep-2026 20:14:04","1.47","4.11","12.77","Off","12.842077,77.683297",
"13-Sep-2026 20:15:04","1.46","4.11","12.77","Off","12.842121,77.683241",
"13-Sep-2026 20:15:20","1.46","4.11","12.77","On","12.842121,77.683241",
"13-Sep-2026 20:15:34","2.38","4.11","13.4","On","12.842108,77.68324",
"13-Sep-2026 20:16:04","0.62","4.11","13.83","Off","12.842094,77.683194",
"13-Sep-2026 20:16:34","0.2","4.11","13.26","Off","12.842125,77.683148",
"13-Sep-2026 20:17:01","0.2","4.11","12.89","Off","12.842125,77.683148",
"13-Sep-2026 20:17:34","1.39","4.11","13.4","Off","12.84211,77.683177",
"13-Sep-2026 20:18:04","2.39","4.11","13.66","Off","12.842059,77.683192",
"13-Sep-2026 20:19:04","1.04","4.11","13.88","Off","12.842058,77.68326",
"13-Sep-2026 20:20:04","1.86","4.11","13.95","Off","12.842113,77.683215",
"13-Sep-2026 20:21:01","1.86","4.11","13.98","Off","12.842113,77.683215",
"13-Sep-2026 21:21:01","1.86","4.11","14.07","Off","12.842113,77.683215",
"13-Sep-2026 21:21:01","0.65","4.11","14.07","Off","12.84214,77.683165",
"13-Sep-2026 21:21:04","0.65","4.11","14.07","Off","12.84214,77.683165",
"13-Sep-2026 21:46:34","1.92","4.11","13.59","On","12.842092,77.683477",
"13-Sep-2026 21:47:04","0","4.11","13.93","On","12.842087,77.683342",
"13-Sep-2026 21:47:34","0","4.11","13.91","On","12.842288,77.683334",
"13-Sep-2026 21:48:04","0","4.11","13.95","On","12.842079,77.683324",
"13-Sep-2026 21:48:34","0","4.11","13.93","On","12.842296,77.683165",
"13-Sep-2026 21:49:04","0.27","4.11","13.74","Off","12.842438,77.68308",
"13-Sep-2026 21:49:34","0.39","4.11","13.59","Off","12.842415,77.683104",
"13-Sep-2026 21:50:04","0.64","4.11","13.54","Off","12.842437,77.683089",
"13-Sep-2026 21:50:31","0.64","4.11","13.52","Off","12.842437,77.683089",
"13-Sep-2026 21:51:04","0.22","4.11","13.52","Off","12.842446,77.683088",
"13-Sep-2026 21:52:04","0.43","4.11","13.5","Off","12.842437,77.68307",
"13-Sep-2026 21:53:04","0.65","4.11","13.47","Off","12.842426,77.683073",
"13-Sep-2026 21:54:04","0.57","4.11","13.42","Off","12.842427,77.68308",
"13-Sep-2026 21:54:31","0.57","4.11","13.38","Off","12.842427,77.68308",
"13-Sep-2026 22:41:28","0.57","4.11","13.04","On","12.842427,77.68308",
"13-Sep-2026 22:41:28","0.57","4.11","13.04","On","12.842427,77.68308",
"13-Sep-2026 22:41:28","0.37","4.11","13.04","On","12.842421,77.683082",
"13-Sep-2026 22:41:34","0.37","4.11","13.21","On","12.842421,77.683082",
"13-Sep-2026 22:42:34","0.92","4.11","13.64","On","12.84275,77.682704",
"13-Sep-2026 22:42:59","0.45","4.11","13.64","On","12.84271,77.682686",
"13-Sep-2026 22:43:21","25.16","4.11","13.64","On","12.842648,77.682627",
"13-Sep-2026 22:43:29","33.26","4.11","13.64","On","12.842394,77.682213",
"13-Sep-2026 22:43:51","9.74","4.11","13.64","On","12.841865,77.681263",
"13-Sep-2026 22:43:59","16.8","4.11","13.62","On","12.842417,77.680853",
"13-Sep-2026 22:44:06","39.92","4.11","13.62","On","12.842322,77.680524",
"13-Sep-2026 22:44:29","29.66","4.11","13.62","On","12.841303,77.678997",
"13-Sep-2026 22:44:59","25.75","4.11","13.62","On","12.84046,77.677721",
"13-Sep-2026 22:45:16","12.86","4.11","13.62","On","12.839989,77.677196",
"13-Sep-2026 22:45:21","30.28","4.11","13.62","On","12.839811,77.677364",
"13-Sep-2026 22:45:29","28.29","4.11","13.86","On","12.839484,77.677683",
"13-Sep-2026 22:45:56","16.46","4.11","13.86","On","12.837981,77.678613",
"13-Sep-2026 22:45:59","27.07","4.11","13.64","On","12.837803,77.678685",
"13-Sep-2026 22:46:29","58.23","4.11","13.62","On","12.834607,77.679874",
"13-Sep-2026 22:46:59","60.89","4.11","13.64","On","12.830058,77.681354",
"13-Sep-2026 22:47:29","55.36","4.11","13.64","On","12.826385,77.682772",
"13-Sep-2026 22:47:41","50.56","4.11","13.64","On","12.82494,77.683728",
"13-Sep-2026 22:47:59","55.59","4.11","13.64","On","12.82306,77.685341",
"13-Sep-2026 22:48:29","53.2","4.11","13.64","On","12.820062,77.688211",
"13-Sep-2026 22:48:59","60.82","4.11","13.62","On","12.816636,77.691072",
"13-Sep-2026 22:49:29","28.05","4.11","13.64","On","12.814109,77.693091",
"13-Sep-2026 22:49:59","48.63","4.11","13.64","On","12.811212,77.695413",
"13-Sep-2026 22:50:29","49.9","4.11","13.64","On","12.808812,77.697306",
"13-Sep-2026 22:50:59","6.1","4.11","13.62","On","12.807329,77.698485",
"13-Sep-2026 22:51:29","47.12","4.11","13.62","On","12.805478,77.699942",
"13-Sep-2026 22:51:56","59.65","4.11","13.62","On","12.803069,77.702803",
"13-Sep-2026 22:51:59","59.65","4.11","13.69","On","12.803069,77.702803",
"13-Sep-2026 22:52:21","13.54","4.11","13.69","On","12.80262,77.704828",
"13-Sep-2026 22:52:29","13.46","4.11","13.59","On","12.802542,77.705124",
"13-Sep-2026 22:52:31","13.46","4.11","13.59","On","12.802542,77.705124",
"13-Sep-2026 22:52:36","8","4.11","13.59","On","12.802302,77.705126",
"13-Sep-2026 22:52:51","42.51","4.11","13.59","On","12.801343,77.705196",
"13-Sep-2026 22:52:59","18.59","4.11","13.62","On","12.800676,77.705392",
"13-Sep-2026 22:53:29","19.89","4.11","13.64","On","12.797683,77.706356",
"13-Sep-2026 22:53:59","23.39","4.11","13.64","On","12.795992,77.706709",
"13-Sep-2026 22:54:16","29.89","4.11","13.64","On","12.794999,77.706677",
"13-Sep-2026 22:54:29","42.67","4.11","13.62","On","12.793805,77.706391",
"13-Sep-2026 22:54:56","0.34","4.11","13.62","On","12.792509,77.706063",
"13-Sep-2026 22:54:59","0.34","4.11","13.62","On","12.792509,77.706063",
"13-Sep-2026 22:55:11","14.97","4.11","13.62","On","12.792507,77.705957",
"13-Sep-2026 22:55:29","8.61","4.11","13.62","On","12.792525,77.704105",
"13-Sep-2026 22:55:56","23.38","4.11","13.62","On","12.792395,77.70168",
"13-Sep-2026 22:55:59","23.38","4.11","13.62","On","12.792395,77.70168",
"13-Sep-2026 22:56:29","29.12","4.11","13.62","On","12.790389,77.701639",
"13-Sep-2026 22:56:59","47.63","4.11","13.62","On","12.788827,77.701639",
"13-Sep-2026 22:57:29","26.64","4.1","13.62","On","12.786716,77.701563",
"13-Sep-2026 22:57:56","40.47","4.1","13.62","On","12.785596,77.701052",
"13-Sep-2026 22:57:59","40.47","4.11","13.62","On","12.785596,77.701052",
"13-Sep-2026 22:58:16","12.58","4.11","13.62","On","12.785501,77.699593",
"13-Sep-2026 22:58:21","11.28","4.11","13.62","On","12.785632,77.699558",
"13-Sep-2026 22:58:29","3.75","4.11","13.62","On","12.78586,77.699548",
"13-Sep-2026 22:58:31","3.75","4.11","13.62","On","12.78586,77.699548",
"13-Sep-2026 22:58:59","1.72","4.11","13.57","On","12.785863,77.699534",
"13-Sep-2026 22:59:29","2.15","4.11","13.54","On","12.785971,77.699525",
"13-Sep-2026 22:59:59","0.01","4.11","13.62","On","12.785998,77.699514",
"13-Sep-2026 23:00:29","0.11","4.11","13.64","On","12.786017,77.699503",
"13-Sep-2026 23:00:59","0.73","4.11","13.69","Off","12.786015,77.699508",
"13-Sep-2026 23:01:29","0.55","4.11","13.57","Off","12.786015,77.699511",
"13-Sep-2026 23:01:51","0.55","4.11","13.57","Off","12.786015,77.699511",
"13-Sep-2026 23:02:29","0.11","4.11","13.57","Off","12.786011,77.699506",
"13-Sep-2026 23:02:59","0.28","4.11","13.57","Off","12.786009,77.699508",
"13-Sep-2026 23:03:59","0.41","4.11","13.52","Off","12.785998,77.699485",
"13-Sep-2026 23:04:59","0.32","4.11","13.5","Off","12.786005,77.69948",
"13-Sep-2026 23:05:51","0.32","4.11","13.45","Off","12.786005,77.69948",
"14-Sep-2026 00:05:51","0.32","4.11","12.89","Off","12.786005,77.69948",
"14-Sep-2026 00:05:51","0.38","4.11","12.89","Off","12.786008,77.699468",
"14-Sep-2026 00:05:59","0.38","4.11","12.89","Off","12.786008,77.699468",
"14-Sep-2026 00:06:59","2.57","4.11","12.87","Off","12.786021,77.699563",
"14-Sep-2026 00:07:59","0.23","4.11","12.85","Off","12.786013,77.699527",
"14-Sep-2026 00:08:59","1.17","4.11","12.85","Off","12.786002,77.699506",
"14-Sep-2026 00:09:51","1.17","4.11","12.82","Off","12.786002,77.699506",
"14-Sep-2026 01:09:51","1.17","4.11","12.89","Off","12.786002,77.699506",
"14-Sep-2026 01:09:51","0.29","4.11","12.89","Off","12.786013,77.699506",
"14-Sep-2026 01:09:59","0.29","4.11","12.89","Off","12.786013,77.699506",
"14-Sep-2026 01:10:59","1.8","4.11","12.85","Off","12.786018,77.699477",
"14-Sep-2026 01:11:59","1.21","4.11","12.8","Off","12.786004,77.699474",
"14-Sep-2026 01:12:59","0.6","4.11","12.82","Off","12.786012,77.699485",
"14-Sep-2026 01:13:51","0.6","4.11","12.8","Off","12.786012,77.699485",
"14-Sep-2026 02:13:51","0.6","4.11","12.89","Off","12.786012,77.699485",
"14-Sep-2026 02:13:51","0.66","4.11","12.89","Off","12.786012,77.699499",
"14-Sep-2026 02:13:59","0.66","4.11","12.87","Off","12.786012,77.699499",
"14-Sep-2026 02:14:59","1.34","4.11","12.82","Off","12.785916,77.699526",
"14-Sep-2026 02:15:59","0.15","4.11","12.8","Off","12.785924,77.699484",
"14-Sep-2026 02:16:59","0.46","4.11","12.77","Off","12.785933,77.699451",
"14-Sep-2026 02:17:51","0.46","4.11","12.75","Off","12.785933,77.699451",
"14-Sep-2026 03:17:51","0.46","4.11","12.89","Off","12.785933,77.699451",
"14-Sep-2026 03:17:51","0.46","4.11","12.89","Off","12.785958,77.69946",
"14-Sep-2026 03:17:59","0.46","4.11","12.87","Off","12.785958,77.69946",
"14-Sep-2026 03:18:59","1.08","4.11","12.82","Off","12.785944,77.699513",
"14-Sep-2026 03:19:59","0.21","4.11","12.8","Off","12.78593,77.699521",
"14-Sep-2026 03:20:59","0.75","4.11","12.77","Off","12.785963,77.699526",
"14-Sep-2026 03:21:51","0.75","4.11","12.77","Off","12.785963,77.699526",
"14-Sep-2026 04:21:51","0.75","4.11","12.89","Off","12.785963,77.699526",
"14-Sep-2026 04:21:51","2.4","4.11","12.89","Off","12.785991,77.699517",
"14-Sep-2026 04:21:59","2.4","4.11","12.87","Off","12.785991,77.699517",
"14-Sep-2026 04:22:59","0.64","4.11","12.8","Off","12.785995,77.699518",
"14-Sep-2026 04:23:59","0.13","4.11","12.77","Off","12.785989,77.699531",
"14-Sep-2026 04:24:59","0.88","4.11","12.77","Off","12.786005,77.699542",
"14-Sep-2026 04:25:51","0.88","4.11","12.77","Off","12.786005,77.699542",
"14-Sep-2026 05:25:51","0.88","4.11","12.85","Off","12.786005,77.699542",
"14-Sep-2026 05:25:51","0.11","4.11","12.85","Off","12.786029,77.699539",
"14-Sep-2026 05:25:59","0.11","4.11","12.85","Off","12.786029,77.699539",
"14-Sep-2026 05:26:59","0.49","4.11","12.8","Off","12.78602,77.699499",
"14-Sep-2026 05:27:59","0.58","4.11","12.77","Off","12.78602,77.699519",
"14-Sep-2026 05:28:59","0.16","4.11","12.75","Off","12.786003,77.699543",
"14-Sep-2026 05:29:51","0.16","4.11","12.75","Off","12.786003,77.699543",
"14-Sep-2026 06:29:51","0.16","4.11","12.87","Off","12.786003,77.699543",
"14-Sep-2026 06:29:51","0.85","4.11","12.87","Off","12.785984,77.699561",
"14-Sep-2026 06:29:59","0.85","4.11","12.85","Off","12.785984,77.699561",
"14-Sep-2026 06:30:59","1.07","4.11","12.8","Off","12.786006,77.699453",
"14-Sep-2026 06:31:59","0.6","4.11","12.75","Off","12.785993,77.699486",
"14-Sep-2026 06:32:59","0.25","4.11","12.75","Off","12.785992,77.69947",
"14-Sep-2026 06:33:51","0.25","4.11","12.75","Off","12.785992,77.69947",
"14-Sep-2026 07:08:49","0.25","4.11","12.82","Off","12.785992,77.69947",
"14-Sep-2026 07:08:49","1.07","4.11","12.82","Off","12.785988,77.699447",
"14-Sep-2026 07:08:53","1.07","4.11","12.82","Off","12.785988,77.699447",
"14-Sep-2026 07:08:53","1.07","4.11","12.82","Off","12.785988,77.699447",
"14-Sep-2026 07:08:59","1.07","4.11","12.82","On","12.785988,77.699447",
"14-Sep-2026 07:09:56","12.78","4.11","13.83","On","12.785872,77.699401",
"14-Sep-2026 07:09:59","12.78","4.11","13.95","On","12.785872,77.699401",
"14-Sep-2026 07:10:16","10.35","4.11","13.95","On","12.785659,77.699453",
"14-Sep-2026 07:10:21","5.76","4.11","13.95","On","12.785557,77.699675",
"14-Sep-2026 07:10:29","5.9","4.11","13.98","On","12.785569,77.699765",
"14-Sep-2026 07:10:59","5.87","4.11","14","On","12.785566,77.700148",
"14-Sep-2026 07:11:29","1.45","4.11","14.03","On","12.785572,77.700202",
"14-Sep-2026 07:11:59","17.7","4.11","13.98","On","12.785635,77.701141",
"14-Sep-2026 07:12:01","11.2","4.11","13.98","On","12.785657,77.701326",
"14-Sep-2026 07:12:06","9.2","4.11","13.98","On","12.785713,77.701374",
"14-Sep-2026 07:12:16","19.69","4.11","13.98","On","12.786022,77.701426",
"14-Sep-2026 07:12:29","5.75","4.11","14","On","12.786514,77.701491",
"14-Sep-2026 07:12:46","13.93","4.11","14","On","12.787094,77.701538",
"14-Sep-2026 07:12:51","13.44","4.11","14","On","12.787242,77.701526",
"14-Sep-2026 07:12:59","10","4.11","14","On","12.78752,77.701567",
"14-Sep-2026 07:13:01","17.3","4.11","14","On","12.787644,77.701563",
"14-Sep-2026 07:13:06","16.86","4.11","14","On","12.787786,77.701546",
"14-Sep-2026 07:13:11","20.87","4.11","14","On","12.787969,77.701569",
"14-Sep-2026 07:13:16","23.41","4.11","14","On","12.788155,77.701567",
"14-Sep-2026 07:13:21","22.82","4.11","14","On","12.788634,77.701468",
"14-Sep-2026 07:13:29","21.22","4.11","14","On","12.78887,77.701444",
"14-Sep-2026 07:13:31","26.4","4.11","14","On","12.789121,77.70146",
"14-Sep-2026 07:13:41","10.07","4.11","14","On","12.789797,77.701487",
"14-Sep-2026 07:13:46","23.24","4.11","14","On","12.789975,77.701519",
"14-Sep-2026 07:13:51","5.32","4.11","14","On","12.790166,77.701537",
"14-Sep-2026 07:13:59","27.44","4.11","13.98","On","12.790497,77.701476",
"14-Sep-2026 07:14:01","31.89","4.11","13.98","On","12.790851,77.701552",
"14-Sep-2026 07:14:11","9.22","4.11","13.98","On","12.791347,77.701581",
"14-Sep-2026 07:14:16","18.04","4.11","13.98","On","12.791485,77.701564",
"14-Sep-2026 07:14:21","18.6","4.11","13.98","On","12.791874,77.701553",
"14-Sep-2026 07:14:26","15.91","4.11","13.98","On","12.79206,77.701537",
"14-Sep-2026 07:14:29","15.91","4.11","13.98","On","12.79206,77.701537",
"14-Sep-2026 07:14:31","11.63","4.11","13.98","On","12.792196,77.701541",
"14-Sep-2026 07:14:41","15.93","4.11","13.98","On","12.792533,77.701606",
"14-Sep-2026 07:14:46","15.18","4.11","13.98","On","12.792608,77.701774",
"14-Sep-2026 07:14:59","26.96","4.11","13.98","On","12.792652,77.702522",
"14-Sep-2026 07:15:29","28.75","4.11","13.98","On","12.792637,77.704243",
"14-Sep-2026 07:15:56","2.65","4.11","13.98","On","12.792595,77.705961",
"14-Sep-2026 07:15:59","21.06","4.11","14","On","12.792718,77.706036",
"14-Sep-2026 07:16:01","30.69","4.11","14","On","12.792991,77.706098",
"14-Sep-2026 07:16:29","36.02","4.11","14","On","12.795144,77.706595",
"14-Sep-2026 07:16:36","32.35","4.11","14","On","12.79584,77.706583",
"14-Sep-2026 07:16:59","4.96","4.11","13.98","On","12.797619,77.706268",
"14-Sep-2026 07:17:29","28.71","4.11","13.98","On","12.799985,77.705596",
"14-Sep-2026 07:17:59","23.98","4.11","14","On","12.801937,77.70493",
"14-Sep-2026 07:18:01","21.07","4.11","14","On","12.802092,77.70479",
"14-Sep-2026 07:18:11","22.61","4.11","14","On","12.802284,77.70448",
"14-Sep-2026 07:18:29","38.81","4.11","13.98","On","12.802523,77.703114",
"14-Sep-2026 07:18:46","43.63","4.11","13.98","On","12.803607,77.701279",
"14-Sep-2026 07:18:59","43.61","4.11","14","On","12.804648,77.700397",
"14-Sep-2026 07:19:29","41.69","4.11","13.98","On","12.80659,77.698865",
"14-Sep-2026 07:19:59","39.53","4.11","13.98","On","12.809195,77.696772",
"14-Sep-2026 07:20:29","44.85","4.11","13.98","On","12.811652,77.694809",
"14-Sep-2026 07:20:59","38.49","4.11","13.98","On","12.814274,77.692682",
"14-Sep-2026 07:21:29","9.8","4.11","13.98","On","12.815376,77.69168",
"14-Sep-2026 07:21:59","37.54","4.11","13.98","On","12.817134,77.690276",
"14-Sep-2026 07:22:29","8.26","4.11","13.98","On","12.81875,77.688934",
"14-Sep-2026 07:22:31","16.07","4.11","13.98","On","12.818744,77.6888",
"14-Sep-2026 07:22:36","16.22","4.11","13.98","On","12.818647,77.688727",
"14-Sep-2026 07:22:59","20.21","4.11","13.95","On","12.817796,77.687873",
"14-Sep-2026 07:23:29","35.38","4.11","13.95","On","12.816199,77.686117",
"14-Sep-2026 07:23:51","9.1","4.11","13.95","On","12.815183,77.685022",
"14-Sep-2026 07:23:56","25.93","4.11","13.95","On","12.815026,77.684866",
"14-Sep-2026 07:23:59","26.1","4.11","13.98","On","12.814867,77.68468",
"14-Sep-2026 07:24:29","26.11","4.11","13.98","On","12.81393,77.683598",
"14-Sep-2026 07:24:56","10.05","4.11","13.98","On","12.812942,77.682599",
"14-Sep-2026 07:24:59","7.97","4.11","13.98","On","12.812878,77.682659",
"14-Sep-2026 07:25:29","39.54","4.11","14","On","12.81116,77.6843",
"14-Sep-2026 07:25:59","29.17","4.11","13.98","On","12.808812,77.686511",
"14-Sep-2026 07:26:06","7.38","4.11","13.98","On","12.808577,77.686779",
"14-Sep-2026 07:26:29","4.09","4.11","13.98","On","12.808576,77.686899",
"14-Sep-2026 07:26:59","2.14","4.11","13.95","On","12.808426,77.687075",
"14-Sep-2026 07:27:29","1.55","4.11","13.98","On","12.808443,77.687116",
"14-Sep-2026 07:27:59","1.41","4.11","14","On","12.808412,77.687097",
"14-Sep-2026 07:28:29","1.19","4.11","13.98","On","12.808387,77.687125",
"14-Sep-2026 07:28:59","1.13","4.11","14","On","12.808369,77.687203",
"14-Sep-2026 07:29:29","0.55","4.11","14.03","On","12.808372,77.687219",
"14-Sep-2026 07:29:59","1.17","4.11","14","On","12.808393,77.687208",
"14-Sep-2026 07:30:29","0.98","4.11","14","On","12.808381,77.687172",
"14-Sep-2026 07:30:59","0.87","4.11","14.03","On","12.808373,77.687193",
"14-Sep-2026 07:31:29","1.16","4.11","14","On","12.8084,77.687128",
"14-Sep-2026 07:31:59","1.32","4.11","14","On","12.808405,77.687172",
"14-Sep-2026 07:32:29","0.19","4.11","14","On","12.808369,77.687191",
"14-Sep-2026 07:32:59","2.02","4.11","14","On","12.808367,77.687144",
"14-Sep-2026 07:33:29","3.61","4.11","13.98","On","12.808347,77.687124",
"14-Sep-2026 07:33:59","4.69","4.11","13.98","On","12.808482,77.686972",
"14-Sep-2026 07:34:29","0.89","4.11","13.98","On","12.808433,77.686922",
"14-Sep-2026 07:34:59","4.35","4.11","14","On","12.80843,77.686954",
"14-Sep-2026 07:35:29","0.87","4.11","13.98","On","12.808457,77.687006",
"14-Sep-2026 07:35:59","0.77","4.11","14","On","12.808456,77.687027",
"14-Sep-2026 07:36:29","1.32","4.11","13.95","On","12.80849,77.687022",
"14-Sep-2026 07:36:59","1.38","4.11","13.95","On","12.808451,77.686952",
"14-Sep-2026 07:37:29","1.76","4.11","14","On","12.808435,77.686915",
"14-Sep-2026 07:37:59","2.24","4.11","13.98","On","12.808422,77.686941",
"14-Sep-2026 07:38:29","0.81","4.11","14","On","12.808404,77.686918",
"14-Sep-2026 07:38:59","1.68","4.11","14.03","On","12.8084,77.686937",
"14-Sep-2026 07:39:29","1.03","4.11","14.03","On","12.808426,77.68695",
"14-Sep-2026 07:39:59","1.2","4.11","14","On","12.808424,77.686966",
"14-Sep-2026 07:40:29","2.63","4.11","14","On","12.808398,77.686967",
"14-Sep-2026 07:40:59","0.25","4.11","14","On","12.808405,77.686955",
"14-Sep-2026 07:41:29","2.7","4.11","14.03","On","12.808356,77.686939",
"14-Sep-2026 07:41:59","0.54","4.11","14","On","12.808338,77.68697",
"14-Sep-2026 07:42:29","0.31","4.11","14","On","12.808358,77.686982",
"14-Sep-2026 07:42:59","0.89","4.11","14","On","12.808344,77.686974",
"14-Sep-2026 07:43:29","2.99","4.11","14","On","12.80834,77.686948",
"14-Sep-2026 07:43:59","0.74","4.11","14.03","On","12.808388,77.686952",
"14-Sep-2026 07:44:29","1.01","4.11","14","On","12.80832,77.686867",
"14-Sep-2026 07:44:59","3.84","4.11","14","On","12.808311,77.686797",
"14-Sep-2026 07:45:29","0.76","4.11","14","On","12.808264,77.686773",
"14-Sep-2026 07:45:59","1.84","4.11","14.03","On","12.808283,77.686821",
"14-Sep-2026 07:46:29","3.01","4.11","14.05","On","12.80827,77.686847",
"14-Sep-2026 07:46:59","0.18","4.11","14","On","12.808263,77.686819",
"14-Sep-2026 07:47:29","1.21","4.11","14","On","12.808311,77.686837",
"14-Sep-2026 07:47:59","1.66","4.11","13.98","On","12.808348,77.686825",
"14-Sep-2026 07:48:29","2.21","4.11","14","On","12.808282,77.686857",
"14-Sep-2026 07:48:59","1.36","4.11","14.03","On","12.808273,77.686908",
"14-Sep-2026 07:49:29","0.85","4.11","14","On","12.808278,77.6869",
"14-Sep-2026 07:49:59","1.72","4.11","14","On","12.808275,77.686903",
"14-Sep-2026 07:50:29","0.99","4.11","13.98","On","12.808244,77.686892",
"14-Sep-2026 07:50:59","1.78","4.11","14","On","12.808262,77.686899",
"14-Sep-2026 07:51:29","0.82","4.11","14","On","12.808258,77.686866",
"14-Sep-2026 07:51:59","1.58","4.11","14","On","12.808279,77.68687",
"14-Sep-2026 07:52:29","1.8","4.11","14","On","12.808301,77.68685",
"14-Sep-2026 07:52:59","2.87","4.11","14","On","12.808249,77.686857",
"14-Sep-2026 07:53:29","3.13","4.11","14","On","12.808219,77.686854",
"14-Sep-2026 07:53:59","1.18","4.11","13.98","On","12.808233,77.686829",
"14-Sep-2026 07:54:29","0.56","4.11","14","On","12.808259,77.686803",
"14-Sep-2026 07:54:59","0.58","4.11","14","On","12.808272,77.686841",
"14-Sep-2026 07:55:29","1.22","4.11","14","On","12.808269,77.686914",
"14-Sep-2026 07:55:59","1.16","4.11","14","On","12.808312,77.686922",
"14-Sep-2026 07:56:29","1","4.11","13.98","On","12.808341,77.686916",
"14-Sep-2026 07:56:59","0.95","4.11","13.98","On","12.808327,77.686914",
"14-Sep-2026 07:57:29","1.38","4.11","14","On","12.808312,77.686914",
"14-Sep-2026 07:57:59","0.92","4.11","14.03","On","12.808329,77.686923",
"14-Sep-2026 07:58:29","0.8","4.11","14","On","12.80832,77.686898",
"14-Sep-2026 07:58:59","0.64","4.11","14.03","On","12.808307,77.686898",
"14-Sep-2026 07:59:29","1.7","4.11","13.98","On","12.808352,77.68691",
"14-Sep-2026 07:59:59","0.81","4.11","13.98","On","12.808362,77.686909",
"14-Sep-2026 08:00:29","0.58","4.11","14.03","On","12.808393,77.686899",
"14-Sep-2026 08:00:59","1.73","4.11","14","On","12.808372,77.686908",
"14-Sep-2026 08:01:29","3.44","4.11","14","On","12.808358,77.686944",
"14-Sep-2026 08:01:59","1.05","4.11","14","On","12.808376,77.686927",
"14-Sep-2026 08:02:29","1.18","4.11","14","On","12.808382,77.686925",
"14-Sep-2026 08:02:59","3.81","4.11","14","On","12.808398,77.686925",
"14-Sep-2026 08:03:29","1.26","4.1","13.98","On","12.808419,77.686908",
"14-Sep-2026 08:03:59","1.48","4.11","13.98","On","12.808396,77.686908",
"14-Sep-2026 08:04:29","1.06","4.11","13.98","On","12.808407,77.686953",
"14-Sep-2026 08:04:59","1.66","4.11","14","On","12.808425,77.68696",
"14-Sep-2026 08:05:29","2.69","4.11","13.98","On","12.808347,77.686898",
"14-Sep-2026 08:05:59","2.16","4.11","14","On","12.808333,77.686889",
"14-Sep-2026 08:06:29","0.87","4.11","14.03","On","12.808328,77.686912",
"14-Sep-2026 08:06:59","0.15","4.11","14","On","12.808308,77.686911",
"14-Sep-2026 08:07:29","2.06","4.11","14","On","12.808276,77.686857",
"14-Sep-2026 08:07:59","1.88","4.11","14","On","12.808304,77.686857",
"14-Sep-2026 08:08:29","1.06","4.11","13.98","On","12.808317,77.686868",
"14-Sep-2026 08:08:59","1.35","4.11","13.98","On","12.808276,77.686855",
"14-Sep-2026 08:09:29","1.59","4.11","14","On","12.808302,77.68686",
"14-Sep-2026 08:09:59","0.29","4.11","14","On","12.808358,77.686881",
"14-Sep-2026 08:10:29","0.66","4.11","14","On","12.808345,77.686912",
"14-Sep-2026 08:10:59","0.94","4.11","13.98","On","12.808342,77.686888",
"14-Sep-2026 08:11:29","1.82","4.11","13.98","On","12.808349,77.686866",
"14-Sep-2026 08:11:59","1.61","4.11","14","On","12.808396,77.686885",
"14-Sep-2026 08:12:29","1.47","4.11","14","On","12.808377,77.686874",
"14-Sep-2026 08:12:59","0.96","4.11","14","On","12.808378,77.686858",
"14-Sep-2026 08:13:29","1.09","4.11","14","On","12.808356,77.686825",
"14-Sep-2026 08:13:59","1.56","4.11","13.98","On","12.808333,77.6868",
"14-Sep-2026 08:14:29","4.7","4.11","14","On","12.808355,77.686761",
"14-Sep-2026 08:14:59","1","4.11","14","On","12.808436,77.686775",
"14-Sep-2026 08:15:29","0.93","4.11","14","On","12.80845,77.686805",
"14-Sep-2026 08:15:59","0.08","4.11","13.93","On","12.808478,77.686841",
"14-Sep-2026 08:16:29","0.21","4.11","13.98","On","12.80845,77.68687",
"14-Sep-2026 08:16:59","0.23","4.11","14","On","12.808402,77.686876",
"14-Sep-2026 08:17:29","0.85","4.11","13.98","On","12.80842,77.686846",
"14-Sep-2026 08:17:59","2.16","4.11","14","On","12.808452,77.686844",
"14-Sep-2026 08:18:29","0.23","4.11","13.98","On","12.808488,77.68683",
"14-Sep-2026 08:18:59","0.39","4.11","14","On","12.80849,77.686827",
"14-Sep-2026 08:19:29","0.58","4.11","14","On","12.80849,77.686829",
"14-Sep-2026 08:19:59","0.66","4.11","14","On","12.808493,77.686812",
"14-Sep-2026 08:20:29","0.8","4.11","14","On","12.808497,77.686829",
"14-Sep-2026 08:20:59","5.29","4.11","13.98","On","12.808625,77.686657",
"14-Sep-2026 08:21:29","5.63","4.11","14.03","On","12.808948,77.686348",
"14-Sep-2026 08:21:46","15.13","4.11","14.03","On","12.809204,77.686106",
"14-Sep-2026 08:21:59","13.67","4.11","14","On","12.809586,77.68572",
"14-Sep-2026 08:22:29","23.09","4.11","14","On","12.810615,77.684739",
"14-Sep-2026 08:22:59","20.96","4.11","14.03","On","12.811978,77.683476",
"14-Sep-2026 08:23:26","2.65","4.11","14.03","On","12.812778,77.682674",
"14-Sep-2026 08:23:29","2.65","4.11","14","On","12.812778,77.682674",
"14-Sep-2026 08:23:46","19.01","4.11","14","On","12.812753,77.68229",
"14-Sep-2026 08:23:59","20.65","4.11","14","On","12.812354,77.68182",
"14-Sep-2026 08:24:29","12.46","4.11","13.98","On","12.81155,77.680949",
"14-Sep-2026 08:24:59","0.1","4.11","13.98","On","12.810934,77.680273",
"14-Sep-2026 08:25:29","0.87","4.11","14","On","12.810915,77.680248",
"14-Sep-2026 08:25:36","3.06","4.11","14","On","12.810906,77.680239",
"14-Sep-2026 08:25:59","0.59","4.11","14","On","12.811099,77.680371",
"14-Sep-2026 08:26:06","12.56","4.11","14","On","12.811162,77.68045",
"14-Sep-2026 08:26:29","7.43","4.11","14","On","12.811779,77.681135",
"14-Sep-2026 08:26:59","24.22","4.11","14","On","12.812838,77.682297",
"14-Sep-2026 08:27:29","22.32","4.11","14","On","12.814087,77.683665",
"14-Sep-2026 08:27:59","15.34","4.11","13.98","On","12.815146,77.684822",
"14-Sep-2026 08:28:29","47.78","4.11","14","On","12.816278,77.686085",
"14-Sep-2026 08:28:59","0.31","4.11","13.98","On","12.817297,77.687211",
"14-Sep-2026 08:29:29","0.36","4.11","14","On","12.817276,77.68722",
"14-Sep-2026 08:29:59","0.78","4.11","14","On","12.81729,77.687228",
"14-Sep-2026 08:30:29","0.23","4.11","14","On","12.817324,77.687225",
"14-Sep-2026 08:30:59","0.33","4.11","14.03","On","12.817312,77.687219",
"14-Sep-2026 08:31:29","0.57","4.11","14.05","On","12.817315,77.687244",
"14-Sep-2026 08:31:59","1.09","4.11","14","On","12.817313,77.687253",
"14-Sep-2026 08:32:29","0.62","4.11","14","On","12.817282,77.687247",
"14-Sep-2026 08:32:59","0.64","4.11","14","On","12.817307,77.687227",
"14-Sep-2026 08:33:29","0.42","4.11","14.03","On","12.8173,77.687219",
"14-Sep-2026 08:33:59","0.4","4.11","14","On","12.81732,77.68721",
"14-Sep-2026 08:34:29","0.39","4.11","14.03","On","12.817322,77.687202",
"14-Sep-2026 08:34:59","0.43","4.11","14","On","12.817338,77.687185",
"14-Sep-2026 08:35:29","0.15","4.11","14.03","On","12.817343,77.687203",
"14-Sep-2026 08:35:59","0.25","4.11","14","On","12.81737,77.687227",
"14-Sep-2026 08:36:29","0.91","4.11","14.03","On","12.817376,77.687245",
"14-Sep-2026 08:36:59","0.28","4.11","14","On","12.817375,77.687197",
"14-Sep-2026 08:37:29","0.63","4.11","14","On","12.817355,77.687196",
"14-Sep-2026 08:37:59","0.23","4.11","14","On","12.81736,77.687208",
"14-Sep-2026 08:38:29","0.75","4.11","14","On","12.817327,77.687206",
"14-Sep-2026 08:38:59","0.39","4.11","14","On","12.817306,77.687214",
"14-Sep-2026 08:39:29","0.26","4.11","14","On","12.817326,77.68721",
"14-Sep-2026 08:39:59","0.76","4.11","13.98","On","12.817305,77.687187",
"14-Sep-2026 08:40:29","0.13","4.11","14","On","12.817315,77.687171",
"14-Sep-2026 08:40:59","0.83","4.11","14","On","12.817312,77.687174",
"14-Sep-2026 08:41:29","0.46","4.11","14","On","12.817303,77.687163",
"14-Sep-2026 08:41:59","0.5","4.11","14","On","12.817308,77.687184",
"14-Sep-2026 08:42:29","19.32","4.11","13.98","On","12.817479,77.687412",
"14-Sep-2026 08:42:59","19.79","4.11","14","On","12.818625,77.688697",
"14-Sep-2026 08:43:06","10.45","4.11","14","On","12.818881,77.688868",
"14-Sep-2026 08:43:11","19.89","4.11","14","On","12.818974,77.688793",
"14-Sep-2026 08:43:29","34.54","4.11","13.98","On","12.819913,77.687967",
"14-Sep-2026 08:43:59","26.73","4.11","13.98","On","12.821979,77.686068",
"14-Sep-2026 08:44:29","50.62","4.11","14","On","12.824249,77.684027",
"14-Sep-2026 08:44:59","49.94","4.11","14","On","12.827614,77.682005",
"14-Sep-2026 08:45:06","49.81","4.11","14","On","12.82856,77.681652",
"14-Sep-2026 08:45:29","51.09","4.11","13.98","On","12.831082,77.680847",
"14-Sep-2026 08:45:59","45.51","4.11","13.98","On","12.834723,77.679646",
"14-Sep-2026 08:46:29","33.28","4.11","13.98","On","12.837751,77.678473",
"14-Sep-2026 08:46:36","13.7","4.11","13.98","On","12.838141,77.678181",
"14-Sep-2026 08:46:59","38.8","4.11","14","On","12.839932,77.676843",
"14-Sep-2026 08:47:29","47.88","4.11","14","On","12.842226,77.675108",
"14-Sep-2026 08:47:59","48.87","4.11","14","On","12.845311,77.6727",
"14-Sep-2026 08:48:29","29.09","4.11","13.98","On","12.847668,77.670869",
"14-Sep-2026 08:48:59","56.01","4.11","14","On","12.850639,77.668505",
"14-Sep-2026 08:49:29","49.49","4.11","13.98","On","12.85362,77.666216",
"14-Sep-2026 08:49:59","56.48","4.11","14","On","12.85687,77.663538",
"14-Sep-2026 08:50:29","35.32","4.11","13.98","On","12.859788,77.661285",
"14-Sep-2026 08:50:59","58.83","4.11","13.98","On","12.862909,77.658646",
"14-Sep-2026 08:51:29","57.09","4.11","13.98","On","12.866331,77.656149",
"14-Sep-2026 08:51:59","31.61","4.11","13.95","On","12.868925,77.65379",
"14-Sep-2026 08:52:29","47.2","4.11","14","On","12.870871,77.652434",
"14-Sep-2026 08:52:59","52.44","4.11","14","On","12.874136,77.649811",
"14-Sep-2026 08:53:29","35.51","4.11","13.98","On","12.876907,77.647313",
"14-Sep-2026 08:53:59","58.47","4.11","13.98","On","12.880594,77.64504",
"14-Sep-2026 08:54:29","56.25","4.11","14","On","12.884264,77.642917",
"14-Sep-2026 08:54:59","54.39","4.11","14","On","12.888199,77.640366",
"14-Sep-2026 08:55:29","0.23","4.11","14","On","12.888914,77.639893",
"14-Sep-2026 08:55:59","6.5","4.11","13.98","On","12.888929,77.639875",
"14-Sep-2026 08:56:29","58.38","4.11","14","On","12.891886,77.638064",
"14-Sep-2026 08:56:59","5.76","4.11","13.98","On","12.894023,77.636778",
"14-Sep-2026 08:57:29","60.06","4.11","13.98","On","12.896365,77.635347",
"14-Sep-2026 08:57:59","61.17","4.11","13.98","On","12.900516,77.632812",
"14-Sep-2026 08:58:29","55.8","4.11","13.98","On","12.903344,77.631103",
"14-Sep-2026 08:58:59","7.57","4.11","13.98","On","12.906599,77.628951",
"14-Sep-2026 08:59:29","20.49","4.11","14","On","12.90697,77.62873",
"14-Sep-2026 08:59:59","42.31","4.11","14","On","12.909521,77.627239",
"14-Sep-2026 09:00:29","47.04","4.11","14","On","12.91221,77.625676",
"14-Sep-2026 09:00:59","42.77","4.11","13.98","On","12.915639,77.62366",
"14-Sep-2026 09:01:29","44.4","4.11","14","On","12.918116,77.622196",
"14-Sep-2026 09:01:59","27.28","4.11","14.03","On","12.920754,77.6204",
"14-Sep-2026 09:02:06","22.3","4.11","14.03","On","12.921001,77.62028",
"14-Sep-2026 09:02:29","35.86","4.11","14","On","12.922585,77.619366",
"14-Sep-2026 09:02:59","16.94","4.11","14","On","12.924563,77.618116",
"14-Sep-2026 09:03:29","35.55","4.11","14","On","12.926433,77.616999",
"14-Sep-2026 09:03:59","39.42","4.11","13.98","On","12.928813,77.615487",
"14-Sep-2026 09:04:29","8.36","4.11","14","On","12.930387,77.614497",
"14-Sep-2026 09:04:59","25.36","4.11","13.98","On","12.931316,77.613953",
"14-Sep-2026 09:05:29","26.61","4.1","13.98","On","12.932486,77.613304",
"14-Sep-2026 09:05:59","18.72","4.11","13.95","On","12.934132,77.612347",
"14-Sep-2026 09:06:29","34.91","4.11","14","On","12.936454,77.611137",
"14-Sep-2026 09:06:59","2.85","4.11","13.98","On","12.938587,77.609955",
"14-Sep-2026 09:07:29","30.46","4.11","13.98","On","12.940549,77.608969",
"14-Sep-2026 09:07:59","38.96","4.11","14","On","12.942794,77.60794",
"14-Sep-2026 09:08:29","37.24","4.11","13.98","On","12.945894,77.607041",
"14-Sep-2026 09:08:59","51.65","4.11","13.98","On","12.947387,77.606615",
"14-Sep-2026 09:09:29","32.4","4.11","13.98","On","12.950659,77.605547",
"14-Sep-2026 09:09:59","0.62","4.11","14","On","12.951718,77.60518",
"14-Sep-2026 09:10:26","15.64","4.11","14","On","12.951968,77.605132",
"14-Sep-2026 09:10:29","20.51","4.11","14","On","12.952139,77.605149",
"14-Sep-2026 09:10:59","33.99","4.11","14","On","12.95382,77.605289",
"14-Sep-2026 09:11:29","3.67","4.11","13.98","On","12.955614,77.605576",
"14-Sep-2026 09:11:59","13.57","4.11","14","On","12.956404,77.605746",
"14-Sep-2026 09:12:06","4.13","4.11","14","On","12.956708,77.605805",
"14-Sep-2026 09:12:29","0.44","4.11","13.98","On","12.956766,77.605821",
"14-Sep-2026 09:12:56","11.69","4.11","13.98","On","12.956885,77.605838",
"14-Sep-2026 09:12:59","11.69","4.11","13.98","On","12.956885,77.605838",
"14-Sep-2026 09:13:29","22.25","4.11","13.98","On","12.958284,77.606077",
"14-Sep-2026 09:13:59","33.32","4.11","14","On","12.960614,77.60647",
"14-Sep-2026 09:14:29","40.81","4.11","13.98","On","12.963028,77.606716",
"14-Sep-2026 09:14:41","26.26","4.11","13.98","On","12.96392,77.606731",
"14-Sep-2026 09:14:46","24","4.11","13.98","On","12.964183,77.606732",
"14-Sep-2026 09:14:59","18.67","4.11","14","On","12.96496,77.606769",
"14-Sep-2026 09:15:06","25.45","4.11","14","On","12.965427,77.606804",
"14-Sep-2026 09:15:29","24.12","4.11","14","On","12.967144,77.606513",
"14-Sep-2026 09:15:46","15.53","4.11","14","On","12.967889,77.606274",
"14-Sep-2026 09:15:59","25.81","4.11","14","On","12.968324,77.606061",
"14-Sep-2026 09:16:29","2.68","4.11","14","On","12.970069,77.605223",
"14-Sep-2026 09:16:59","0.91","4.11","13.98","On","12.970208,77.605129",
"14-Sep-2026 09:17:29","26.79","4.11","13.98","On","12.971072,77.604731",
"14-Sep-2026 09:17:51","12.76","4.11","13.98","On","12.972377,77.604138",
"14-Sep-2026 09:17:59","1.43","4.11","13.98","On","12.972448,77.603992",
"14-Sep-2026 09:18:21","29.3","4.11","13.98","On","12.972873,77.602987",
"14-Sep-2026 09:18:29","28.29","4.11","14","On","12.972973,77.602385",
"14-Sep-2026 09:18:46","18.69","4.11","14","On","12.973077,77.601274",
"14-Sep-2026 09:18:51","27","4.11","14","On","12.973301,77.60127",
"14-Sep-2026 09:18:59","35.34","4.11","13.98","On","12.973969,77.601392",
"14-Sep-2026 09:19:21","16.04","4.11","13.98","On","12.975784,77.601557",
"14-Sep-2026 09:19:29","31.03","4.11","14","On","12.97623,77.601137",
"14-Sep-2026 09:19:41","41.84","4.11","14","On","12.976545,77.600272",
"14-Sep-2026 09:19:59","0.53","4.11","14","On","12.976606,77.59959",
"14-Sep-2026 09:20:29","0.65","4.11","14","On","12.976621,77.599573",
"14-Sep-2026 09:20:59","0.6","4.11","14","On","12.97661,77.599565",
"14-Sep-2026 09:21:29","0.11","4.11","14","On","12.976583,77.599555",
"14-Sep-2026 09:21:51","12.23","4.11","14","On","12.976669,77.599264",
"14-Sep-2026 09:21:56","16.99","4.11","14","On","12.976754,77.599165",
"14-Sep-2026 09:21:59","21.98","4.11","14.03","On","12.976943,77.599084",
"14-Sep-2026 09:22:29","44.33","4.11","14","On","12.979436,77.597926",
"14-Sep-2026 09:22:59","0.17","4.11","14","On","12.980419,77.597463",
"14-Sep-2026 09:23:29","0.31","4.11","14","On","12.980417,77.597439",
"14-Sep-2026 09:23:56","23.29","4.11","14","On","12.981083,77.596982",
"14-Sep-2026 09:23:59","24.78","4.11","14","On","12.98119,77.596761",
"14-Sep-2026 09:24:29","20.25","4.11","14","On","12.981842,77.594855",
"14-Sep-2026 09:24:31","12.26","4.11","14","On","12.981989,77.594779",
"14-Sep-2026 09:24:59","0.69","4.11","13.98","On","12.982898,77.595442",
"14-Sep-2026 09:25:29","20.34","4.11","14","On","12.98331,77.595788",
"14-Sep-2026 09:25:31","30.33","4.11","14","On","12.983485,77.596019",
"14-Sep-2026 09:25:51","26.77","4.11","14","On","12.98444,77.597001",
"14-Sep-2026 09:25:56","31.96","4.11","14","On","12.984688,77.596941",
"14-Sep-2026 09:25:59","36.29","4.11","14","On","12.98494,77.596686",
"14-Sep-2026 09:26:29","38.16","4.11","13.98","On","12.987094,77.594887",
"14-Sep-2026 09:26:59","20.93","4.11","14","On","12.989516,77.592876",
"14-Sep-2026 09:27:06","26.98","4.11","14","On","12.989911,77.592857",
"14-Sep-2026 09:27:29","32.43","4.11","14","On","12.991426,77.593906",
"14-Sep-2026 09:27:59","1.08","4.11","13.98","On","12.993275,77.595455",
"14-Sep-2026 09:28:29","25.06","4.11","13.98","On","12.993572,77.59566",
"14-Sep-2026 09:28:31","26.86","4.11","13.98","On","12.99384,77.595725",
"14-Sep-2026 09:28:51","21.59","4.11","13.98","On","12.994979,77.596075",
"14-Sep-2026 09:28:59","36.39","4.11","13.98","On","12.995558,77.595939",
"14-Sep-2026 09:29:29","48.22","4.11","14","On","12.998336,77.595406",
"14-Sep-2026 09:29:59","44.3","4.11","14","On","13.00182,77.594368",
"14-Sep-2026 09:30:29","30.37","4.11","13.98","On","13.004883,77.593437",
"14-Sep-2026 09:30:59","33.04","4.11","13.98","On","13.006089,77.593039",
"14-Sep-2026 09:31:11","40.24","4.11","13.98","On","13.007493,77.592216",
"14-Sep-2026 09:31:29","42.42","4.11","13.98","On","13.008921,77.591306",
"14-Sep-2026 09:31:59","0.11","4.11","13.98","On","13.009719,77.590751",
"14-Sep-2026 09:32:29","1.91","4.11","14","On","13.009729,77.590729",
"14-Sep-2026 09:32:41","12.07","4.11","14","On","13.010004,77.590608",
"14-Sep-2026 09:32:46","10.69","4.11","14","On","13.010093,77.590663",
"14-Sep-2026 09:32:59","22.56","4.11","13.98","On","13.010418,77.591179",
"14-Sep-2026 09:33:29","27.54","4.11","14","On","13.011866,77.593267",
"14-Sep-2026 09:33:41","24.13","4.11","14","On","13.012285,77.593765",
"14-Sep-2026 09:33:46","25.34","4.11","14","On","13.012523,77.593687",
"14-Sep-2026 09:33:56","19.78","4.11","14","On","13.013184,77.593545",
"14-Sep-2026 09:33:59","19.78","4.11","14","On","13.013184,77.593545",
"14-Sep-2026 09:34:11","21.13","4.11","14","On","13.013746,77.59361",
"14-Sep-2026 09:34:16","21.87","4.11","14","On","13.014153,77.593422",
"14-Sep-2026 09:34:26","19.37","4.11","14","On","13.014423,77.593193",
"14-Sep-2026 09:34:29","26.72","4.11","14","On","13.01453,77.59297",
"14-Sep-2026 09:34:36","20.51","4.11","14","On","13.014833,77.592685",
"14-Sep-2026 09:34:41","22","4.11","14","On","13.015035,77.592577",
"14-Sep-2026 09:34:56","8.49","4.11","14","On","13.015509,77.591693",
"14-Sep-2026 09:34:59","8.49","4.11","13.98","On","13.015509,77.591693",
"14-Sep-2026 09:35:01","18.1","4.11","13.98","On","13.015586,77.591561",
"14-Sep-2026 09:35:06","18.7","4.11","13.98","On","13.015753,77.591385",
"14-Sep-2026 09:35:11","21.09","4.11","13.98","On","13.015965,77.591372",
"14-Sep-2026 09:35:16","23.82","4.11","13.98","On","13.016384,77.591468",
"14-Sep-2026 09:35:21","26.06","4.11","13.98","On","13.016612,77.591571",
"14-Sep-2026 09:35:29","28.33","4.11","13.98","On","13.017184,77.591711",
"14-Sep-2026 09:35:59","37.54","4.11","14","On","13.019303,77.592273",
"14-Sep-2026 09:36:26","22.52","4.11","14","On","13.021833,77.59246",
"14-Sep-2026 09:36:29","4.51","4.11","14","On","13.021935,77.592471",
"14-Sep-2026 09:36:36","7.42","4.11","14","On","13.022217,77.592488",
"14-Sep-2026 09:36:51","12.7","4.11","14","On","13.02224,77.592777",
"14-Sep-2026 09:36:59","13.54","4.11","13.98","On","13.022153,77.593022",
"14-Sep-2026 09:37:01","8.38","4.11","13.98","On","13.022139,77.593152",
"14-Sep-2026 09:37:29","0.54","4.11","13.98","On","13.022471,77.593255",
"14-Sep-2026 09:37:59","0.44","4.11","14.03","On","13.022553,77.593244",
"14-Sep-2026 09:38:29","0.33","4.11","14.03","On","13.02257,77.593256",
"14-Sep-2026 09:38:59","1.14","4.11","14","On","13.022585,77.593263",
"14-Sep-2026 09:39:29","1.06","4.11","14","On","13.022585,77.593265",
"14-Sep-2026 09:39:59","0.11","4.11","14","On","13.022602,77.593266",
"14-Sep-2026 09:40:29","0.09","4.11","14","On","13.022606,77.593271",
"14-Sep-2026 09:40:59","0.35","4.11","14","On","13.022622,77.593263",
"14-Sep-2026 09:41:29","0.43","4.11","14","On","13.022607,77.593253",
"14-Sep-2026 09:41:59","0.74","4.11","14.03","On","13.022598,77.593252",
"14-Sep-2026 09:42:29","0.4","4.11","14.03","On","13.022584,77.593237",
"14-Sep-2026 09:42:59","0.51","4.11","14.03","On","13.022554,77.593235",
"14-Sep-2026 09:43:29","0.42","4.11","14","On","13.022554,77.593233",
"14-Sep-2026 09:43:59","0.42","4.11","14","On","13.022563,77.593239",
"14-Sep-2026 09:44:29","0.43","4.11","14","On","13.022572,77.593251",
"14-Sep-2026 09:44:59","0.18","4.11","14","On","13.022567,77.593246",
"14-Sep-2026 09:45:29","0.48","4.11","14","On","13.022575,77.59326",
"14-Sep-2026 09:45:59","0.75","4.11","14.03","On","13.022578,77.593256",
"14-Sep-2026 09:46:29","0.5","4.11","14.03","On","13.022576,77.59326",
"14-Sep-2026 09:46:59","0.37","4.11","14","On","13.022574,77.593255",
"14-Sep-2026 09:47:29","0.16","4.11","14","On","13.022585,77.593258",
"14-Sep-2026 09:47:59","1.12","4.11","14","On","13.022588,77.593262",
"14-Sep-2026 09:48:29","0.14","4.11","14","On","13.022579,77.593273",
"14-Sep-2026 09:48:59","0.34","4.11","14","On","13.022578,77.593261",
"14-Sep-2026 09:49:29","0.28","4.11","14.03","On","13.022564,77.593259",
"14-Sep-2026 09:49:59","0.33","4.11","14","On","13.022572,77.593245",
"14-Sep-2026 09:50:29","0.45","4.11","14","On","13.022566,77.593239",
"14-Sep-2026 09:50:59","0.56","4.11","14","On","13.02255,77.59325",
"14-Sep-2026 09:51:29","1.46","4.11","14","On","13.02254,77.593243",
"14-Sep-2026 09:51:59","1.85","4.11","14.03","On","13.022577,77.593271",
"14-Sep-2026 09:52:29","0.85","4.11","14","On","13.022574,77.593264",
"14-Sep-2026 09:52:59","0.79","4.11","14","On","13.022558,77.593262",
"14-Sep-2026 09:53:29","0.58","4.11","14.03","On","13.022544,77.59325",
"14-Sep-2026 09:53:59","0.23","4.11","14","On","13.022562,77.593271",
"14-Sep-2026 09:54:29","0.68","4.11","14","On","13.022544,77.593273",
"14-Sep-2026 09:54:59","0.71","4.11","14","On","13.022552,77.593288",
"14-Sep-2026 09:55:29","0.8","4.11","14","On","13.022547,77.593259",
"14-Sep-2026 09:55:59","0.47","4.11","14","On","13.022555,77.593232",
"14-Sep-2026 09:56:29","0.1","4.11","14.03","On","13.022566,77.593248",
"14-Sep-2026 09:56:59","1.2","4.11","14","On","13.022564,77.593253",
"14-Sep-2026 09:57:29","0.78","4.11","14.05","On","13.022587,77.593239",
"14-Sep-2026 09:57:59","0.47","4.11","14.03","On","13.022571,77.593226",
"14-Sep-2026 09:58:29","1.24","4.11","14","On","13.022741,77.593275",
"14-Sep-2026 09:58:59","0.48","4.11","14","On","13.02273,77.593257",
"14-Sep-2026 09:59:29","1.11","4.11","14","On","13.02272,77.593286",
"14-Sep-2026 09:59:59","1.73","4.11","14","On","13.022797,77.593334",
"14-Sep-2026 10:00:29","21.07","4.11","13.98","On","13.022723,77.593317",
"14-Sep-2026 10:00:31","21.07","4.11","13.98","On","13.022723,77.593317",
"14-Sep-2026 10:00:51","4.02","4.11","13.98","On","13.022151,77.593166",
"14-Sep-2026 10:00:59","14.27","4.11","13.98","On","13.02222,77.592916",
"14-Sep-2026 10:01:16","10.59","4.11","13.98","On","13.022386,77.592538",
"14-Sep-2026 10:01:21","17.4","4.11","13.98","On","13.022521,77.592537",
"14-Sep-2026 10:01:29","28.58","4.11","14","On","13.023013,77.592621",
"14-Sep-2026 10:01:59","17.63","4.11","13.98","On","13.025015,77.592954",
"14-Sep-2026 10:02:29","31.18","4.11","14","On","13.027372,77.593391",
"14-Sep-2026 10:02:51","12.67","4.11","14","On","13.028477,77.593605",
"14-Sep-2026 10:02:59","16.76","4.11","13.98","On","13.028733,77.593709",
"14-Sep-2026 10:03:16","8.68","4.11","13.98","On","13.029466,77.593839",
"14-Sep-2026 10:03:26","16.33","4.11","13.98","On","13.029484,77.594043",
"14-Sep-2026 10:03:29","18.75","4.11","13.98","On","13.029495,77.594211",
"14-Sep-2026 10:03:51","6.42","4.11","13.98","On","13.029422,77.59479",
"14-Sep-2026 10:03:59","0.42","4.11","13.95","On","13.029296,77.594782",
"14-Sep-2026 10:04:29","2.97","4.11","13.98","On","13.029207,77.595135",
"14-Sep-2026 10:04:59","0.6","4.11","14","On","13.02916,77.595158",
"14-Sep-2026 10:05:29","0.88","4.11","14","On","13.029159,77.595166",
"14-Sep-2026 10:05:59","0.39","4.11","14","On","13.029174,77.595184",
"14-Sep-2026 10:06:29","1.27","4.11","14","On","13.029137,77.595203",
"14-Sep-2026 10:06:59","0.56","4.11","14","On","13.029127,77.595216",
"14-Sep-2026 10:07:29","0.64","4.11","14","On","13.029159,77.595197",
"14-Sep-2026 10:07:59","0.99","4.11","14","On","13.029141,77.595213",
"14-Sep-2026 10:08:29","0.74","4.11","14","On","13.029181,77.595194",
"14-Sep-2026 10:08:59","1.38","4.11","14","On","13.029189,77.595182",
"14-Sep-2026 10:09:29","0.86","4.11","14","On","13.029189,77.595213",
"14-Sep-2026 10:09:59","0.33","4.11","14","On","13.029166,77.595184",
"14-Sep-2026 10:10:29","1.23","4.11","14.03","On","13.029165,77.595209",
"14-Sep-2026 10:10:59","0.34","4.11","14.03","On","13.029193,77.595209",
"14-Sep-2026 10:11:29","1.7","4.11","14","On","13.029166,77.595204",
"14-Sep-2026 10:11:59","0.99","4.11","14.03","On","13.029187,77.595193",
"14-Sep-2026 10:12:29","0.44","4.11","14.03","On","13.029181,77.595242",
"14-Sep-2026 10:12:59","0.97","4.11","14","On","13.029179,77.595229",
"14-Sep-2026 10:13:29","1.16","4.11","14","On","13.029174,77.595201",
"14-Sep-2026 10:13:59","0.65","4.11","14","On","13.029185,77.595201",
"14-Sep-2026 10:14:29","1.01","4.11","14","On","13.029202,77.595215",
"14-Sep-2026 10:14:59","0.3","4.11","13.98","On","13.029169,77.595204",
"14-Sep-2026 10:15:29","1.57","4.11","14","On","13.029152,77.595219",
"14-Sep-2026 10:15:59","5.28","4.11","13.98","On","13.029147,77.595414",
"14-Sep-2026 10:16:29","0.96","4.11","13.95","On","13.029103,77.595716",
"14-Sep-2026 10:16:59","3","4.11","13.98","On","13.028757,77.595844",
"14-Sep-2026 10:17:26","13.8","4.11","13.98","On","13.028775,77.595319",
"14-Sep-2026 10:17:29","13.8","4.11","13.98","On","13.028775,77.595319",
"14-Sep-2026 10:17:59","0.29","4.11","13.95","On","13.028861,77.594889",
"14-Sep-2026 10:18:11","4.53","4.11","13.95","On","13.028886,77.594799",
"14-Sep-2026 10:18:29","7.72","4.11","13.95","On","13.02917,77.594769",
"14-Sep-2026 10:18:31","10.06","4.11","13.95","On","13.029286,77.594772",
"14-Sep-2026 10:18:41","5.79","4.11","13.95","On","13.029412,77.594834",
"14-Sep-2026 10:18:59","7.28","4.11","13.98","On","13.029418,77.595594",
"14-Sep-2026 10:19:06","12.66","4.11","13.98","On","13.029614,77.595608",
"14-Sep-2026 10:19:21","14.72","4.11","13.98","On","13.030017,77.595614",
"14-Sep-2026 10:19:26","12.57","4.11","13.98","On","13.030335,77.595588",
"14-Sep-2026 10:19:29","12.57","4.11","13.98","On","13.030335,77.595588",
"14-Sep-2026 10:19:46","18.39","4.11","13.98","On","13.031411,77.595535",
"14-Sep-2026 10:19:51","18.78","4.11","13.98","On","13.031602,77.595549",
"14-Sep-2026 10:19:56","23.72","4.11","13.98","On","13.031825,77.595568",
"14-Sep-2026 10:19:59","22.79","4.11","13.98","On","13.032067,77.595628",
"14-Sep-2026 10:20:06","18.6","4.11","13.98","On","13.032372,77.595782",
"14-Sep-2026 10:20:11","10.74","4.11","13.98","On","13.032541,77.595796",
"14-Sep-2026 10:20:21","4.97","4.11","13.98","On","13.032765,77.59587",
"14-Sep-2026 10:20:29","9.28","4.11","13.98","On","13.032766,77.596086",
"14-Sep-2026 10:20:31","15.19","4.11","13.98","On","13.032766,77.596213",
"14-Sep-2026 10:20:41","5.41","4.11","13.98","On","13.032771,77.596425",
"14-Sep-2026 10:20:46","14.32","4.11","13.98","On","13.032988,77.596444",
"14-Sep-2026 10:20:51","7.05","4.11","13.98","On","13.033108,77.596452",
"14-Sep-2026 10:20:56","10.07","4.11","13.98","On","13.033174,77.596453",
"14-Sep-2026 10:20:59","17.5","4.11","13.98","On","13.033334,77.596487",
"14-Sep-2026 10:21:01","17.5","4.11","13.98","On","13.033334,77.596487",
"14-Sep-2026 10:21:21","7.47","4.11","13.98","On","13.033996,77.596599",
"14-Sep-2026 10:21:29","11.78","4.11","13.98","On","13.034072,77.596703",
"14-Sep-2026 10:21:31","13.97","4.11","13.98","On","13.034254,77.596715",
"14-Sep-2026 10:21:36","9.46","4.11","13.98","On","13.034383,77.596719",
"14-Sep-2026 10:21:59","0.63","4.11","13.98","On","13.034597,77.596762",
"14-Sep-2026 10:22:06","14.47","4.11","13.98","On","13.034794,77.596799",
"14-Sep-2026 10:22:29","7.01","4.11","13.98","On","13.035519,77.596934",
"14-Sep-2026 10:22:36","8.99","4.11","13.98","On","13.035708,77.597001",
"14-Sep-2026 10:22:46","11.36","4.11","13.98","On","13.035826,77.596915",
"14-Sep-2026 10:22:59","18.77","4.11","13.98","On","13.035972,77.596506",
"14-Sep-2026 10:23:29","12.57","4.11","13.98","On","13.036168,77.595189",
"14-Sep-2026 10:23:56","4.99","4.11","13.98","On","13.036435,77.594172",
"14-Sep-2026 10:23:59","4.99","4.11","13.98","On","13.036435,77.594172",
"14-Sep-2026 10:24:16","14.16","4.11","13.98","On","13.036557,77.593777",
"14-Sep-2026 10:24:29","5.78","4.1","13.98","On","13.036683,77.593349",
"14-Sep-2026 10:24:46","10.6","4.1","13.98","On","13.036694,77.592945",
"14-Sep-2026 10:24:56","4.38","4.1","13.98","On","13.036191,77.5928",
"14-Sep-2026 10:24:59","4.38","4.11","13.98","On","13.036191,77.5928",
"14-Sep-2026 10:25:29","1.63","4.11","14","On","13.036124,77.592968",
"14-Sep-2026 10:25:59","0.61","4.11","13.98","On","13.036161,77.592976",
"14-Sep-2026 10:26:29","1.65","4.11","13.98","On","13.036177,77.592939",
"14-Sep-2026 10:26:59","0.76","4.11","14","On","13.036252,77.593022",
"14-Sep-2026 10:27:29","0.67","4.11","13.98","On","13.036228,77.593032",
"14-Sep-2026 10:27:59","0.38","4.11","13.98","On","13.036204,77.593047",
"14-Sep-2026 10:28:29","0.34","4.11","14","On","13.036195,77.593054",
"14-Sep-2026 10:28:59","1.89","4.11","14","On","13.036176,77.593043",
"14-Sep-2026 10:29:29","0.57","4.11","14","On","13.036159,77.593025",
"14-Sep-2026 10:29:59","1.31","4.11","14","On","13.036094,77.593023",
"14-Sep-2026 10:30:29","1.3","4.11","14","On","13.036092,77.593056",
"14-Sep-2026 10:30:59","0.08","4.11","13.98","On","13.036068,77.593047",
"14-Sep-2026 10:31:29","0.27","4.11","14","On","13.036028,77.593035",
"14-Sep-2026 10:31:59","0.24","4.11","14.03","On","13.03603,77.593035",
"14-Sep-2026 10:32:29","0.04","4.11","14","On","13.036053,77.593055",
"14-Sep-2026 10:32:59","0.3","4.11","14.03","On","13.036069,77.593034",
"14-Sep-2026 10:33:29","0.13","4.11","14.03","On","13.036081,77.593008",
"14-Sep-2026 10:33:59","0.19","4.11","14.03","On","13.036096,77.592969",
"14-Sep-2026 10:34:29","0.38","4.11","14.03","On","13.036098,77.592938",
"14-Sep-2026 10:34:59","1.18","4.11","14","On","13.036076,77.592973",
"14-Sep-2026 10:35:29","1.26","4.11","14.03","On","13.036064,77.59299",
"14-Sep-2026 10:35:59","3.05","4.1","14","On","13.03606,77.592998",
"14-Sep-2026 10:36:29","0.55","4.11","14.03","On","13.036045,77.59299",
"14-Sep-2026 10:36:59","0.42","4.11","14","On","13.036093,77.592997",
"14-Sep-2026 10:37:29","0.65","4.11","14","On","13.036124,77.593002",
"14-Sep-2026 10:37:59","0.21","4.11","14","On","13.036119,77.592981",
"14-Sep-2026 10:38:29","0.1","4.11","14","On","13.03611,77.592958",
"14-Sep-2026 10:38:59","0.43","4.11","14","On","13.036093,77.592935",
"14-Sep-2026 10:39:29","0.44","4.11","14.03","On","13.036086,77.592953",
"14-Sep-2026 10:39:59","0.79","4.11","13.98","On","13.036107,77.592997",
"14-Sep-2026 10:40:29","0.55","4.11","14","On","13.036127,77.593023",
"14-Sep-2026 10:40:59","0.83","4.11","14","On","13.036112,77.593004",
"14-Sep-2026 10:41:29","0.95","4.11","14","On","13.036106,77.592997",
"14-Sep-2026 10:41:59","0.47","4.11","14.03","On","13.036065,77.593004",
"14-Sep-2026 10:42:29","3.56","4.11","13.93","On","13.036091,77.592987",
"14-Sep-2026 10:42:59","3.1","4.11","13.95","On","13.036176,77.592916",
"14-Sep-2026 10:43:29","0.5","4.11","14","On","13.036169,77.592898",
"14-Sep-2026 10:43:59","0.74","4.1","14.03","On","13.036197,77.592918",
"14-Sep-2026 10:44:29","0.65","4.11","14.03","On","13.03617,77.592959",
"14-Sep-2026 10:44:59","1.7","4.1","14","On","13.036151,77.592956",
"14-Sep-2026 10:45:29","11.05","4.11","14","On","13.036051,77.592783",
"14-Sep-2026 10:45:31","10.38","4.11","14","On","13.035931,77.592751",
"14-Sep-2026 10:45:51","4.9","4.11","14","On","13.035548,77.592611",
"14-Sep-2026 10:45:59","5.08","4.11","13.95","On","13.035566,77.592579",
"14-Sep-2026 10:46:01","13.78","4.11","13.95","On","13.035635,77.592596",
"14-Sep-2026 10:46:29","11.2","4.11","13.95","On","13.036796,77.592918",
"14-Sep-2026 10:46:31","13.8","4.11","13.95","On","13.036784,77.593037",
"14-Sep-2026 10:46:59","14.41","4.11","14.03","On","13.036557,77.593866",
"14-Sep-2026 10:47:29","10.57","4.11","14","On","13.036236,77.594946",
"14-Sep-2026 10:47:51","1.05","4.11","14","On","13.036191,77.595199",
"14-Sep-2026 10:47:59","1.28","4.11","14","On","13.036189,77.595223",
"14-Sep-2026 10:48:29","0.72","4.11","14","On","13.036191,77.595285",
"14-Sep-2026 10:48:59","0.25","4.11","14","On","13.036197,77.595327",
"14-Sep-2026 10:49:29","4.22","4.11","14","On","13.036138,77.595638",
"14-Sep-2026 10:49:46","12.98","4.11","14","On","13.036078,77.596015",
"14-Sep-2026 10:49:59","4.44","4.11","13.98","On","13.036027,77.596218",
"14-Sep-2026 10:50:29","5.91","4.11","14","On","13.035885,77.596845",
"14-Sep-2026 10:50:31","5.91","4.11","14","On","13.035885,77.596845",
"14-Sep-2026 10:50:59","6.1","4.11","14","On","13.035734,77.597306",
"14-Sep-2026 10:51:16","18.01","4.11","14","On","13.035621,77.597765",
"14-Sep-2026 10:51:29","21.2","4.11","13.98","On","13.035463,77.598447",
"14-Sep-2026 10:51:59","17.71","4.11","14","On","13.03521,77.59975",
"14-Sep-2026 10:52:21","12.57","4.11","14","On","13.035062,77.600905",
"14-Sep-2026 10:52:29","20","4.11","14.03","On","13.035093,77.601198",
"14-Sep-2026 10:52:59","11.88","4.11","14","On","13.035068,77.602471",
"14-Sep-2026 10:53:01","19.8","4.11","14","On","13.035054,77.602615",
"14-Sep-2026 10:53:29","11.02","4.11","14","On","13.034926,77.603374",
"14-Sep-2026 10:53:59","6.89","4.11","13.95","On","13.034891,77.604456",
"14-Sep-2026 10:54:06","2.86","4.11","13.95","On","13.034872,77.604584",
"14-Sep-2026 10:54:29","5.65","4.11","13.98","On","13.034529,77.604623",
"14-Sep-2026 10:54:36","12.48","4.11","13.98","On","13.034341,77.604616",
"14-Sep-2026 10:54:59","0.72","4.11","14","On","13.03417,77.604615",
"14-Sep-2026 10:55:29","10.08","4.11","14.03","On","13.033034,77.604739",
"14-Sep-2026 10:55:59","18.46","4.11","13.98","On","13.032124,77.604787",
"14-Sep-2026 10:56:29","4.42","4.11","14","On","13.031334,77.604786",
"14-Sep-2026 10:56:59","8.48","4.11","14","On","13.030511,77.604777",
"14-Sep-2026 10:57:21","4.41","4.11","14","On","13.029813,77.604763",
"14-Sep-2026 10:57:29","0.94","4.11","13.98","On","13.029756,77.604747",
"14-Sep-2026 10:57:59","8.96","4.11","14","On","13.029312,77.604661",
"14-Sep-2026 10:58:29","4.76","4.11","14","On","13.028791,77.604583",
"14-Sep-2026 10:58:59","0.48","4.11","13.98","On","13.02855,77.604529",
"14-Sep-2026 10:59:11","10.79","4.11","13.98","On","13.028579,77.604444",
"14-Sep-2026 10:59:29","0.58","4.11","13.95","On","13.028603,77.604234",
"14-Sep-2026 10:59:59","2.24","4.11","13.98","On","13.028725,77.603849",
"14-Sep-2026 11:00:11","5.67","4.11","13.98","On","13.028807,77.603469",
"14-Sep-2026 11:00:29","0.88","4.11","13.95","On","13.028874,77.603279",
"14-Sep-2026 11:00:59","0.8","4.11","14","On","13.028915,77.603235",
"14-Sep-2026 11:01:29","0.65","4.11","14","On","13.028939,77.60323",
"14-Sep-2026 11:01:59","0.29","4.11","14","On","13.028922,77.603207",
"14-Sep-2026 11:02:29","0.36","4.11","14.03","On","13.028913,77.603193",
"14-Sep-2026 11:02:59","0.13","4.11","14","On","13.028908,77.603201",
"14-Sep-2026 11:03:29","0.87","4.11","14.03","On","13.028888,77.60321",
"14-Sep-2026 11:03:59","0.34","4.11","14","On","13.028944,77.603219",
"14-Sep-2026 11:04:29","0.72","4.11","14.03","On","13.028936,77.603223",
"14-Sep-2026 11:04:59","1.11","4.11","14","On","13.028915,77.603226",
"14-Sep-2026 11:05:29","0.13","4.11","14.03","On","13.028924,77.603248",
"14-Sep-2026 11:05:59","1","4.11","14","On","13.028913,77.603239",
"14-Sep-2026 11:06:29","1.62","4.11","13.98","On","13.028903,77.603233",
"14-Sep-2026 11:06:59","0.96","4.11","13.98","On","13.028925,77.603231",
"14-Sep-2026 11:07:29","0.44","4.11","14","On","13.028892,77.603241",
"14-Sep-2026 11:07:59","1.52","4.11","14","On","13.028886,77.60326",
"14-Sep-2026 11:08:29","1.25","4.11","14.03","On","13.028883,77.603234",
"14-Sep-2026 11:08:59","0.41","4.11","13.98","On","13.028889,77.603209",
"14-Sep-2026 11:09:29","0.51","4.11","14","On","13.02888,77.603232",
"14-Sep-2026 11:09:59","0.68","4.11","14","On","13.028861,77.603244",
"14-Sep-2026 11:10:29","0.55","4.11","13.98","On","13.028861,77.603238",
"14-Sep-2026 11:10:59","1.01","4.1","13.98","On","13.028889,77.603229",
"14-Sep-2026 11:11:29","0.64","4.11","13.98","On","13.028889,77.603219",
"14-Sep-2026 11:11:59","0.1","4.11","13.98","On","13.028877,77.603217",
"14-Sep-2026 11:12:29","2.62","4.11","13.95","On","13.028892,77.603191",
"14-Sep-2026 11:12:41","13.85","4.11","13.95","On","13.02882,77.60342",
"14-Sep-2026 11:12:59","17.58","4.11","13.98","On","13.028624,77.604242",
"14-Sep-2026 11:13:06","4.69","4.11","13.98","On","13.028585,77.604505",
"14-Sep-2026 11:13:29","0.56","4.11","13.95","On","13.028559,77.604582",
"14-Sep-2026 11:13:51","10.2","4.11","13.95","On","13.028454,77.604553",
"14-Sep-2026 11:13:59","2.24","4.11","13.95","On","13.028304,77.604505",
"14-Sep-2026 11:14:01","2.24","4.11","13.95","On","13.028304,77.604505",
"14-Sep-2026 11:14:11","16.82","4.11","13.95","On","13.028022,77.604409",
"14-Sep-2026 11:14:29","11.26","4.11","14","On","13.027323,77.604241",
"14-Sep-2026 11:14:59","16.67","4.11","14.03","On","13.026248,77.603913",
"14-Sep-2026 11:15:06","3.73","4.11","14.03","On","13.026004,77.603838",
"14-Sep-2026 11:15:16","11.8","4.11","14.03","On","13.025809,77.603775",
"14-Sep-2026 11:15:29","11.33","4.11","13.98","On","13.025276,77.60362",
"14-Sep-2026 11:15:59","10.89","4.11","14","On","13.024174,77.603243",
"14-Sep-2026 11:16:29","17.74","4.11","13.98","On","13.023179,77.602867",
"14-Sep-2026 11:16:51","6.72","4.11","13.98","On","13.022207,77.602425",
"14-Sep-2026 11:16:56","17.11","4.11","13.98","On","13.022218,77.602314",
"14-Sep-2026 11:16:59","27.91","4.11","13.93","On","13.022325,77.602108",
"14-Sep-2026 11:17:29","12.56","4.11","13.95","On","13.022853,77.60104",
"14-Sep-2026 11:17:31","13.69","4.11","13.95","On","13.022837,77.600924",
"14-Sep-2026 11:17:59","28.64","4.11","14","On","13.021133,77.600296",
"14-Sep-2026 11:18:29","24.16","4.11","13.98","On","13.020026,77.599816",
"14-Sep-2026 11:18:51","30.07","4.11","13.98","On","13.018584,77.598954",
"14-Sep-2026 11:18:59","26.35","4.11","13.98","On","13.018093,77.598578",
"14-Sep-2026 11:19:01","26.35","4.11","13.98","On","13.018093,77.598578",
"14-Sep-2026 11:19:29","14.16","4.11","14","On","13.016334,77.597732",
"14-Sep-2026 11:19:31","21.18","4.11","14","On","13.016149,77.597686",
"14-Sep-2026 11:19:51","38.43","4.11","14","On","13.014796,77.597188",
"14-Sep-2026 11:19:59","45.65","4.11","13.98","On","13.014037,77.596733",
"14-Sep-2026 11:20:29","6.84","4.11","13.98","On","13.012106,77.595675",
"14-Sep-2026 11:20:31","7.75","4.11","13.98","On","13.012035,77.595648",
"14-Sep-2026 11:20:36","16.81","4.11","13.98","On","13.011954,77.595623",
"14-Sep-2026 11:20:59","24.76","4.11","13.98","On","13.010991,77.59524",
"14-Sep-2026 11:21:29","19.91","4.11","13.98","On","13.009552,77.59465",
"14-Sep-2026 11:21:59","18.06","4.11","14","On","13.008506,77.594278",
"14-Sep-2026 11:22:29","18.43","4.11","13.98","On","13.007637,77.593975",
"14-Sep-2026 11:22:59","11.55","4.11","14","On","13.006203,77.593271",
"14-Sep-2026 11:23:06","26.64","4.11","14","On","13.005814,77.593269",
"14-Sep-2026 11:23:11","32.29","4.11","14","On","13.005397,77.593611",
"14-Sep-2026 11:23:29","31.82","4.11","14","On","13.004633,77.594638",
"14-Sep-2026 11:23:59","28.15","4.11","14","On","13.003408,77.596265",
"14-Sep-2026 11:24:29","24.15","4.11","13.98","On","13.00222,77.598525",
"14-Sep-2026 11:24:51","22.74","4.11","13.98","On","13.001462,77.599361",
"14-Sep-2026 11:24:59","8","4.11","13.98","On","13.001289,77.59942",
"14-Sep-2026 11:25:29","23.33","4.11","14","On","12.9997,77.599916",
"14-Sep-2026 11:25:36","18.03","4.11","14","On","12.999315,77.60017",
"14-Sep-2026 11:25:41","23.36","4.11","14","On","12.999356,77.600361",
"14-Sep-2026 11:25:46","17.94","4.11","14","On","12.999402,77.600589",
"14-Sep-2026 11:25:56","32.98","4.11","14","On","12.99904,77.601233",
"14-Sep-2026 11:25:59","32.98","4.11","13.95","On","12.99904,77.601233",
"14-Sep-2026 11:26:29","16.11","4.11","14","On","12.998005,77.602702",
"14-Sep-2026 11:26:59","19.5","4.11","13.98","On","12.997269,77.603785",
"14-Sep-2026 11:27:11","10.34","4.11","13.98","On","12.996771,77.604551",
"14-Sep-2026 11:27:17","9.53","4.11","13.98","On","12.996826,77.604655",
"14-Sep-2026 11:27:29","27.67","4.11","13.95","On","12.997505,77.604934",
"14-Sep-2026 11:27:37","23.95","4.11","13.95","On","12.997823,77.605186",
"14-Sep-2026 11:27:59","14.59","4.11","13.98","On","12.997821,77.606156",
"14-Sep-2026 11:28:07","17.07","4.11","13.98","On","12.997977,77.606508",
"14-Sep-2026 11:28:29","6.74","4.11","13.98","On","12.99937,77.606672",
"14-Sep-2026 11:28:37","9.05","4.11","13.98","On","12.999531,77.606727",
"14-Sep-2026 11:28:42","16.27","4.11","13.98","On","12.999676,77.606734",
"14-Sep-2026 11:28:52","1.52","4.11","13.98","On","12.999933,77.606833",
"14-Sep-2026 11:28:59","1.37","4.11","13.95","On","12.999945,77.606855",
"14-Sep-2026 11:29:29","0.86","4.11","13.98","On","12.999874,77.607046",
"14-Sep-2026 11:29:59","0.33","4.11","13.98","On","12.999877,77.607079",
"14-Sep-2026 11:30:29","1.33","4.11","14","On","12.99988,77.607063",
"14-Sep-2026 11:30:59","0.73","4.11","14","On","12.999855,77.607074",
"14-Sep-2026 11:31:29","0.88","4.11","14","On","12.999854,77.607066",
"14-Sep-2026 11:31:59","8.33","4.11","13.98","On","12.999829,77.607165",
"14-Sep-2026 11:32:29","2.87","4.11","13.98","On","12.999753,77.607452",
"14-Sep-2026 11:32:59","0.52","4.11","13.93","On","12.99973,77.607498",
"14-Sep-2026 11:33:29","9.36","4.11","13.98","On","12.999811,77.607261",
"14-Sep-2026 11:33:59","0.05","4.11","13.69","Off","12.999913,77.607019",
"14-Sep-2026 11:34:29","0.19","4.11","13.54","Off","12.999921,77.606996",
"14-Sep-2026 11:34:59","0.47","4.11","13.5","Off","12.999927,77.606973",
"14-Sep-2026 11:35:11","0.47","4.11","13.5","Off","12.999927,77.606973",
"14-Sep-2026 11:35:59","0.58","4.11","13.47","Off","12.999941,77.606963",
"14-Sep-2026 11:36:59","0.5","4.11","13.45","Off","12.99993,77.606925",
"14-Sep-2026 11:37:59","0.19","4.11","13.38","Off","12.999924,77.606915",
"14-Sep-2026 11:38:16","0.19","4.11","13.38","Off","12.999924,77.606915",
"14-Sep-2026 11:38:29","0.67","4.11","13.33","Off","12.999935,77.606915",
"14-Sep-2026 11:38:59","0.54","4.11","13.28","Off","12.999937,77.606929",
"14-Sep-2026 11:39:29","0.73","4.1","13.71","On","12.999941,77.606952",
"14-Sep-2026 11:39:59","0.29","4.11","13.91","On","12.999956,77.606954",
"14-Sep-2026 11:40:22","10.64","4.11","13.91","On","12.999815,77.606782",
"14-Sep-2026 11:40:29","5.31","4.11","13.95","On","12.999572,77.606785",
"14-Sep-2026 11:40:32","5.31","4.11","13.95","On","12.999572,77.606785",
"14-Sep-2026 11:40:37","15.72","4.11","13.95","On","12.999533,77.606964",
"14-Sep-2026 11:40:59","4.18","4.11","13.98","On","12.999284,77.607855",
"14-Sep-2026 11:41:02","2.94","4.11","13.98","On","12.999247,77.607964",
"14-Sep-2026 11:41:22","19.9","4.11","13.98","On","12.999346,77.60858",
"14-Sep-2026 11:41:29","24.77","4.11","13.98","On","12.999527,77.608707",
"14-Sep-2026 11:41:32","9.43","4.11","13.98","On","12.999669,77.608838",
"14-Sep-2026 11:41:59","13.51","4.1","13.98","On","13.000738,77.609933",
"14-Sep-2026 11:42:29","1.67","4.11","13.95","On","13.000889,77.610283",
"14-Sep-2026 11:42:59","11.14","4.11","13.95","On","13.000601,77.610452",
"14-Sep-2026 11:43:07","13.29","4.11","13.95","On","13.00068,77.610304",
"14-Sep-2026 11:43:12","9.82","4.11","13.95","On","13.000764,77.610219",
"14-Sep-2026 11:43:29","0.39","4.11","13.95","On","13.000949,77.610209",
"14-Sep-2026 11:43:59","3.62","4.11","13.93","On","13.001096,77.610344",
"14-Sep-2026 11:44:27","15.47","4.11","13.93","On","13.001359,77.610681",
"14-Sep-2026 11:44:29","15.47","4.11","13.98","On","13.001359,77.610681",
"14-Sep-2026 11:44:59","7.54","4.11","13.95","On","13.001802,77.611694",
"14-Sep-2026 11:45:12","5.98","4.11","13.95","On","13.001898,77.611959",
"14-Sep-2026 11:45:29","0.36","4.1","13.93","On","13.001908,77.612006",
"14-Sep-2026 11:45:59","0.34","4.1","13.91","On","13.001914,77.612013",
"14-Sep-2026 11:46:29","1.02","4.11","13.93","On","13.001931,77.611991",
"14-Sep-2026 11:46:37","12.86","4.11","13.93","On","13.00191,77.612079",
"14-Sep-2026 11:46:42","18.29","4.11","13.93","On","13.001714,77.612093",
"14-Sep-2026 11:46:57","15.84","4.11","13.93","On","13.001059,77.612154",
"14-Sep-2026 11:46:59","24","4.11","13.98","On","13.00098,77.612374",
"14-Sep-2026 11:47:02","25.25","4.11","13.98","On","13.00095,77.612632",
"14-Sep-2026 11:47:29","44.25","4.11","13.98","On","13.000801,77.614453",
"14-Sep-2026 11:47:52","9.7","4.11","13.98","On","13.000708,77.615934",
"14-Sep-2026 11:47:57","10.96","4.11","13.98","On","13.000816,77.615982",
"14-Sep-2026 11:47:59","16.05","4.11","13.91","On","13.000974,77.616023",
"14-Sep-2026 11:48:22","11.56","4.11","13.91","On","13.00224,77.616243",
"14-Sep-2026 11:48:27","15.78","4.11","13.91","On","13.002226,77.616403",
"14-Sep-2026 11:48:29","15.78","4.11","13.91","On","13.002226,77.616403",
"14-Sep-2026 11:48:59","6.92","4.11","13.98","On","13.001505,77.618548",
"14-Sep-2026 11:49:02","25.48","4.11","13.98","On","13.001385,77.618731",
"14-Sep-2026 11:49:29","18.72","4.11","13.98","On","13.000212,77.620294",
"14-Sep-2026 11:49:42","13.93","4.11","13.98","On","12.999834,77.620829",
"14-Sep-2026 11:49:59","16.45","4.11","13.98","On","13.000524,77.621177",
"14-Sep-2026 11:50:29","11","4.11","13.98","On","13.002341,77.621887",
"14-Sep-2026 11:50:47","7.14","4.11","13.98","On","13.002768,77.622172",
"14-Sep-2026 11:50:59","1.88","4.11","13.93","On","13.002687,77.622349",
"14-Sep-2026 11:51:29","0.32","4.11","13.98","On","13.00268,77.62236",
"14-Sep-2026 11:51:59","0.15","4.11","14","On","13.002687,77.622354",
"14-Sep-2026 11:52:29","0.09","4.11","13.98","On","13.002686,77.622362",
"14-Sep-2026 11:52:59","0.09","4.11","14","On","13.002696,77.622395",
"14-Sep-2026 11:53:29","0.41","4.11","13.98","On","13.002691,77.622387",
"14-Sep-2026 11:53:59","0.06","4.11","14","On","13.002672,77.622396",
"14-Sep-2026 11:54:29","0.43","4.11","14","On","13.002676,77.622388",
"14-Sep-2026 11:54:59","0.58","4.11","13.95","On","13.002685,77.62238",
"14-Sep-2026 11:55:29","0.53","4.11","13.95","On","13.002675,77.622387",
"14-Sep-2026 11:55:59","0.52","4.11","14","On","13.002686,77.622398",
"14-Sep-2026 11:56:29","0.55","4.11","14","On","13.002693,77.622401",
"14-Sep-2026 11:56:59","0.42","4.11","13.98","On","13.002686,77.622426",
"14-Sep-2026 11:57:29","0.5","4.11","13.98","On","13.002671,77.622408",
"14-Sep-2026 11:57:59","0.06","4.11","13.98","On","13.002646,77.622401",
"14-Sep-2026 11:58:29","0.14","4.11","13.98","On","13.002655,77.622376",
"14-Sep-2026 11:58:59","0.33","4.11","13.98","On","13.002668,77.622398",
"14-Sep-2026 11:59:29","0.56","4.11","14","On","13.002676,77.622404",
"14-Sep-2026 11:59:59","0.37","4.11","13.98","On","13.002673,77.622401",
"14-Sep-2026 12:00:29","0.37","4.11","14","On","13.002669,77.622402",
"14-Sep-2026 12:00:59","0.16","4.11","13.98","On","13.002671,77.6224",
"14-Sep-2026 12:01:29","0.66","4.11","13.95","On","13.002681,77.622395",
"14-Sep-2026 12:01:59","0.14","4.11","13.98","On","13.002676,77.622386",
"14-Sep-2026 12:02:29","0.42","4.11","13.98","On","13.002677,77.622378",
"14-Sep-2026 12:02:57","14.4","4.11","13.98","On","13.002621,77.622445",
"14-Sep-2026 12:02:59","18.91","4.11","13.98","On","13.002532,77.622589",
"14-Sep-2026 12:03:27","14.74","4.11","13.98","On","13.00188,77.623813",
"14-Sep-2026 12:03:29","14.74","4.1","13.95","On","13.00188,77.623813",
"14-Sep-2026 12:03:59","24.75","4.1","13.95","On","13.003588,77.6245",
"14-Sep-2026 12:04:27","6.19","4.1","13.95","On","13.004516,77.624971",
"14-Sep-2026 12:04:29","6.19","4.1","13.95","On","13.004516,77.624971",
"14-Sep-2026 12:04:59","9.61","4.1","13.98","On","13.004319,77.625958",
"14-Sep-2026 12:05:27","15.45","4.1","13.98","On","13.004403,77.626734",
"14-Sep-2026 12:05:29","15.45","4.11","13.98","On","13.004403,77.626734",
"14-Sep-2026 12:05:47","3.17","4.11","13.98","On","13.004815,77.626963",
"14-Sep-2026 12:05:59","12.14","4.11","13.95","On","13.004801,77.627219",
"14-Sep-2026 12:06:02","12.14","4.11","13.95","On","13.004801,77.627219",
"14-Sep-2026 12:06:29","15.38","4.11","13.95","On","13.004526,77.628197",
"14-Sep-2026 12:06:59","0.75","4.11","13.98","On","13.004479,77.628359",
"14-Sep-2026 12:07:29","0.67","4.11","13.98","On","13.004494,77.628358",
"14-Sep-2026 12:07:59","0.78","4.11","13.98","On","13.00449,77.628345",
"14-Sep-2026 12:08:29","0.52","4.1","13.98","On","13.004467,77.628343",
"14-Sep-2026 12:08:59","0.95","4.11","13.98","On","13.004452,77.62837",
"14-Sep-2026 12:09:29","0.59","4.11","13.98","On","13.004438,77.628383",
"14-Sep-2026 12:09:59","0.15","4.11","14","On","13.004426,77.628399",
"14-Sep-2026 12:10:29","0.23","4.11","13.98","On","13.004413,77.628421",
"14-Sep-2026 12:10:59","0.52","4.11","14","On","13.004419,77.628434",
"14-Sep-2026 12:11:29","0.31","4.11","14","On","13.004418,77.628419",
"14-Sep-2026 12:11:59","1.06","4.11","13.98","On","13.004413,77.628419",
"14-Sep-2026 12:12:29","0.29","4.11","13.98","On","13.004423,77.628388",
"14-Sep-2026 12:12:59","0.92","4.11","13.98","On","13.004447,77.628337",
"14-Sep-2026 12:13:29","0.63","4.11","14","On","13.004459,77.628364",
"14-Sep-2026 12:13:59","0.36","4.11","14","On","13.004454,77.628404",
"14-Sep-2026 12:14:29","7.67","4.11","13.98","On","13.004332,77.628765",
"14-Sep-2026 12:14:59","1.92","4.11","13.98","On","13.004079,77.629603",
"14-Sep-2026 12:15:02","7.37","4.11","13.98","On","13.004034,77.629622",
"14-Sep-2026 12:15:29","20.43","4.11","13.98","On","13.003088,77.629521",
"14-Sep-2026 12:15:32","22.03","4.11","13.98","On","13.002862,77.629558",
"14-Sep-2026 12:15:59","22.52","4.11","13.95","On","13.001664,77.629714",
"14-Sep-2026 12:16:02","4.96","4.11","13.95","On","13.001508,77.629715",
"14-Sep-2026 12:16:07","11.67","4.11","13.95","On","13.001463,77.629799",
"14-Sep-2026 12:16:29","30.3","4.11","13.95","On","13.001722,77.631251",
"14-Sep-2026 12:16:59","25.39","4.11","13.95","On","13.002109,77.633211",
"14-Sep-2026 12:17:27","25.83","4.11","13.95","On","13.002675,77.634676",
"14-Sep-2026 12:17:29","26.72","4.11","13.95","On","13.002835,77.634898",
"14-Sep-2026 12:17:59","12.43","4.11","13.95","On","13.003836,77.636085",
"14-Sep-2026 12:18:17","17.22","4.11","13.95","On","13.004415,77.636719",
"14-Sep-2026 12:18:22","21.76","4.11","13.95","On","13.004616,77.636606",
"14-Sep-2026 12:18:27","29.48","4.11","13.95","On","13.00469,77.63633",
"14-Sep-2026 12:18:29","27.81","4.11","13.93","On","13.004508,77.636124",
"14-Sep-2026 12:18:32","23.35","4.11","13.93","On","13.004305,77.636218",
"14-Sep-2026 12:18:37","31.69","4.11","13.93","On","13.00434,77.636495",
"14-Sep-2026 12:18:47","21.48","4.11","13.93","On","13.004723,77.637023",
"14-Sep-2026 12:18:52","13.62","4.11","13.93","On","13.004886,77.636927",
"14-Sep-2026 12:18:59","24.07","4.11","13.95","On","13.004858,77.636717",
"14-Sep-2026 12:19:12","21.46","4.11","13.95","On","13.004886,77.636086",
"14-Sep-2026 12:19:22","27.57","4.11","13.95","On","13.005297,77.636101",
"14-Sep-2026 12:19:29","24.29","4.11","13.95","On","13.005831,77.636126",
"14-Sep-2026 12:19:32","22.65","4.11","13.95","On","13.00608,77.636084",
"14-Sep-2026 12:19:47","10.83","4.11","13.95","On","13.006525,77.635878",
"14-Sep-2026 12:19:59","7.36","4.11","13.98","On","13.006571,77.635321",
"14-Sep-2026 12:20:29","0.4","4.11","13.98","On","13.006653,77.634419",
"14-Sep-2026 12:20:59","0.85","4.11","13.95","On","13.006685,77.634409",
"14-Sep-2026 12:21:29","0.56","4.1","13.95","On","13.00667,77.634383",
"14-Sep-2026 12:21:59","0.51","4.11","13.95","On","13.006696,77.634388",
"14-Sep-2026 12:22:29","0.82","4.1","13.95","On","13.00671,77.634397",
"14-Sep-2026 12:22:59","0.45","4.11","13.98","On","13.006697,77.634381",
"14-Sep-2026 12:23:29","0.18","4.11","13.95","On","13.006691,77.634367",
"14-Sep-2026 12:23:59","0.11","4.11","13.95","On","13.006672,77.634365",
"14-Sep-2026 12:24:29","0.98","4.11","13.98","On","13.006666,77.63436",
"14-Sep-2026 12:24:59","1.55","4.11","13.98","On","13.006733,77.634359",
"14-Sep-2026 12:25:29","0.53","4.11","13.98","On","13.006745,77.634384",
"14-Sep-2026 12:25:59","0.73","4.11","13.98","On","13.006754,77.634377",
"14-Sep-2026 12:26:29","0.49","4.11","13.98","On","13.006753,77.63436",
"14-Sep-2026 12:26:59","0.62","4.11","13.98","On","13.006749,77.634364",
"14-Sep-2026 12:27:29","0.31","4.11","13.95","On","13.006754,77.634359",
"14-Sep-2026 12:27:59","2.55","4.11","13.95","On","13.006739,77.634359",
"14-Sep-2026 12:28:02","1.76","4.11","13.95","On","13.006725,77.634316",
"14-Sep-2026 12:28:29","3.02","4.11","13.93","On","13.006727,77.634328",
"14-Sep-2026 12:28:42","17.28","4.11","13.93","On","13.006662,77.634691",
"14-Sep-2026 12:28:59","11.33","4.11","13.95","On","13.006601,77.635324",
"14-Sep-2026 12:29:22","11.94","4.11","13.95","On","13.00636,77.635978",
"14-Sep-2026 12:29:27","17.1","4.11","13.95","On","13.006212,77.636039",
"14-Sep-2026 12:29:29","17.1","4.11","13.95","On","13.006212,77.636039",
"14-Sep-2026 12:29:42","6.64","4.11","13.95","On","13.005846,77.636018",
"14-Sep-2026 12:29:59","7.69","4.11","13.95","On","13.005859,77.635571",
"14-Sep-2026 12:30:29","3.22","4.1","13.95","On","13.005584,77.635297",
"14-Sep-2026 12:30:59","3.62","4.11","13.95","On","13.005437,77.635234",
"14-Sep-2026 12:31:29","2.02","4.11","13.91","On","13.005342,77.635231",
"14-Sep-2026 12:31:59","3.48","4.1","13.95","On","13.005379,77.635261",
"14-Sep-2026 12:32:29","2.48","4.1","13.95","On","13.00557,77.635228",
"14-Sep-2026 12:32:59","0.85","4.11","13.95","On","13.00562,77.635251",
"14-Sep-2026 12:33:29","0.58","4.1","13.98","On","13.005629,77.635253",
"14-Sep-2026 12:33:59","0.75","4.11","13.98","On","13.005639,77.635264",
"14-Sep-2026 12:34:29","1.14","4.1","14","On","13.005613,77.635261",
"14-Sep-2026 12:34:59","0.63","4.11","13.98","On","13.005615,77.635267",
"14-Sep-2026 12:35:29","1.05","4.1","13.98","On","13.005615,77.635271",
"14-Sep-2026 12:35:59","1.89","4.1","13.95","On","13.00561,77.635278",
"14-Sep-2026 12:36:29","2.23","4.11","13.98","On","13.005623,77.635305",
"14-Sep-2026 12:36:59","2.19","4.1","13.95","On","13.005624,77.635299",
"14-Sep-2026 12:37:29","2.08","4.11","13.98","On","13.005614,77.635281",
"14-Sep-2026 12:37:59","1.07","4.1","13.95","On","13.005605,77.635246",
"14-Sep-2026 12:38:29","0.36","4.1","13.95","On","13.005593,77.635244",
"14-Sep-2026 12:38:59","0.13","4.1","13.95","On","13.005603,77.635264",
"14-Sep-2026 12:39:29","5.1","4.1","13.95","On","13.005595,77.635276",
"14-Sep-2026 12:39:59","0.47","4.1","13.98","On","13.005627,77.635294",
"14-Sep-2026 12:40:29","1.87","4.1","13.98","On","13.005617,77.635254",
"14-Sep-2026 12:40:59","0.44","4.1","13.98","On","13.005601,77.63526",
"14-Sep-2026 12:41:29","0.41","4.1","13.98","On","13.005592,77.635262",
"14-Sep-2026 12:41:59","1.46","4.11","13.95","On","13.005612,77.635265",
"14-Sep-2026 12:42:29","1.29","4.1","13.98","On","13.005614,77.635252",
"14-Sep-2026 12:42:59","1.67","4.1","13.98","On","13.005648,77.635167",
"14-Sep-2026 12:43:29","1.61","4.11","13.98","On","13.005676,77.635163",
"14-Sep-2026 12:43:59","1.8","4.11","13.95","On","13.005675,77.635223",
"14-Sep-2026 12:44:29","2.06","4.1","13.95","On","13.005682,77.635235",
"14-Sep-2026 12:44:59","4.29","4.11","13.95","On","13.005663,77.635243",
"14-Sep-2026 12:45:29","3.5","4.11","13.93","On","13.005676,77.635247",
"14-Sep-2026 12:45:59","2.62","4.11","13.93","On","13.005738,77.635264",
"14-Sep-2026 12:46:29","4.33","4.11","13.95","On","13.005762,77.635322",
"14-Sep-2026 12:46:59","4.36","4.11","13.95","On","13.005852,77.635509",
"14-Sep-2026 12:47:29","8.56","4.11","13.95","On","13.005873,77.635718",
"14-Sep-2026 12:47:59","0.82","4.11","13.93","On","13.005871,77.635835",
"14-Sep-2026 12:48:29","0.28","4.1","13.93","On","13.005874,77.635851",
"14-Sep-2026 12:48:59","0.32","4.1","13.93","On","13.005884,77.635853",
"14-Sep-2026 12:49:29","0.66","4.1","13.95","On","13.005888,77.635826",
"14-Sep-2026 12:49:59","0.88","4.11","13.98","On","13.00589,77.635825",
"14-Sep-2026 12:50:29","0.35","4.11","13.95","On","13.005884,77.635835",
"14-Sep-2026 12:50:59","0.3","4.11","13.95","On","13.005881,77.63584",
"14-Sep-2026 12:51:29","15.02","4.11","13.95","On","13.005859,77.635987",
"14-Sep-2026 12:51:37","12.04","4.11","13.95","On","13.005804,77.636134",
"14-Sep-2026 12:51:59","10.84","4.1","13.95","On","13.004868,77.636121",
"14-Sep-2026 12:52:02","6.6","4.1","13.95","On","13.004779,77.636156",
"14-Sep-2026 12:52:07","14.89","4.1","13.95","On","13.004763,77.636253",
"14-Sep-2026 12:52:27","15.97","4.1","13.95","On","13.004934,77.637209",
"14-Sep-2026 12:52:29","17.91","4.11","13.95","On","13.005038,77.637294",
"14-Sep-2026 12:52:59","15.9","4.1","13.95","On","13.005751,77.638456",
"14-Sep-2026 12:53:29","36.71","4.11","13.98","On","13.006885,77.639983",
"14-Sep-2026 12:53:42","13.53","4.11","13.98","On","13.007383,77.640663",
"14-Sep-2026 12:53:47","28.62","4.11","13.98","On","13.007218,77.640766",
"14-Sep-2026 12:53:59","18.59","4.1","13.95","On","13.00617,77.640966",
"14-Sep-2026 12:54:02","16.94","4.1","13.95","On","13.006086,77.640883",
"14-Sep-2026 12:54:29","25.56","4.1","13.93","On","13.005414,77.638519",
"14-Sep-2026 12:54:42","6.14","4.1","13.93","On","13.005422,77.638023",
"14-Sep-2026 12:54:59","13.68","4.11","13.95","On","13.005197,77.637603",
"14-Sep-2026 12:55:29","18.08","4.11","13.95","On","13.004143,77.636567",
"14-Sep-2026 12:55:37","20.65","4.11","13.95","On","13.003924,77.636445",
"14-Sep-2026 12:55:42","27.1","4.11","13.95","On","13.003768,77.636627",
"14-Sep-2026 12:55:59","37.18","4.1","13.93","On","13.00315,77.637779",
"14-Sep-2026 12:56:12","37.54","4.1","13.93","On","13.002232,77.638769",
"14-Sep-2026 12:56:29","35.09","4.1","13.95","On","13.000911,77.639638",
"14-Sep-2026 12:56:59","17.58","4.11","13.95","On","12.999396,77.640476",
"14-Sep-2026 12:57:29","31.07","4.11","13.95","On","12.997449,77.641701",
"14-Sep-2026 12:57:59","26.62","4.1","13.95","On","12.996067,77.64255",
"14-Sep-2026 12:58:02","21.19","4.1","13.95","On","12.995889,77.64268",
"14-Sep-2026 12:58:12","16.93","4.1","13.95","On","12.995641,77.643108",
"14-Sep-2026 12:58:27","18.34","4.1","13.95","On","12.99537,77.643577",
"14-Sep-2026 12:58:29","17.58","4.11","13.95","On","12.995194,77.64366",
"14-Sep-2026 12:58:52","45.01","4.11","13.95","On","12.993887,77.644194",
"14-Sep-2026 12:58:59","49.22","4.11","13.98","On","12.992797,77.644049",
"14-Sep-2026 12:59:29","27.66","4.11","13.95","On","12.989512,77.643199",
"14-Sep-2026 12:59:59","15.68","4.11","13.93","On","12.987234,77.642895",
"14-Sep-2026 13:00:29","20.19","4.11","13.95","On","12.985025,77.642494",
"14-Sep-2026 13:00:33","1.99","4.11","13.95","On","12.984938,77.642514",
"14-Sep-2026 13:00:43","15.76","4.11","13.95","On","12.984855,77.642669",
"14-Sep-2026 13:00:59","37.86","4.11","13.95","On","12.985486,77.644237",
"14-Sep-2026 13:01:29","0.51","4.11","13.98","On","12.985713,77.644707",
"14-Sep-2026 13:01:59","0.14","4.11","13.98","On","12.985718,77.644705",
"14-Sep-2026 13:02:29","0.1","4.11","13.98","On","12.985723,77.64472",
"14-Sep-2026 13:02:59","12.88","4.11","13.98","On","12.985795,77.644902",
"14-Sep-2026 13:03:08","19.02","4.11","13.98","On","12.985705,77.645128",
"14-Sep-2026 13:03:29","37.34","4.11","13.98","On","12.983712,77.645577",
"14-Sep-2026 13:03:59","35.95","4.1","13.98","On","12.981291,77.646079",
"14-Sep-2026 13:04:29","23.81","4.11","13.98","On","12.978804,77.646672",
"14-Sep-2026 13:04:33","38.55","4.11","13.98","On","12.978505,77.646693",
"14-Sep-2026 13:04:59","45.42","4.11","13.98","On","12.975233,77.646858",
"14-Sep-2026 13:05:29","32.04","4.11","13.95","On","12.972441,77.647099",
"14-Sep-2026 13:05:59","15.4","4.11","13.98","On","12.970649,77.647469",
"14-Sep-2026 13:06:18","12.31","4.11","13.98","On","12.969284,77.647782",
"14-Sep-2026 13:06:29","1.96","4.11","13.95","On","12.969166,77.647809",
"14-Sep-2026 13:06:53","35.06","4.11","13.95","On","12.968367,77.647477",
"14-Sep-2026 13:06:59","11.83","4.1","13.93","On","12.968319,77.647278",
"14-Sep-2026 13:07:03","8.27","4.1","13.93","On","12.968293,77.647013",
"14-Sep-2026 13:07:28","12.84","4.1","13.93","On","12.968128,77.645685",
"14-Sep-2026 13:07:29","20","4.1","13.95","On","12.967966,77.645696",
"14-Sep-2026 13:07:38","12.92","4.1","13.95","On","12.967658,77.645656",
"14-Sep-2026 13:07:59","29.62","4.1","13.95","On","12.967546,77.644554",
"14-Sep-2026 13:08:08","17.4","4.1","13.95","On","12.967519,77.643915",
"14-Sep-2026 13:08:29","8.97","4.1","13.95","On","12.967476,77.642693",
"14-Sep-2026 13:08:33","20.56","4.1","13.95","On","12.967476,77.642347",
"14-Sep-2026 13:08:53","12.28","4.1","13.95","On","12.967333,77.641505",
"14-Sep-2026 13:08:59","15.64","4.11","13.98","On","12.967156,77.641535",
"14-Sep-2026 13:09:29","37.96","4.1","13.95","On","12.965643,77.641625",
"14-Sep-2026 13:09:59","33.29","4.11","13.95","On","12.963044,77.641739",
"14-Sep-2026 13:10:29","32.75","4.11","13.95","On","12.960466,77.641788",
"14-Sep-2026 13:10:59","38.29","4.11","13.95","On","12.957898,77.641439",
"14-Sep-2026 13:11:29","31.48","4.1","13.98","On","12.955887,77.64149",
"14-Sep-2026 13:11:53","33.65","4.1","13.98","On","12.953939,77.641216",
"14-Sep-2026 13:11:59","44.03","4.11","13.95","On","12.953217,77.640835",
"14-Sep-2026 13:12:29","38.69","4.11","13.95","On","12.951115,77.63963",
"14-Sep-2026 13:12:38","38.42","4.11","13.95","On","12.950003,77.639306",
"14-Sep-2026 13:12:48","48.71","4.11","13.95","On","12.949269,77.639771",
"14-Sep-2026 13:12:59","53.4","4.11","13.95","On","12.948206,77.640822",
"14-Sep-2026 13:13:03","56.22","4.11","13.95","On","12.947656,77.640953",
"14-Sep-2026 13:13:08","48.48","4.11","13.95","On","12.94714,77.64085",
"14-Sep-2026 13:13:29","41.14","4.11","13.95","On","12.945501,77.639847",
"14-Sep-2026 13:13:59","59.34","4.11","13.98","On","12.942013,77.637706",
"14-Sep-2026 13:14:23","49.14","4.11","13.98","On","12.939122,77.635658",
"14-Sep-2026 13:14:29","47.12","4.1","13.95","On","12.938859,77.635295",
"14-Sep-2026 13:14:38","37.06","4.1","13.95","On","12.93841,77.634197",
"14-Sep-2026 13:14:59","42.57","4.1","13.95","On","12.938458,77.632406",
"14-Sep-2026 13:15:29","30.9","4.1","13.93","On","12.938287,77.62946",
"14-Sep-2026 13:15:48","39.18","4.1","13.93","On","12.937896,77.628153",
"14-Sep-2026 13:15:59","14.99","4.11","13.93","On","12.937542,77.627531",
"14-Sep-2026 13:16:29","0.66","4.1","13.98","On","12.937386,77.62742",
"14-Sep-2026 13:16:59","0.38","4.1","13.98","On","12.937389,77.627413",
"14-Sep-2026 13:17:23","3.92","4.1","13.98","On","12.937389,77.627387",
"14-Sep-2026 13:17:29","6.67","4.11","13.95","On","12.937337,77.627304",
"14-Sep-2026 13:17:33","16.24","4.11","13.95","On","12.937265,77.627223",
"14-Sep-2026 13:17:59","28.41","4.11","13.98","On","12.936006,77.625691",
"14-Sep-2026 13:18:13","6.18","4.11","13.98","On","12.935622,77.624994",
"14-Sep-2026 13:18:29","2.86","4.11","13.95","On","12.93548,77.624932",
"14-Sep-2026 13:18:48","15.5","4.11","13.95","On","12.935139,77.624788",
"14-Sep-2026 13:18:59","22.56","4.1","13.98","On","12.934796,77.625295",
"14-Sep-2026 13:19:29","35.68","4.1","13.95","On","12.933694,77.626927",
"14-Sep-2026 13:19:33","27.29","4.1","13.95","On","12.93344,77.627173",
"14-Sep-2026 13:19:59","31.19","4.11","13.98","On","12.931546,77.628663",
"14-Sep-2026 13:20:29","8.01","4.11","13.98","On","12.930532,77.629067",
"14-Sep-2026 13:20:33","6.17","4.11","13.98","On","12.930414,77.629107",
"14-Sep-2026 13:20:59","20.67","4.11","13.98","On","12.929544,77.629184",
"14-Sep-2026 13:21:29","4.61","4.11","13.98","On","12.928518,77.629071",
"14-Sep-2026 13:21:38","16.4","4.11","13.98","On","12.928256,77.629028",
"14-Sep-2026 13:21:59","25.4","4.11","13.98","On","12.926797,77.628817",
"14-Sep-2026 13:22:29","5.2","4.11","14","On","12.925562,77.628633",
"14-Sep-2026 13:22:59","0.42","4.11","13.95","On","12.925336,77.628593",
"14-Sep-2026 13:23:29","4.36","4.11","13.93","On","12.925254,77.628589",
"14-Sep-2026 13:23:53","13.24","4.11","13.93","On","12.924676,77.628413",
"14-Sep-2026 13:23:58","20.78","4.11","13.93","On","12.924558,77.628573",
"14-Sep-2026 13:23:59","23.65","4.11","13.93","On","12.924385,77.628734",
"14-Sep-2026 13:24:03","20.25","4.11","13.93","On","12.924127,77.628764",
"14-Sep-2026 13:24:08","18.44","4.11","13.93","On","12.923986,77.62861",
"14-Sep-2026 13:24:29","41.33","4.11","13.95","On","12.923488,77.626411",
"14-Sep-2026 13:24:59","51.55","4.11","13.95","On","12.922685,77.623178",
"14-Sep-2026 13:25:29","8.51","4.11","13.93","On","12.921134,77.620529",
"14-Sep-2026 13:25:33","9.6","4.11","13.93","On","12.921058,77.62046",
"14-Sep-2026 13:25:38","19.29","4.11","13.93","On","12.920901,77.620483",
"14-Sep-2026 13:25:59","43.55","4.11","13.95","On","12.919341,77.621442",
"14-Sep-2026 13:26:29","41.43","4.11","13.93","On","12.916575,77.623197",
"14-Sep-2026 13:26:59","51.24","4.11","13.95","On","12.913625,77.624925",
"14-Sep-2026 13:27:29","35.83","4.11","13.93","On","12.911333,77.626362",
"14-Sep-2026 13:27:59","38.38","4.1","13.95","On","12.90919,77.627738",
"14-Sep-2026 13:28:29","0.08","4.11","13.93","On","12.907382,77.628892",
"14-Sep-2026 13:28:59","49.34","4.11","13.95","On","12.906541,77.629333",
"14-Sep-2026 13:29:29","29.6","4.11","13.95","On","12.903068,77.631447",
"14-Sep-2026 13:29:59","59.48","4.11","13.95","On","12.899914,77.63339",
"14-Sep-2026 13:30:29","59.33","4.11","13.95","On","12.895867,77.635965",
"14-Sep-2026 13:30:59","36.63","4.11","13.95","On","12.893069,77.637602",
"14-Sep-2026 13:31:29","57.35","4.11","13.95","On","12.890078,77.639512",
"14-Sep-2026 13:31:59","59.77","4.11","13.95","On","12.887142,77.641217",
"14-Sep-2026 13:32:29","52.49","4.11","13.95","On","12.883275,77.643688",
"14-Sep-2026 13:32:59","51.07","4.11","13.93","On","12.879914,77.645738",
"14-Sep-2026 13:33:29","50.37","4.11","13.93","On","12.87753,77.647199",
"14-Sep-2026 13:33:59","51.83","4.1","13.93","On","12.874821,77.649462",
"14-Sep-2026 13:34:29","57.64","4.11","13.93","On","12.871201,77.652444",
"14-Sep-2026 13:34:59","0.35","4.11","13.95","On","12.870282,77.653165",
"14-Sep-2026 13:35:29","10.31","4.11","13.93","On","12.870244,77.653221",
"14-Sep-2026 13:35:59","49.35","4.11","13.95","On","12.869002,77.654227",
"14-Sep-2026 13:36:29","54.1","4.1","13.93","On","12.866027,77.65655",
"14-Sep-2026 13:36:59","59.38","4.11","13.93","On","12.862708,77.65917",
"14-Sep-2026 13:37:29","59.66","4.11","13.93","On","12.859434,77.661784",
"14-Sep-2026 13:37:59","30.18","4.11","13.93","On","12.856509,77.664124",
"14-Sep-2026 13:38:29","54.28","4.11","13.93","On","12.854244,77.665821",
"14-Sep-2026 13:38:59","57.98","4.11","13.95","On","12.850667,77.668734",
"14-Sep-2026 13:39:29","38.16","4.11","13.91","On","12.847772,77.671098",
"14-Sep-2026 13:39:43","29.53","4.11","13.91","On","12.84674,77.672055",
"14-Sep-2026 13:39:59","34.8","4.11","13.93","On","12.845986,77.672592",
"14-Sep-2026 13:40:29","13.45","4.11","13.91","On","12.84391,77.67423",
"14-Sep-2026 13:40:59","24.3","4.11","13.91","On","12.84204,77.675742",
"14-Sep-2026 13:41:23","8.85","4.11","13.91","On","12.841731,77.675973",
"14-Sep-2026 13:41:29","6.82","4.11","13.91","On","12.841657,77.676017",
"14-Sep-2026 13:41:59","28.17","4.11","13.91","On","12.840385,77.676922",
"14-Sep-2026 13:42:29","34.13","4.11","13.95","On","12.838749,77.678174",
"14-Sep-2026 13:42:59","31.98","4.11","13.88","On","12.83731,77.678865",
"14-Sep-2026 13:43:29","58.17","4.11","13.93","On","12.833954,77.680121",
"14-Sep-2026 13:43:59","58.38","4.11","13.93","On","12.82938,77.681562",
"14-Sep-2026 13:44:29","51.6","4.11","13.95","On","12.825775,77.683141",
"14-Sep-2026 13:44:53","25.82","4.11","13.95","On","12.823244,77.685226",
"14-Sep-2026 13:44:59","29.48","4.11","13.95","On","12.823064,77.685449",
"14-Sep-2026 13:45:29","42.5","4.11","13.95","On","12.820992,77.687419",
"14-Sep-2026 13:45:53","17.12","4.11","13.95","On","12.818946,77.689222",
"14-Sep-2026 13:45:58","9.62","4.11","13.95","On","12.818877,77.689107",
"14-Sep-2026 13:45:59","9.62","4.11","13.91","On","12.818877,77.689107",
"14-Sep-2026 13:46:29","35.65","4.11","13.93","On","12.817744,77.687818",
"14-Sep-2026 13:46:59","32.32","4.11","13.98","On","12.815525,77.685339",
"14-Sep-2026 13:47:29","23.3","4.11","13.95","On","12.814519,77.68423",
"14-Sep-2026 13:47:58","13.67","4.11","13.95","On","12.814224,77.683991",
"14-Sep-2026 13:47:59","13.67","4.11","13.95","On","12.814224,77.683991",
"14-Sep-2026 13:48:03","9.14","4.11","13.95","On","12.814111,77.684063",
"14-Sep-2026 13:48:29","17.9","4.11","13.95","On","12.81308,77.684946",
"14-Sep-2026 13:48:53","27","4.11","13.95","On","12.811902,77.686092",
"14-Sep-2026 13:48:58","19.24","4.11","13.95","On","12.811721,77.686334",
"14-Sep-2026 13:48:59","19.24","4.11","13.98","On","12.811721,77.686334",
"14-Sep-2026 13:49:29","5.87","4.11","13.98","On","12.810404,77.687512",
"14-Sep-2026 13:49:43","29.77","4.11","13.98","On","12.809723,77.687862",
"14-Sep-2026 13:49:58","25.37","4.11","13.98","On","12.808884,77.687662",
"14-Sep-2026 13:49:59","25.37","4.11","13.95","On","12.808884,77.687662",
"14-Sep-2026 13:50:29","21.2","4.11","13.95","On","12.807491,77.688857",
"14-Sep-2026 13:50:58","9.03","4.11","13.95","On","12.805815,77.68963",
"14-Sep-2026 13:50:59","9.03","4.11","13.95","On","12.805815,77.68963",
"14-Sep-2026 13:51:13","11.12","4.11","13.95","On","12.805716,77.689572",
"14-Sep-2026 13:51:18","9.98","4.11","13.95","On","12.805837,77.689689",
"14-Sep-2026 13:51:23","13.21","4.11","13.95","On","12.805807,77.689791",
"14-Sep-2026 13:51:29","22.85","4.11","13.93","On","12.805713,77.689945",
"14-Sep-2026 13:51:58","30.59","4.11","13.93","On","12.804897,77.691041",
"14-Sep-2026 13:51:59","32.01","4.11","13.95","On","12.804577,77.691064",
"14-Sep-2026 13:52:03","27.1","4.11","13.95","On","12.804301,77.691188",
"14-Sep-2026 13:52:13","19.47","4.11","13.95","On","12.80387,77.691468",
"14-Sep-2026 13:52:23","21.44","4.11","13.95","On","12.803571,77.692082",
"14-Sep-2026 13:52:29","13.03","4.11","13.95","On","12.803541,77.692204",
"14-Sep-2026 13:52:33","12.21","4.11","13.95","On","12.803498,77.692337",
"14-Sep-2026 13:52:38","14.43","4.11","13.95","On","12.803384,77.692357",
"14-Sep-2026 13:52:59","12.41","4.11","13.98","On","12.802754,77.692259",
"14-Sep-2026 13:53:29","5.61","4.11","13.93","On","12.802176,77.692154",
"14-Sep-2026 13:53:59","0.5","4.11","13.98","On","12.802119,77.692151",
"14-Sep-2026 13:54:29","0.7","4.11","13.98","On","12.802117,77.692158",
"14-Sep-2026 13:54:59","0.13","4.11","13.98","On","12.802128,77.692151",
"14-Sep-2026 13:55:29","0.39","4.1","13.95","On","12.802121,77.692139",
"14-Sep-2026 13:55:48","2.29","4.1","13.95","On","12.802003,77.6921",
"14-Sep-2026 13:55:59","2.69","4.11","13.93","On","12.802032,77.692088",
"14-Sep-2026 13:56:29","7.45","4.11","13.98","On","12.802336,77.692148",
"14-Sep-2026 13:56:59","7.46","4.11","13.95","On","12.8028,77.692219",
"14-Sep-2026 13:57:29","0.37","4.11","14","On","12.803003,77.692261",
"14-Sep-2026 13:57:59","0.33","4.11","13.98","On","12.803014,77.692287",
"14-Sep-2026 13:58:29","0.24","4.11","14","On","12.803004,77.692286",
"14-Sep-2026 13:58:59","0.06","4.1","13.98","On","12.803014,77.692299",
"14-Sep-2026 13:59:29","5.74","4.11","13.95","On","12.80322,77.692348",
"14-Sep-2026 13:59:53","10.26","4.11","13.95","On","12.803569,77.69227",
"14-Sep-2026 13:59:58","10.73","4.11","13.95","On","12.803674,77.692272",
"14-Sep-2026 13:59:59","10.73","4.1","13.95","On","12.803674,77.692272",
"14-Sep-2026 14:00:03","8.83","4.1","13.95","On","12.803834,77.692267",
"14-Sep-2026 14:00:13","13.37","4.1","13.95","On","12.804113,77.692273",
"14-Sep-2026 14:00:18","15.64","4.1","13.95","On","12.80426,77.692276",
"14-Sep-2026 14:00:23","9.54","4.1","13.95","On","12.80458,77.692279",
"14-Sep-2026 14:00:28","15.26","4.1","13.95","On","12.804711,77.692278",
"14-Sep-2026 14:00:29","15.26","4.11","13.93","On","12.804711,77.692278",
"14-Sep-2026 14:00:38","28.29","4.11","13.93","On","12.805083,77.692281",
"14-Sep-2026 14:00:58","14.63","4.11","13.93","On","12.806555,77.692497",
"14-Sep-2026 14:00:59","14.63","4.11","13.95","On","12.806555,77.692497",
"14-Sep-2026 14:01:29","17.95","4.11","13.95","On","12.80808,77.69313",
"14-Sep-2026 14:01:53","19.56","4.11","13.95","On","12.808836,77.693642",
"14-Sep-2026 14:01:59","20.9","4.11","13.98","On","12.808984,77.693794",
"14-Sep-2026 14:02:29","15.07","4.11","13.98","On","12.810066,77.694856",
"14-Sep-2026 14:02:48","22.14","4.11","13.98","On","12.810266,77.695325",
"14-Sep-2026 14:02:59","31.1","4.11","13.95","On","12.809985,77.695599",
"14-Sep-2026 14:03:29","6.11","4.11","13.95","On","12.808882,77.696879",
"14-Sep-2026 14:03:59","5.49","4.1","13.95","On","12.80869,77.697076",
"14-Sep-2026 14:04:29","0.34","4.11","13.98","On","12.8085,77.697224",
"14-Sep-2026 14:04:59","15.95","4.11","13.98","On","12.808063,77.6976",
"14-Sep-2026 14:05:29","18.44","4.11","13.95","On","12.80724,77.698232",
"14-Sep-2026 14:05:59","13.34","4.11","13.98","On","12.806194,77.699042",
"14-Sep-2026 14:06:29","45.54","4.11","13.98","On","12.803982,77.700822",
"14-Sep-2026 14:06:48","47.82","4.11","13.98","On","12.80269,77.702719",
"14-Sep-2026 14:06:59","27.27","4.11","13.95","On","12.802446,77.703509",
"14-Sep-2026 14:07:29","2.7","4.11","13.95","On","12.802161,77.704736",
"14-Sep-2026 14:07:48","9.45","4.11","13.95","On","12.802089,77.704989",
"14-Sep-2026 14:07:53","20.23","4.11","13.95","On","12.801935,77.705026",
"14-Sep-2026 14:07:59","20.77","4.11","13.95","On","12.801746,77.705065",
"14-Sep-2026 14:08:29","39.82","4.11","13.98","On","12.799931,77.705615",
"14-Sep-2026 14:08:59","24.76","4.11","13.98","On","12.797765,77.7063",
"14-Sep-2026 14:09:29","24.53","4.11","13.98","On","12.796071,77.706655",
"14-Sep-2026 14:09:48","34.43","4.11","13.98","On","12.794802,77.706573",
"14-Sep-2026 14:09:59","36.37","4.11","13.98","On","12.793741,77.706343",
"14-Sep-2026 14:10:23","16.54","4.11","13.98","On","12.79251,77.705994",
"14-Sep-2026 14:10:29","44.37","4.11","13.95","On","12.792492,77.705396",
"14-Sep-2026 14:10:59","50.76","4.11","13.98","On","12.792545,77.702541",
"14-Sep-2026 14:11:13","28.82","4.11","13.98","On","12.792345,77.701679",
"14-Sep-2026 14:11:29","32.53","4.11","13.95","On","12.791652,77.701642",
"14-Sep-2026 14:11:59","42.43","4.11","13.93","On","12.789415,77.701564",
"14-Sep-2026 14:12:29","11.71","4.11","13.95","On","12.786827,77.701487",
"14-Sep-2026 14:12:53","31.43","4.11","13.95","On","12.785586,77.701169",
"14-Sep-2026 14:12:59","50.01","4.11","13.98","On","12.785558,77.700737",
"14-Sep-2026 14:13:13","15.81","4.11","13.98","On","12.785596,77.699534",
"14-Sep-2026 14:13:23","10.03","4.11","13.98","On","12.785849,77.699488",
"14-Sep-2026 14:13:28","0.52","4.11","13.98","On","12.785838,77.699431",
"14-Sep-2026 14:13:29","0.52","4.11","13.93","On","12.785838,77.699431",
"14-Sep-2026 14:13:59","0.46","4.1","13.69","Off","12.785944,77.699559",
"14-Sep-2026 14:14:29","0.01","4.11","13.52","Off","12.785954,77.699576",
"14-Sep-2026 14:14:59","0.18","4.11","13.5","Off","12.785955,77.699591",
"14-Sep-2026 14:15:05","0.18","4.11","13.5","Off","12.785955,77.699591",
"14-Sep-2026 14:15:59","0.31","4.11","13.5","Off","12.785951,77.69959",
"14-Sep-2026 14:16:59","0.22","4.11","13.45","Off","12.785956,77.699588",
"14-Sep-2026 14:17:59","0.29","4.1","13.42","Off","12.785972,77.69957",
"14-Sep-2026 14:18:59","0.37","4.11","13.4","Off","12.785979,77.699562",
"14-Sep-2026 14:19:05","0.37","4.11","13.38","Off","12.785979,77.699562",
"14-Sep-2026 14:39:40","0.37","4.11","13.21","On","12.785979,77.699562",
"14-Sep-2026 14:39:40","0.37","4.11","13.21","On","12.785979,77.699562",
"14-Sep-2026 14:39:40","0.24","4.11","13.21","On","12.785979,77.699561",
"14-Sep-2026 14:39:59","0.24","4.11","13.64","On","12.785979,77.699561",
"14-Sep-2026 14:40:29","0.69","4.11","13.88","On","12.785939,77.699517",
"14-Sep-2026 14:40:59","1.26","4.11","13.91","On","12.785958,77.699515",
"14-Sep-2026 14:41:29","2.91","4.11","13.88","On","12.786028,77.699505",
"14-Sep-2026 14:41:59","0.51","4.11","13.93","On","12.786024,77.699504",
"14-Sep-2026 14:42:29","0.42","4.11","13.74","Off","12.786034,77.699485",
"14-Sep-2026 14:42:59","2.11","4.11","13.59","Off","12.786029,77.699484",
"14-Sep-2026 14:43:29","1.66","4.11","13.54","Off","12.786028,77.699524",
"14-Sep-2026 14:43:59","1.68","4.11","13.52","Off","12.786022,77.699528",
"14-Sep-2026 14:44:29","0.67","4.11","13.47","Off","12.78602,77.699546",
"14-Sep-2026 14:44:43","0.67","4.11","13.47","Off","12.78602,77.699546",
"14-Sep-2026 14:45:29","0.16","4.11","13.45","Off","12.786024,77.699538",
"14-Sep-2026 14:45:59","0.57","4.11","13.42","Off","12.786027,77.699537",
"14-Sep-2026 14:46:59","0.61","4.11","13.4","Off","12.786027,77.699528",
"14-Sep-2026 14:47:59","0.46","4.11","13.35","Off","12.786028,77.699556",
"14-Sep-2026 14:48:43","0.46","4.11","13.35","Off","12.786028,77.699556",
"14-Sep-2026 15:20:49","0.46","4.11","12.99","Off","12.786028,77.699556",
"14-Sep-2026 15:20:49","0.3","4.11","12.99","Off","12.786027,77.69955",
"14-Sep-2026 15:20:51","0.3","4.11","12.99","Off","12.786027,77.69955",
"14-Sep-2026 15:20:51","0.3","4.11","12.99","Off","12.786027,77.69955",
"14-Sep-2026 15:20:59","0.3","4.11","12.99","Off","12.786027,77.69955",
"14-Sep-2026 15:21:29","1.04","4.11","12.92","Off","12.786009,77.699765",
"14-Sep-2026 15:21:51","1.04","4.11","12.89","Off","12.786009,77.699765",
"14-Sep-2026 15:22:29","1.11","4.11","12.92","Off","12.786039,77.69969",
"14-Sep-2026 15:22:59","0.21","4.11","12.89","Off","12.786046,77.699658",
"14-Sep-2026 15:23:59","0.41","4.11","12.89","Off","12.786042,77.699643",
"14-Sep-2026 15:24:59","0.4","4.11","12.89","Off","12.78603,77.699575",
"14-Sep-2026 15:25:51","0.4","4.11","12.87","Off","12.78603,77.699575",
"14-Sep-2026 16:09:19","0.4","4.11","12.94","Off","12.78603,77.699575",
"14-Sep-2026 16:09:19","0.29","4.11","12.94","Off","12.786024,77.699543",
"14-Sep-2026 16:09:59","0.15","4.11","12.89","Off","12.785966,77.699522",
"14-Sep-2026 16:10:59","0.6","4.11","12.87","Off","12.786015,77.699519",
"14-Sep-2026 16:11:59","0.24","4.11","12.87","Off","12.786024,77.699506",
"14-Sep-2026 16:12:39","0.24","4.11","12.85","On","12.786024,77.699506",
"14-Sep-2026 16:12:39","0.09","4.11","12.85","On","12.786027,77.699503",
"14-Sep-2026 16:12:59","0.34","4.11","13.59","On","12.786027,77.699505",
"14-Sep-2026 16:13:29","0.75","4.11","13.93","On","12.786027,77.699504",
"14-Sep-2026 16:13:59","1.07","4.11","13.95","On","12.786005,77.699506",
"14-Sep-2026 16:14:29","0.4","4.11","13.98","On","12.786002,77.6995",
"14-Sep-2026 16:14:59","0.24","4.11","13.98","On","12.786003,77.699501",
"14-Sep-2026 16:15:20","10.87","4.11","13.98","On","12.785703,77.699528",
"14-Sep-2026 16:15:29","11.39","4.11","13.98","On","12.785516,77.699521",
"14-Sep-2026 16:15:30","11.39","4.11","13.98","On","12.785516,77.699521",
"14-Sep-2026 16:15:35","22.75","4.11","13.98","On","12.785483,77.699128",
"14-Sep-2026 16:15:59","5.22","4.11","13.98","On","12.785427,77.697573",
"14-Sep-2026 16:16:29","5.93","4.11","13.95","On","12.785368,77.697102",
"14-Sep-2026 16:16:50","0.79","4.11","13.95","On","12.785367,77.696822",
"14-Sep-2026 16:16:59","0.9","4.11","13.95","On","12.785365,77.696814",
"14-Sep-2026 16:17:10","39.74","4.11","13.95","On","12.785379,77.696465",
"14-Sep-2026 16:17:15","5.59","4.11","13.95","On","12.785349,77.696159",
"14-Sep-2026 16:17:29","1.28","4.11","13.88","Off","12.785338,77.696078",
"14-Sep-2026 16:17:59","0.9","4.11","13.69","Off","12.785359,77.696059",
"14-Sep-2026 16:18:29","0.16","4.11","13.64","Off","12.785355,77.696048",
"14-Sep-2026 16:18:52","0.16","4.11","13.57","Off","12.785355,77.696048",
"14-Sep-2026 16:19:14","0.16","4.11","13.57","On","12.785355,77.696048",
"14-Sep-2026 16:19:14","0.32","4.11","13.57","On","12.785352,77.696058",
"14-Sep-2026 16:19:29","12.77","4.11","13.76","On","12.785335,77.695912",
"14-Sep-2026 16:19:30","12.77","4.11","13.76","On","12.785335,77.695912",
"14-Sep-2026 16:19:59","2.43","4.11","13.95","On","12.78521,77.695296",
"14-Sep-2026 16:20:29","7.04","4.11","13.95","On","12.785217,77.695027",
"14-Sep-2026 16:20:40","10.29","4.11","13.95","On","12.785298,77.694614",
"14-Sep-2026 16:20:59","9.11","4.11","13.95","On","12.785435,77.69426",
"14-Sep-2026 16:21:00","12.29","4.11","13.95","On","12.785498,77.694145",
"14-Sep-2026 16:21:25","7.92","4.11","13.95","On","12.785953,77.693375",
"14-Sep-2026 16:21:29","7.14","4.11","13.95","On","12.785896,77.693357",
"14-Sep-2026 16:21:45","14.52","4.11","13.95","On","12.785627,77.693488",
"14-Sep-2026 16:21:59","35.33","4.11","13.98","On","12.784637,77.693898",
"14-Sep-2026 16:22:05","29.23","4.11","13.98","On","12.784107,77.693959",
"14-Sep-2026 16:22:29","20.24","4.11","13.98","On","12.781755,77.694341",
"14-Sep-2026 16:22:50","12.05","4.11","13.98","On","12.781085,77.694349",
"14-Sep-2026 16:22:59","50.24","4.11","13.95","On","12.780944,77.693674",
"14-Sep-2026 16:23:29","19.65","4.11","13.95","On","12.780192,77.68963",
"14-Sep-2026 16:23:35","20.85","4.11","13.95","On","12.780054,77.689545",
"14-Sep-2026 16:23:45","20.82","4.11","13.95","On","12.779625,77.689454",
"14-Sep-2026 16:23:59","50.17","4.11","13.93","On","12.77957,77.688125",
"14-Sep-2026 16:24:15","11.02","4.11","13.93","On","12.779532,77.687239",
"14-Sep-2026 16:24:20","13.53","4.11","13.93","On","12.77961,77.687244",
"14-Sep-2026 16:24:25","34.26","4.11","13.93","On","12.779613,77.687459",
"14-Sep-2026 16:24:29","44.34","4.11","13.95","On","12.779625,77.687852",
"14-Sep-2026 16:24:59","46.62","4.1","13.95","On","12.77976,77.689962",
"14-Sep-2026 16:25:29","30.15","4.11","13.98","On","12.780171,77.694386",
"14-Sep-2026 16:25:35","15.49","4.11","13.98","On","12.780238,77.694568",
"14-Sep-2026 16:25:40","4.46","4.11","13.98","On","12.780386,77.694551",
"14-Sep-2026 16:25:59","21.43","4.11","13.98","On","12.781208,77.694378",
"14-Sep-2026 16:26:29","14.21","4.1","13.95","On","12.7824,77.694205",
"14-Sep-2026 16:26:59","4.14","4.11","13.98","On","12.784229,77.693909",
"14-Sep-2026 16:27:20","20.49","4.11","13.98","On","12.785953,77.693264",
"14-Sep-2026 16:27:29","5.94","4.11","13.95","On","12.786065,77.693174",
"14-Sep-2026 16:27:40","9.31","4.11","13.95","On","12.786053,77.693208",
"14-Sep-2026 16:27:59","4.1","4.11","13.91","On","12.786087,77.693181",
"14-Sep-2026 16:28:29","3.84","4.11","13.91","On","12.785974,77.693288",
"14-Sep-2026 16:28:45","12.91","4.11","13.91","On","12.785992,77.693345",
"14-Sep-2026 16:28:50","15.64","4.11","13.91","On","12.785986,77.6935",
"14-Sep-2026 16:28:55","9.93","4.11","13.91","On","12.78594,77.693601",
"14-Sep-2026 16:28:59","3.98","4.1","13.95","On","12.785891,77.693671",
"14-Sep-2026 16:29:29","8.89","4.11","13.98","On","12.785419,77.694328",
"14-Sep-2026 16:29:59","6.01","4.11","14","On","12.785247,77.694743",
"14-Sep-2026 16:30:25","11.57","4.11","14","On","12.785228,77.695221",
"14-Sep-2026 16:30:29","11.79","4.11","13.98","On","12.785237,77.695314",
"14-Sep-2026 16:30:59","12.28","4.11","13.98","On","12.785393,77.696221",
"14-Sep-2026 16:31:29","7.52","4.11","13.98","On","12.78544,77.697698",
"14-Sep-2026 16:31:55","18.91","4.11","13.98","On","12.785507,77.699518",
"14-Sep-2026 16:31:59","11.22","4.11","13.95","On","12.785625,77.699514",
"14-Sep-2026 16:32:00","11.22","4.11","13.95","On","12.785625,77.699514",
"14-Sep-2026 16:32:05","12.16","4.11","13.95","On","12.785815,77.699517",
"14-Sep-2026 16:32:10","3.61","4.11","13.95","On","12.785861,77.699483",
"14-Sep-2026 16:32:29","5.92","4.11","13.93","On","12.785826,77.699494",
"14-Sep-2026 16:32:35","10.39","4.11","13.93","On","12.785933,77.699492",
"14-Sep-2026 16:32:40","1.92","4.11","13.93","On","12.785997,77.699487",
"14-Sep-2026 16:32:59","0.47","4.1","13.81","Off","12.786007,77.699499",
"14-Sep-2026 16:33:29","0.16","4.11","13.66","Off","12.786017,77.699504",
"14-Sep-2026 16:33:59","0.08","4.11","13.62","Off","12.78603,77.69951",
"14-Sep-2026 16:34:29","0.07","4.11","13.59","Off","12.786039,77.699516",
"14-Sep-2026 16:34:59","0.22","4.11","13.57","Off","12.786039,77.699522",
"14-Sep-2026 16:35:00","0.22","4.11","13.57","Off","12.786039,77.699522",
"14-Sep-2026 16:35:59","0.16","4.11","13.54","Off","12.786033,77.699528",
"14-Sep-2026 16:36:59","0.26","4.11","13.5","Off","12.786026,77.699534",
"14-Sep-2026 16:37:59","0.06","4.11","13.45","Off","12.786016,77.699555",
"14-Sep-2026 16:38:59","0.06","4.11","13.4","Off","12.786012,77.699556",
"14-Sep-2026 16:39:00","0.06","4.11","13.4","Off","12.786012,77.699556",
"14-Sep-2026 17:21:24","0.06","4.11","13.01","On","12.786012,77.699556",
"14-Sep-2026 17:21:24","0.06","4.11","13.01","On","12.786012,77.699556",
"14-Sep-2026 17:21:24","0.06","4.11","13.01","On","12.786012,77.699556",
"14-Sep-2026 17:21:29","0.06","4.11","13.11","On","12.786012,77.699556",
"14-Sep-2026 17:21:59","1.54","4.11","13.86","On","12.785971,77.699603",
"14-Sep-2026 17:22:29","0.47","4.11","13.95","On","12.786001,77.699509",
"14-Sep-2026 17:22:59","0.27","4.11","13.91","On","12.785993,77.699503",
"14-Sep-2026 17:23:29","3.7","4.11","13.98","On","12.785596,77.699525",
"14-Sep-2026 17:23:59","5.4","4.11","13.98","On","12.785479,77.6995",
"14-Sep-2026 17:24:00","10.85","4.11","13.98","On","12.785485,77.699415",
"14-Sep-2026 17:24:29","10.41","4.11","14","On","12.78544,77.69827",
"14-Sep-2026 17:24:59","10.19","4.11","13.98","On","12.785401,77.697554",
"14-Sep-2026 17:25:20","10.94","4.11","13.98","On","12.785375,77.696818",
"14-Sep-2026 17:25:25","17.24","4.11","13.98","On","12.785394,77.69666",
"14-Sep-2026 17:25:29","37.66","4.11","14","On","12.785369,77.696324",
"14-Sep-2026 17:25:55","0.74","4.11","14","On","12.785311,77.695847",
"14-Sep-2026 17:25:59","0.85","4.11","13.93","On","12.785309,77.695842",
"14-Sep-2026 17:26:15","10.93","4.11","13.93","On","12.785283,77.695643",
"14-Sep-2026 17:26:20","4.88","4.11","13.93","On","12.785207,77.69547",
"14-Sep-2026 17:26:29","9.44","4.11","13.95","On","12.7852,77.69537",
"14-Sep-2026 17:26:59","9.35","4.11","14","On","12.785234,77.694875",
"14-Sep-2026 17:27:29","5.85","4.11","14","On","12.785338,77.694426",
"14-Sep-2026 17:27:45","15.85","4.11","14","On","12.785475,77.694164",
"14-Sep-2026 17:27:59","4.21","4.1","13.98","On","12.785643,77.693927",
"14-Sep-2026 17:28:29","5.16","4.11","13.98","On","12.785912,77.693546",
"14-Sep-2026 17:28:35","5.16","4.11","13.98","On","12.785927,77.693489",
"14-Sep-2026 17:28:59","12.99","4.11","13.98","On","12.785778,77.693395",
"14-Sep-2026 17:29:00","12.99","4.11","13.98","On","12.785778,77.693395",
"14-Sep-2026 17:29:20","23.74","4.11","13.98","On","12.784731,77.693844",
"14-Sep-2026 17:29:29","8.15","4.11","13.98","On","12.784305,77.69393",
"14-Sep-2026 17:29:59","5.84","4.11","13.98","On","12.782592,77.694221",
"14-Sep-2026 17:30:29","6.86","4.11","13.98","On","12.781801,77.694343",
"14-Sep-2026 17:30:59","4.35","4.1","13.98","On","12.781343,77.694401",
"14-Sep-2026 17:31:29","11.77","4.11","13.98","On","12.780855,77.694494",
"14-Sep-2026 17:31:55","9.86","4.11","13.98","On","12.780134,77.694578",
"14-Sep-2026 17:31:59","10.39","4.11","13.95","On","12.780121,77.694496",
"14-Sep-2026 17:32:00","10.39","4.11","13.95","On","12.780121,77.694496",
"14-Sep-2026 17:32:29","59.02","4.11","13.98","On","12.779824,77.692089",
"14-Sep-2026 17:32:50","12.16","4.11","13.98","On","12.779605,77.689534",
"14-Sep-2026 17:32:55","9.77","4.11","13.98","On","12.779521,77.689505",
"14-Sep-2026 17:32:59","6.07","4.11","13.98","On","12.779415,77.68951",
"14-Sep-2026 17:33:29","7.91","4.11","13.98","On","12.776624,77.689031",
"14-Sep-2026 17:33:59","3.89","4.11","13.98","On","12.775359,77.688627",
"14-Sep-2026 17:34:29","4.27","4.11","13.93","On","12.775364,77.688643",
"14-Sep-2026 17:34:35","22.11","4.11","13.93","On","12.775465,77.688686",
"14-Sep-2026 17:34:59","37.78","4.1","14","On","12.776811,77.68907",
"14-Sep-2026 17:35:29","6.03","4.11","14","On","12.779493,77.689482",
"14-Sep-2026 17:35:35","6.01","4.11","14","On","12.779557,77.689467",
"14-Sep-2026 17:35:40","29.33","4.11","14","On","12.779592,77.689323",
"14-Sep-2026 17:35:59","16.13","4.11","13.98","On","12.779526,77.687498",
"14-Sep-2026 17:36:29","49.08","4.11","14","On","12.779859,77.683761",
"14-Sep-2026 17:36:59","4.85","4.11","14","On","12.779948,77.682619",
"14-Sep-2026 17:37:10","3.68","4.11","14","On","12.780003,77.682221",
"14-Sep-2026 17:37:29","5.79","4.11","13.95","On","12.78005,77.682389",
"14-Sep-2026 17:37:35","11.12","4.11","13.95","On","12.780047,77.682463",
"14-Sep-2026 17:37:59","17.42","4.11","13.91","On","12.779972,77.683453",
"14-Sep-2026 17:38:29","47.36","4.1","13.95","On","12.779777,77.685513",
"14-Sep-2026 17:38:59","33.8","4.1","14","On","12.77961,77.687533",
"14-Sep-2026 17:39:29","28.27","4.1","13.98","On","12.779834,77.689495",
"14-Sep-2026 17:39:30","28.27","4.1","13.98","On","12.779834,77.689495",
"14-Sep-2026 17:39:40","35.14","4.1","13.98","On","12.780265,77.68974",
"14-Sep-2026 17:39:59","58.18","4.1","13.98","On","12.780741,77.692495",
"14-Sep-2026 17:40:15","9.07","4.1","13.98","On","12.781083,77.694371",
"14-Sep-2026 17:40:20","18.88","4.1","13.98","On","12.781226,77.694367",
"14-Sep-2026 17:40:25","8.97","4.1","13.98","On","12.781446,77.694313",
"14-Sep-2026 17:40:29","13.63","4.11","13.95","On","12.781565,77.694297",
"14-Sep-2026 17:40:30","13.63","4.11","13.95","On","12.781565,77.694297",
"14-Sep-2026 17:40:59","52.99","4.11","13.93","On","12.783441,77.694004",
"14-Sep-2026 17:41:25","8.86","4.11","13.93","On","12.785936,77.693251",
"14-Sep-2026 17:41:29","8.86","4.1","13.98","On","12.785936,77.693251",
"14-Sep-2026 17:41:35","12.23","4.1","13.98","On","12.785985,77.693362",
"14-Sep-2026 17:41:45","10.01","4.1","13.98","On","12.785789,77.69375",
"14-Sep-2026 17:41:59","12.72","4.11","13.98","On","12.785533,77.694092",
"14-Sep-2026 17:42:05","18.43","4.11","13.98","On","12.785343,77.69443",
"14-Sep-2026 17:42:20","16.87","4.11","13.98","On","12.785242,77.694898",
"14-Sep-2026 17:42:29","28.25","4.11","13.95","On","12.785213,77.695309",
"14-Sep-2026 17:42:35","11.58","4.11","13.95","On","12.78525,77.695616",
"14-Sep-2026 17:42:55","28.58","4.11","13.95","On","12.785407,77.69638",
"14-Sep-2026 17:42:59","13.74","4.1","13.98","On","12.785427,77.696591",
"14-Sep-2026 17:43:05","23.44","4.1","13.98","On","12.785408,77.696818",
"14-Sep-2026 17:43:10","36.93","4.1","13.98","On","12.785405,77.697132",
"14-Sep-2026 17:43:15","17.38","4.1","13.98","On","12.785435,77.69738",
"14-Sep-2026 17:43:20","7.33","4.1","13.98","On","12.785454,77.69753",
"14-Sep-2026 17:43:29","15.41","4.11","13.95","On","12.785465,77.697681",
"14-Sep-2026 17:43:50","11.78","4.11","13.95","On","12.785548,77.699529",
"14-Sep-2026 17:43:59","0.95","4.11","13.98","On","12.785569,77.699522",
"14-Sep-2026 17:44:29","25.76","4.1","14","On","12.785762,77.699516",
"14-Sep-2026 17:44:30","8.56","4.1","14","On","12.78594,77.699504",
"14-Sep-2026 17:44:59","0.17","4.11","13.69","Off","12.786003,77.699518",
"14-Sep-2026 17:45:29","0.17","4.11","13.57","Off","12.786003,77.699516",
"14-Sep-2026 17:45:59","0.16","4.11","13.57","Off","12.786011,77.69952",
"14-Sep-2026 17:46:29","0.18","4.11","13.54","Off","12.78602,77.699525",
"14-Sep-2026 17:46:40","0.18","4.11","13.54","Off","12.78602,77.699525",
"14-Sep-2026 17:47:29","0.49","4.11","13.52","Off","12.786014,77.699521",
"14-Sep-2026 17:47:59","0.27","4.11","13.5","Off","12.785999,77.699512",
"14-Sep-2026 17:48:59","0.18","4.11","13.5","Off","12.785983,77.699506",
"14-Sep-2026 17:49:59","0.2","4.11","13.45","Off","12.785982,77.69951",
"14-Sep-2026 17:50:40","0.2","4.11","13.4","Off","12.785982,77.69951",
"14-Sep-2026 18:24:07","0.2","4.11","13.01","Off","12.785982,77.69951",
"14-Sep-2026 18:24:07","0.68","4.11","13.01","Off","12.78598,77.699511",
"14-Sep-2026 18:24:59","0.24","4.11","12.94","Off","12.785931,77.699515",
"14-Sep-2026 18:25:30","0.24","4.11","12.92","Off","12.785931,77.699515",
"14-Sep-2026 18:25:30","0.32","4.11","12.92","Off","12.785942,77.699529",
"14-Sep-2026 18:25:59","0.08","4.11","12.87","Off","12.785965,77.699527",
"14-Sep-2026 18:26:29","0.28","4.11","12.87","Off","12.785991,77.699534",
"14-Sep-2026 18:26:30","0.28","4.11","12.87","Off","12.785991,77.699534",
"14-Sep-2026 18:27:29","0.89","4.11","12.85","Off","12.785974,77.699517",
"14-Sep-2026 18:27:51","0.89","4.11","12.82","Off","12.785974,77.699517",
"14-Sep-2026 18:27:51","0.38","4.11","12.82","Off","12.785991,77.699533",
"14-Sep-2026 18:27:59","0.49","4.11","12.85","Off","12.785999,77.69954",
"14-Sep-2026 18:28:29","0.32","4.11","13.45","On","12.785998,77.699538",
"14-Sep-2026 18:28:59","0.16","4.11","13.13","Off","12.785989,77.699537",
"14-Sep-2026 18:29:29","0.41","4.11","13.01","Off","12.78599,77.699539",
"14-Sep-2026 18:29:59","0.35","4.11","12.99","Off","12.785989,77.699552",
"14-Sep-2026 18:30:12","0.35","4.11","12.99","Off","12.785989,77.699552",
"14-Sep-2026 18:30:59","0.3","4.11","12.97","Off","12.785998,77.699555",
"14-Sep-2026 18:31:59","0.49","4.11","12.94","Off","12.785991,77.699559",
"14-Sep-2026 18:32:22","0.49","4.11","12.94","Off","12.785991,77.699559",
"14-Sep-2026 18:32:29","0.15","4.11","12.92","Off","12.78599,77.69956",
"14-Sep-2026 18:32:59","0.6","4.11","12.92","Off","12.785991,77.69957",
"14-Sep-2026 18:33:22","0.6","4.11","12.89","Off","12.785991,77.69957",
"14-Sep-2026 18:33:59","0.07","4.11","12.89","Off","12.785989,77.699584",
"14-Sep-2026 18:34:59","0.24","4.11","12.87","Off","12.785989,77.699562",
"14-Sep-2026 18:35:04","0.24","4.1","12.87","On","12.785989,77.699562",
"14-Sep-2026 18:35:29","4.63","4.11","13.52","On","12.786022,77.699512",
"14-Sep-2026 18:35:59","1.66","4.11","13.54","On","12.785993,77.699506",
"14-Sep-2026 18:36:29","1.62","4.11","13.62","On","12.78596,77.69951",
"14-Sep-2026 18:36:33","11.26","4.11","13.62","On","12.785907,77.699506",
"14-Sep-2026 18:36:38","11.31","4.11","13.62","On","12.785781,77.699513",
"14-Sep-2026 18:36:43","5.03","4.11","13.62","On","12.785587,77.699519",
"14-Sep-2026 18:36:59","9.02","4.11","13.62","On","12.785483,77.699675",
"14-Sep-2026 18:37:03","17.5","4.11","13.62","On","12.785488,77.700008",
"14-Sep-2026 18:37:23","14.06","4.11","13.62","On","12.78559,77.701078",
"14-Sep-2026 18:37:28","13.66","4.11","13.62","On","12.785593,77.701242",
"14-Sep-2026 18:37:29","13.66","4.11","13.64","On","12.785593,77.701242",
"14-Sep-2026 18:37:38","8.36","4.11","13.64","On","12.785664,77.70144",
"14-Sep-2026 18:37:43","25.02","4.11","13.64","On","12.786132,77.701446",
"14-Sep-2026 18:37:53","6.1","4.11","13.64","On","12.786409,77.701486",
"14-Sep-2026 18:37:58","10.79","4.11","13.64","On","12.786471,77.701491",
"14-Sep-2026 18:37:59","10.79","4.1","13.62","On","12.786471,77.701491",
"14-Sep-2026 18:38:03","6.34","4.1","13.62","On","12.786765,77.701499",
"14-Sep-2026 18:38:18","13.13","4.1","13.62","On","12.78715,77.701471",
"14-Sep-2026 18:38:23","6.48","4.1","13.62","On","12.787397,77.70155",
"14-Sep-2026 18:38:29","7.58","4.11","13.62","On","12.787417,77.701635",
"14-Sep-2026 18:38:33","16.85","4.11","13.62","On","12.787403,77.701748",
"14-Sep-2026 18:38:59","10.98","4.11","13.62","On","12.787227,77.70283",
"14-Sep-2026 18:39:13","7.34","4.11","13.62","On","12.787137,77.70331",
"14-Sep-2026 18:39:18","16.62","4.11","13.62","On","12.787218,77.703343",
"14-Sep-2026 18:39:28","27.87","4.11","13.62","On","12.787809,77.703693",
"14-Sep-2026 18:39:29","27.87","4.1","13.62","On","12.787809,77.703693",
"14-Sep-2026 18:39:59","29.16","4.1","13.66","On","12.789325,77.705072",
"14-Sep-2026 18:40:08","42.05","4.1","13.66","On","12.790304,77.705544",
"14-Sep-2026 18:40:29","27.27","4.11","13.64","On","12.791856,77.705901",
"14-Sep-2026 18:40:59","32.18","4.11","13.62","On","12.792915,77.70614",
"14-Sep-2026 18:41:29","26.9","4.11","13.64","On","12.795142,77.706546",
"14-Sep-2026 18:41:38","35","4.11","13.64","On","12.795728,77.706573",
"14-Sep-2026 18:41:59","21.41","4.1","13.62","On","12.79678,77.706469",
"14-Sep-2026 18:42:29","14.35","4.11","13.64","On","12.798027,77.706148",
"14-Sep-2026 18:42:33","5.71","4.11","13.64","On","12.798131,77.706111",
"14-Sep-2026 18:42:59","27.31","4.11","13.59","On","12.798913,77.705867",
"14-Sep-2026 18:43:29","7.82","4.11","13.64","On","12.800296,77.705408",
"14-Sep-2026 18:43:59","22.49","4.11","13.62","On","12.801542,77.705045",
"14-Sep-2026 18:44:29","6.69","4.11","13.62","On","12.80222,77.70449",
"14-Sep-2026 18:44:33","16.87","4.11","13.62","On","12.802256,77.70438",
"14-Sep-2026 18:44:59","28.73","4.11","13.57","On","12.80271,77.702675",
"14-Sep-2026 18:45:08","30.13","4.11","13.57","On","12.803119,77.701856",
"14-Sep-2026 18:45:29","21.87","4.11","13.57","On","12.80399,77.700894",
"14-Sep-2026 18:45:59","16.29","4.1","13.59","On","12.805467,77.699709",
"14-Sep-2026 18:46:08","7.95","4.1","13.59","On","12.805842,77.699397",
"14-Sep-2026 18:46:29","22.56","4.1","13.62","On","12.80647,77.698925",
"14-Sep-2026 18:46:59","31.98","4.1","13.57","On","12.808041,77.697708",
"14-Sep-2026 18:47:29","19.77","4.1","13.57","On","12.809263,77.696685",
"14-Sep-2026 18:47:59","4.99","4.1","13.57","On","12.809931,77.696177",
"14-Sep-2026 18:48:29","34.84","4.1","13.59","On","12.811086,77.695249",
"14-Sep-2026 18:48:59","46.41","4.1","13.54","On","12.813525,77.693296",
"14-Sep-2026 18:49:18","11.58","4.1","13.54","On","12.81452,77.692437",
"14-Sep-2026 18:49:29","11.84","4.1","13.54","On","12.814883,77.692064",
"14-Sep-2026 18:49:38","22.25","4.1","13.54","On","12.815067,77.691925",
"14-Sep-2026 18:49:59","21.32","4.11","13.57","On","12.815769,77.691309",
"14-Sep-2026 18:50:29","32.41","4.1","13.57","On","12.817814,77.689656",
"14-Sep-2026 18:50:58","12.47","4.1","13.57","On","12.818663,77.688907",
"14-Sep-2026 18:50:59","12.47","4.11","13.64","On","12.818663,77.688907",
"14-Sep-2026 18:51:03","4.28","4.11","13.64","On","12.818666,77.688813",
"14-Sep-2026 18:51:13","15.19","4.11","13.64","On","12.818433,77.688573",
"14-Sep-2026 18:51:29","16.89","4.1","13.62","On","12.81791,77.68806",
"14-Sep-2026 18:51:59","28.56","4.11","13.57","On","12.81655,77.686652",
"14-Sep-2026 18:52:29","15.19","4.1","13.59","On","12.815311,77.685206",
"14-Sep-2026 18:52:58","12.27","4.1","13.59","On","12.814563,77.68437",
"14-Sep-2026 18:52:59","12.27","4.1","13.59","On","12.814563,77.68437",
"14-Sep-2026 18:53:29","23.76","4.1","13.59","On","12.813525,77.683242",
"14-Sep-2026 18:53:59","23.01","4.1","13.59","On","12.81244,77.682004",
"14-Sep-2026 18:54:29","8.39","4.1","13.57","On","12.811367,77.680847",
"14-Sep-2026 18:54:33","3.18","4.1","13.57","On","12.811307,77.680799",
"14-Sep-2026 18:54:59","0.31","4.1","13.71","On","12.811252,77.680712",
"14-Sep-2026 18:55:29","0.62","4.1","13.91","On","12.811233,77.680681",
"14-Sep-2026 18:55:59","0.13","4.11","13.95","On","12.811223,77.680667",
"14-Sep-2026 18:56:29","0.47","4.11","13.93","On","12.811195,77.680654",
"14-Sep-2026 18:56:59","0.72","4.11","13.93","On","12.811189,77.680686",
"14-Sep-2026 18:57:29","0.99","4.11","13.98","On","12.811201,77.680707",
"14-Sep-2026 18:57:59","0.98","4.1","13.76","Off","12.811238,77.680714",
"14-Sep-2026 18:58:29","0.57","4.1","13.76","On","12.811261,77.680702",
"14-Sep-2026 18:58:59","1.52","4.1","13.91","On","12.811252,77.680715",
"14-Sep-2026 18:59:29","1.82","4.1","13.91","On","12.811247,77.680698",
"14-Sep-2026 18:59:59","3","4.1","13.95","On","12.811227,77.680708",
"14-Sep-2026 19:00:29","1.42","4.1","13.95","On","12.811223,77.68068",
"14-Sep-2026 19:00:59","0.68","4.1","13.98","On","12.811221,77.680667",
"14-Sep-2026 19:01:29","0.69","4.1","13.93","On","12.811217,77.680665",
"14-Sep-2026 19:01:59","0.56","4.1","13.95","On","12.811186,77.680675",
"14-Sep-2026 19:02:29","0.97","4.1","13.88","On","12.81119,77.68068",
"14-Sep-2026 19:02:58","12.07","4.1","13.88","On","12.811388,77.680774",
"14-Sep-2026 19:02:59","12.07","4.1","13.59","On","12.811388,77.680774",
"14-Sep-2026 19:03:03","7.18","4.1","13.59","On","12.811538,77.680919",
"14-Sep-2026 19:03:29","31.7","4.1","13.57","On","12.812284,77.681761",
"14-Sep-2026 19:03:59","17.11","4.1","13.54","On","12.813538,77.683136",
"14-Sep-2026 19:04:29","18.23","4.11","13.59","On","12.814522,77.684234",
"14-Sep-2026 19:04:33","10.12","4.11","13.59","On","12.814618,77.68435",
"14-Sep-2026 19:04:59","19.35","4.1","13.57","On","12.815323,77.685097",
"14-Sep-2026 19:05:29","26.46","4.11","13.59","On","12.816311,77.686188",
"14-Sep-2026 19:05:48","12.52","4.11","13.59","On","12.817113,77.68707",
"14-Sep-2026 19:05:59","18.73","4.11","13.59","On","12.817508,77.687515",
"14-Sep-2026 19:06:29","12.93","4.1","13.62","On","12.818441,77.688549",
"14-Sep-2026 19:06:59","10.06","4.11","13.62","On","12.819056,77.689063",
"14-Sep-2026 19:07:03","10.69","4.11","13.62","On","12.819122,77.688988",
"14-Sep-2026 19:07:29","20.01","4.1","13.57","On","12.819984,77.688357",
"14-Sep-2026 19:07:59","30.07","4.11","13.59","On","12.821419,77.686951",
"14-Sep-2026 19:08:29","20.96","4.1","13.57","On","12.822492,77.685931",
"14-Sep-2026 19:08:59","28.03","4.11","13.59","On","12.823817,77.684752",
"14-Sep-2026 19:09:28","29.53","4.11","13.59","On","12.825545,77.683352",
"14-Sep-2026 19:09:29","29.53","4.1","13.59","On","12.825545,77.683352",
"14-Sep-2026 19:09:59","19.82","4.1","13.59","On","12.827291,77.682441",
"14-Sep-2026 19:10:29","23.85","4.11","13.57","On","12.828699,77.68184",
"14-Sep-2026 19:10:59","29.96","4.1","13.57","On","12.830608,77.681278",
"14-Sep-2026 19:11:29","20.1","4.11","13.57","On","12.832676,77.680631",
"14-Sep-2026 19:11:59","24.53","4.1","13.59","On","12.834362,77.680033",
"14-Sep-2026 19:12:29","16.81","4.1","13.59","On","12.836008,77.67946",
"14-Sep-2026 19:12:59","21.15","4.1","13.54","On","12.837123,77.679079",
"14-Sep-2026 19:13:29","24.94","4.1","13.54","On","12.83838,77.678337",
"14-Sep-2026 19:13:59","19.59","4.1","13.54","On","12.839692,77.677317",
"14-Sep-2026 19:14:13","12.13","4.1","13.54","On","12.840083,77.677168",
"14-Sep-2026 19:14:29","14.66","4.1","13.54","On","12.840576,77.677863",
"14-Sep-2026 19:14:59","19.39","4.1","13.54","On","12.841178,77.678805",
"14-Sep-2026 19:15:03","6.85","4.1","13.54","On","12.841229,77.678895",
"14-Sep-2026 19:15:29","24.09","4.11","13.57","On","12.841952,77.680033",
"14-Sep-2026 19:15:59","1.22","4.11","13.57","On","12.84235,77.680903",
"14-Sep-2026 19:16:18","29.19","4.11","13.57","On","12.842178,77.681012",
"14-Sep-2026 19:16:28","2.31","4.11","13.57","On","12.841815,77.681284",
"14-Sep-2026 19:16:29","2.31","4.1","13.54","On","12.841815,77.681284",
"14-Sep-2026 19:16:33","15.29","4.1","13.54","On","12.841754,77.681388",
"14-Sep-2026 19:16:38","24.53","4.1","13.54","On","12.841926,77.68168",
"14-Sep-2026 19:16:59","23.36","4.1","13.57","On","12.842628,77.682584",
"14-Sep-2026 19:17:03","8.72","4.1","13.57","On","12.842715,77.682754",
"14-Sep-2026 19:17:13","14.45","4.1","13.57","On","12.842538,77.682925",
"14-Sep-2026 19:17:23","9.48","4.1","13.57","On","12.842252,77.68318",
"14-Sep-2026 19:17:29","3.45","4.1","13.59","On","12.842256,77.683198",
"14-Sep-2026 19:17:59","2.97","4.11","13.86","On","12.842263,77.683349",
"14-Sep-2026 19:18:29","0.47","4.1","13.88","On","12.842272,77.683383",
"14-Sep-2026 19:18:59","1.2","4.1","13.76","On","12.842265,77.683364",
"14-Sep-2026 19:19:29","0.89","4.1","13.69","Off","12.842259,77.683337",
"14-Sep-2026 19:19:59","2.5","4.1","13.86","On","12.84221,77.683291",
"14-Sep-2026 19:20:29","3.13","4.1","13.95","On","12.842252,77.683295",
"14-Sep-2026 19:20:59","0.47","4.1","12.99","Off","12.842317,77.683281",
"14-Sep-2026 19:21:29","1.3","4.11","13.81","Off","12.842287,77.683252",
"14-Sep-2026 19:21:41","1.3","4.1","13.91","Off","12.842287,77.683252",
"14-Sep-2026 19:21:59","1.3","4.1","13.91","Off","12.842287,77.683252",
"14-Sep-2026 19:21:59","1.9","4.1","13.91","Off","12.842215,77.683273",
"14-Sep-2026 19:22:29","1.62","4.11","13.95","Off","12.842156,77.683328",
"14-Sep-2026 19:22:59","3.88","4.11","13.98","Off","12.842203,77.683379",
"14-Sep-2026 19:22:59","3.88","4.11","13.98","Off","12.842203,77.683379",
"14-Sep-2026 19:23:59","2.14","4.11","14","Off","12.84227,77.683349",
"14-Sep-2026 19:24:59","2.36","4.11","13.98","Off","12.842199,77.683457",
"14-Sep-2026 19:25:38","2.36","4.11","14","Off","12.842199,77.683457",
"14-Sep-2026 19:25:38","1.92","4.11","14","Off","12.842181,77.683354",
"14-Sep-2026 19:25:59","1.83","4.11","14","Off","12.842147,77.683361",
"14-Sep-2026 19:26:29","0.77","4.11","13.98","Off","12.842123,77.683261",
"14-Sep-2026 19:26:59","2.9","4.11","13.98","Off","12.842151,77.683217",
"14-Sep-2026 19:27:16","2.9","4.11","13.98","Off","12.842151,77.683217",
"14-Sep-2026 19:27:59","0.64","4.11","13.98","Off","12.842191,77.683229",
"14-Sep-2026 19:28:59","2.44","4.11","13.98","Off","12.842211,77.683318",
"14-Sep-2026 19:29:59","1.84","4.11","14","Off","12.84212,77.683147",
"14-Sep-2026 19:30:59","1.68","4.11","14","Off","12.842192,77.68316",
"14-Sep-2026 19:31:16","1.68","4.11","14","Off","12.842192,77.68316",
"14-Sep-2026 19:34:47","1.68","4.1","14.03","Off","12.842192,77.68316",
"14-Sep-2026 19:34:47","3.38","4.1","14.03","Off","12.842279,77.683149",
"14-Sep-2026 19:34:49","3.38","4.1","14.05","Off","12.842279,77.683149",
"14-Sep-2026 19:34:49","3.38","4.1","14.05","Off","12.842279,77.683149",
"14-Sep-2026 19:34:59","3.38","4.11","14","Off","12.842279,77.683149",
"14-Sep-2026 19:35:29","0","4.11","14","Off","12.842059,77.683414",
"14-Sep-2026 19:35:49","0","4.11","13.98","Off","12.842059,77.683414",
"14-Sep-2026 19:36:20","0","4.11","14","Off","12.842059,77.683414",
"14-Sep-2026 19:36:20","0","4.11","14","Off","12.842088,77.683465",
"14-Sep-2026 19:36:29","0","4.11","13.98","Off","12.842062,77.683435",
"14-Sep-2026 19:36:59","0","4.11","13.98","Off","12.842063,77.683354",
"14-Sep-2026 19:37:20","0","4.11","13.98","Off","12.842063,77.683354",
"14-Sep-2026 19:37:59","0","4.11","14","Off","12.84204,77.683314",
"14-Sep-2026 19:38:59","0","4.11","14","Off","12.842154,77.683245",
"14-Sep-2026 19:39:59","0","4.11","14","Off","12.842083,77.683304",
"14-Sep-2026 19:40:59","0","4.11","14","Off","12.842075,77.683396",
"14-Sep-2026 19:41:20","0","4.11","14","Off","12.842075,77.683396",
"14-Sep-2026 19:47:59","0","4.11","14.05","Off","12.842075,77.683396",
"14-Sep-2026 20:09:44","0","4.11","14","On","12.84203,77.683383",
"14-Sep-2026 20:09:59","0","4.11","14","Off","12.842029,77.683387",
"14-Sep-2026 20:10:29","0","4.11","14","Off","12.84203,77.683393",
"14-Sep-2026 20:10:54","0","4.11","13.98","Off","12.84203,77.683393",
"14-Sep-2026 20:13:29","0","4.11","13.93","Off","12.842211,77.683148",
"14-Sep-2026 20:16:59","0","4.11","14.03","Off","12.842242,77.683159",
"14-Sep-2026 20:20:59","0","4.11","14.05","Off","12.842192,77.683739",
"14-Sep-2026 20:21:59","0","4.11","14.03","Off","12.842139,77.683117",
"14-Sep-2026 20:22:59","0","4.11","14.03","Off","12.842434,77.683063",
"14-Sep-2026 20:23:59","0","4.11","13.98","Off","12.842055,77.683331",
"14-Sep-2026 20:24:38","0","4.11","13.95","Off","12.842055,77.683331",
"14-Sep-2026 20:28:40","0","4.11","13.83","On","12.842055,77.683331",
"14-Sep-2026 20:28:40","0","4.11","13.83","On","12.842055,77.683331",
"14-Sep-2026 20:28:59","0","4.11","13.93","On","12.841903,77.68339",
"14-Sep-2026 20:29:29","0","4.11","13.59","On","12.842112,77.683289",
"14-Sep-2026 20:30:29","0","4.11","13.86","On","12.842101,77.683201",
"14-Sep-2026 20:30:59","0","4.11","13.76","On","12.842225,77.682079",
"14-Sep-2026 20:31:29","1.97","4.11","13.69","On","12.842206,77.683121",
"14-Sep-2026 20:31:59","1.08","4.11","13.86","On","12.842241,77.683071",
"14-Sep-2026 20:32:29","3.13","4.11","13.79","On","12.842224,77.683069",
"14-Sep-2026 20:32:59","1.77","4.11","13.66","On","12.842247,77.683063",
"14-Sep-2026 20:33:27","10.43","4.11","13.66","On","12.842617,77.682795",
"14-Sep-2026 20:33:29","0.95","4.11","13.62","On","12.842676,77.682774",
"14-Sep-2026 20:33:37","3.38","4.11","13.62","On","12.842681,77.682793",
"14-Sep-2026 20:33:52","17.15","4.11","13.62","On","12.842656,77.682613",
"14-Sep-2026 20:33:59","21.61","4.11","13.64","On","12.842498,77.682373",
"14-Sep-2026 20:34:22","14.67","4.11","13.64","On","12.841732,77.6814",
"14-Sep-2026 20:34:27","6.64","4.11","13.64","On","12.841833,77.681281",
"14-Sep-2026 20:34:29","23.62","4.11","13.62","On","12.841986,77.681159",
"14-Sep-2026 20:34:42","23.63","4.11","13.62","On","12.842356,77.6807",
"14-Sep-2026 20:34:59","31.28","4.11","13.59","On","12.841661,77.679618",
"14-Sep-2026 20:35:22","7.06","4.11","13.59","On","12.840825,77.678342",
"14-Sep-2026 20:35:27","18.78","4.11","13.59","On","12.840751,77.678232",
"14-Sep-2026 20:35:29","7.22","4.11","13.59","On","12.840641,77.678098",
"14-Sep-2026 20:35:57","19.95","4.11","13.59","On","12.839919,77.677228",
"14-Sep-2026 20:35:59","19.95","4.11","13.59","On","12.839919,77.677228",
"14-Sep-2026 20:36:29","16.76","4.11","13.59","On","12.837965,77.678648",
"14-Sep-2026 20:36:59","38.06","4.11","13.62","On","12.835609,77.679487",
"14-Sep-2026 20:37:29","40.97","4.11","13.59","On","12.832933,77.680443",
"14-Sep-2026 20:37:37","45.27","4.11","13.59","On","12.83171,77.680812",
"14-Sep-2026 20:37:59","48.59","4.11","13.59","On","12.829367,77.681558",
"14-Sep-2026 20:38:29","40.18","4.11","13.59","On","12.826541,77.682649",
"14-Sep-2026 20:38:47","42.42","4.11","13.59","On","12.824824,77.683762",
"14-Sep-2026 20:38:59","38.21","4.11","13.59","On","12.823863,77.684568",
"14-Sep-2026 20:39:29","25.72","4.11","13.62","On","12.822555,77.685964",
"14-Sep-2026 20:39:59","29.68","4.11","13.64","On","12.820787,77.687661",
"14-Sep-2026 20:40:29","30.44","4.11","13.64","On","12.819522,77.688828",
"14-Sep-2026 20:40:37","9.71","4.11","13.64","On","12.818963,77.689243",
"14-Sep-2026 20:40:42","13.47","4.11","13.64","On","12.818902,77.68916",
"14-Sep-2026 20:40:47","8.81","4.11","13.64","On","12.818858,77.689036",
"14-Sep-2026 20:40:57","10.37","4.11","13.64","On","12.818721,77.688861",
"14-Sep-2026 20:40:59","27.62","4.11","13.59","On","12.818571,77.688701",
"14-Sep-2026 20:41:29","30.35","4.1","13.59","On","12.816944,77.686875",
"14-Sep-2026 20:41:59","27.92","4.11","13.59","On","12.815373,77.685159",
"14-Sep-2026 20:42:29","20.4","4.11","13.59","On","12.814433,77.684118",
"14-Sep-2026 20:42:59","22.51","4.11","13.59","On","12.813103,77.68267",
"14-Sep-2026 20:43:29","11.34","4.11","13.62","On","12.811891,77.681311",
"14-Sep-2026 20:43:59","0.5","4.1","13.59","On","12.811069,77.680421",
"14-Sep-2026 20:44:29","1.18","4.11","13.62","On","12.811054,77.680404",
"14-Sep-2026 20:44:59","1.88","4.1","13.59","On","12.811001,77.680358",
"14-Sep-2026 20:45:29","0.54","4.11","13.57","Off","12.810985,77.68036",
"14-Sep-2026 20:45:59","0.31","4.1","13.52","Off","12.810994,77.680368",
"14-Sep-2026 20:46:29","0.24","4.1","13.5","Off","12.811002,77.680356",
"14-Sep-2026 20:46:51","0.24","4.1","13.45","Off","12.811002,77.680356",
"14-Sep-2026 20:46:52","0.24","4.1","13.45","On","12.811002,77.680356",
"14-Sep-2026 20:46:59","0.97","4.1","13.5","On","12.810986,77.680352",
"14-Sep-2026 20:47:22","11.23","4.1","13.5","On","12.810621,77.680014",
"14-Sep-2026 20:47:29","15.15","4.11","13.59","On","12.81052,77.679905",
"14-Sep-2026 20:47:37","0.9","4.11","13.59","On","12.810403,77.679806",
"14-Sep-2026 20:47:59","0.7","4.1","13.57","On","12.810385,77.679806",
"14-Sep-2026 20:48:29","0.3","4.1","13.57","On","12.810387,77.679812",
"14-Sep-2026 20:48:59","0.1","4.1","13.62","On","12.810389,77.679814",
"14-Sep-2026 20:49:29","0.87","4.11","13.88","On","12.810379,77.679803",
"14-Sep-2026 20:49:59","0.07","4.1","13.93","On","12.810374,77.679811",
"14-Sep-2026 20:50:29","0.7","4.1","13.93","On","12.810376,77.67982",
"14-Sep-2026 20:50:59","1.28","4.1","13.83","On","12.810365,77.679813",
"14-Sep-2026 20:51:17","10.51","4.1","13.83","On","12.810482,77.679842",
"14-Sep-2026 20:51:29","15.43","4.1","13.59","On","12.810806,77.680072",
"14-Sep-2026 20:51:59","0.58","4.1","13.5","Off","12.811103,77.680333",
"14-Sep-2026 20:52:29","0.2","4.11","13.52","Off","12.811091,77.680344",
"14-Sep-2026 20:52:59","0.03","4.11","13.47","Off","12.811111,77.680359",
"14-Sep-2026 20:53:24","0.03","4.1","13.47","Off","12.811111,77.680359",
"14-Sep-2026 20:53:59","0.21","4.1","13.45","Off","12.811112,77.680358",
"14-Sep-2026 20:54:59","0.18","4.11","13.45","Off","12.811128,77.680356",
"14-Sep-2026 20:55:59","0.41","4.11","13.4","Off","12.811141,77.680365",
"14-Sep-2026 20:56:59","0.33","4.1","13.38","Off","12.81115,77.680385",
"14-Sep-2026 20:57:24","0.33","4.11","13.35","Off","12.81115,77.680385",
"14-Sep-2026 20:59:33","0.33","4.1","13.38","On","12.81115,77.680385",
"14-Sep-2026 20:59:33","0.33","4.1","13.38","On","12.81115,77.680385",
"14-Sep-2026 20:59:33","0.38","4.1","13.38","On","12.811134,77.680375",
"14-Sep-2026 20:59:59","0.38","4.1","13.54","On","12.811134,77.680375",
"14-Sep-2026 21:00:29","26.13","4.1","13.59","On","12.812315,77.68175",
"14-Sep-2026 21:00:59","24.4","4.11","13.59","On","12.81344,77.682981",
"14-Sep-2026 21:01:29","16.17","4.1","13.59","On","12.814466,77.684111",
"14-Sep-2026 21:01:59","13.61","4.11","13.62","On","12.81547,77.685201",
"14-Sep-2026 21:02:29","22.29","4.11","13.59","On","12.816411,77.686272",
"14-Sep-2026 21:02:59","21.29","4.11","13.59","On","12.817599,77.687555",
"14-Sep-2026 21:03:29","9.24","4.11","13.69","On","12.818623,77.688709",
"14-Sep-2026 21:03:43","9.31","4.11","13.69","On","12.819013,77.68917",
"14-Sep-2026 21:03:48","19.13","4.11","13.69","On","12.818918,77.689312",
"14-Sep-2026 21:03:59","22.22","4.11","13.64","On","12.818321,77.689813",
"14-Sep-2026 21:04:29","34.75","4.11","13.64","On","12.816598,77.691216",
"14-Sep-2026 21:04:59","38.06","4.11","13.64","On","12.814282,77.692985",
"14-Sep-2026 21:05:29","43.84","4.11","13.62","On","12.812084,77.694783",
"14-Sep-2026 21:05:58","9.79","4.11","13.62","On","12.810249,77.696258",
"14-Sep-2026 21:05:59","9.79","4.11","13.62","On","12.810249,77.696258",
"14-Sep-2026 21:06:03","17.98","4.11","13.62","On","12.810182,77.696325",
"14-Sep-2026 21:06:29","38.86","4.11","13.57","On","12.808576,77.697576",
"14-Sep-2026 21:06:38","18.75","4.11","13.57","On","12.807778,77.698167",
"14-Sep-2026 21:06:59","34.38","4.11","13.62","On","12.806761,77.698887",
"14-Sep-2026 21:07:29","36.36","4.11","13.62","On","12.804673,77.700589",
"14-Sep-2026 21:07:33","34.1","4.11","13.62","On","12.804145,77.701101",
"14-Sep-2026 21:07:53","36.36","4.11","13.62","On","12.803099,77.702678",
"14-Sep-2026 21:07:59","36.61","4.11","13.59","On","12.80297,77.703024",
"14-Sep-2026 21:08:18","7.25","4.11","13.59","On","12.802633,77.704426",
"14-Sep-2026 21:08:29","16.3","4.11","13.59","On","12.802551,77.704782",
"14-Sep-2026 21:08:43","11.54","4.11","13.59","On","12.802307,77.70512",
"14-Sep-2026 21:08:58","22.67","4.11","13.59","On","12.801446,77.705199",
"14-Sep-2026 21:08:59","22.67","4.11","13.62","On","12.801446,77.705199",
"14-Sep-2026 21:09:29","25.97","4.11","13.59","On","12.800107,77.705586",
"14-Sep-2026 21:09:59","20","4.11","13.59","On","12.79806,77.706207",
"14-Sep-2026 21:10:29","20.2","4.11","13.62","On","12.796515,77.70657",
"14-Sep-2026 21:10:48","22.56","4.11","13.62","On","12.795495,77.706644",
"14-Sep-2026 21:10:59","33.73","4.11","13.59","On","12.794707,77.706526",
"14-Sep-2026 21:11:29","14.05","4.11","13.62","On","12.792677,77.706145",
"14-Sep-2026 21:11:33","9.33","4.11","13.62","On","12.792559,77.706097",
"14-Sep-2026 21:11:38","14.83","4.11","13.62","On","12.792483,77.705867",
"14-Sep-2026 21:11:59","29.9","4.11","13.59","On","12.792509,77.70445",
"14-Sep-2026 21:12:29","32.11","4.11","13.59","On","12.792533,77.702117",
"14-Sep-2026 21:12:38","20.68","4.11","13.59","On","12.792389,77.701641",
"14-Sep-2026 21:12:59","20.08","4.11","13.62","On","12.791343,77.701621",
"14-Sep-2026 21:13:28","8.17","4.11","13.62","On","12.789737,77.701587",
"14-Sep-2026 21:13:29","8.17","4.11","13.59","On","12.789737,77.701587",
"14-Sep-2026 21:13:33","32.81","4.11","13.59","On","12.78945,77.701582",
"14-Sep-2026 21:13:59","17.77","4.1","13.59","On","12.787481,77.701567",
"14-Sep-2026 21:14:29","22.71","4.11","13.59","On","12.786336,77.701524",
"14-Sep-2026 21:14:38","13.56","4.11","13.59","On","12.785632,77.70142",
"14-Sep-2026 21:14:43","19.98","4.11","13.59","On","12.785576,77.701265",
"14-Sep-2026 21:14:59","27.26","4.11","13.57","On","12.785491,77.700196",
"14-Sep-2026 21:15:18","11.38","4.11","13.57","On","12.785606,77.699507",
"14-Sep-2026 21:15:28","9.44","4.11","13.57","On","12.78579,77.699517",
"14-Sep-2026 21:15:29","9.44","4.11","13.59","On","12.78579,77.699517",
"14-Sep-2026 21:15:59","0.09","4.11","13.3","Off","12.785977,77.699485",
"14-Sep-2026 21:16:29","0.14","4.1","13.18","Off","12.785973,77.69948",
"14-Sep-2026 21:16:59","0.24","4.11","13.13","Off","12.785978,77.699474",
"14-Sep-2026 21:17:29","0.2","4.11","13.16","Off","12.785978,77.699468",
"14-Sep-2026 21:17:58","0.2","4.11","13.13","Off","12.785978,77.699468",
"14-Sep-2026 21:18:29","0.36","4.11","13.16","Off","12.785992,77.699478",
"14-Sep-2026 21:18:59","0.63","4.11","13.13","Off","12.785986,77.699477",
"14-Sep-2026 21:19:59","0.3","4.1","13.13","Off","12.785974,77.699478",
"14-Sep-2026 21:20:59","0.04","4.1","13.06","Off","12.785976,77.699484",
"14-Sep-2026 21:21:58","0.04","4.11","13.04","Off","12.785976,77.699484",
"14-Sep-2026 22:21:58","0.04","4.11","12.77","Off","12.785976,77.699484",
"14-Sep-2026 22:21:58","0.05","4.11","12.77","Off","12.785981,77.699491",
"14-Sep-2026 22:21:59","0.05","4.11","12.77","Off","12.785981,77.699491",
"14-Sep-2026 22:22:59","0.98","4.11","12.72","Off","12.785933,77.699536",
"14-Sep-2026 22:23:59","0.33","4.11","12.68","Off","12.785983,77.699494",
"14-Sep-2026 22:24:59","0.24","4.11","12.68","Off","12.786005,77.699466",
"14-Sep-2026 22:25:58","0.24","4.11","12.65","Off","12.786005,77.699466",
"14-Sep-2026 23:25:58","0.24","4.11","12.68","Off","12.786005,77.699466",
"14-Sep-2026 23:25:58","0.13","4.11","12.68","Off","12.785996,77.699462",
"14-Sep-2026 23:25:59","0.13","4.11","12.68","Off","12.785996,77.699462",
"14-Sep-2026 23:26:59","0.33","4.11","12.65","Off","12.785911,77.699489",
"14-Sep-2026 23:27:59","0.1","4.11","12.63","Off","12.785979,77.69948",
"14-Sep-2026 23:28:59","0.49","4.11","12.63","Off","12.785986,77.699483",
"14-Sep-2026 23:29:58","0.49","4.11","12.63","Off","12.785986,77.699483",
