Time,Speed,Device Battery,Car Battery,Ignition,Address
"08-Sep-2026 16:37:37","12.94","4.11","13.76","On","12.934311,77.484069",
"08-Sep-2026 16:37:42","7.65","4.11","13.76","On","12.934537,77.484115",
"08-Sep-2026 16:37:54","0.46","4.11","13.79","On","12.934565,77.484092",
"08-Sep-2026 16:38:24","1.34","4.11","13.76","On","12.934567,77.484073",
"08-Sep-2026 16:38:54","0.1","4.11","13.4","Off","12.934594,77.48405",
"08-Sep-2026 16:39:24","0.33","4.11","13.06","Off","12.934584,77.484054",
"08-Sep-2026 16:39:54","0.36","4.11","12.99","Off","12.934575,77.484066",
"08-Sep-2026 16:40:15","0.36","4.11","12.99","Off","12.934575,77.484066",
"08-Sep-2026 16:40:54","0.39","4.11","12.97","Off","12.934557,77.484071",
"08-Sep-2026 16:41:54","0.34","4.11","12.92","Off","12.934558,77.484077",
"08-Sep-2026 16:42:54","0.47","4.11","12.89","Off","12.934569,77.484078",
"08-Sep-2026 16:43:54","0.51","4.11","12.85","Off","12.934572,77.484078",
"08-Sep-2026 16:44:15","0.51","4.11","12.85","Off","12.934572,77.484078",
"08-Sep-2026 16:59:55","0.51","4.11","12.68","On","12.934572,77.484078",
"08-Sep-2026 16:59:55","0.51","4.11","12.68","On","12.934572,77.484078",
"08-Sep-2026 16:59:55","0.28","4.11","12.68","On","12.934568,77.484076",
"08-Sep-2026 17:00:54","3.33","4.11","13.76","On","12.934617,77.484216",
"08-Sep-2026 17:01:24","0.45","4.11","13.28","Off","12.934594,77.484167",
"08-Sep-2026 17:01:54","0.65","4.11","13.01","Off","12.934583,77.484128",
"08-Sep-2026 17:02:24","0.04","4.11","12.92","Off","12.934577,77.484128",
"08-Sep-2026 17:02:39","0.04","4.11","12.92","Off","12.934577,77.484128",
"08-Sep-2026 17:03:24","2.88","4.11","12.89","Off","12.934569,77.484104",
"08-Sep-2026 17:03:54","0.16","4.11","12.87","Off","12.934582,77.484101",
"08-Sep-2026 17:04:54","4.7","4.11","12.82","Off","12.934581,77.484074",
"08-Sep-2026 17:05:54","1.23","4.11","12.77","Off","12.934553,77.484028",
"08-Sep-2026 17:06:39","1.23","4.11","12.77","Off","12.934553,77.484028",
"08-Sep-2026 17:21:25","1.23","4.11","12.68","Off","12.934553,77.484028",
"08-Sep-2026 17:21:25","0.68","4.11","12.68","Off","12.934555,77.484054",
"08-Sep-2026 17:21:42","0.68","4.11","12.65","Off","12.934555,77.484054",
"08-Sep-2026 17:21:42","0.68","4.11","12.65","Off","12.934555,77.484054",
"08-Sep-2026 17:22:24","1.58","4.11","12.56","Off","12.934592,77.48404",
"08-Sep-2026 17:22:54","1.29","4.11","12.58","Off","12.934589,77.484086",
"08-Sep-2026 17:23:24","0.84","4.11","12.58","Off","12.934593,77.484137",
"08-Sep-2026 17:23:52","0.84","4.11","12.58","Off","12.934593,77.484137",
"08-Sep-2026 17:24:24","1.04","4.11","12.58","Off","12.934568,77.48408",
"08-Sep-2026 17:24:54","2.95","4.11","12.58","Off","12.934568,77.484039",
"08-Sep-2026 17:25:54","1.66","4.11","12.58","Off","12.934544,77.48407",
"08-Sep-2026 17:26:54","0.62","4.11","12.58","Off","12.934543,77.484118",
"08-Sep-2026 17:27:52","0.62","4.11","12.58","Off","12.934543,77.484118",
"08-Sep-2026 17:56:03","0.62","4.11","12.6","On","12.934543,77.484118",
"08-Sep-2026 17:56:03","0.62","4.11","12.6","On","12.934543,77.484118",
"08-Sep-2026 17:56:24","0.82","4.11","13.16","On","12.934553,77.484139",
"08-Sep-2026 17:56:54","0.07","4.11","12.82","Off","12.934614,77.483997",
"08-Sep-2026 17:57:24","0.69","4.11","12.7","Off","12.93461,77.484043",
"08-Sep-2026 17:57:54","0.5","4.11","12.65","Off","12.934601,77.484095",
"08-Sep-2026 17:57:55","0.5","4.11","12.65","Off","12.934601,77.484095",
"08-Sep-2026 17:58:54","1.16","4.11","12.68","Off","12.934587,77.484117",
"08-Sep-2026 17:59:54","0.66","4.11","12.65","Off","12.934599,77.484144",
"08-Sep-2026 18:00:54","0.85","4.11","12.6","Off","12.934572,77.484135",
"08-Sep-2026 18:01:54","0.99","4.11","12.58","Off","12.934564,77.484139",
"08-Sep-2026 18:01:55","0.99","4.11","12.6","Off","12.934564,77.484139",
"08-Sep-2026 19:01:55","0.99","4.11","12.56","Off","12.934564,77.484139",
"08-Sep-2026 19:01:55","0.99","4.11","12.56","Off","12.934564,77.484139",
"08-Sep-2026 19:02:54","0.64","4.11","12.51","Off","12.934571,77.48417",
"08-Sep-2026 19:03:54","0.97","4.11","12.48","Off","12.934582,77.484149",
"08-Sep-2026 19:04:54","0.42","4.11","12.46","Off","12.934579,77.484131",
"08-Sep-2026 19:05:54","1.75","4.11","12.48","Off","12.934558,77.484114",
"08-Sep-2026 19:05:55","1.75","4.11","12.48","Off","12.934558,77.484114",
"08-Sep-2026 19:10:38","1.75","4.11","12.53","On","12.934558,77.484114",
"08-Sep-2026 19:10:38","1.75","4.11","12.53","On","12.934558,77.484114",
"08-Sep-2026 19:10:54","1.75","4.11","12.7","On","12.934558,77.484114",
"08-Sep-2026 19:11:24","0.05","4.11","13.71","On","12.934697,77.484223",
"08-Sep-2026 19:11:54","1.48","4.11","13.83","On","12.934591,77.484187",
"08-Sep-2026 19:12:24","0.71","4.11","13.86","On","12.934602,77.484162",
"08-Sep-2026 19:12:54","0.76","4.11","13.86","On","12.934608,77.484177",
"08-Sep-2026 19:13:24","0.41","4.11","13.86","On","12.934575,77.48414",
"08-Sep-2026 19:13:54","0.7","4.11","13.83","On","12.934572,77.484125",
"08-Sep-2026 19:14:24","4.81","4.11","13.64","On","12.934569,77.484097",
"08-Sep-2026 19:14:30","19.92","4.11","13.64","On","12.93442,77.484064",
"08-Sep-2026 19:14:35","23.66","4.11","13.64","On","12.934224,77.484234",
"08-Sep-2026 19:14:54","31.47","4.11","13.62","On","12.933838,77.48567",
"08-Sep-2026 19:15:24","11.9","4.11","13.62","On","12.933433,77.487466",
"08-Sep-2026 19:15:54","0.72","4.11","13.62","On","12.933404,77.487641",
"08-Sep-2026 19:16:24","5.39","4.11","13.62","On","12.933379,77.487668",
"08-Sep-2026 19:16:35","3.46","4.11","13.62","On","12.933322,77.487921",
"08-Sep-2026 19:16:54","0.34","4.11","13.64","On","12.933172,77.488047",
"08-Sep-2026 19:17:24","3.86","4.11","13.62","On","12.933139,77.488046",
"08-Sep-2026 19:17:35","15.23","4.11","13.62","On","12.932935,77.488339",
"08-Sep-2026 19:17:54","36.61","4.11","13.64","On","12.932461,77.489963",
"08-Sep-2026 19:18:05","41.51","4.11","13.64","On","12.932526,77.490681",
"08-Sep-2026 19:18:24","37.69","4.11","13.64","On","12.93437,77.491757",
"08-Sep-2026 19:18:35","33.36","4.11","13.64","On","12.935336,77.492245",
"08-Sep-2026 19:18:54","25.9","4.11","13.62","On","12.936266,77.492416",
"08-Sep-2026 19:19:24","40.61","4.11","13.64","On","12.93889,77.492776",
"08-Sep-2026 19:19:54","26.24","4.11","13.66","On","12.941638,77.493517",
"08-Sep-2026 19:20:15","43.16","4.11","13.66","On","12.943402,77.494289",
"08-Sep-2026 19:20:24","15.72","4.11","13.64","On","12.944016,77.494574",
"08-Sep-2026 19:20:54","0.64","4.11","13.59","On","12.944799,77.495078",
"08-Sep-2026 19:21:24","4.27","4.11","13.59","On","12.94487,77.495112",
"08-Sep-2026 19:21:50","15.31","4.11","13.59","On","12.945481,77.495603",
"08-Sep-2026 19:21:54","6.06","4.11","13.57","On","12.945552,77.495749",
"08-Sep-2026 19:21:55","6.06","4.11","13.57","On","12.945552,77.495749",
"08-Sep-2026 19:22:24","4.02","4.11","13.62","On","12.945496,77.495986",
"08-Sep-2026 19:22:54","23.95","4.11","13.62","On","12.945347,77.497239",
"08-Sep-2026 19:23:10","17.42","4.11","13.62","On","12.94522,77.497788",
"08-Sep-2026 19:23:24","20.29","4.11","13.62","On","12.944995,77.498506",
"08-Sep-2026 19:23:54","20.14","4.11","13.64","On","12.944461,77.500043",
"08-Sep-2026 19:24:24","28.1","4.11","13.59","On","12.944099,77.501273",
"08-Sep-2026 19:24:50","14.45","4.11","13.59","On","12.943929,77.502367",
"08-Sep-2026 19:24:54","28.02","4.11","13.62","On","12.944047,77.502767",
"08-Sep-2026 19:24:55","28.02","4.11","13.62","On","12.944047,77.502767",
"08-Sep-2026 19:25:24","12.49","4.11","13.59","On","12.94461,77.504007",
"08-Sep-2026 19:25:35","24.62","4.11","13.59","On","12.944506,77.504266",
"08-Sep-2026 19:25:54","28.75","4.11","13.62","On","12.943621,77.504815",
"08-Sep-2026 19:26:24","14.03","4.11","13.62","On","12.942026,77.505946",
"08-Sep-2026 19:26:54","26.97","4.11","13.66","On","12.940459,77.507125",
"08-Sep-2026 19:27:24","37.24","4.11","13.64","On","12.939174,77.508327",
"08-Sep-2026 19:27:45","32.71","4.11","13.64","On","12.938425,77.50912",
"08-Sep-2026 19:27:54","45.04","4.11","13.62","On","12.937741,77.510241",
"08-Sep-2026 19:28:24","17.27","4.11","13.62","On","12.936899,77.512061",
"08-Sep-2026 19:28:30","15.68","4.11","13.62","On","12.936766,77.512195",
"08-Sep-2026 19:28:50","22.71","4.11","13.62","On","12.93608,77.51282",
"08-Sep-2026 19:28:54","33.15","4.11","13.62","On","12.935715,77.513339",
"08-Sep-2026 19:28:55","33.15","4.11","13.62","On","12.935715,77.513339",
"08-Sep-2026 19:29:00","33.15","4.11","13.62","On","12.935799,77.513663",
"08-Sep-2026 19:29:24","12.98","4.11","13.64","On","12.936089,77.514651",
"08-Sep-2026 19:29:25","12.98","4.11","13.64","On","12.936089,77.514651",
"08-Sep-2026 19:29:54","20.87","4.11","13.64","On","12.936363,77.516245",
"08-Sep-2026 19:30:24","19.69","4.11","13.64","On","12.936391,77.518024",
"08-Sep-2026 19:31:03","4.65","4.11","13.64","On","12.936496,77.519104",
"08-Sep-2026 19:31:52","10.75","4.11","13.62","On","12.937149,77.520345",
"08-Sep-2026 19:31:54","10.75","4.11","13.62","On","12.937149,77.520345",
"08-Sep-2026 19:32:17","7.7","4.11","13.62","On","12.93737,77.52076",
"08-Sep-2026 19:32:24","6.12","4.11","13.59","On","12.937447,77.520848",
"08-Sep-2026 19:32:54","4.91","4.11","13.62","On","12.937753,77.521132",
"08-Sep-2026 19:33:24","4.33","4.11","13.59","On","12.937984,77.521315",
"08-Sep-2026 19:33:54","18.42","4.11","13.64","On","12.938372,77.52187",
"08-Sep-2026 19:33:57","15.37","4.11","13.64","On","12.938474,77.522023",
"08-Sep-2026 19:34:24","9.35","4.11","13.57","On","12.939285,77.523061",
"08-Sep-2026 19:34:32","21.38","4.11","13.57","On","12.939454,77.523268",
"08-Sep-2026 19:34:54","36.1","4.11","13.54","On","12.940662,77.5243",
"08-Sep-2026 19:35:24","8.48","4.11","13.54","On","12.941384,77.524706",
"08-Sep-2026 19:36:15","13.27","4.11","13.57","On","12.942405,77.525376",
"08-Sep-2026 19:36:20","6.39","4.11","13.57","On","12.942487,77.525418",
"08-Sep-2026 19:36:24","9.02","4.11","13.57","On","12.942571,77.525462",
"08-Sep-2026 19:36:54","16.06","4.11","13.59","On","12.943005,77.525794",
"08-Sep-2026 19:37:24","20.41","4.11","13.57","On","12.943872,77.526516",
"08-Sep-2026 19:37:54","3","4.11","13.57","On","12.944505,77.527153",
"08-Sep-2026 19:38:24","1.4","4.11","13.57","On","12.944471,77.527212",
"08-Sep-2026 19:38:54","1.88","4.11","13.57","On","12.944532,77.527208",
"08-Sep-2026 19:39:24","2.2","4.11","13.52","On","12.944857,77.527535",
"08-Sep-2026 19:39:54","0.39","4.11","13.59","On","12.944893,77.527527",
"08-Sep-2026 19:40:24","0.7","4.11","13.62","On","12.944853,77.527516",
"08-Sep-2026 19:40:54","0.3","4.11","13.64","On","12.944871,77.527518",
"08-Sep-2026 19:41:24","1.57","4.11","13.64","On","12.944883,77.527516",
"08-Sep-2026 19:41:54","0.55","4.11","13.64","On","12.944881,77.527525",
"08-Sep-2026 19:42:24","1.08","4.11","13.64","On","12.944881,77.527538",
"08-Sep-2026 19:42:54","15.79","4.11","13.57","On","12.945206,77.527999",
"08-Sep-2026 19:42:55","15.79","4.11","13.57","On","12.945206,77.527999",
"08-Sep-2026 19:43:05","7.48","4.11","13.57","On","12.945227,77.528169",
"08-Sep-2026 19:43:24","32.33","4.11","13.57","On","12.945154,77.529108",
"08-Sep-2026 19:43:30","32.74","4.11","13.57","On","12.945009,77.529461",
"08-Sep-2026 19:43:54","10.64","4.11","13.54","On","12.943834,77.530375",
"08-Sep-2026 19:44:15","29.76","4.11","13.54","On","12.942812,77.530977",
"08-Sep-2026 19:44:20","5.9","4.11","13.54","On","12.942692,77.53098",
"08-Sep-2026 19:44:24","39.61","4.11","13.52","On","12.942237,77.531199",
"08-Sep-2026 19:44:25","39.61","4.11","13.52","On","12.942237,77.531199",
"08-Sep-2026 19:44:54","52.39","4.11","13.52","On","12.939334,77.532856",
"08-Sep-2026 19:45:24","32.76","4.11","13.54","On","12.936102,77.535011",
"08-Sep-2026 19:45:25","32.76","4.11","13.54","On","12.936102,77.535011",
"08-Sep-2026 19:45:45","4.41","4.11","13.54","On","12.935823,77.535597",
"08-Sep-2026 19:45:54","8.67","4.11","13.57","On","12.935738,77.535759",
"08-Sep-2026 19:46:10","11.65","4.11","13.57","On","12.9356,77.536085",
"08-Sep-2026 19:46:24","1.88","4.11","13.59","On","12.935439,77.536357",
"08-Sep-2026 19:46:54","5.14","4.11","13.54","On","12.935092,77.536931",
"08-Sep-2026 19:47:24","2.88","4.11","13.57","On","12.934887,77.537293",
"08-Sep-2026 19:47:54","8.2","4.11","13.54","On","12.934505,77.537952",
"08-Sep-2026 19:48:24","2.78","4.11","13.59","On","12.934249,77.538408",
"08-Sep-2026 19:48:54","3.14","4.11","13.59","On","12.934005,77.538825",
"08-Sep-2026 19:49:24","0.04","4.11","13.59","On","12.933883,77.539026",
"08-Sep-2026 19:49:54","4.99","4.11","13.54","On","12.933716,77.539304",
"08-Sep-2026 19:50:24","2.56","4.11","13.57","On","12.93353,77.539603",
"08-Sep-2026 19:50:54","5.65","4.11","13.54","On","12.933321,77.539921",
"08-Sep-2026 19:51:14","7.29","4.11","13.54","On","12.933153,77.540134",
"08-Sep-2026 19:51:24","5.14","4.11","13.54","On","12.933096,77.540195",
"08-Sep-2026 19:51:54","13.09","4.11","13.52","On","12.932712,77.540858",
"08-Sep-2026 19:52:04","11.95","4.11","13.52","On","12.932553,77.541002",
"08-Sep-2026 19:52:24","28.16","4.11","13.54","On","12.931748,77.542037",
"08-Sep-2026 19:52:44","2.28","4.11","13.54","On","12.931011,77.542963",
"08-Sep-2026 19:52:54","2.34","4.11","13.57","On","12.930998,77.542972",
"08-Sep-2026 19:53:24","3.93","4.11","13.54","On","12.93089,77.543061",
"08-Sep-2026 19:53:54","3.58","4.11","13.59","On","12.930729,77.543258",
"08-Sep-2026 19:54:54","5.68","4.11","13.59","On","12.929893,77.544089",
"08-Sep-2026 19:55:24","6.18","4.11","13.57","On","12.929593,77.544461",
"08-Sep-2026 19:55:54","2.81","4.11","13.57","On","12.929329,77.544822",
"08-Sep-2026 19:56:24","2.61","4.11","13.59","On","12.92921,77.544938",
"08-Sep-2026 19:56:54","1.32","4.11","13.54","On","12.929113,77.545059",
"08-Sep-2026 19:57:24","1.36","4.11","13.57","On","12.929074,77.545118",
"08-Sep-2026 19:57:54","4.15","4.11","13.59","On","12.928925,77.545301",
"08-Sep-2026 19:58:24","8.83","4.11","13.57","On","12.928602,77.545672",
"08-Sep-2026 19:58:31","13.75","4.11","13.57","On","12.928438,77.545889",
"08-Sep-2026 19:58:54","25.23","4.11","13.54","On","12.927418,77.54717",
"08-Sep-2026 19:59:24","1.04","4.11","13.54","On","12.92695,77.547776",
"08-Sep-2026 19:59:31","1.55","4.11","13.54","On","12.926933,77.547805",
"08-Sep-2026 19:59:54","0.22","4.11","13.54","On","12.9269,77.547846",
"08-Sep-2026 20:00:24","0.5","4.11","13.57","On","12.926887,77.547853",
"08-Sep-2026 20:00:54","0.47","4.11","13.62","On","12.92687,77.547853",
"08-Sep-2026 20:01:24","0.27","4.11","13.57","On","12.926875,77.54786",
"08-Sep-2026 20:01:51","11.79","4.11","13.57","On","12.926816,77.547955",
"08-Sep-2026 20:01:54","11.79","4.11","13.59","On","12.926816,77.547955",
"08-Sep-2026 20:02:11","3.72","4.11","13.59","On","12.926658,77.548119",
"08-Sep-2026 20:02:24","10.05","4.11","13.57","On","12.926513,77.548281",
"08-Sep-2026 20:02:26","10.05","4.11","13.57","On","12.926513,77.548281",
"08-Sep-2026 20:02:46","0.66","4.11","13.57","On","12.926462,77.548372",
"08-Sep-2026 20:02:54","3.1","4.11","13.59","On","12.926401,77.548438",
"08-Sep-2026 20:03:24","0.89","4.11","13.54","On","12.926176,77.548761",
"08-Sep-2026 20:03:54","7.27","4.11","13.52","On","12.92604,77.548965",
"08-Sep-2026 20:04:24","0.74","4.11","13.54","On","12.925997,77.549021",
"08-Sep-2026 20:04:54","0.54","4.11","13.57","On","12.926027,77.549008",
"08-Sep-2026 20:05:24","1.11","4.11","13.57","On","12.926032,77.549015",
"08-Sep-2026 20:06:24","0.49","4.11","13.57","On","12.926051,77.548978",
"08-Sep-2026 20:06:54","0.24","4.11","13.59","On","12.926022,77.548998",
"08-Sep-2026 20:07:11","19.07","4.11","13.59","On","12.925892,77.549223",
"08-Sep-2026 20:07:24","21.95","4.11","13.54","On","12.925434,77.549973",
"08-Sep-2026 20:07:54","34.4","4.11","13.52","On","12.924846,77.551002",
"08-Sep-2026 20:08:24","1.61","4.11","13.52","On","12.924177,77.552742",
"08-Sep-2026 20:08:54","1.56","4.11","13.54","On","12.924136,77.552787",
"08-Sep-2026 20:09:24","4.28","4.11","13.54","On","12.924134,77.552829",
"08-Sep-2026 20:09:36","6.26","4.11","13.54","On","12.924111,77.553008",
"08-Sep-2026 20:09:41","25.12","4.11","13.54","On","12.923953,77.553408",
"08-Sep-2026 20:09:54","29.26","4.11","13.52","On","12.923746,77.554116",
"08-Sep-2026 20:10:24","31.5","4.11","13.54","On","12.922885,77.556833",
"08-Sep-2026 20:10:54","41.02","4.11","13.57","On","12.922081,77.559254",
"08-Sep-2026 20:11:21","35.99","4.11","13.57","On","12.921397,77.561708",
"08-Sep-2026 20:11:24","22.31","4.11","13.57","On","12.921119,77.561875",
"08-Sep-2026 20:11:46","32.8","4.11","13.57","On","12.920154,77.562485",
"08-Sep-2026 20:11:54","32.96","4.11","13.54","On","12.919766,77.563047",
"08-Sep-2026 20:12:01","25.79","4.11","13.54","On","12.919376,77.563573",
"08-Sep-2026 20:12:16","10.45","4.11","13.54","On","12.918844,77.563923",
"08-Sep-2026 20:12:24","5.87","4.11","13.57","On","12.918494,77.564111",
"08-Sep-2026 20:12:54","30.32","4.11","13.54","On","12.917345,77.564618",
"08-Sep-2026 20:13:24","21.14","4.11","13.54","On","12.915606,77.565386",
"08-Sep-2026 20:13:41","8.28","4.11","13.54","On","12.914839,77.56572",
"08-Sep-2026 20:13:51","10.55","4.11","13.54","On","12.914639,77.565778",
"08-Sep-2026 20:13:54","13.74","4.11","13.59","On","12.914518,77.565806",
"08-Sep-2026 20:14:01","26.63","4.11","13.59","On","12.914105,77.566011",
"08-Sep-2026 20:14:06","11.69","4.11","13.59","On","12.914049,77.566168",
"08-Sep-2026 20:14:24","32.19","4.11","13.54","On","12.913864,77.56708",
"08-Sep-2026 20:14:26","27.89","4.11","13.54","On","12.913931,77.567391",
"08-Sep-2026 20:14:54","18.98","4.11","13.57","On","12.914955,77.56852",
"08-Sep-2026 20:15:11","3.16","4.11","13.57","On","12.915404,77.56904",
"08-Sep-2026 20:15:24","0.99","4.11","13.62","On","12.915396,77.569051",
"08-Sep-2026 20:15:54","11.04","4.11","13.57","On","12.915452,77.569259",
"08-Sep-2026 20:16:11","15.92","4.11","13.57","On","12.915735,77.569986",
"08-Sep-2026 20:16:24","21.12","4.11","13.54","On","12.916121,77.570189",
"08-Sep-2026 20:16:26","19.83","4.11","13.54","On","12.9163,77.570312",
"08-Sep-2026 20:16:31","24.38","4.11","13.54","On","12.916408,77.570532",
"08-Sep-2026 20:16:54","12.73","4.11","13.54","On","12.916568,77.571852",
"08-Sep-2026 20:17:24","11.16","4.11","13.57","On","12.916928,77.573285",
"08-Sep-2026 20:17:46","5.5","4.11","13.57","On","12.917081,77.573415",
"08-Sep-2026 20:17:54","6.56","4.11","13.5","On","12.917173,77.573453",
"08-Sep-2026 20:18:01","19.97","4.11","13.5","On","12.917274,77.573496",
"08-Sep-2026 20:18:06","9.35","4.11","13.5","On","12.917482,77.573772",
"08-Sep-2026 20:18:24","27.68","4.11","13.5","On","12.917702,77.574421",
"08-Sep-2026 20:18:54","5.54","4.11","13.52","On","12.917645,77.575823",
"08-Sep-2026 20:19:24","40.53","4.11","13.54","On","12.917567,77.577542",
"08-Sep-2026 20:19:36","11.68","4.11","13.54","On","12.917461,77.577876",
"08-Sep-2026 20:19:54","0.39","4.11","13.64","On","12.917415,77.578192",
"08-Sep-2026 20:20:24","3.93","4.11","13.74","On","12.917362,77.578233",
"08-Sep-2026 20:20:54","32.2","4.11","13.59","On","12.917257,77.579021",
"08-Sep-2026 20:20:56","32.2","4.11","13.59","On","12.917257,77.579021",
"08-Sep-2026 20:21:11","0.74","4.11","13.59","On","12.917236,77.579618",
"08-Sep-2026 20:21:24","0.46","4.11","13.57","On","12.917232,77.579632",
"08-Sep-2026 20:21:46","11.03","4.11","13.57","On","12.917244,77.579715",
"08-Sep-2026 20:21:54","13.8","4.11","13.57","On","12.917188,77.57991",
"08-Sep-2026 20:22:24","29.79","4.11","13.59","On","12.917138,77.581658",
"08-Sep-2026 20:22:54","6.24","4.11","13.57","On","12.917104,77.58345",
"08-Sep-2026 20:23:01","1.18","4.11","13.57","On","12.917101,77.583472",
"08-Sep-2026 20:23:11","16.03","4.11","13.57","On","12.917105,77.583621",
"08-Sep-2026 20:23:24","28.15","4.11","13.54","On","12.917105,77.584412",
"08-Sep-2026 20:23:54","27.06","4.11","13.54","On","12.917031,77.58659",
"08-Sep-2026 20:24:54","30.28","4.11","13.54","On","12.916947,77.591322",
"08-Sep-2026 20:25:24","32.31","4.11","13.54","On","12.916981,77.593692",
"08-Sep-2026 20:25:54","37.81","4.11","13.57","On","12.916865,77.596479",
"08-Sep-2026 20:26:24","34.83","4.11","13.54","On","12.916721,77.599806",
"08-Sep-2026 20:26:54","48.06","4.11","13.57","On","12.916762,77.603546",
"08-Sep-2026 20:27:24","47.44","4.11","13.57","On","12.916681,77.607586",
"08-Sep-2026 20:27:54","56.55","4.11","13.54","On","12.916614,77.611243",
"08-Sep-2026 20:28:24","57.19","4.11","13.57","On","12.916422,77.615589",
"08-Sep-2026 20:28:54","51.52","4.11","13.52","On","12.916392,77.619527",
"08-Sep-2026 20:29:00","53.19","4.11","13.52","On","12.916935,77.620443",
"08-Sep-2026 20:29:15","47.33","4.11","13.52","On","12.918173,77.621342",
"08-Sep-2026 20:29:20","25.31","4.11","13.52","On","12.91893,77.62148",
"08-Sep-2026 20:29:24","44.53","4.11","13.5","On","12.919061,77.62181",
"08-Sep-2026 20:29:25","44.53","4.11","13.5","On","12.919061,77.62181",
"08-Sep-2026 20:29:30","43.55","4.11","13.5","On","12.918855,77.622241",
"08-Sep-2026 20:29:54","41.79","4.11","13.54","On","12.916266,77.62358",
"08-Sep-2026 20:30:24","27.09","4.11","13.54","On","12.91416,77.624738",
"08-Sep-2026 20:30:54","8.41","4.11","13.52","On","12.913071,77.625402",
"08-Sep-2026 20:31:24","9.08","4.11","13.54","On","12.912513,77.625756",
"08-Sep-2026 20:31:54","23.28","4.11","13.54","On","12.911573,77.626349",
"08-Sep-2026 20:32:20","7.04","4.11","13.54","On","12.910751,77.62683",
"08-Sep-2026 20:32:24","13.3","4.11","13.54","On","12.910672,77.626888",
"08-Sep-2026 20:32:25","13.3","4.11","13.54","On","12.910672,77.626888",
"08-Sep-2026 20:32:54","40.77","4.11","13.59","On","12.908912,77.627941",
"08-Sep-2026 20:33:24","1.42","4.11","13.54","On","12.907584,77.628784",
"08-Sep-2026 20:33:25","1.42","4.11","13.54","On","12.907584,77.628784",
"08-Sep-2026 20:33:54","0.36","4.11","13.52","On","12.907565,77.628805",
"08-Sep-2026 20:34:24","9.53","4.11","13.54","On","12.907436,77.628905",
"08-Sep-2026 20:34:45","32.57","4.11","13.54","On","12.90705,77.62918",
"08-Sep-2026 20:34:54","52.29","4.11","13.52","On","12.906269,77.629592",
"08-Sep-2026 20:35:24","45","4.11","13.52","On","12.902875,77.631642",
"08-Sep-2026 20:35:54","55.83","4.11","13.57","On","12.899821,77.633668",
"08-Sep-2026 20:36:24","37.17","4.11","13.54","On","12.896269,77.635791",
"08-Sep-2026 20:36:54","0.77","4.11","13.54","On","12.895519,77.636204",
"08-Sep-2026 20:37:00","5.9","4.11","13.54","On","12.895476,77.636228",
"08-Sep-2026 20:37:24","3.63","4.11","13.59","On","12.895483,77.636263",
"08-Sep-2026 20:37:54","1.16","4.11","13.57","On","12.895475,77.636275",
"08-Sep-2026 20:38:05","14.51","4.11","13.57","On","12.89526,77.636382",
"08-Sep-2026 20:38:24","15.56","4.11","13.52","On","12.894621,77.636713",
"08-Sep-2026 20:38:54","52.22","4.11","13.54","On","12.892295,77.638207",
"08-Sep-2026 20:39:24","23.04","4.11","13.54","On","12.889823,77.639852",
"08-Sep-2026 20:39:54","1.62","4.11","13.57","On","12.889537,77.640011",
"08-Sep-2026 20:40:24","1.68","4.11","13.59","On","12.889497,77.639965",
"08-Sep-2026 20:40:45","13.02","4.11","13.59","On","12.889368,77.640067",
"08-Sep-2026 20:40:50","32.56","4.11","13.59","On","12.888973,77.640313",
"08-Sep-2026 20:40:54","39.85","4.11","13.57","On","12.888686,77.64047",
"08-Sep-2026 20:41:24","57.18","4.11","13.62","On","12.885463,77.642263",
"08-Sep-2026 20:41:54","52.89","4.11","13.54","On","12.88184,77.6446",
"08-Sep-2026 20:42:24","14.02","4.11","13.57","On","12.879198,77.646358",
"08-Sep-2026 20:42:25","14.02","4.11","13.57","On","12.879198,77.646358",
"08-Sep-2026 20:42:30","32.52","4.11","13.57","On","12.87876,77.646615",
"08-Sep-2026 20:42:54","50.69","4.11","13.57","On","12.876366,77.647991",
"08-Sep-2026 20:43:20","11.37","4.11","13.57","On","12.874392,77.649915",
"08-Sep-2026 20:43:24","20.33","4.11","13.52","On","12.874315,77.650042",
"08-Sep-2026 20:43:30","31.53","4.11","13.52","On","12.873884,77.650479",
"08-Sep-2026 20:43:54","21.38","4.11","13.57","On","12.872972,77.651237",
"08-Sep-2026 20:44:24","43.4","4.11","13.57","On","12.870773,77.652997",
"08-Sep-2026 20:44:40","15.2","4.11","13.57","On","12.870231,77.653497",
"08-Sep-2026 20:44:50","4.67","4.11","13.57","On","12.870356,77.653701",
"08-Sep-2026 20:44:54","5.28","4.11","13.54","On","12.870391,77.65376",
"08-Sep-2026 20:45:15","15.8","4.11","13.54","On","12.870616,77.654118",
"08-Sep-2026 20:45:24","11.74","4.11","13.52","On","12.870722,77.654437",
"08-Sep-2026 20:45:25","11.74","4.11","13.52","On","12.870722,77.654437",
"08-Sep-2026 20:45:54","1.76","4.11","13.4","On","12.870785,77.655177",
"08-Sep-2026 20:46:24","2.69","4.11","13.64","On","12.870786,77.655183",
"08-Sep-2026 20:46:54","1.99","4.11","13.74","On","12.870793,77.655177",
"08-Sep-2026 20:47:24","1.22","4.11","13.76","On","12.870799,77.65517",
"08-Sep-2026 20:47:54","0.93","4.11","13.79","On","12.870816,77.655178",
"08-Sep-2026 20:48:10","0.58","4.11","13.79","On","12.870802,77.655181",
"08-Sep-2026 20:48:24","0.48","4.11","13.74","On","12.870814,77.655186",
"08-Sep-2026 20:48:54","1.59","4.11","13.76","On","12.870792,77.65519",
"08-Sep-2026 20:49:24","0.67","4.11","13.79","On","12.870798,77.655167",
"08-Sep-2026 20:49:54","4.37","4.11","13.62","On","12.870768,77.655337",
"08-Sep-2026 20:50:15","11.64","4.11","13.62","On","12.870708,77.655678",
"08-Sep-2026 20:50:20","1.19","4.11","13.62","On","12.870677,77.655738",
"08-Sep-2026 20:50:24","1.3","4.11","13.52","On","12.870679,77.655748",
"08-Sep-2026 20:50:54","7.14","4.11","13.52","On","12.870774,77.655607",
"08-Sep-2026 20:51:24","3.27","4.11","13.54","On","12.870909,77.654997",
"08-Sep-2026 20:51:30","10.99","4.11","13.54","On","12.870985,77.654974",
"08-Sep-2026 20:51:40","5.96","4.11","13.54","On","12.871342,77.654963",
"08-Sep-2026 20:51:54","6.91","4.11","13.59","On","12.871695,77.65499",
"08-Sep-2026 20:52:00","15.76","4.11","13.59","On","12.871869,77.655021",
"08-Sep-2026 20:52:05","5.65","4.11","13.59","On","12.871965,77.655017",
"08-Sep-2026 20:52:24","6.82","4.11","13.62","On","12.872383,77.655102",
"08-Sep-2026 20:52:30","21.84","4.11","13.62","On","12.872505,77.655232",
"08-Sep-2026 20:52:35","1.43","4.11","13.62","On","12.872639,77.65531",
"08-Sep-2026 20:52:40","14.27","4.11","13.62","On","12.872703,77.655395",
"08-Sep-2026 20:52:45","17.78","4.11","13.62","On","12.87281,77.655507",
"08-Sep-2026 20:52:54","10.77","4.11","13.59","On","12.873043,77.655673",
"08-Sep-2026 20:53:00","3.88","4.11","13.59","On","12.8732,77.655771",
"08-Sep-2026 20:53:15","31.78","4.11","13.59","On","12.873651,77.655861",
"08-Sep-2026 20:53:24","10.81","4.11","13.57","On","12.874154,77.655923",
"08-Sep-2026 20:53:45","3.18","4.11","13.57","On","12.875216,77.656024",
"08-Sep-2026 20:53:50","18.82","4.11","13.57","On","12.875336,77.65604",
"08-Sep-2026 20:53:54","17.32","4.11","13.57","On","12.875561,77.656069",
"08-Sep-2026 20:53:55","7.39","4.11","13.57","On","12.875591,77.656234",
"08-Sep-2026 20:54:24","11.78","4.11","13.57","On","12.875574,77.656941",
"08-Sep-2026 20:54:25","11.78","4.11","13.57","On","12.875574,77.656941",
"08-Sep-2026 20:54:45","10.06","4.11","13.57","On","12.87558,77.657752",
"08-Sep-2026 20:54:50","5.98","4.11","13.57","On","12.875516,77.657717",
"08-Sep-2026 20:54:54","1.32","4.11","13.66","On","12.875469,77.657707",
"08-Sep-2026 20:55:24","0.24","4.11","13.71","Off","12.875495,77.657687",
"08-Sep-2026 20:55:54","0.14","4.11","13.11","Off","12.875497,77.657668",
"08-Sep-2026 20:56:24","0.09","4.11","13.01","Off","12.875504,77.657656",
"08-Sep-2026 20:56:53","0.09","4.11","12.99","Off","12.875504,77.657656",
"08-Sep-2026 20:57:24","0.12","4.11","12.97","Off","12.87552,77.657669",
"08-Sep-2026 20:57:54","0.86","4.11","12.97","Off","12.875525,77.657662",
"08-Sep-2026 20:58:54","0.18","4.11","12.89","Off","12.875528,77.657668",
"08-Sep-2026 20:59:54","0.33","4.11","12.87","Off","12.875545,77.657664",
"08-Sep-2026 21:00:53","0.33","4.11","12.85","Off","12.875545,77.657664",
"08-Sep-2026 21:32:04","0.33","4.11","12.65","On","12.875545,77.657664",
"08-Sep-2026 21:32:04","0.33","4.11","12.65","On","12.875545,77.657664",
"08-Sep-2026 21:32:04","0.98","4.11","12.65","On","12.875539,77.65767",
"08-Sep-2026 21:32:24","0.98","4.11","12.89","On","12.875539,77.65767",
"08-Sep-2026 21:32:54","12.62","4.11","13.54","On","12.875367,77.657713",
"08-Sep-2026 21:32:55","12.62","4.11","13.54","On","12.875367,77.657713",
"08-Sep-2026 21:33:00","11.02","4.11","13.54","On","12.875607,77.657758",
"08-Sep-2026 21:33:05","4.87","4.11","13.54","On","12.875619,77.657757",
"08-Sep-2026 21:33:10","12.58","4.11","13.54","On","12.875633,77.657662",
"08-Sep-2026 21:33:15","15.96","4.11","13.54","On","12.875631,77.657511",
"08-Sep-2026 21:33:20","17.28","4.11","13.54","On","12.875683,77.657347",
"08-Sep-2026 21:33:24","21.8","4.11","13.62","On","12.87566,77.657159",
"08-Sep-2026 21:33:45","13.69","4.11","13.62","On","12.875604,77.656606",
"08-Sep-2026 21:33:50","19.18","4.11","13.62","On","12.875616,77.656401",
"08-Sep-2026 21:33:54","3.66","4.11","13.62","On","12.875615,77.65625",
"08-Sep-2026 21:34:00","11.17","4.11","13.62","On","12.875536,77.656145",
"08-Sep-2026 21:34:15","2.25","4.11","13.62","On","12.875172,77.656068",
"08-Sep-2026 21:34:24","0.68","4.11","13.62","On","12.875128,77.656093",
"08-Sep-2026 21:34:35","15.59","4.11","13.62","On","12.875042,77.656077",
"08-Sep-2026 21:34:45","10.61","4.11","13.62","On","12.874614,77.656005",
"08-Sep-2026 21:34:50","17.86","4.11","13.62","On","12.874471,77.65599",
"08-Sep-2026 21:34:54","15.3","4.11","13.64","On","12.874313,77.655981",
"08-Sep-2026 21:35:15","18.19","4.11","13.64","On","12.873188,77.655812",
"08-Sep-2026 21:35:24","8.11","4.11","13.62","On","12.873032,77.655711",
"08-Sep-2026 21:35:40","16.84","4.11","13.62","On","12.872521,77.655215",
"08-Sep-2026 21:35:45","3.48","4.11","13.62","On","12.872462,77.655119",
"08-Sep-2026 21:35:54","5.65","4.11","13.64","On","12.872334,77.655057",
"08-Sep-2026 21:36:15","13.46","4.11","13.64","On","12.871918,77.654972",
"08-Sep-2026 21:36:24","4.64","4.11","13.66","On","12.871554,77.654935",
"08-Sep-2026 21:36:25","4.64","4.11","13.66","On","12.871554,77.654935",
"08-Sep-2026 21:36:54","4.17","4.11","13.64","On","12.870923,77.654999",
"08-Sep-2026 21:37:00","13.85","4.11","13.64","On","12.870805,77.655276",
"08-Sep-2026 21:37:24","0.96","4.11","13.79","On","12.87081,77.655412",
"08-Sep-2026 21:37:54","1.1","4.11","13.83","On","12.870802,77.655413",
"08-Sep-2026 21:38:24","0.55","4.11","13.83","On","12.870762,77.65539",
"08-Sep-2026 21:38:54","0.64","4.11","13.83","On","12.870763,77.655407",
"08-Sep-2026 21:39:24","1.49","4.11","13.86","On","12.870774,77.655414",
"08-Sep-2026 21:39:54","0.84","4.11","13.86","On","12.870761,77.655399",
"08-Sep-2026 21:40:24","2.04","4.11","13.79","On","12.870773,77.655388",
"08-Sep-2026 21:40:54","0.3","4.11","13.83","On","12.870736,77.655381",
"08-Sep-2026 21:41:24","1","4.11","13.83","On","12.870741,77.655383",
"08-Sep-2026 21:41:54","0.94","4.11","13.83","On","12.870752,77.655346",
"08-Sep-2026 21:42:24","2.05","4.11","13.83","On","12.870755,77.655346",
"08-Sep-2026 21:42:54","0.67","4.11","13.81","On","12.870755,77.655366",
"08-Sep-2026 21:43:24","0.86","4.11","13.86","On","12.870752,77.655344",
"08-Sep-2026 21:43:54","2.7","4.11","13.86","On","12.870769,77.655354",
"08-Sep-2026 21:44:20","1.56","4.11","13.86","On","12.870669,77.656071",
"08-Sep-2026 21:44:24","0.62","4.11","13.59","On","12.870669,77.656088",
"08-Sep-2026 21:44:45","21.18","4.11","13.59","On","12.870611,77.655693",
"08-Sep-2026 21:44:54","31.26","4.11","13.64","On","12.870683,77.65513",
"08-Sep-2026 21:45:05","24.89","4.11","13.64","On","12.870662,77.654277",
"08-Sep-2026 21:45:24","10.84","4.11","13.62","On","12.87015,77.653651",
"08-Sep-2026 21:45:25","15.21","4.11","13.62","On","12.870015,77.653609",
"08-Sep-2026 21:45:30","14.53","4.11","13.62","On","12.869877,77.653601",
"08-Sep-2026 21:45:54","43.53","4.11","13.66","On","12.868301,77.654863",
"08-Sep-2026 21:46:20","40.05","4.11","13.66","On","12.866422,77.656306",
"08-Sep-2026 21:46:24","41.52","4.11","13.64","On","12.866098,77.656534",
"08-Sep-2026 21:46:54","45.76","4.11","13.66","On","12.863034,77.658863",
"08-Sep-2026 21:47:24","44.65","4.11","13.66","On","12.860501,77.660868",
"08-Sep-2026 21:47:54","40.23","4.11","13.66","On","12.858087,77.662769",
"08-Sep-2026 21:48:24","9.64","4.11","13.62","On","12.856365,77.664227",
"08-Sep-2026 21:48:54","45.33","4.11","13.66","On","12.854365,77.665824",
"08-Sep-2026 21:49:24","46.82","4.11","13.64","On","12.851947,77.667772",
"08-Sep-2026 21:49:54","36.13","4.11","13.62","On","12.849207,77.670028",
"08-Sep-2026 21:50:24","37.19","4.11","13.64","On","12.846978,77.671727",
"08-Sep-2026 21:50:54","49.71","4.11","13.59","On","12.843864,77.674098",
"08-Sep-2026 21:51:24","38.38","4.11","13.57","On","12.84119,77.676209",
"08-Sep-2026 21:51:54","8.47","4.11","13.57","On","12.840213,77.676897",
"08-Sep-2026 21:52:24","30.57","4.11","13.54","On","12.839207,77.677656",
"08-Sep-2026 21:52:54","28.55","4.11","13.59","On","12.837098,77.678889",
"08-Sep-2026 21:53:00","41.96","4.11","13.59","On","12.836748,77.679034",
"08-Sep-2026 21:53:24","53.66","4.11","13.57","On","12.834109,77.68004",
"08-Sep-2026 21:53:54","61.99","4.11","13.57","On","12.829655,77.681433",
"08-Sep-2026 21:54:24","55.05","4.11","13.57","On","12.825954,77.682952",
"08-Sep-2026 21:54:45","54.44","4.11","13.57","On","12.82375,77.68459",
"08-Sep-2026 21:54:54","55.25","4.11","13.57","On","12.822539,77.685757",
"08-Sep-2026 21:55:24","54.87","4.11","13.59","On","12.819731,77.688399",
"08-Sep-2026 21:55:54","59.13","4.11","13.57","On","12.816156,77.69131",
"08-Sep-2026 21:56:24","43.65","4.11","13.57","On","12.81383,77.693189",
"08-Sep-2026 21:56:54","58.37","4.11","13.59","On","12.810369,77.695984",
"08-Sep-2026 21:57:24","19.55","4.11","13.59","On","12.807921,77.697988",
"08-Sep-2026 21:57:54","55.18","4.11","13.59","On","12.805008,77.700317",
"08-Sep-2026 21:58:15","55.79","4.11","13.59","On","12.803211,77.70244",
"08-Sep-2026 21:58:24","48.58","4.11","13.57","On","12.802903,77.703279",
"08-Sep-2026 21:58:54","21.32","4.11","13.57","On","12.80221,77.705024",
"08-Sep-2026 21:58:55","21.32","4.11","13.57","On","12.80221,77.705024",
"08-Sep-2026 21:59:00","26.06","4.11","13.57","On","12.801898,77.705021",
"08-Sep-2026 21:59:24","23.17","4.11","13.57","On","12.800536,77.705418",
"08-Sep-2026 21:59:54","9.6","4.11","13.52","On","12.798286,77.70616",
"08-Sep-2026 22:00:24","0.28","4.11","13.54","On","12.798271,77.706181",
"08-Sep-2026 22:00:54","0.22","4.11","13.5","On","12.79828,77.706169",
"08-Sep-2026 22:00:55","3.28","4.11","13.5","On","12.798267,77.706171",
"08-Sep-2026 22:01:05","16.89","4.11","13.5","On","12.798113,77.706214",
"08-Sep-2026 22:01:24","17.04","4.11","13.59","On","12.797223,77.706436",
"08-Sep-2026 22:01:50","36.58","4.11","13.59","On","12.795433,77.706651",
"08-Sep-2026 22:01:54","37.55","4.11","13.59","On","12.795042,77.706617",
"08-Sep-2026 22:02:24","23.78","4.11","13.54","On","12.792561,77.706094",
"08-Sep-2026 22:02:54","34.68","4.11","13.57","On","12.790249,77.705611",
"08-Sep-2026 22:03:00","39.96","4.11","13.57","On","12.789547,77.705331",
"08-Sep-2026 22:03:24","25.34","4.11","13.57","On","12.787999,77.703867",
"08-Sep-2026 22:03:45","29.51","4.11","13.57","On","12.787164,77.703364",
"08-Sep-2026 22:03:54","28.03","4.11","13.57","On","12.786586,77.703257",
"08-Sep-2026 22:04:24","25.25","4.11","13.57","On","12.784881,77.703112",
"08-Sep-2026 22:04:35","22.6","4.11","13.57","On","12.784441,77.703215",
"08-Sep-2026 22:04:54","30.13","4.11","13.59","On","12.783346,77.703655",
"08-Sep-2026 22:05:10","27.84","4.11","13.59","On","12.782252,77.703923",
"08-Sep-2026 22:05:15","17.65","4.11","13.59","On","12.781894,77.703738",
"08-Sep-2026 22:05:24","13.02","4.11","13.66","On","12.781586,77.703537",
"08-Sep-2026 22:05:25","13.02","4.11","13.66","On","12.781586,77.703537",
"08-Sep-2026 22:05:30","19.17","4.11","13.66","On","12.781625,77.70339",
"08-Sep-2026 22:05:54","28.16","4.11","13.66","On","12.781968,77.702216",
"08-Sep-2026 22:06:24","3.52","4.11","13.66","On","12.782256,77.701266",
"08-Sep-2026 22:06:54","14.45","4.11","13.66","On","12.782474,77.70053",
"08-Sep-2026 22:07:15","7.9","4.11","13.66","On","12.782679,77.69994",
"08-Sep-2026 22:07:24","1.49","4.11","13.5","Off","12.782804,77.699902",
"08-Sep-2026 22:07:54","0.4","4.11","13.09","Off","12.782791,77.699871",
"08-Sep-2026 22:08:24","0.59","4.11","13.04","Off","12.782788,77.699837",
"08-Sep-2026 22:08:50","0.59","4.11","13.01","Off","12.782788,77.699837",
"08-Sep-2026 22:09:24","0.24","4.11","13.01","Off","12.782786,77.699808",
"08-Sep-2026 22:09:54","0.84","4.11","12.99","Off","12.782806,77.699796",
"08-Sep-2026 22:10:54","0.36","4.11","12.94","Off","12.7828,77.699806",
"08-Sep-2026 22:11:54","0.3","4.11","12.92","Off","12.782822,77.69973",
"08-Sep-2026 22:12:50","0.3","4.11","12.85","Off","12.782822,77.69973",
"08-Sep-2026 22:42:22","0.3","4.11","12.63","On","12.782822,77.69973",
"08-Sep-2026 22:42:22","0.3","4.11","12.63","On","12.782822,77.69973",
"08-Sep-2026 22:42:22","0.37","4.11","12.63","On","12.782841,77.699709",
"08-Sep-2026 22:42:24","0.37","4.11","12.58","On","12.782841,77.699709",
"08-Sep-2026 22:43:24","0.12","4.11","12.75","Off","12.78278,77.699647",
"08-Sep-2026 22:43:54","1.92","4.11","12.68","Off","12.782772,77.699686",
"08-Sep-2026 22:44:20","1.92","4.11","12.65","Off","12.782772,77.699686",
"08-Sep-2026 22:44:54","0.57","4.11","12.63","Off","12.78274,77.699727",
"08-Sep-2026 22:45:54","0.57","4.11","12.6","On","12.78274,77.699727",
"08-Sep-2026 22:45:54","0.7","4.11","12.6","On","12.782784,77.699746",
"08-Sep-2026 22:45:54","0.7","4.11","12.6","On","12.782784,77.699746",
"08-Sep-2026 22:46:24","0.49","4.11","12.36","On","12.782782,77.699703",
"08-Sep-2026 22:46:54","1.29","4.11","13.21","On","12.782763,77.699723",
"08-Sep-2026 22:47:24","0.93","4.11","13.86","On","12.782763,77.699708",
"08-Sep-2026 22:47:54","0.4","4.11","13.93","On","12.782766,77.699726",
"08-Sep-2026 22:48:24","0.92","4.1","11.18","On","12.782769,77.699724",
"08-Sep-2026 22:48:54","1.12","4.11","12.46","On","12.782788,77.699735",
"08-Sep-2026 22:49:24","0.38","4.11","12.48","On","12.782794,77.699721",
"08-Sep-2026 22:49:54","0.98","4.11","12.34","On","12.782787,77.699755",
"08-Sep-2026 22:50:24","1.7","4.11","12.22","On","12.782787,77.69976",
"08-Sep-2026 22:50:54","0.73","4.11","12.17","On","12.782815,77.699788",
"08-Sep-2026 22:51:24","0.31","4.11","12.15","On","12.782801,77.699791",
"08-Sep-2026 22:51:54","0.76","4.11","13.52","On","12.782782,77.699788",
"08-Sep-2026 22:52:24","0.7","4.11","13.86","On","12.782766,77.699771",
"08-Sep-2026 22:52:54","0.51","4.1","4.92","Off","12.78277,77.699788",
"08-Sep-2026 22:53:24","0.37","4.09","0.6","Off","12.782765,77.699784",
"08-Sep-2026 22:53:54","1.04","4.1","9.42","On","12.78277,77.699779",
"08-Sep-2026 22:54:24","0.8","4.1","12.97","On","12.782772,77.699732",
"08-Sep-2026 22:54:54","1.09","4.1","13.66","On","12.782752,77.699761",
"08-Sep-2026 22:55:24","0.87","4.14","13.91","On","12.782775,77.699771",
"08-Sep-2026 22:55:54","0.4","4.14","13.42","On","12.782788,77.699775",
"08-Sep-2026 22:56:24","0.73","4.14","13.42","On","12.782793,77.699791",
"08-Sep-2026 22:56:54","0.94","4.13","13.91","On","12.782788,77.699802",
"08-Sep-2026 22:57:24","1.27","4.13","13.93","On","12.782802,77.699791",
"08-Sep-2026 22:57:54","0.73","4.13","13.16","On","12.782789,77.699787",
"08-Sep-2026 22:58:24","0.16","4.13","12.87","On","12.782783,77.699771",
"08-Sep-2026 22:58:54","1.28","4.13","12.68","On","12.782781,77.699758",
"08-Sep-2026 22:59:24","0.85","4.13","12.48","Off","12.782789,77.699755",
"08-Sep-2026 22:59:54","1.19","4.13","12.58","Off","12.782794,77.699767",
"08-Sep-2026 23:00:24","0.78","4.13","12.56","On","12.782796,77.699798",
"08-Sep-2026 23:00:54","0.37","4.12","9.16","Off","12.782794,77.6998",
"08-Sep-2026 23:01:24","0.14","4.11","1.16","Off","12.782791,77.699783",
"08-Sep-2026 23:01:54","0.29","4.12","9.5","On","12.782785,77.699779",
"08-Sep-2026 23:02:24","0.34","4.12","13.16","On","12.782783,77.699793",
"08-Sep-2026 23:02:54","0.67","4.12","13.83","On","12.782775,77.699818",
"08-Sep-2026 23:03:24","0.74","4.12","8.65","On","12.78277,77.699818",
"08-Sep-2026 23:03:54","0.94","4.12","12.34","On","12.782766,77.699802",
"08-Sep-2026 23:04:24","0.69","4.12","10.77","Off","12.782777,77.699815",
"08-Sep-2026 23:04:54","0.51","4.12","11.42","On","12.782772,77.699804",
"08-Sep-2026 23:05:24","0.38","4.12","13.21","On","12.782759,77.699797",
"08-Sep-2026 23:05:54","1.16","4.12","13.86","On","12.78276,77.699822",
"08-Sep-2026 23:06:24","1.02","4.12","13.93","On","12.782773,77.699821",
"08-Sep-2026 23:06:54","0.96","4.12","12.65","On","12.782764,77.699816",
"08-Sep-2026 23:07:24","1.61","4.12","12.99","On","12.782769,77.699819",
"08-Sep-2026 23:07:54","0.98","4.12","13.81","On","12.78277,77.69981",
"08-Sep-2026 23:08:24","0.95","4.12","13.93","On","12.782785,77.699801",
"08-Sep-2026 23:08:54","0.49","4.12","13.95","On","12.782784,77.699792",
"08-Sep-2026 23:09:24","1.4","4.11","9.01","On","12.782787,77.699785",
"08-Sep-2026 23:09:54","0.39","4.12","12.39","On","12.782788,77.699808",
"08-Sep-2026 23:10:24","1.21","4.12","13.71","On","12.782783,77.699824",
"08-Sep-2026 23:10:54","0.57","4.12","13.93","On","12.782793,77.699832",
"08-Sep-2026 23:11:24","1.41","4.12","13.52","Off","12.78277,77.699822",
"08-Sep-2026 23:11:54","3.78","4.12","13.54","On","12.782782,77.699819",
"08-Sep-2026 23:12:24","0.72","4.12","13.38","Off","12.782793,77.699857",
"08-Sep-2026 23:12:54","1.81","4.12","13.21","Off","12.782779,77.699814",
"08-Sep-2026 23:13:24","1.21","4.12","13.16","Off","12.782792,77.699755",
"08-Sep-2026 23:13:54","3.55","4.12","12.94","On","12.782804,77.69972",
"08-Sep-2026 23:14:24","1.22","4.12","13.38","Off","12.782819,77.699713",
"08-Sep-2026 23:14:54","2.93","4.12","13.16","Off","12.782832,77.699711",
"08-Sep-2026 23:15:24","0.05","4.12","13.06","Off","12.78286,77.699706",
"08-Sep-2026 23:15:47","0.05","4.12","13.06","Off","12.78286,77.699706",
"08-Sep-2026 23:16:24","0.59","4.12","13.04","Off","12.782825,77.699713",
"08-Sep-2026 23:16:54","2.05","4.12","13.01","Off","12.782794,77.699747",
"08-Sep-2026 23:17:54","0.28","4.12","12.99","Off","12.782813,77.699753",
"08-Sep-2026 23:18:54","0.96","4.12","12.92","Off","12.782845,77.699786",
"08-Sep-2026 23:19:47","0.96","4.12","12.89","Off","12.782845,77.699786",
"08-Sep-2026 23:29:06","0.96","4.12","12.75","On","12.782845,77.699786",
"08-Sep-2026 23:29:06","0.96","4.12","12.75","On","12.782845,77.699786",
"08-Sep-2026 23:29:06","0.45","4.12","12.75","On","12.782856,77.699754",
"08-Sep-2026 23:29:24","0.45","4.12","13.13","On","12.782856,77.699754",
"08-Sep-2026 23:30:24","4.15","4.12","13.88","On","12.782671,77.699834",
"08-Sep-2026 23:30:54","2.48","4.12","13.91","On","12.782605,77.70002",
"08-Sep-2026 23:31:24","0.98","4.12","13.91","On","12.782621,77.699924",
"08-Sep-2026 23:31:54","0.62","4.12","13.88","On","12.782749,77.699815",
"08-Sep-2026 23:32:24","0.32","4.12","13.16","On","12.782766,77.699731",
"08-Sep-2026 23:32:54","0.92","4.12","13.79","On","12.782773,77.699729",
"08-Sep-2026 23:33:24","1.02","4.12","13.93","On","12.782756,77.699699",
"08-Sep-2026 23:33:54","0.28","4.12","12.92","Off","12.782748,77.699675",
"08-Sep-2026 23:34:24","0.31","4.11","11.91","On","12.782736,77.699673",
"08-Sep-2026 23:34:54","0.43","4.12","13.47","On","12.782753,77.699667",
"08-Sep-2026 23:35:24","0.23","4.12","13.88","On","12.782759,77.699672",
"08-Sep-2026 23:35:54","0.31","4.11","13.98","On","12.782775,77.699705",
"08-Sep-2026 23:36:24","0.25","4.12","13.95","On","12.782788,77.699731",
"08-Sep-2026 23:36:54","0.36","4.12","13.95","On","12.78278,77.699744",
"08-Sep-2026 23:37:24","0.47","4.12","13.98","On","12.782781,77.699743",
"08-Sep-2026 23:37:54","0.54","4.11","13.95","On","12.782783,77.699745",
"08-Sep-2026 23:38:24","0.18","4.1","5.98","On","12.782792,77.699748",
"08-Sep-2026 23:38:54","0.19","4.11","12.05","On","12.782786,77.699726",
"08-Sep-2026 23:39:24","0.19","4.11","13.64","On","12.782789,77.69973",
"08-Sep-2026 23:39:54","0.31","4.11","13.88","On","12.782785,77.699723",
"08-Sep-2026 23:40:24","0.46","4.12","13.95","On","12.782781,77.699723",
"08-Sep-2026 23:40:54","0.26","4.1","3.93","Off","12.782784,77.699742",
"08-Sep-2026 23:41:24","0.34","4.1","9.3","On","12.782784,77.699746",
"08-Sep-2026 23:41:54","0.27","4.11","12.29","On","12.782788,77.69975",
"08-Sep-2026 23:42:24","1.46","4.11","12.58","On","12.782782,77.69975",
"08-Sep-2026 23:42:54","0.26","4.11","12.46","On","12.782786,77.699758",
"08-Sep-2026 23:43:24","0.38","4.11","12.34","On","12.782764,77.699768",
"08-Sep-2026 23:43:54","0.52","4.11","12.24","On","12.782776,77.699765",
"08-Sep-2026 23:44:24","0.69","4.11","13.59","On","12.782778,77.699758",
"08-Sep-2026 23:44:54","0.24","4.1","8.27","Off","12.782791,77.699724",
"08-Sep-2026 23:45:24","0.17","4.09","1.04","Off","12.782795,77.699733",
"08-Sep-2026 23:45:54","0.32","4.1","10.31","On","12.782793,77.699723",
"08-Sep-2026 23:46:24","0.75","4.1","13.28","On","12.782803,77.699747",
"08-Sep-2026 23:46:54","0.34","4.11","13.74","On","12.782803,77.699748",
"08-Sep-2026 23:47:24","0.5","4.14","13.38","Off","12.782795,77.699735",
"08-Sep-2026 23:47:54","0.33","4.14","13.16","Off","12.782791,77.699729",
"08-Sep-2026 23:48:14","0.33","4.14","13.09","Off","12.782791,77.699729",
"08-Sep-2026 23:48:54","0.33","4.14","12.92","On","12.782791,77.699729",
"08-Sep-2026 23:48:54","0.57","4.14","12.92","On","12.782797,77.699715",
"08-Sep-2026 23:48:54","0.57","4.14","12.92","On","12.782797,77.699715",
"08-Sep-2026 23:49:24","0.79","4.14","12.77","On","12.782806,77.699725",
"08-Sep-2026 23:49:54","0.5","4.14","12.63","On","12.782806,77.699733",
"08-Sep-2026 23:50:24","0.17","4.14","13.76","On","12.782808,77.699749",
"08-Sep-2026 23:50:54","0.72","4.14","13.93","On","12.782805,77.699751",
"08-Sep-2026 23:51:24","0.58","4.14","13.66","On","12.78282,77.699759",
"08-Sep-2026 23:51:54","1.5","4.13","12.65","On","12.782812,77.699768",
"08-Sep-2026 23:52:24","0.94","4.13","12.24","Off","12.782815,77.699794",
"08-Sep-2026 23:52:54","0.01","4.13","12.58","On","12.782811,77.699786",
"08-Sep-2026 23:53:24","0.77","4.13","13.71","On","12.782806,77.699761",
"08-Sep-2026 23:53:54","0.8","4.13","13.93","On","12.782801,77.699742",
"08-Sep-2026 23:54:24","0.22","4.13","13.93","On","12.782808,77.699751",
"08-Sep-2026 23:54:54","0.56","4.13","13.98","On","12.782801,77.699761",
"08-Sep-2026 23:55:24","0.62","4.13","13.98","On","12.782798,77.69976",
"08-Sep-2026 23:55:54","1.14","4.13","13.95","On","12.7828,77.69976",
"08-Sep-2026 23:56:24","0.32","4.13","13.95","On","12.782789,77.699745",
"08-Sep-2026 23:56:54","0.15","4.13","13.95","On","12.782793,77.699735",
"08-Sep-2026 23:57:24","0.81","4.13","13.93","On","12.782791,77.699735",
"08-Sep-2026 23:57:54","1.02","4.13","13.95","On","12.782783,77.699739",
"08-Sep-2026 23:58:24","0.7","4.13","13.98","On","12.782784,77.699765",
"08-Sep-2026 23:58:54","1.16","4.13","13.95","On","12.782784,77.699757",
"08-Sep-2026 23:59:24","0.85","4.13","13.95","On","12.782799,77.699766",
"08-Sep-2026 23:59:54","0.78","4.13","13.93","On","12.782801,77.699754",
"09-Sep-2026 00:00:24","1.14","4.13","13.93","On","12.7828,77.699745",
"09-Sep-2026 00:00:54","0.44","4.13","13.91","On","12.782779,77.699731",
"09-Sep-2026 00:01:24","0.34","4.13","13.93","On","12.782773,77.699737",
"09-Sep-2026 00:01:54","0.51","4.13","13.93","On","12.782763,77.699743",
"09-Sep-2026 00:02:24","0.12","4.13","13.95","On","12.782767,77.69975",
"09-Sep-2026 00:02:54","0.77","4.13","13.95","On","12.782768,77.699756",
"09-Sep-2026 00:03:24","0.21","4.13","13.95","On","12.782772,77.699749",
"09-Sep-2026 00:03:54","0.43","4.13","13.95","On","12.782778,77.699753",
"09-Sep-2026 00:04:24","1.29","4.13","13.93","On","12.782771,77.699732",
"09-Sep-2026 00:04:54","0.64","4.13","13.93","On","12.782776,77.699732",
"09-Sep-2026 00:05:24","0.51","4.13","13.93","On","12.782775,77.699725",
"09-Sep-2026 00:05:54","0.6","4.13","13.98","On","12.78278,77.699727",
"09-Sep-2026 00:06:24","0.64","4.13","13.95","On","12.782779,77.699744",
"09-Sep-2026 00:06:54","0.74","4.13","13.98","On","12.782771,77.699751",
"09-Sep-2026 00:07:24","0.42","4.13","13.98","On","12.782777,77.699755",
"09-Sep-2026 00:07:54","0.43","4.13","13.93","On","12.782781,77.699759",
"09-Sep-2026 00:08:24","0.59","4.13","13.95","On","12.78279,77.699763",
"09-Sep-2026 00:08:54","0.66","4.13","13.93","On","12.782797,77.699749",
"09-Sep-2026 00:09:24","0.56","4.13","13.95","On","12.782797,77.699735",
"09-Sep-2026 00:09:54","0.73","4.13","13.93","On","12.782791,77.699725",
"09-Sep-2026 00:10:24","0.53","4.13","13.98","On","12.782787,77.699731",
"09-Sep-2026 00:10:54","0.15","4.13","13.98","On","12.782792,77.699752",
"09-Sep-2026 00:11:24","0.87","4.13","13.95","On","12.782796,77.699745",
"09-Sep-2026 00:11:54","0.27","4.13","13.95","On","12.782792,77.69975",
"09-Sep-2026 00:12:24","0.81","4.13","13.91","On","12.782793,77.69977",
"09-Sep-2026 00:12:54","0.14","4.13","13.95","On","12.782793,77.69978",
"09-Sep-2026 00:13:24","0.99","4.13","13.95","On","12.782796,77.699777",
"09-Sep-2026 00:13:54","0.91","4.13","13.95","On","12.782791,77.699755",
"09-Sep-2026 00:14:24","0.64","4.13","13.93","On","12.782787,77.699749",
"09-Sep-2026 00:14:54","0.4","4.13","13.95","On","12.782776,77.699751",
"09-Sep-2026 00:15:24","0.6","4.13","13.95","On","12.78278,77.699738",
"09-Sep-2026 00:15:54","0.25","4.13","13.93","On","12.782784,77.699728",
"09-Sep-2026 00:16:24","0.52","4.13","13.93","On","12.782788,77.699736",
"09-Sep-2026 00:16:54","0.69","4.13","13.95","On","12.782783,77.699729",
"09-Sep-2026 00:17:24","0.58","4.13","13.95","On","12.782785,77.69973",
"09-Sep-2026 00:17:54","0.24","4.13","13.95","On","12.78278,77.69975",
"09-Sep-2026 00:18:24","0.08","4.13","13.98","On","12.782789,77.69977",
"09-Sep-2026 00:18:54","0.44","4.13","13.98","On","12.782793,77.699776",
"09-Sep-2026 00:19:24","0.1","4.13","13.93","On","12.782807,77.699783",
"09-Sep-2026 00:19:54","0.57","4.13","13.93","On","12.782807,77.699781",
"09-Sep-2026 00:20:24","0.16","4.13","13.93","On","12.782798,77.699768",
"09-Sep-2026 00:20:54","0.18","4.13","13.95","On","12.782782,77.699759",
"09-Sep-2026 00:21:24","0.89","4.13","13.93","On","12.782785,77.699755",
"09-Sep-2026 00:21:54","0.78","4.13","13.95","On","12.782785,77.699759",
"09-Sep-2026 00:22:24","0.64","4.13","13.98","On","12.782788,77.699766",
"09-Sep-2026 00:22:54","0.61","4.13","13.91","On","12.782778,77.699751",
"09-Sep-2026 00:23:24","0.86","4.13","13.93","On","12.782779,77.699743",
"09-Sep-2026 00:23:54","0.31","4.13","13.98","On","12.782781,77.69975",
"09-Sep-2026 00:24:24","0.37","4.13","13.95","On","12.782779,77.699746",
"09-Sep-2026 00:24:54","0.97","4.13","13.93","On","12.782789,77.699768",
"09-Sep-2026 00:25:24","0.69","4.13","13.95","On","12.782799,77.699778",
"09-Sep-2026 00:25:54","0.12","4.13","13.95","On","12.782784,77.699763",
"09-Sep-2026 00:26:24","0.37","4.13","13.95","On","12.782782,77.699748",
"09-Sep-2026 00:26:54","2.25","4.13","13.93","On","12.782783,77.699768",
"09-Sep-2026 00:27:24","0.97","4.13","13.93","On","12.782773,77.699796",
"09-Sep-2026 00:27:54","1.07","4.13","13.95","On","12.782792,77.699821",
"09-Sep-2026 00:28:24","0.39","4.13","13.95","On","12.782796,77.699803",
"09-Sep-2026 00:28:54","0.39","4.13","13.98","On","12.782792,77.699764",
"09-Sep-2026 00:29:24","0.99","4.13","13.95","On","12.782784,77.699765",
"09-Sep-2026 00:29:54","0.26","4.13","13.93","On","12.782771,77.699762",
"09-Sep-2026 00:30:24","1","4.13","13.93","On","12.782774,77.699753",
"09-Sep-2026 00:30:54","0.88","4.13","13.95","On","12.782768,77.699761",
"09-Sep-2026 00:31:24","0.06","4.13","13.93","On","12.782773,77.699769",
"09-Sep-2026 00:31:54","0.38","4.13","13.95","On","12.782765,77.699751",
"09-Sep-2026 00:32:24","0.57","4.13","13.95","On","12.782758,77.699749",
"09-Sep-2026 00:32:54","1.58","4.13","13.95","On","12.782772,77.699775",
"09-Sep-2026 00:33:24","0.42","4.13","13.93","On","12.782775,77.699739",
"09-Sep-2026 00:33:54","0.06","4.13","13.93","On","12.782789,77.699738",
"09-Sep-2026 00:34:24","0.71","4.13","13.93","On","12.782791,77.69973",
"09-Sep-2026 00:34:54","1.23","4.13","13.95","On","12.782793,77.699735",
"09-Sep-2026 00:35:24","0.86","4.13","13.95","On","12.782797,77.699742",
"09-Sep-2026 00:35:54","0.25","4.13","13.95","On","12.782784,77.699751",
"09-Sep-2026 00:36:24","1.02","4.13","13.95","On","12.782774,77.699771",
"09-Sep-2026 00:36:54","0.16","4.13","13.91","On","12.78277,77.699769",
"09-Sep-2026 00:37:24","1.12","4.13","13.91","On","12.782784,77.699767",
"09-Sep-2026 00:37:54","0.45","4.13","13.91","On","12.782787,77.699789",
"09-Sep-2026 00:38:24","0.76","4.13","13.91","On","12.782778,77.6998",
"09-Sep-2026 00:38:54","0.56","4.13","13.95","On","12.782776,77.699763",
"09-Sep-2026 00:39:24","0.02","4.13","13.95","On","12.782774,77.69976",
"09-Sep-2026 00:39:54","0.32","4.13","13.95","On","12.782779,77.699756",
"09-Sep-2026 00:40:24","0.55","4.13","13.91","On","12.782778,77.699747",
"09-Sep-2026 00:40:54","0.39","4.13","13.91","On","12.782794,77.699763",
"09-Sep-2026 00:41:24","1.2","4.13","13.91","On","12.782791,77.69976",
"09-Sep-2026 00:41:54","0.4","4.13","13.93","On","12.782779,77.699729",
"09-Sep-2026 00:42:24","0.27","4.13","13.95","On","12.782767,77.699721",
"09-Sep-2026 00:42:54","0.24","4.13","13.95","On","12.782765,77.699735",
"09-Sep-2026 00:43:24","0.36","4.13","13.95","On","12.782773,77.699734",
"09-Sep-2026 00:43:54","0.39","4.13","13.45","On","12.782773,77.699731",
"09-Sep-2026 00:44:24","1.51","4.13","13.4","On","12.782755,77.69979",
"09-Sep-2026 00:44:31","12.31","4.13","13.4","On","12.782937,77.699861",
"09-Sep-2026 00:44:36","19.18","4.13","13.4","On","12.78312,77.699928",
"09-Sep-2026 00:44:46","9.61","4.13","13.4","On","12.783262,77.700059",
"09-Sep-2026 00:44:54","0.33","4.13","13.81","On","12.783264,77.700178",
"09-Sep-2026 00:45:24","2.19","4.13","13.86","On","12.783322,77.700197",
"09-Sep-2026 00:45:54","1.02","4.13","13.52","Off","12.783296,77.700197",
"09-Sep-2026 00:46:24","1.45","4.13","13.16","Off","12.78324,77.700176",
"09-Sep-2026 00:46:54","0.62","4.13","13.06","Off","12.78319,77.700187",
"09-Sep-2026 00:47:12","0.62","4.13","13.04","Off","12.78319,77.700187",
"09-Sep-2026 00:47:54","0.83","4.13","13.01","Off","12.783196,77.700165",
"09-Sep-2026 00:48:54","1.99","4.13","13.01","Off","12.783173,77.700199",
"09-Sep-2026 00:49:54","2.45","4.13","12.92","Off","12.783138,77.700219",
"09-Sep-2026 00:50:54","0.88","4.13","12.89","Off","12.783094,77.700208",
"09-Sep-2026 00:51:12","0.88","4.13","12.89","Off","12.783094,77.700208",
"09-Sep-2026 00:55:06","0.88","4.13","12.87","On","12.783094,77.700208",
"09-Sep-2026 00:55:06","0.88","4.13","12.87","On","12.783094,77.700208",
"09-Sep-2026 00:55:06","1.51","4.13","12.87","On","12.783114,77.700204",
"09-Sep-2026 00:55:24","1.51","4.13","13.18","On","12.783114,77.700204",
"09-Sep-2026 00:58:54","1.66","4.13","13.93","On","12.783295,77.700165",
"09-Sep-2026 00:59:24","1.04","4.13","13.88","On","12.783215,77.700218",
"09-Sep-2026 00:59:54","3.18","4.13","13.91","On","12.783275,77.700167",
"09-Sep-2026 01:00:24","1.14","4.13","13.91","On","12.783352,77.700131",
"09-Sep-2026 01:00:54","1.71","4.13","13.91","On","12.783347,77.700131",
"09-Sep-2026 01:01:24","2.11","4.13","13.91","On","12.783343,77.700132",
"09-Sep-2026 01:01:54","1.82","4.13","13.95","On","12.783352,77.700135",
"09-Sep-2026 01:02:24","2.97","4.13","13.93","On","12.783323,77.700118",
"09-Sep-2026 01:02:54","2.72","4.13","13.95","On","12.783254,77.700138",
"09-Sep-2026 01:03:24","1.57","4.13","13.95","On","12.783175,77.700178",
"09-Sep-2026 01:03:54","5.66","4.13","13.93","On","12.783209,77.700151",
"09-Sep-2026 01:04:24","4.2","4.13","13.86","On","12.783011,77.699978",
"09-Sep-2026 01:04:54","0.7","4.13","13.83","On","12.78302,77.699963",
"09-Sep-2026 01:05:24","0.25","4.13","13.91","On","12.783015,77.699948",
"09-Sep-2026 01:05:54","0.6","4.13","13.91","On","12.782977,77.699964",
"09-Sep-2026 01:06:24","0.57","4.13","13.91","On","12.782992,77.699958",
"09-Sep-2026 01:06:54","9.4","4.13","13.91","On","12.782998,77.699951",
"09-Sep-2026 01:06:59","14.17","4.13","13.91","On","12.783132,77.699982",
"09-Sep-2026 01:07:09","6.72","4.13","13.91","On","12.783213,77.700074",
"09-Sep-2026 01:07:24","2.75","4.13","13.88","On","12.783285,77.700143",
"09-Sep-2026 01:07:54","2.01","4.13","13.79","On","12.783199,77.700155",
"09-Sep-2026 01:08:24","0.5","4.13","13.33","Off","12.783242,77.700162",
"09-Sep-2026 01:08:54","0.28","4.13","13.06","Off","12.783172,77.700146",
"09-Sep-2026 01:09:24","2.62","4.13","13.01","Off","12.783212,77.700119",
"09-Sep-2026 01:09:38","2.62","4.13","13.04","Off","12.783212,77.700119",
"09-Sep-2026 01:10:24","1.56","4.13","13.01","Off","12.78327,77.700168",
"09-Sep-2026 01:10:54","0.95","4.13","12.97","Off","12.78323,77.700153",
"09-Sep-2026 01:11:54","0.61","4.13","12.92","Off","12.783307,77.700197",
"09-Sep-2026 01:12:54","2.62","4.13","12.89","Off","12.783326,77.700185",
"09-Sep-2026 01:13:38","2.62","4.13","12.87","Off","12.783326,77.700185",
"09-Sep-2026 01:14:39","2.62","4.13","13.76","On","12.783326,77.700185",
"09-Sep-2026 01:15:24","0.7","4.13","13.88","On","12.783169,77.700641",
"09-Sep-2026 01:15:54","0.51","4.13","13.88","On","12.783206,77.700648",
"09-Sep-2026 01:16:24","0.81","4.13","13.91","On","12.783232,77.700658",
"09-Sep-2026 01:16:54","1.3","4.13","13.95","On","12.783227,77.700658",
"09-Sep-2026 01:17:24","2.76","4.13","13.95","On","12.783229,77.700671",
"09-Sep-2026 01:17:54","1.09","4.13","13.93","On","12.78327,77.700697",
"09-Sep-2026 01:18:24","0.9","4.13","13.95","On","12.783272,77.700693",
"09-Sep-2026 01:18:54","0.72","4.13","13.93","On","12.78324,77.700667",
"09-Sep-2026 01:19:24","0.7","4.13","13.91","On","12.783222,77.700632",
"09-Sep-2026 01:19:54","0.67","4.13","13.88","On","12.783216,77.700643",
"09-Sep-2026 01:20:24","0.57","4.13","13.93","On","12.783212,77.700652",
"09-Sep-2026 01:20:54","0.66","4.13","13.93","On","12.783208,77.700644",
"09-Sep-2026 01:21:24","1.88","4.13","13.93","On","12.783192,77.700641",
"09-Sep-2026 01:21:54","1.64","4.13","13.95","On","12.783214,77.700653",
"09-Sep-2026 01:22:24","0.52","4.13","13.95","On","12.783224,77.700649",
"09-Sep-2026 01:22:54","0.26","4.13","13.91","On","12.783235,77.700677",
"09-Sep-2026 01:23:24","1.63","4.13","13.93","On","12.783215,77.70066",
"09-Sep-2026 01:23:54","0.45","4.13","13.91","On","12.783224,77.700681",
"09-Sep-2026 01:24:24","0.22","4.13","13.93","On","12.783194,77.700692",
"09-Sep-2026 01:24:54","0.38","4.13","13.93","On","12.783205,77.700691",
"09-Sep-2026 01:25:24","1.45","4.13","13.91","On","12.783193,77.700748",
"09-Sep-2026 01:25:54","0.95","4.13","13.93","On","12.783175,77.700731",
"09-Sep-2026 01:26:24","0.58","4.13","13.93","On","12.783198,77.700728",
"09-Sep-2026 01:26:54","1.34","4.13","13.95","On","12.783226,77.700737",
"09-Sep-2026 01:27:24","0.21","4.13","13.95","On","12.78321,77.70073",
"09-Sep-2026 01:27:54","1.25","4.13","13.93","On","12.783195,77.700726",
"09-Sep-2026 01:28:24","0.65","4.13","13.93","On","12.783207,77.700737",
"09-Sep-2026 01:28:54","0.35","4.13","13.91","On","12.783154,77.700692",
"09-Sep-2026 01:29:24","1.05","4.13","13.95","On","12.783183,77.700687",
"09-Sep-2026 01:29:54","0.78","4.13","13.93","On","12.783193,77.700705",
"09-Sep-2026 01:30:24","0.5","4.13","13.91","On","12.783217,77.700713",
"09-Sep-2026 01:30:54","2.63","4.13","13.91","On","12.783247,77.700695",
"09-Sep-2026 01:31:24","0.84","4.13","13.91","On","12.783167,77.700666",
"09-Sep-2026 01:31:54","0.61","4.13","13.93","On","12.783159,77.700654",
"09-Sep-2026 01:32:24","2.04","4.13","13.93","On","12.783157,77.700675",
"09-Sep-2026 01:32:54","2.36","4.13","13.93","On","12.783181,77.700676",
"09-Sep-2026 01:33:24","1.81","4.13","13.59","Off","12.783189,77.700686",
"09-Sep-2026 01:33:54","1.63","4.13","13.18","Off","12.783202,77.700678",
"09-Sep-2026 01:34:17","1.63","4.13","13.09","Off","12.783202,77.700678",
"09-Sep-2026 01:34:33","1.63","4.13","13.09","Off","12.783202,77.700678",
"09-Sep-2026 01:34:33","0.4","4.13","13.09","Off","12.783186,77.700672",
"09-Sep-2026 01:34:54","1.58","4.13","13.04","Off","12.783167,77.700647",
"09-Sep-2026 01:35:24","2.07","4.13","12.99","Off","12.783176,77.700659",
"09-Sep-2026 01:35:54","0.36","4.13","12.94","Off","12.783154,77.700659",
"09-Sep-2026 01:36:24","2.51","4.13","12.92","Off","12.78316,77.70067",
"09-Sep-2026 01:36:27","2.51","4.13","12.92","Off","12.78316,77.70067",
"09-Sep-2026 01:37:24","1.16","4.13","12.89","Off","12.783187,77.700676",
"09-Sep-2026 01:37:54","0.79","4.13","12.87","Off","12.78317,77.700676",
"09-Sep-2026 01:38:54","0.47","4.13","12.82","Off","12.78318,77.700666",
"09-Sep-2026 01:39:54","1.59","4.13","12.77","Off","12.783204,77.700675",
"09-Sep-2026 01:40:27","1.59","4.13","12.72","Off","12.783204,77.700675",
"09-Sep-2026 01:41:27","1.59","4.13","12.75","Off","12.783204,77.700675",
"09-Sep-2026 01:41:27","0.81","4.13","12.75","Off","12.783148,77.700662",
"09-Sep-2026 01:42:54","0.42","4.13","12.63","Off","12.783255,77.700777",
"09-Sep-2026 01:43:16","0.42","4.13","12.63","Off","12.783255,77.700777",
"09-Sep-2026 01:43:54","2.25","4.13","12.6","Off","12.783008,77.700693",
"09-Sep-2026 01:44:54","0.46","4.13","12.58","Off","12.783037,77.700676",
"09-Sep-2026 01:45:54","1.16","4.13","12.56","Off","12.782973,77.700625",
"09-Sep-2026 01:46:54","1.54","4.13","12.53","Off","12.783091,77.700627",
"09-Sep-2026 01:47:16","1.54","4.13","12.53","Off","12.783091,77.700627",
"09-Sep-2026 02:16:14","1.54","4.13","12.48","On","12.783091,77.700627",
"09-Sep-2026 02:16:14","1.54","4.13","12.48","On","12.783091,77.700627",
"09-Sep-2026 02:16:24","1.87","4.13","12.39","On","12.783119,77.700598",
"09-Sep-2026 02:18:54","0.33","4.13","13.88","On","12.782877,77.700558",
"09-Sep-2026 02:19:24","2.85","4.13","13.91","On","12.782953,77.700647",
"09-Sep-2026 02:19:54","5.37","4.13","13.95","On","12.783148,77.700735",
"09-Sep-2026 02:20:03","18.45","4.13","13.95","On","12.783287,77.700541",
"09-Sep-2026 02:20:08","0.95","4.13","13.95","On","12.783328,77.700451",
"09-Sep-2026 02:20:18","12.21","4.13","13.95","On","12.78329,77.700319",
"09-Sep-2026 02:20:24","5.14","4.13","13.91","On","12.783382,77.700175",
"09-Sep-2026 02:20:54","1.21","4.13","13.91","On","12.783262,77.700082",
"09-Sep-2026 02:21:24","0.67","4.13","13.93","On","12.783215,77.700149",
"09-Sep-2026 02:21:54","0.29","4.13","13.95","On","12.783226,77.700085",
"09-Sep-2026 02:22:24","1.91","4.13","13.95","On","12.783182,77.700046",
"09-Sep-2026 02:22:54","0.59","4.13","13.95","On","12.783175,77.700055",
"09-Sep-2026 02:23:24","1.04","4.13","13.91","On","12.783174,77.700056",
"09-Sep-2026 02:23:46","5.19","4.13","13.91","On","12.7831,77.700031",
"09-Sep-2026 02:23:54","4.15","4.13","13.88","On","12.782905,77.699941",
"09-Sep-2026 02:24:24","3.06","4.13","13.79","On","12.782763,77.699842",
"09-Sep-2026 02:24:54","2","4.13","13.4","On","12.78279,77.699821",
"09-Sep-2026 02:25:24","2.04","4.13","13.09","On","12.782783,77.699842",
"09-Sep-2026 02:25:54","1.84","4.13","13.81","On","12.782796,77.699858",
"09-Sep-2026 02:26:24","1.2","4.13","13.47","On","12.78279,77.699825",
"09-Sep-2026 02:26:54","1.52","4.13","12.82","On","12.782784,77.699853",
"09-Sep-2026 02:27:24","2.37","4.13","13.59","On","12.782718,77.69986",
"09-Sep-2026 02:27:41","10.67","4.13","13.59","On","12.782649,77.700117",
"09-Sep-2026 02:27:46","22.61","4.13","13.59","On","12.782638,77.700277",
"09-Sep-2026 02:27:54","2.15","4.13","13.76","On","12.782534,77.700509",
"09-Sep-2026 02:28:11","3.93","4.13","13.76","On","12.782413,77.700908",
"09-Sep-2026 02:28:16","12","4.13","13.76","On","12.782318,77.701162",
"09-Sep-2026 02:28:24","0.25","4.13","13.69","On","12.782288,77.701246",
"09-Sep-2026 02:28:54","0.6","4.13","13.76","On","12.782247,77.701235",
"09-Sep-2026 02:29:24","0.8","4.13","13.91","On","12.78222,77.701218",
"09-Sep-2026 02:29:54","0.54","4.13","13.88","On","12.782217,77.701199",
"09-Sep-2026 02:30:24","1.35","4.13","13.88","On","12.782205,77.701206",
"09-Sep-2026 02:30:54","30.9","4.13","13.71","On","12.781966,77.702161",
"09-Sep-2026 02:31:24","10.27","4.13","13.62","On","12.781579,77.703574",
"09-Sep-2026 02:31:31","20.62","4.13","13.62","On","12.78164,77.703663",
"09-Sep-2026 02:31:41","24.38","4.13","13.62","On","12.782331,77.703874",
"09-Sep-2026 02:31:54","24.2","4.13","13.59","On","12.783166,77.7037",
"09-Sep-2026 02:31:56","31.84","4.13","13.59","On","12.783426,77.703613",
"09-Sep-2026 02:32:16","6.25","4.13","13.59","On","12.784666,77.70314",
"09-Sep-2026 02:32:24","20.89","4.13","13.59","On","12.78494,77.703097",
"09-Sep-2026 02:32:31","22.24","4.13","13.59","On","12.78516,77.70308",
"09-Sep-2026 02:32:54","25.63","4.13","13.59","On","12.786635,77.703203",
"09-Sep-2026 02:33:11","34.15","4.13","13.59","On","12.787708,77.703559",
"09-Sep-2026 02:33:24","31.52","4.13","13.62","On","12.788443,77.704215",
"09-Sep-2026 02:33:47","37.07","4.13","13.62","On","12.790233,77.705507",
"09-Sep-2026 02:33:54","41.46","4.13","13.59","On","12.791114,77.705705",
"09-Sep-2026 02:34:24","28.7","4.13","13.57","On","12.79291,77.706108",
"09-Sep-2026 02:34:52","40.74","4.13","13.57","On","12.795735,77.70657",
"09-Sep-2026 02:34:54","38","4.13","13.59","On","12.79609,77.706491",
"09-Sep-2026 02:35:17","4.05","4.13","13.59","On","12.797628,77.706215",
"09-Sep-2026 02:35:24","18.24","4.13","13.59","On","12.797923,77.706117",
"09-Sep-2026 02:35:54","21.85","4.13","13.62","On","12.800313,77.705444",
"09-Sep-2026 02:36:24","25.95","4.13","13.59","On","12.801926,77.704838",
"09-Sep-2026 02:36:27","25.75","4.13","13.59","On","12.802152,77.704691",
"09-Sep-2026 02:36:42","22.48","4.13","13.59","On","12.802366,77.704105",
"09-Sep-2026 02:36:47","26.82","4.13","13.59","On","12.802488,77.703862",
"09-Sep-2026 02:36:54","39.28","4.13","13.59","On","12.802612,77.70311",
"09-Sep-2026 02:37:24","43.55","4.13","13.59","On","12.804357,77.700648",
"09-Sep-2026 02:37:54","33.65","4.13","13.59","On","12.806282,77.699023",
"09-Sep-2026 02:38:24","36.89","4.13","13.59","On","12.8082,77.697457",
"09-Sep-2026 02:38:54","38.26","4.13","13.59","On","12.810651,77.69555",
"09-Sep-2026 02:39:24","39.09","4.13","13.59","On","12.812854,77.693807",
"09-Sep-2026 02:39:54","42.53","4.13","13.59","On","12.815426,77.691815",
"09-Sep-2026 02:40:24","42.14","4.13","13.57","On","12.817763,77.68989",
"09-Sep-2026 02:40:54","50.2","4.13","13.59","On","12.820516,77.687499",
"09-Sep-2026 02:41:24","53.94","4.13","13.59","On","12.823077,77.685012",
"09-Sep-2026 02:41:42","55.21","4.13","13.59","On","12.825283,77.683281",
"09-Sep-2026 02:41:54","53.33","4.13","13.62","On","12.826688,77.682449",
"09-Sep-2026 02:42:24","49.25","4.13","13.62","On","12.830251,77.681097",
"09-Sep-2026 02:42:47","48.55","4.13","13.62","On","12.833146,77.680246",
"09-Sep-2026 02:42:54","47.53","4.13","13.62","On","12.83406,77.679929",
"09-Sep-2026 02:43:24","48.42","4.13","13.59","On","12.837271,77.678653",
"09-Sep-2026 02:43:32","36.06","4.13","13.59","On","12.838093,77.678213",
"09-Sep-2026 02:43:54","48.69","4.13","13.59","On","12.840288,77.676541",
"09-Sep-2026 02:44:24","53.83","4.13","13.59","On","12.843133,77.67441",
"09-Sep-2026 02:44:54","23.92","4.13","13.59","On","12.846079,77.671915",
"09-Sep-2026 02:45:02","3.13","4.13","13.59","On","12.846194,77.671735",
"09-Sep-2026 02:45:07","10.59","4.13","13.59","On","12.846235,77.671668",
"09-Sep-2026 02:45:22","29.93","4.13","13.59","On","12.847158,77.671029",
"09-Sep-2026 02:45:24","29.93","4.13","13.57","On","12.847158,77.671029",
"09-Sep-2026 02:45:54","56.08","4.13","13.59","On","12.850006,77.668936",
"09-Sep-2026 02:46:24","51.29","4.13","13.57","On","12.852913,77.666749",
"09-Sep-2026 02:46:54","54.35","4.13","13.57","On","12.856437,77.663975",
"09-Sep-2026 02:47:24","54.2","4.13","13.59","On","12.859444,77.661594",
"09-Sep-2026 02:47:54","50","4.13","13.59","On","12.862843,77.658883",
"09-Sep-2026 02:48:24","50.9","4.13","13.62","On","12.865584,77.656694",
"09-Sep-2026 02:48:54","53.74","4.13","13.62","On","12.869005,77.654029",
"09-Sep-2026 02:49:24","45.89","4.13","13.62","On","12.871879,77.651683",
"09-Sep-2026 02:49:54","51.38","4.13","13.59","On","12.874781,77.649265",
"09-Sep-2026 02:50:24","56.47","4.13","13.59","On","12.877794,77.646865",
"09-Sep-2026 02:50:54","56.72","4.13","13.59","On","12.881833,77.644396",
"09-Sep-2026 02:51:24","53.02","4.13","13.62","On","12.885093,77.642341",
"09-Sep-2026 02:51:54","48.79","4.13","13.59","On","12.88853,77.64022",
"09-Sep-2026 02:52:24","54.77","4.13","13.59","On","12.891725,77.638271",
"09-Sep-2026 02:52:54","53.65","4.13","13.59","On","12.895413,77.636",
"09-Sep-2026 02:53:24","54.34","4.13","13.62","On","12.898603,77.634019",
"09-Sep-2026 02:53:54","54.33","4.13","13.59","On","12.901847,77.632029",
"09-Sep-2026 02:54:24","53.17","4.13","13.59","On","12.905604,77.629738",
"09-Sep-2026 02:54:54","45.5","4.13","13.59","On","12.90883,77.627752",
"09-Sep-2026 02:55:24","40.42","4.13","13.59","On","12.910777,77.626506",
"09-Sep-2026 02:55:54","52.47","4.13","13.62","On","12.913609,77.624796",
"09-Sep-2026 02:56:24","31.39","4.13","13.62","On","12.916095,77.623215",
"09-Sep-2026 02:56:37","24.82","4.13","13.62","On","12.916662,77.622672",
"09-Sep-2026 02:56:54","16.07","4.13","13.59","On","12.916905,77.621879",
"09-Sep-2026 02:56:57","20.55","4.13","13.59","On","12.916887,77.621713",
"09-Sep-2026 02:57:23","0","4.13","13.59","On","12.916127,77.618956",
"09-Sep-2026 02:57:24","0","4.13","13.59","On","12.916127,77.618956",
"09-Sep-2026 02:57:28","44.32","4.13","13.59","On","12.916148,77.618639",
"09-Sep-2026 02:57:33","0","4.13","13.59","On","12.916507,77.618254",
"09-Sep-2026 02:57:55","29.03","4.13","13.59","On","12.91609,77.615843",
"09-Sep-2026 02:58:15","13.42","4.13","13.59","On","12.916215,77.615281",
"09-Sep-2026 02:58:51","40.96","4.13","13.62","On","12.916357,77.613861",
"09-Sep-2026 02:58:54","40.96","4.13","13.59","On","12.916357,77.613861",
"09-Sep-2026 02:59:21","42.99","4.13","13.59","On","12.916513,77.610634",
"09-Sep-2026 02:59:24","43.21","4.13","13.59","On","12.916458,77.610148",
"09-Sep-2026 02:59:26","43.21","4.13","13.59","On","12.916458,77.610148",
"09-Sep-2026 02:59:31","36.56","4.13","13.59","On","12.916464,77.609571",
"09-Sep-2026 03:02:24","0","4.13","13.59","On","12.917343,77.592076",
"09-Sep-2026 03:03:24","0","4.13","13.59","On","12.91705,77.586448",
"09-Sep-2026 03:03:56","39.61","4.13","13.62","On","12.917067,77.584174",
"09-Sep-2026 03:04:54","38.34","4.13","13.59","On","12.917112,77.578906",
"09-Sep-2026 03:05:54","36.2","4.13","13.59","On","12.917655,77.574647",
"09-Sep-2026 03:05:57","30.18","4.13","13.59","On","12.917572,77.574362",
"09-Sep-2026 03:06:22","36.66","4.13","13.59","On","12.916592,77.572677",
"09-Sep-2026 03:06:24","32.55","4.13","13.62","On","12.91659,77.572328",
"09-Sep-2026 03:06:42","29.75","4.13","13.62","On","12.916491,77.570973",
"09-Sep-2026 03:06:54","13.64","4.13","13.59","On","12.916243,77.570228",
"09-Sep-2026 03:06:57","30.23","4.13","13.59","On","12.915849,77.570089",
"09-Sep-2026 03:07:02","46.63","4.13","13.59","On","12.915632,77.569786",
"09-Sep-2026 03:07:16","51.8","4.13","13.59","On","12.914628,77.568235",
"09-Sep-2026 03:07:24","39.38","4.13","13.59","On","12.913968,77.567561",
"09-Sep-2026 03:07:31","34.49","4.13","13.59","On","12.913787,77.567239",
"09-Sep-2026 03:07:51","12.59","4.13","13.59","On","12.913929,77.565933",
"09-Sep-2026 03:07:54","21.68","4.13","13.59","On","12.914068,77.565864",
"09-Sep-2026 03:08:11","24.68","4.13","13.59","On","12.915018,77.565466",
"09-Sep-2026 03:08:24","29.75","4.13","13.62","On","12.915843,77.5652",
"09-Sep-2026 03:08:54","25.19","4.13","13.59","On","12.91755,77.564487",
"09-Sep-2026 03:09:24","30.16","4.13","13.62","On","12.919176,77.563543",
"09-Sep-2026 03:09:31","8.61","4.13","13.62","On","12.919354,77.563436",
"09-Sep-2026 03:09:41","27.84","4.13","13.62","On","12.91969,77.563071",
"09-Sep-2026 03:09:54","27.02","4.13","13.59","On","12.92021,77.562261",
"09-Sep-2026 03:10:01","37.84","4.13","13.59","On","12.920774,77.561988",
"09-Sep-2026 03:10:11","36.42","4.13","13.59","On","12.921433,77.561531",
"09-Sep-2026 03:10:16","32.23","4.13","13.59","On","12.921596,77.561221",
"09-Sep-2026 03:10:24","33.32","4.13","13.57","On","12.921791,77.560243",
"09-Sep-2026 03:10:54","42.95","4.13","13.59","On","12.922625,77.557217",
"09-Sep-2026 03:11:24","41.87","4.13","13.62","On","12.923856,77.553372",
"09-Sep-2026 03:11:54","47.36","4.13","13.62","On","12.925012,77.550573",
"09-Sep-2026 03:12:16","56.74","4.13","13.62","On","12.926236,77.548499",
"09-Sep-2026 03:12:24","49.28","4.13","13.62","On","12.927316,77.547224",
"09-Sep-2026 03:12:54","27.06","4.13","13.62","On","12.929102,77.544976",
"09-Sep-2026 03:13:24","45.79","4.13","13.59","On","12.930977,77.542987",
"09-Sep-2026 03:13:54","48.35","4.13","13.62","On","12.932737,77.54056",
"09-Sep-2026 03:14:24","20.51","4.13","13.59","On","12.933825,77.538966",
"09-Sep-2026 03:14:54","32.04","4.13","13.57","On","12.934907,77.537055",
"09-Sep-2026 03:15:24","45.33","4.13","13.59","On","12.936031,77.535043",
"09-Sep-2026 03:15:36","44.46","4.13","13.59","On","12.93704,77.534059",
"09-Sep-2026 03:15:54","51.44","4.13","13.59","On","12.939006,77.533029",
"09-Sep-2026 03:16:24","46.6","4.13","13.57","On","12.94192,77.531229",
"09-Sep-2026 03:16:46","56.12","4.13","13.57","On","12.944423,77.529734",
"09-Sep-2026 03:16:54","44.94","4.13","13.54","On","12.945048,77.52901",
"09-Sep-2026 03:17:01","43.75","4.13","13.54","On","12.945398,77.528149",
"09-Sep-2026 03:17:21","45","4.13","13.54","On","12.946103,77.526189",
"09-Sep-2026 03:17:24","45","4.13","13.54","On","12.946103,77.526189",
"09-Sep-2026 03:17:37","39.1","4.13","13.54","On","12.946964,77.524596",
"09-Sep-2026 03:17:54","36.88","4.13","13.57","On","12.948121,77.52364",
"09-Sep-2026 03:18:24","35.82","4.13","13.59","On","12.950238,77.522021",
"09-Sep-2026 03:18:54","28.88","4.13","13.57","On","12.951951,77.520717",
"09-Sep-2026 03:19:02","29.77","4.13","13.57","On","12.952452,77.5204",
"09-Sep-2026 03:19:24","37.35","4.13","13.59","On","12.953917,77.519737",
"09-Sep-2026 03:19:32","40.69","4.13","13.59","On","12.954729,77.519541",
"09-Sep-2026 03:19:54","52.47","4.13","13.57","On","12.957559,77.519228",
"09-Sep-2026 03:19:57","52.47","4.13","13.57","On","12.957559,77.519228",
"09-Sep-2026 03:20:02","72.24","4.13","13.57","On","12.958426,77.518334",
"09-Sep-2026 03:20:24","10.75","4.13","13.57","On","12.958911,77.516696",
"09-Sep-2026 03:20:32","9.22","4.13","13.57","On","12.958991,77.51651",
"09-Sep-2026 03:20:54","10.92","4.13","13.62","On","12.959715,77.51519",
"09-Sep-2026 03:21:24","34.14","4.13","13.57","On","12.960246,77.513675",
"09-Sep-2026 03:21:54","42.68","4.13","13.52","On","12.961102,77.511183",
"09-Sep-2026 03:22:02","37.74","4.13","13.52","On","12.96103,77.510296",
"09-Sep-2026 03:22:24","28.49","4.13","13.5","On","12.960863,77.508741",
"09-Sep-2026 03:22:54","26.26","4.13","13.52","On","12.960503,77.506268",
"09-Sep-2026 03:23:22","17.91","4.13","13.52","On","12.960437,77.504425",
"09-Sep-2026 03:23:24","17.91","4.13","13.54","On","12.960437,77.504425",
"09-Sep-2026 03:23:54","19.45","4.13","13.52","On","12.960807,77.503127",
"09-Sep-2026 03:24:24","17.54","4.13","13.54","On","12.961012,77.501769",
"09-Sep-2026 03:24:27","6.06","4.13","13.54","On","12.961002,77.501587",
"09-Sep-2026 03:24:54","0.35","4.13","13.74","On","12.961062,77.501288",
"09-Sep-2026 03:25:24","0.44","4.13","13.81","On","12.961106,77.501144",
"09-Sep-2026 03:25:54","0.74","4.13","13.33","Off","12.961108,77.50116",
"09-Sep-2026 03:26:24","2.25","4.13","13.09","Off","12.961077,77.501144",
"09-Sep-2026 03:26:54","1.24","4.13","13.64","On","12.961098,77.501143",
"09-Sep-2026 03:27:24","0.41","4.13","13.38","Off","12.961118,77.50115",
"09-Sep-2026 03:27:54","0.26","4.13","13.06","Off","12.961089,77.501145",
"09-Sep-2026 03:28:24","0.44","4.13","13.01","Off","12.961089,77.501125",
"09-Sep-2026 03:28:54","1.11","4.13","12.99","Off","12.961093,77.501121",
"09-Sep-2026 03:29:24","0.57","4.13","12.94","Off","12.961098,77.501138",
"09-Sep-2026 03:29:28","0.57","4.13","12.94","Off","12.961098,77.501138",
"09-Sep-2026 03:30:24","0.72","4.13","12.92","Off","12.961044,77.501135",
"09-Sep-2026 03:30:54","1.62","4.13","12.89","Off","12.961063,77.501122",
"09-Sep-2026 03:31:54","0.54","4.13","12.85","Off","12.961052,77.501127",
"09-Sep-2026 03:32:54","1.82","4.13","12.8","Off","12.961067,77.501101",
"09-Sep-2026 03:33:28","1.82","4.13","12.8","Off","12.961067,77.501101",
"09-Sep-2026 04:33:28","1.82","4.13","12.44","Off","12.961067,77.501101",
"09-Sep-2026 04:33:28","0.84","4.13","12.44","Off","12.96107,77.501101",
"09-Sep-2026 04:33:54","0.84","4.13","12.41","Off","12.96107,77.501101",
"09-Sep-2026 04:35:54","1.38","4.13","12.36","Off","12.961166,77.501094",
"09-Sep-2026 04:36:54","3.18","4.13","12.36","Off","12.961141,77.501106",
"09-Sep-2026 04:37:28","3.18","4.13","12.36","Off","12.961141,77.501106",
"09-Sep-2026 05:37:28","3.18","4.13","12.44","Off","12.961141,77.501106",
"09-Sep-2026 05:37:28","0.79","4.13","12.44","Off","12.961106,77.501129",
"09-Sep-2026 05:37:54","0.79","4.13","12.39","Off","12.961106,77.501129",
"09-Sep-2026 05:39:54","1.09","4.13","12.34","Off","12.961151,77.501113",
"09-Sep-2026 05:40:54","3.5","4.13","12.32","Off","12.961118,77.501128",
"09-Sep-2026 05:41:28","3.5","4.13","12.34","Off","12.961118,77.501128",
"09-Sep-2026 06:05:53","3.5","4.13","12.44","On","12.961118,77.501128",
"09-Sep-2026 06:05:53","3.5","4.13","12.44","On","12.961118,77.501128",
"09-Sep-2026 06:05:53","3.04","4.13","12.44","On","12.961097,77.501129",
"09-Sep-2026 06:05:54","3.04","4.13","12.41","On","12.961097,77.501129",
"09-Sep-2026 06:07:24","0.76","4.13","13.79","On","12.961036,77.501262",
"09-Sep-2026 06:07:54","1.07","4.13","13.54","Off","12.961139,77.501301",
"09-Sep-2026 06:08:24","1.31","4.13","13.23","Off","12.961083,77.501314",
"09-Sep-2026 06:08:54","0.76","4.13","13.09","Off","12.961022,77.501288",
"09-Sep-2026 06:09:15","0.76","4.13","13.06","Off","12.961022,77.501288",
"09-Sep-2026 06:09:54","0.47","4.13","13.04","Off","12.961017,77.501284",
"09-Sep-2026 06:10:54","0.78","4.13","12.94","Off","12.961011,77.501287",
"09-Sep-2026 06:11:54","0.27","4.13","12.87","Off","12.96101,77.50127",
"09-Sep-2026 06:12:54","1.24","4.13","12.85","Off","12.96108,77.501263",
"09-Sep-2026 06:13:15","1.24","4.13","12.82","Off","12.96108,77.501263",
"09-Sep-2026 07:01:25","1.24","4.13","12.44","On","12.96108,77.501263",
"09-Sep-2026 07:01:25","1.24","4.13","12.44","On","12.96108,77.501263",
"09-Sep-2026 07:04:54","4.16","4.13","12.77","Off","12.961213,77.5014",
"09-Sep-2026 07:05:54","8.37","4.13","12.72","Off","12.96113,77.50122",
"09-Sep-2026 07:06:35","10.74","4.13","12.72","Off","12.961099,77.50123",
"09-Sep-2026 07:06:54","6","4.13","12.68","Off","12.961107,77.501282",
"09-Sep-2026 08:08:15","1.13","4.13","12.41","Off","12.96114,77.501331",
"09-Sep-2026 09:16:54","0","4.13","13.91","On","12.960764,77.501361",
"09-Sep-2026 09:21:54","0","4.13","13.91","On","12.960636,77.503879",
"09-Sep-2026 09:22:24","0.82","4.13","13.91","On","12.960586,77.504132",
"09-Sep-2026 09:22:54","1.04","4.13","13.91","On","12.960611,77.504171",
"09-Sep-2026 09:23:24","0.7","4.13","13.91","On","12.96061,77.50416",
"09-Sep-2026 09:23:54","1.73","4.13","13.91","On","12.960609,77.504137",
"09-Sep-2026 09:24:24","0.23","4.13","13.91","On","12.9606,77.504115",
"09-Sep-2026 09:24:54","1.05","4.13","13.88","On","12.960599,77.504084",
"09-Sep-2026 09:25:24","4.48","4.13","13.93","On","12.960608,77.504145",
"09-Sep-2026 09:25:25","8.53","4.13","13.93","On","12.960588,77.504205",
"09-Sep-2026 09:25:54","15.8","4.13","13.91","On","12.960367,77.505226",
"09-Sep-2026 09:26:06","13.22","4.13","13.91","On","12.960445,77.505593",
"09-Sep-2026 09:26:24","34.96","4.13","13.91","On","12.960607,77.506432",
"09-Sep-2026 09:26:54","28.32","4.13","13.91","On","12.961056,77.509436",
"09-Sep-2026 09:27:14","8.75","4.13","13.91","On","12.961124,77.510236",
"09-Sep-2026 09:27:24","6.83","4.13","13.88","On","12.961143,77.510351",
"09-Sep-2026 09:27:29","14.11","4.13","13.88","On","12.961131,77.51053",
"09-Sep-2026 09:27:34","15.24","4.13","13.88","On","12.961118,77.51066",
"09-Sep-2026 09:27:54","31.24","4.13","13.88","On","12.961116,77.511722",
"09-Sep-2026 09:28:04","30.89","4.13","13.88","On","12.960988,77.512288",
"09-Sep-2026 09:28:09","16.86","4.13","13.88","On","12.960937,77.512555",
"09-Sep-2026 09:28:21","11.68","4.13","13.88","On","12.961037,77.512712",
"09-Sep-2026 09:28:24","11.68","4.13","13.91","On","12.961037,77.512712",
"09-Sep-2026 09:28:33","14.61","4.13","13.91","On","12.961013,77.513128",
"09-Sep-2026 09:28:54","15.93","4.13","13.91","On","12.960444,77.514203",
"09-Sep-2026 09:29:09","12.07","4.13","13.91","On","12.960373,77.51444",
"09-Sep-2026 09:29:24","14.69","4.13","13.91","On","12.96019,77.514875",
"09-Sep-2026 09:29:54","13.38","4.13","13.91","On","12.959505,77.516344",
"09-Sep-2026 09:29:59","15.67","4.13","13.91","On","12.959414,77.516471",
"09-Sep-2026 09:30:24","15.5","4.13","13.91","On","12.959084,77.516849",
"09-Sep-2026 09:30:34","34.17","4.13","13.91","On","12.958728,77.517524",
"09-Sep-2026 09:30:54","11.48","4.13","13.88","On","12.958251,77.518685",
"09-Sep-2026 09:30:59","11.48","4.13","13.88","On","12.958251,77.518685",
"09-Sep-2026 09:31:05","32.04","4.13","13.88","On","12.957631,77.519172",
"09-Sep-2026 09:31:15","31.12","4.13","13.88","On","12.956924,77.519458",
"09-Sep-2026 09:31:24","38.12","4.13","13.91","On","12.956306,77.51954",
"09-Sep-2026 09:31:54","39.29","4.13","13.93","On","12.95315,77.520169",
"09-Sep-2026 09:31:55","39.29","4.13","13.93","On","12.95315,77.520169",
"09-Sep-2026 09:32:10","10.15","4.13","13.93","On","12.952132,77.520792",
"09-Sep-2026 09:32:15","25.77","4.13","13.93","On","12.951965,77.520909",
"09-Sep-2026 09:32:24","40.31","4.13","13.93","On","12.951452,77.521254",
"09-Sep-2026 09:32:54","45.46","4.13","13.93","On","12.948561,77.523473",
"09-Sep-2026 09:33:15","49","4.13","13.93","On","12.946764,77.525105",
"09-Sep-2026 09:33:20","47.97","4.13","13.93","On","12.946511,77.525556",
"09-Sep-2026 09:33:34","31.32","4.13","13.91","On","12.945924,77.527027",
"09-Sep-2026 09:33:54","31.02","4.13","13.93","On","12.945448,77.528274",
"09-Sep-2026 09:34:14","36.43","4.13","13.93","On","12.944685,77.529616",
"09-Sep-2026 09:34:24","24.94","4.13","13.93","On","12.943933,77.530214",
"09-Sep-2026 09:34:54","32.63","4.13","13.91","On","12.941827,77.531344",
"09-Sep-2026 09:35:24","32.43","4.13","13.91","On","12.9396,77.532688",
"09-Sep-2026 09:35:54","44.51","4.13","13.91","On","12.937212,77.534059",
"09-Sep-2026 09:35:54","37.17","4.13","13.91","On","12.936737,77.534254",
"09-Sep-2026 09:35:59","34.14","4.13","13.91","On","12.936464,77.53448",
"09-Sep-2026 09:36:09","18.11","4.13","13.91","On","12.936178,77.534933",
"09-Sep-2026 09:36:14","14.61","4.13","13.91","On","12.936149,77.53508",
"09-Sep-2026 09:36:19","28","4.13","13.91","On","12.935955,77.535494",
"09-Sep-2026 09:36:24","20.73","4.13","13.91","On","12.935832,77.535729",
"09-Sep-2026 09:36:54","1.59","4.13","13.91","On","12.935423,77.536527",
"09-Sep-2026 09:37:24","3.07","4.13","13.93","On","12.935084,77.537022",
"09-Sep-2026 09:37:54","5.75","4.13","13.91","On","12.934863,77.537374",
"09-Sep-2026 09:38:04","5.86","4.13","13.91","On","12.934799,77.537496",
"09-Sep-2026 09:38:24","4.06","4.13","13.95","On","12.934574,77.537851",
"09-Sep-2026 09:38:44","13.83","4.13","13.95","On","12.934476,77.538025",
"09-Sep-2026 09:38:54","1.09","4.13","13.93","On","12.934414,77.538186",
"09-Sep-2026 09:39:24","2.42","4.13","13.91","On","12.934301,77.538349",
"09-Sep-2026 09:39:54","7.68","4.13","13.93","On","12.93408,77.538755",
"09-Sep-2026 09:40:24","0.96","4.13","13.88","On","12.933903,77.539027",
"09-Sep-2026 09:40:54","4.34","4.13","13.91","On","12.933782,77.53925",
"09-Sep-2026 09:41:19","5.03","4.13","13.91","On","12.933572,77.539548",
"09-Sep-2026 09:41:24","2.87","4.13","13.86","On","12.933533,77.539602",
"09-Sep-2026 09:41:54","4.12","4.13","13.86","On","12.933456,77.539753",
"09-Sep-2026 09:42:24","3.28","4.12","13.86","On","12.933299,77.540015",
"09-Sep-2026 09:42:54","4.79","4.13","13.88","On","12.933146,77.54019",
"09-Sep-2026 09:43:24","5.65","4.13","13.91","On","12.932842,77.540647",
"09-Sep-2026 09:43:44","14.08","4.13","13.91","On","12.932592,77.540975",
"09-Sep-2026 09:43:54","22.29","4.13","13.91","On","12.932331,77.54128",
"09-Sep-2026 09:44:24","28.54","4.13","13.88","On","12.931324,77.54262",
"09-Sep-2026 09:44:39","30.92","4.13","13.88","On","12.930474,77.543503",
"09-Sep-2026 09:44:44","35.31","4.13","13.88","On","12.930098,77.543849",
"09-Sep-2026 09:44:54","30.66","4.13","13.88","On","12.929697,77.544357",
"09-Sep-2026 09:45:24","30.66","4.13","13.91","On","12.928111,77.546277",
"09-Sep-2026 09:45:54","31.35","4.13","13.93","On","12.926754,77.547984",
"09-Sep-2026 09:46:09","20.98","4.13","13.93","On","12.926002,77.549008",
"09-Sep-2026 09:46:24","0.62","4.13","13.93","On","12.925794,77.549344",
"09-Sep-2026 09:46:54","0.51","4.13","13.93","On","12.925757,77.549361",
"09-Sep-2026 09:47:24","1.01","4.13","13.91","On","12.925757,77.54935",
"09-Sep-2026 09:47:54","13.86","4.13","13.91","On","12.925596,77.549584",
"09-Sep-2026 09:48:24","36.01","4.13","13.91","On","12.924745,77.551245",
"09-Sep-2026 09:48:45","2.39","4.13","13.91","On","12.924302,77.552536",
"09-Sep-2026 09:48:54","1.03","4.13","13.91","On","12.9243,77.552529",
"09-Sep-2026 09:49:24","0.92","4.13","13.91","On","12.924276,77.552529",
"09-Sep-2026 09:49:54","21.75","4.13","13.91","On","12.923883,77.553739",
"09-Sep-2026 09:50:24","16.78","4.13","13.93","On","12.923267,77.555412",
"09-Sep-2026 09:50:54","32.31","4.13","13.93","On","12.922727,77.557284",
"09-Sep-2026 09:51:24","39.55","4.13","13.93","On","12.921915,77.560114",
"09-Sep-2026 09:51:40","34.9","4.13","13.93","On","12.921443,77.56162",
"09-Sep-2026 09:51:45","14","4.13","13.93","On","12.921236,77.561799",
"09-Sep-2026 09:51:54","21.35","4.13","13.88","On","12.920989,77.561958",
"09-Sep-2026 09:52:10","26.86","4.13","13.88","On","12.920198,77.562366",
"09-Sep-2026 09:52:24","30.87","4.13","13.93","On","12.919457,77.563464",
"09-Sep-2026 09:52:40","14.97","4.13","13.93","On","12.91875,77.564005",
"09-Sep-2026 09:52:45","9.06","4.13","13.93","On","12.91867,77.564095",
"09-Sep-2026 09:52:54","10.05","4.13","13.86","On","12.918446,77.564208",
"09-Sep-2026 09:52:55","10.05","4.13","13.86","On","12.918446,77.564208",
"09-Sep-2026 09:53:00","11.59","4.13","13.86","On","12.918136,77.564336",
"09-Sep-2026 09:53:05","13.03","4.13","13.86","On","12.918024,77.56436",
"09-Sep-2026 09:53:10","14.26","4.13","13.86","On","12.917916,77.564483",
"09-Sep-2026 09:53:15","20.92","4.13","13.86","On","12.918051,77.564623",
"09-Sep-2026 09:53:24","14.3","4.13","13.86","On","12.918443,77.564818",
"09-Sep-2026 09:53:40","17.35","4.13","13.86","On","12.918959,77.565116",
"09-Sep-2026 09:53:54","8.95","4.13","13.88","On","12.91883,77.565839",
"09-Sep-2026 09:54:24","2.83","4.13","13.86","On","12.918514,77.567181",
"09-Sep-2026 09:54:54","15.03","4.13","13.83","On","12.918287,77.56869",
"09-Sep-2026 09:54:55","15.03","4.13","13.83","On","12.918287,77.56869",
"09-Sep-2026 09:55:10","13.41","4.13","13.83","On","12.919369,77.569081",
"09-Sep-2026 09:55:15","17.02","4.13","13.83","On","12.919508,77.569136",
"09-Sep-2026 09:55:24","18.31","4.13","13.83","On","12.919894,77.569237",
"09-Sep-2026 09:55:54","22.21","4.13","13.83","On","12.921694,77.56969",
"09-Sep-2026 09:56:05","5.36","4.13","13.83","On","12.921825,77.569747",
"09-Sep-2026 09:56:20","13.74","4.13","13.83","On","12.92185,77.570004",
"09-Sep-2026 09:56:24","25.92","4.13","13.86","On","12.921761,77.570542",
"09-Sep-2026 09:56:54","8.27","4.13","13.83","On","12.921389,77.572018",
"09-Sep-2026 09:57:24","2.88","4.13","13.83","On","12.921231,77.572773",
"09-Sep-2026 09:57:54","16.31","4.13","13.83","On","12.921114,77.573225",
"09-Sep-2026 09:58:20","4.55","4.13","13.83","On","12.920934,77.574129",
"09-Sep-2026 09:58:24","5.26","4.13","13.83","On","12.920907,77.574336",
"09-Sep-2026 09:58:54","7.53","4.13","13.83","On","12.920476,77.574347",
"09-Sep-2026 09:59:20","13.54","4.13","13.83","On","12.920178,77.574473",
"09-Sep-2026 09:59:24","20.44","4.13","13.83","On","12.920046,77.574977",
"09-Sep-2026 09:59:54","2.63","4.13","13.83","On","12.920005,77.575967",
"09-Sep-2026 10:00:24","6.45","4.13","13.83","On","12.919992,77.577504",
"09-Sep-2026 10:00:40","3.35","4.13","13.83","On","12.919946,77.57765",
"09-Sep-2026 10:00:54","1.45","4.13","13.86","On","12.919957,77.577687",
"09-Sep-2026 10:01:15","13.92","4.13","13.86","On","12.919953,77.577959",
"09-Sep-2026 10:01:24","25.14","4.13","13.83","On","12.919925,77.578462",
"09-Sep-2026 10:01:54","10.32","4.13","13.79","On","12.91997,77.580326",
"09-Sep-2026 10:02:24","17.18","4.13","13.83","On","12.91991,77.581255",
"09-Sep-2026 10:02:54","27.69","4.13","13.86","On","12.919885,77.582898",
"09-Sep-2026 10:03:24","23.55","4.13","13.83","On","12.919842,77.584038",
"09-Sep-2026 10:03:35","7.61","4.13","13.83","On","12.919834,77.584447",
"09-Sep-2026 10:03:45","23.71","4.13","13.83","On","12.91974,77.584755",
"09-Sep-2026 10:03:54","10.52","4.13","13.79","On","12.919267,77.58481",
"09-Sep-2026 10:03:55","10.52","4.13","13.79","On","12.919267,77.58481",
"09-Sep-2026 10:04:24","2.23","4.13","13.83","On","12.917223,77.584739",
"09-Sep-2026 10:04:25","1.53","4.13","13.83","On","12.917217,77.584737",
"09-Sep-2026 10:04:54","5.81","4.13","13.83","On","12.917115,77.584845",
"09-Sep-2026 10:05:00","19.02","4.13","13.83","On","12.91709,77.58501",
"09-Sep-2026 10:05:24","12.12","4.13","13.81","On","12.917166,77.586226",
"09-Sep-2026 10:05:54","13.39","4.13","13.81","On","12.91716,77.587569",
"09-Sep-2026 10:05:55","13.39","4.13","13.81","On","12.91716,77.587569",
"09-Sep-2026 10:06:00","11.57","4.13","13.81","On","12.917199,77.587612",
"09-Sep-2026 10:06:09","35","4.13","13.81","On","12.917094,77.589003",
"09-Sep-2026 10:06:24","41.24","4.13","13.86","On","12.917019,77.59021",
"09-Sep-2026 10:06:54","43.96","4.13","13.83","On","12.916905,77.593827",
"09-Sep-2026 10:07:24","44.55","4.13","13.79","On","12.916852,77.596858",
"09-Sep-2026 10:07:54","53.27","4.13","13.81","On","12.916769,77.601113",
"09-Sep-2026 10:08:24","41.21","4.13","13.81","On","12.91675,77.604891",
"09-Sep-2026 10:08:54","0.91","4.13","13.81","On","12.916752,77.606092",
"09-Sep-2026 10:09:24","14.23","4.13","13.81","On","12.916798,77.6065",
"09-Sep-2026 10:09:54","0.78","4.13","13.86","On","12.916755,77.606849",
"09-Sep-2026 10:10:09","1.06","4.13","13.86","On","12.916754,77.606858",
"09-Sep-2026 10:10:19","20.59","4.13","13.86","On","12.916718,77.607231",
"09-Sep-2026 10:10:24","6.7","4.13","13.86","On","12.916719,77.607314",
"09-Sep-2026 10:10:24","6.7","4.13","13.91","On","12.916719,77.607314",
"09-Sep-2026 10:10:54","7.21","4.13","13.91","On","12.91667,77.607465",
"09-Sep-2026 10:11:54","0","4.13","13.91","On","12.916646,77.60779",
"09-Sep-2026 10:12:24","0","4.13","13.91","On","12.916441,77.607953",
"09-Sep-2026 10:12:42","18.24","4.13","13.91","On","12.916558,77.608785",
"09-Sep-2026 10:12:47","13.86","4.13","13.91","On","12.916631,77.60904",
"09-Sep-2026 10:12:54","2.49","4.13","13.88","On","12.916674,77.609116",
"09-Sep-2026 10:13:02","3.98","4.13","13.88","On","12.916692,77.609114",
"09-Sep-2026 10:13:24","10.07","4.13","13.91","On","12.916663,77.609217",
"09-Sep-2026 10:13:27","10.25","4.13","13.91","On","12.916667,77.609329",
"09-Sep-2026 10:13:32","6.4","4.13","13.91","On","12.916679,77.60939",
"09-Sep-2026 10:13:54","3.94","4.13","13.91","On","12.916683,77.60949",
"09-Sep-2026 10:14:07","30.73","4.13","13.91","On","12.916683,77.609957",
"09-Sep-2026 10:14:24","26.46","4.13","13.88","On","12.916665,77.611009",
"09-Sep-2026 10:14:54","9.15","4.13","13.88","On","12.916616,77.612897",
"09-Sep-2026 10:15:24","4.37","4.13","13.88","On","12.916657,77.61374",
"09-Sep-2026 10:15:54","38.58","4.13","13.91","On","12.916466,77.615316",
"09-Sep-2026 10:16:24","42.36","4.13","13.91","On","12.916347,77.617716",
"09-Sep-2026 10:16:47","28.47","4.13","13.91","On","12.9165,77.619754",
"09-Sep-2026 10:16:54","22.64","4.13","13.91","On","12.916592,77.620006",
"09-Sep-2026 10:17:07","32.53","4.13","13.91","On","12.917348,77.620924",
"09-Sep-2026 10:17:24","18.67","4.13","13.83","On","12.91806,77.621343",
"09-Sep-2026 10:17:27","23.1","4.13","13.83","On","12.918283,77.621364",
"09-Sep-2026 10:17:32","23.98","4.13","13.83","On","12.918536,77.621368",
"09-Sep-2026 10:17:42","19.79","4.13","13.83","On","12.918906,77.621502",
"09-Sep-2026 10:17:47","27.38","4.13","13.83","On","12.919029,77.621919",
"09-Sep-2026 10:17:52","30.69","4.13","13.83","On","12.918887,77.622184",
"09-Sep-2026 10:17:54","30.69","4.13","13.88","On","12.918887,77.622184",
"09-Sep-2026 10:18:24","44.48","4.13","13.91","On","12.91683,77.623373",
"09-Sep-2026 10:18:27","45.24","4.13","13.91","On","12.9164,77.623525",
"09-Sep-2026 10:18:54","28.43","4.13","13.91","On","12.914381,77.624582",
"09-Sep-2026 10:19:07","1.82","4.13","13.91","On","12.913917,77.624878",
"09-Sep-2026 10:19:24","4.74","4.13","13.79","On","12.913695,77.625012",
"09-Sep-2026 10:19:54","9.59","4.13","13.83","On","12.913283,77.625279",
"09-Sep-2026 10:20:24","44.84","4.13","13.83","On","12.911848,77.626059",
"09-Sep-2026 10:20:54","48.48","4.13","13.83","On","12.908973,77.627773",
"09-Sep-2026 10:21:24","55.3","4.13","13.83","On","12.905409,77.629956",
"09-Sep-2026 10:21:54","55.2","4.13","13.83","On","12.902114,77.631975",
"09-Sep-2026 10:22:24","54.47","4.13","13.88","On","12.898356,77.634283",
"09-Sep-2026 10:22:54","55.33","4.13","13.83","On","12.895046,77.636313",
"09-Sep-2026 10:23:24","55.09","4.13","13.83","On","12.891348,77.638588",
"09-Sep-2026 10:23:54","55.78","4.13","13.79","On","12.888036,77.640625",
"09-Sep-2026 10:24:24","55.53","4.13","13.81","On","12.884212,77.642993",
"09-Sep-2026 10:24:54","54.42","4.13","13.83","On","12.880894,77.645023",
"09-Sep-2026 10:25:24","52.55","4.13","13.86","On","12.877227,77.647293",
"09-Sep-2026 10:25:54","54.43","4.13","13.86","On","12.874325,77.649773",
"09-Sep-2026 10:26:24","55.73","4.13","13.86","On","12.870747,77.652713",
"09-Sep-2026 10:26:54","56.47","4.13","13.86","On","12.867688,77.655116",
"09-Sep-2026 10:27:24","56.25","4.13","13.83","On","12.864163,77.657906",
"09-Sep-2026 10:27:54","57.66","4.13","13.83","On","12.861013,77.660408",
"09-Sep-2026 10:28:24","55.56","4.13","13.83","On","12.857493,77.663209",
"09-Sep-2026 10:28:54","54.85","4.13","13.83","On","12.854401,77.665671",
"09-Sep-2026 10:29:24","57.5","4.13","13.86","On","12.850899,77.668437",
"09-Sep-2026 10:29:54","53.03","4.13","13.86","On","12.847848,77.670846",
"09-Sep-2026 10:30:24","62.98","4.13","13.91","On","12.844109,77.673794",
"09-Sep-2026 10:30:54","16.18","4.13","13.88","On","12.842016,77.675553",
"09-Sep-2026 10:31:24","1.47","4.13","13.91","On","12.842013,77.675638",
"09-Sep-2026 10:31:54","18.16","4.13","13.88","On","12.840366,77.676692",
"09-Sep-2026 10:32:24","11.91","4.13","13.83","On","12.839655,77.677312",
"09-Sep-2026 10:32:54","36.4","4.13","13.86","On","12.83772,77.678603",
"09-Sep-2026 10:33:22","43.05","4.13","13.86","On","12.835019,77.679696",
"09-Sep-2026 10:33:24","48.58","4.13","13.86","On","12.834597,77.679862",
"09-Sep-2026 10:33:54","55.38","4.13","13.93","On","12.830999,77.681052",
"09-Sep-2026 10:34:24","50.95","4.13","13.91","On","12.827483,77.682191",
"09-Sep-2026 10:34:47","53.03","4.13","13.91","On","12.824829,77.683729",
"09-Sep-2026 10:34:54","52.31","4.13","13.91","On","12.824032,77.684358",
"09-Sep-2026 10:35:24","54.46","4.13","13.86","On","12.82129,77.687003",
"09-Sep-2026 10:35:54","57.73","4.13","13.91","On","12.817975,77.689944",
"09-Sep-2026 10:36:24","40.22","4.13","13.86","On","12.814757,77.692534",
"09-Sep-2026 10:36:54","44.47","4.13","13.81","On","12.813514,77.693542",
"09-Sep-2026 10:37:24","57.97","4.13","13.83","On","12.81049,77.695927",
"09-Sep-2026 10:37:54","34.42","4.13","13.83","On","12.807627,77.698239",
"09-Sep-2026 10:38:24","54.58","4.13","13.81","On","12.804858,77.700488",
"09-Sep-2026 10:38:42","39.62","4.13","13.81","On","12.803252,77.702374",
"09-Sep-2026 10:38:54","14.09","4.13","13.81","On","12.803004,77.702932",
"09-Sep-2026 10:39:02","0.55","4.13","13.81","On","12.802976,77.703168",
"09-Sep-2026 10:39:24","1.25","4.13","13.83","On","12.802996,77.703291",
"09-Sep-2026 10:39:54","0.28","4.13","13.83","On","12.802963,77.703535",
"09-Sep-2026 10:40:24","0.14","4.13","13.81","On","12.802947,77.70362",
"09-Sep-2026 10:40:54","17.14","4.13","13.79","On","12.802835,77.70403",
"09-Sep-2026 10:41:24","0.74","4.13","13.83","On","12.802696,77.704407",
"09-Sep-2026 10:41:54","21.18","4.13","13.88","On","12.802648,77.704534",
"09-Sep-2026 10:42:22","13.11","4.13","13.88","On","12.802367,77.70508",
"09-Sep-2026 10:42:24","13.11","4.13","13.88","On","12.802367,77.70508",
"09-Sep-2026 10:42:32","23.79","4.13","13.88","On","12.801859,77.705033",
"09-Sep-2026 10:42:54","9.86","4.13","13.86","On","12.800707,77.705378",
"09-Sep-2026 10:43:24","6.72","4.13","13.86","On","12.79867,77.705975",
"09-Sep-2026 10:43:54","13.6","4.13","13.83","On","12.797683,77.706286",
"09-Sep-2026 10:44:24","2.13","4.13","13.81","On","12.796387,77.706559",
"09-Sep-2026 10:44:32","0.2","4.13","13.81","On","12.796357,77.706579",
"09-Sep-2026 10:44:42","26.87","4.13","13.81","On","12.796048,77.706621",
"09-Sep-2026 10:44:54","41.5","4.13","13.83","On","12.794951,77.7066",
"09-Sep-2026 10:44:57","41.5","4.13","13.83","On","12.794951,77.7066",
"09-Sep-2026 10:45:24","19.56","4.13","13.83","On","12.792678,77.706142",
"09-Sep-2026 10:45:54","30.31","4.13","13.83","On","12.790053,77.705561",
"09-Sep-2026 10:46:02","37.3","4.13","13.83","On","12.789459,77.705245",
"09-Sep-2026 10:46:24","22","4.13","13.86","On","12.788237,77.704157",
"09-Sep-2026 10:46:52","19.93","4.13","13.86","On","12.787135,77.703376",
"09-Sep-2026 10:46:54","14.1","4.13","13.83","On","12.786991,77.703334",
"09-Sep-2026 10:47:24","9.9","4.13","13.86","On","12.786152,77.703225",
"09-Sep-2026 10:47:54","19.38","4.13","13.86","On","12.784857,77.703149",
"09-Sep-2026 10:48:07","21.35","4.13","13.86","On","12.784487,77.703207",
"09-Sep-2026 10:48:24","21.66","4.13","13.83","On","12.783524,77.703594",
"09-Sep-2026 10:48:47","7.34","4.13","13.83","On","12.782087,77.703889",
"09-Sep-2026 10:48:54","1.28","4.13","13.76","On","12.782055,77.703885",
"09-Sep-2026 10:49:22","19.7","4.13","13.76","On","12.781671,77.70321",
"09-Sep-2026 10:49:24","19.7","4.13","13.83","On","12.781671,77.70321",
"09-Sep-2026 10:49:54","21.92","4.13","13.83","On","12.782155,77.701485",
"09-Sep-2026 10:50:22","2.77","4.13","13.83","On","12.782345,77.700911",
"09-Sep-2026 10:50:24","2.77","4.13","13.86","On","12.782345,77.700911",
"09-Sep-2026 10:50:27","15.17","4.13","13.86","On","12.782356,77.700847",
"09-Sep-2026 10:50:54","13.97","4.13","13.83","On","12.782635,77.699866",
"09-Sep-2026 10:50:57","13.97","4.13","13.83","On","12.782635,77.699866",
"09-Sep-2026 10:51:02","13.99","4.13","13.83","On","12.782913,77.699844",
"09-Sep-2026 10:51:17","5.33","4.13","13.83","On","12.783193,77.699962",
"09-Sep-2026 10:51:24","0.85","4.13","13.81","On","12.783271,77.700013",
"09-Sep-2026 10:51:54","6","4.13","13.79","On","12.783379,77.700238",
"09-Sep-2026 10:52:24","2.14","4.13","13.83","On","12.783334,77.70023",
"09-Sep-2026 10:52:54","1.67","4.13","13.86","On","12.783281,77.700214",
"09-Sep-2026 10:53:24","1.13","4.13","13.88","On","12.78326,77.700215",
"09-Sep-2026 10:53:54","0.71","4.13","13.91","On","12.783297,77.700229",
"09-Sep-2026 10:54:24","2.15","4.13","13.91","On","12.783297,77.700248",
"09-Sep-2026 10:54:54","3.82","4.13","13.93","On","12.783315,77.700259",
"09-Sep-2026 10:55:24","0.67","4.13","13.93","On","12.783326,77.700286",
"09-Sep-2026 10:55:54","3.03","4.13","13.93","On","12.783383,77.700271",
"09-Sep-2026 10:56:24","3.35","4.13","13.93","On","12.783375,77.700268",
"09-Sep-2026 10:56:54","1.82","4.13","13.93","On","12.783277,77.700269",
"09-Sep-2026 10:57:24","0.05","4.13","13.93","On","12.783248,77.700293",
"09-Sep-2026 10:57:54","2.42","4.13","13.93","On","12.783243,77.700294",
"09-Sep-2026 10:58:24","1.73","4.13","13.91","On","12.783304,77.70028",
"09-Sep-2026 10:58:54","1.73","4.13","13.93","On","12.783248,77.700272",
"09-Sep-2026 10:59:24","2.34","4.13","13.93","On","12.783154,77.700237",
"09-Sep-2026 10:59:54","2.53","4.13","13.95","On","12.783162,77.70022",
"09-Sep-2026 11:00:24","0.25","4.13","13.91","On","12.783123,77.700211",
"09-Sep-2026 11:00:54","4.05","4.13","13.91","On","12.783125,77.700246",
"09-Sep-2026 11:01:24","1.95","4.13","13.83","On","12.783241,77.700261",
"09-Sep-2026 11:01:54","1.9","4.13","13.91","On","12.783271,77.700185",
"09-Sep-2026 11:02:24","0.26","4.13","13.91","On","12.783273,77.700195",
"09-Sep-2026 11:02:54","0.89","4.13","13.95","On","12.783252,77.700221",
"09-Sep-2026 11:03:24","0.32","4.13","13.95","On","12.783261,77.700225",
"09-Sep-2026 11:03:54","0.43","4.13","13.93","On","12.783254,77.700218",
"09-Sep-2026 11:04:24","0.14","4.13","13.95","On","12.783254,77.7002",
"09-Sep-2026 11:04:54","1.27","4.13","13.93","On","12.783249,77.700207",
"09-Sep-2026 11:05:24","0.13","4.13","13.93","On","12.783251,77.700214",
"09-Sep-2026 11:05:54","0.11","4.13","13.95","On","12.78325,77.700208",
"09-Sep-2026 11:06:24","0.23","4.13","13.95","On","12.783254,77.700203",
"09-Sep-2026 11:06:54","0.32","4.13","13.95","On","12.783266,77.700219",
"09-Sep-2026 11:07:24","0.39","4.13","13.91","On","12.783237,77.700234",
"09-Sep-2026 11:07:54","1.69","4.13","13.91","On","12.783205,77.70023",
"09-Sep-2026 11:08:24","0.1","4.13","13.95","On","12.783183,77.700219",
"09-Sep-2026 11:08:54","0.24","4.13","13.93","On","12.783166,77.700221",
"09-Sep-2026 11:09:24","0.79","4.13","13.93","On","12.783216,77.700197",
"09-Sep-2026 11:09:54","0.41","4.13","13.93","On","12.783244,77.700212",
"09-Sep-2026 11:10:24","0.28","4.13","13.93","On","12.783249,77.700218",
"09-Sep-2026 11:10:54","0.24","4.13","13.93","On","12.783245,77.700217",
"09-Sep-2026 11:11:24","3.22","4.13","13.86","On","12.783236,77.700219",
"09-Sep-2026 11:11:54","0.2","4.13","13.83","On","12.783288,77.700116",
"09-Sep-2026 11:12:24","0.31","4.13","13.88","On","12.783301,77.700079",
"09-Sep-2026 11:12:54","0.97","4.13","13.93","On","12.783303,77.700079",
"09-Sep-2026 11:13:24","0.56","4.13","13.91","On","12.783303,77.700083",
"09-Sep-2026 11:13:54","0.45","4.13","13.93","On","12.783313,77.700072",
"09-Sep-2026 11:14:24","0.86","4.13","13.93","On","12.783296,77.700053",
"09-Sep-2026 11:14:54","0.83","4.13","13.95","On","12.783357,77.700038",
"09-Sep-2026 11:15:24","1.19","4.13","13.95","On","12.783379,77.700037",
"09-Sep-2026 11:15:54","0.74","4.13","13.93","On","12.783356,77.700062",
"09-Sep-2026 11:16:24","0.25","4.13","13.93","On","12.783298,77.700017",
"09-Sep-2026 11:16:54","0.79","4.13","13.91","On","12.783319,77.699987",
"09-Sep-2026 11:17:24","0.57","4.13","13.95","On","12.783343,77.700022",
"09-Sep-2026 11:17:54","0.79","4.13","13.93","On","12.783345,77.700098",
"09-Sep-2026 11:18:24","0.19","4.13","13.18","Off","12.783415,77.700092",
"09-Sep-2026 11:18:54","0.56","4.13","12.99","Off","12.78344,77.700086",
"09-Sep-2026 11:19:24","0.21","4.13","12.97","Off","12.783421,77.700086",
"09-Sep-2026 11:19:27","0.21","4.13","12.97","Off","12.783421,77.700086",
"09-Sep-2026 11:20:24","0.3","4.13","12.92","Off","12.783418,77.70007",
"09-Sep-2026 11:20:54","0.94","4.13","12.89","Off","12.783423,77.700051",
"09-Sep-2026 11:21:54","0.78","4.13","12.85","Off","12.783424,77.700056",
"09-Sep-2026 11:22:54","0.8","4.13","12.8","Off","12.783362,77.700057",
"09-Sep-2026 11:23:27","0.8","4.13","12.77","Off","12.783362,77.700057",
"09-Sep-2026 11:24:27","0.8","4.13","12.87","On","12.783362,77.700057",
"09-Sep-2026 11:24:27","1.06","4.13","12.87","On","12.783379,77.700018",
"09-Sep-2026 11:25:24","0.4","4.13","13.83","On","12.783204,77.700151",
"09-Sep-2026 11:25:38","12.29","4.13","13.83","On","12.783476,77.700265",
"09-Sep-2026 11:25:53","10.64","4.13","13.83","On","12.78325,77.700638",
"09-Sep-2026 11:25:54","2.14","4.13","13.88","On","12.783295,77.700678",
"09-Sep-2026 11:25:58","5.89","4.13","13.88","On","12.783267,77.700648",
"09-Sep-2026 11:26:13","11.43","4.13","13.88","On","12.783243,77.700633",
"09-Sep-2026 11:26:18","20.54","4.13","13.88","On","12.783293,77.700478",
"09-Sep-2026 11:26:24","12.42","4.13","13.88","On","12.783356,77.700333",
"09-Sep-2026 11:26:43","10.87","4.13","13.88","On","12.783092,77.700033",
"09-Sep-2026 11:26:54","10.9","4.13","13.91","On","12.78279,77.699872",
"09-Sep-2026 11:27:03","0.37","4.13","13.91","On","12.782761,77.699868",
"09-Sep-2026 11:27:24","4.02","4.13","13.86","On","12.78277,77.699855",
"09-Sep-2026 11:27:54","0.53","4.13","13.91","On","12.78274,77.699856",
"09-Sep-2026 11:28:24","2.72","4.13","13.91","On","12.78274,77.699791",
"09-Sep-2026 11:28:54","2.27","4.13","13.91","On","12.782725,77.699811",
"09-Sep-2026 11:29:24","1.71","4.13","13.93","On","12.782687,77.69977",
"09-Sep-2026 11:29:48","15.39","4.13","13.93","On","12.782809,77.69982",
"09-Sep-2026 11:29:53","3.99","4.13","13.93","On","12.782951,77.699882",
"09-Sep-2026 11:29:54","21.45","4.13","13.86","On","12.783063,77.699899",
"09-Sep-2026 11:29:58","21.45","4.13","13.86","On","12.783063,77.699899",
"09-Sep-2026 11:30:03","3.47","4.13","13.86","On","12.783236,77.7",
"09-Sep-2026 11:30:24","3.08","4.13","13.91","On","12.783368,77.700412",
"09-Sep-2026 11:30:33","13.94","4.13","13.91","On","12.783273,77.700582",
"09-Sep-2026 11:30:38","4.15","4.13","13.91","On","12.783252,77.700645",
"09-Sep-2026 11:30:54","2.07","4.13","13.88","Off","12.783223,77.7006",
"09-Sep-2026 11:31:24","3.29","4.13","13.16","Off","12.783238,77.7006",
"09-Sep-2026 11:31:54","2.07","4.13","13.04","Off","12.783244,77.700605",
"09-Sep-2026 11:32:14","2.07","4.13","13.01","Off","12.783244,77.700605",
"09-Sep-2026 11:32:54","0.36","4.13","12.99","Off","12.78323,77.700597",
"09-Sep-2026 11:33:54","1.18","4.13","12.97","Off","12.783197,77.700616",
"09-Sep-2026 11:34:54","0.32","4.13","12.92","Off","12.783205,77.700636",
"09-Sep-2026 11:35:54","2.08","4.13","12.89","Off","12.783237,77.700627",
"09-Sep-2026 11:36:14","2.08","4.13","12.87","Off","12.783237,77.700627",
"09-Sep-2026 11:50:56","2.08","4.13","12.75","Off","12.783237,77.700627",
"09-Sep-2026 11:50:56","0.97","4.13","12.75","Off","12.78322,77.700617",
"09-Sep-2026 11:50:58","0.97","4.13","12.75","Off","12.78322,77.700617",
"09-Sep-2026 11:51:24","0","4.13","12.68","Off","12.78218,77.696043",
"09-Sep-2026 11:51:54","0.6","4.13","12.65","Off","12.783216,77.700611",
"09-Sep-2026 11:52:24","0.45","4.13","12.63","Off","12.783257,77.700605",
"09-Sep-2026 11:52:36","0.45","4.13","12.63","Off","12.783257,77.700605",
"09-Sep-2026 11:53:24","0.05","4.13","12.6","Off","12.783169,77.700625",
"09-Sep-2026 11:53:54","0.62","4.13","12.6","Off","12.783163,77.700612",
"09-Sep-2026 11:54:54","0.58","4.13","12.6","Off","12.783186,77.700596",
"09-Sep-2026 11:55:54","0.45","4.13","12.6","Off","12.78321,77.700621",
"09-Sep-2026 11:56:36","0.45","4.13","12.6","Off","12.78321,77.700621",
"09-Sep-2026 12:13:01","0.45","4.13","12.68","On","12.78321,77.700621",
"09-Sep-2026 12:13:01","0.45","4.13","12.68","On","12.78321,77.700621",
"09-Sep-2026 12:13:01","1.58","4.13","12.68","On","12.783179,77.70062",
"09-Sep-2026 12:13:24","1.58","4.13","13.33","On","12.783179,77.70062",
"09-Sep-2026 12:14:24","0.88","4.13","13.91","On","12.783215,77.700679",
"09-Sep-2026 12:14:54","2","4.13","13.88","On","12.783191,77.700661",
"09-Sep-2026 12:15:24","1.31","4.13","13.91","On","12.783154,77.70064",
"09-Sep-2026 12:15:54","0.68","4.13","13.91","On","12.783144,77.700613",
"09-Sep-2026 12:16:24","0.63","4.13","13.91","On","12.783116,77.700593",
"09-Sep-2026 12:16:41","12.85","4.13","13.91","On","12.783159,77.700573",
"09-Sep-2026 12:16:54","11.94","4.13","13.93","On","12.783263,77.700298",
"09-Sep-2026 12:17:01","7.71","4.13","13.93","On","12.783249,77.700135",
"09-Sep-2026 12:17:24","5.09","4.13","13.93","On","12.783235,77.700084",
"09-Sep-2026 12:17:54","0.68","4.13","13.88","On","12.782946,77.69997",
"09-Sep-2026 12:18:24","0.66","4.13","13.88","On","12.782755,77.699905",
"09-Sep-2026 12:18:54","1.09","4.13","13.83","On","12.78277,77.6999",
"09-Sep-2026 12:19:24","0.59","4.13","13.88","On","12.782744,77.699904",
"09-Sep-2026 12:19:54","5.16","4.13","13.91","On","12.782729,77.699903",
"09-Sep-2026 12:20:01","12.18","4.13","13.91","On","12.782675,77.699952",
"09-Sep-2026 12:20:06","5.19","4.13","13.91","On","12.78267,77.699911",
"09-Sep-2026 12:20:24","0.53","4.13","13.88","On","12.782671,77.699833",
"09-Sep-2026 12:20:54","0.27","4.13","13.62","Off","12.782756,77.69974",
"09-Sep-2026 12:21:24","0.8","4.13","13.26","On","12.782777,77.699759",
"09-Sep-2026 12:21:54","0.42","4.13","13.86","On","12.782798,77.69979",
"09-Sep-2026 12:22:24","0.41","4.13","13.93","On","12.782792,77.699759",
"09-Sep-2026 12:22:54","0.55","4.11","3.45","On","12.782794,77.699764",
"09-Sep-2026 12:23:24","0.83","4.12","11.76","On","12.782813,77.699768",
"09-Sep-2026 12:23:54","0.84","4.12","13.66","On","12.782806,77.699794",
"09-Sep-2026 12:24:24","0.21","4.12","13.93","On","12.782804,77.699789",
"09-Sep-2026 12:24:54","0.51","4.12","13.21","Off","12.782769,77.699769",
"09-Sep-2026 12:25:24","0.73","4.12","13.57","On","12.78277,77.699792",
"09-Sep-2026 12:25:54","1.83","4.12","13.74","Off","12.782782,77.699802",
"09-Sep-2026 12:26:24","0.6","4.12","13.06","On","12.782771,77.699805",
"09-Sep-2026 12:26:54","0.27","4.12","13.06","On","12.782775,77.699802",
"09-Sep-2026 12:27:24","0.47","4.12","13.83","On","12.782773,77.699809",
"09-Sep-2026 12:27:54","0.48","4.12","13.42","On","12.782773,77.699839",
"09-Sep-2026 12:28:24","3.78","4.12","13.66","On","12.782778,77.699826",
"09-Sep-2026 12:28:54","0.28","4.12","13.83","On","12.782655,77.699843",
"09-Sep-2026 12:29:24","0.6","4.12","13.88","On","12.782642,77.699831",
"09-Sep-2026 12:29:54","0.38","4.12","13.88","On","12.782634,77.699819",
"09-Sep-2026 12:30:24","0.14","4.12","13.93","On","12.782642,77.699823",
"09-Sep-2026 12:30:54","0.17","4.12","13.93","On","12.782643,77.699829",
"09-Sep-2026 12:31:24","0.62","4.12","13.95","On","12.782648,77.699826",
"09-Sep-2026 12:31:54","0.78","4.12","13.95","On","12.782652,77.69983",
"09-Sep-2026 12:32:24","1.67","4.12","13.98","On","12.78266,77.699847",
"09-Sep-2026 12:32:54","0.06","4.13","13.98","On","12.782671,77.699849",
"09-Sep-2026 12:33:24","0.42","4.12","13.95","On","12.782677,77.699849",
"09-Sep-2026 12:33:54","0.2","4.12","13.93","On","12.782682,77.699849",
"09-Sep-2026 12:34:24","0.28","4.12","13.91","On","12.782682,77.699845",
"09-Sep-2026 12:34:54","0.63","4.12","13.93","On","12.782685,77.699841",
"09-Sep-2026 12:35:24","0.15","4.12","13.95","On","12.782686,77.699843",
"09-Sep-2026 12:35:54","0.09","4.12","13.93","On","12.78268,77.699822",
"09-Sep-2026 12:36:24","0.59","4.12","13.91","On","12.782675,77.69982",
"09-Sep-2026 12:36:54","0.22","4.12","13.95","On","12.782689,77.69983",
"09-Sep-2026 12:37:24","0.57","4.13","13.95","On","12.782688,77.699824",
"09-Sep-2026 12:37:54","0.16","4.12","13.93","On","12.782685,77.699826",
"09-Sep-2026 12:38:24","0.13","4.13","13.95","On","12.782686,77.699815",
"09-Sep-2026 12:38:54","0.15","4.12","13.93","On","12.78268,77.699816",
"09-Sep-2026 12:39:24","0.63","4.12","13.95","On","12.782675,77.69982",
"09-Sep-2026 12:39:54","0.08","4.12","13.95","On","12.782664,77.699818",
"09-Sep-2026 12:40:24","0.33","4.12","13.95","On","12.782675,77.699832",
"09-Sep-2026 12:40:54","0.1","4.12","13.95","On","12.782683,77.699825",
"09-Sep-2026 12:41:24","0.14","4.12","13.95","On","12.782685,77.699834",
"09-Sep-2026 12:41:54","0.15","4.12","13.95","On","12.782687,77.699843",
"09-Sep-2026 12:42:24","0.07","4.12","13.93","On","12.78268,77.699836",
"09-Sep-2026 12:42:54","0.21","4.12","13.95","On","12.782679,77.699851",
"09-Sep-2026 12:43:24","0.05","4.12","13.93","On","12.782678,77.699847",
"09-Sep-2026 12:43:54","0.26","4.12","13.98","On","12.782681,77.699854",
"09-Sep-2026 12:44:24","0.26","4.12","13.98","On","12.782682,77.699865",
"09-Sep-2026 12:44:54","0.18","4.12","13.95","On","12.78268,77.699871",
"09-Sep-2026 12:45:24","0.24","4.12","13.95","On","12.782679,77.699854",
"09-Sep-2026 12:45:54","0.2","4.12","13.93","On","12.782679,77.699849",
"09-Sep-2026 12:46:24","0.25","4.12","13.95","On","12.782685,77.699854",
"09-Sep-2026 12:46:54","0.1","4.12","13.93","On","12.78269,77.699849",
"09-Sep-2026 12:47:24","0.22","4.12","13.95","On","12.782695,77.69986",
"09-Sep-2026 12:47:54","0.06","4.12","13.95","On","12.782699,77.69987",
"09-Sep-2026 12:48:24","0.08","4.12","13.98","On","12.782704,77.699888",
"09-Sep-2026 12:48:54","8.21","4.13","13.95","On","12.782679,77.699978",
"09-Sep-2026 12:49:01","15.8","4.13","13.95","On","12.782638,77.700131",
"09-Sep-2026 12:49:24","2.5","4.12","13.93","On","12.782374,77.700956",
"09-Sep-2026 12:49:26","2.5","4.12","13.93","On","12.782374,77.700956",
"09-Sep-2026 12:49:36","14.45","4.12","13.93","On","12.782298,77.701143",
"09-Sep-2026 12:49:41","6.36","4.12","13.93","On","12.782231,77.701256",
"09-Sep-2026 12:49:54","0.21","4.12","13.93","On","12.782254,77.701264",
"09-Sep-2026 12:50:24","0.14","4.12","13.91","On","12.782266,77.701264",
"09-Sep-2026 12:50:54","0.06","4.12","13.91","On","12.782264,77.701265",
"09-Sep-2026 12:51:24","0.16","4.13","13.95","On","12.782255,77.701268",
"09-Sep-2026 12:51:46","14.98","4.13","13.95","On","12.782228,77.701391",
"09-Sep-2026 12:51:54","13.37","4.12","13.91","Off","12.782139,77.701755",
"09-Sep-2026 12:52:24","0.2","4.12","13.06","On","12.782129,77.701809",
"09-Sep-2026 12:52:54","0.22","4.12","13.81","On","12.781935,77.702294",
"09-Sep-2026 12:53:24","22.07","4.13","13.91","On","12.78164,77.703365",
"09-Sep-2026 12:53:31","19.83","4.13","13.91","On","12.781657,77.70367",
"09-Sep-2026 12:53:41","31.69","4.13","13.91","On","12.78242,77.703901",
"09-Sep-2026 12:53:54","22.76","4.13","13.91","On","12.783033,77.703748",
"09-Sep-2026 12:54:01","30","4.13","13.91","On","12.783499,77.703528",
"09-Sep-2026 12:54:24","17.14","4.13","13.91","On","12.784684,77.703102",
"09-Sep-2026 12:54:26","22.72","4.13","13.91","On","12.7849,77.703093",
"09-Sep-2026 12:54:31","8.77","4.13","13.91","On","12.785058,77.703093",
"09-Sep-2026 12:54:54","6.17","4.12","13.91","On","12.785398,77.703102",
"09-Sep-2026 12:55:24","5.87","4.13","13.95","On","12.785997,77.703151",
"09-Sep-2026 12:55:54","26.46","4.12","13.95","On","12.787041,77.703288",
"09-Sep-2026 12:56:06","24.11","4.12","13.95","On","12.7878,77.703654",
"09-Sep-2026 12:56:24","29.77","4.12","13.95","On","12.788766,77.704491",
"09-Sep-2026 12:56:46","45.39","4.12","13.95","On","12.790464,77.705581",
"09-Sep-2026 12:56:54","39.1","4.12","13.95","On","12.791274,77.705765",
"09-Sep-2026 12:57:24","44.16","4.12","13.93","On","12.793381,77.706197",
"09-Sep-2026 12:57:46","34.62","4.12","13.93","On","12.795818,77.706583",
"09-Sep-2026 12:57:54","26.74","4.12","13.91","On","12.796506,77.706506",
"09-Sep-2026 12:58:06","0.59","4.12","13.91","On","12.796763,77.706446",
"09-Sep-2026 12:58:16","24.93","4.12","13.91","On","12.797015,77.706431",
"09-Sep-2026 12:58:24","15.78","4.12","13.91","On","12.797443,77.706331",
"09-Sep-2026 12:58:54","25.15","4.13","13.93","On","12.799069,77.705823",
"09-Sep-2026 12:59:24","21.87","4.12","13.93","On","12.800301,77.705433",
"09-Sep-2026 12:59:54","26.49","4.12","13.88","On","12.8015,77.705048",
"09-Sep-2026 13:00:06","11.65","4.12","13.88","On","12.802095,77.704684",
"09-Sep-2026 13:00:24","20.12","4.12","13.86","On","12.802292,77.704269",
"09-Sep-2026 13:00:26","28.63","4.12","13.86","On","12.802356,77.704021",
"09-Sep-2026 13:00:54","39.32","4.12","13.91","On","12.803066,77.701679",
"09-Sep-2026 13:00:56","39.32","4.12","13.91","On","12.803066,77.701679",
"09-Sep-2026 13:01:06","43.09","4.12","13.91","On","12.803933,77.700793",
"09-Sep-2026 13:01:24","29.69","4.12","13.91","On","12.80537,77.699781",
"09-Sep-2026 13:01:54","39.3","4.12","13.88","On","12.807592,77.698032",
"09-Sep-2026 13:02:24","40.39","4.12","13.88","On","12.809788,77.696267",
"09-Sep-2026 13:02:54","46.27","4.13","13.91","On","12.812442,77.69416",
"09-Sep-2026 13:03:24","44.33","4.12","13.91","On","12.814952,77.692185",
"09-Sep-2026 13:03:54","42.69","4.12","13.91","On","12.817676,77.689942",
"09-Sep-2026 13:04:24","52.37","4.12","13.93","On","12.820113,77.687814",
"09-Sep-2026 13:04:54","43.32","4.12","13.91","On","12.822883,77.685265",
"09-Sep-2026 13:05:24","45.36","4.12","13.91","On","12.825575,77.683115",
"09-Sep-2026 13:05:54","47.66","4.12","13.88","On","12.82905,77.68151",
"09-Sep-2026 13:05:56","47.66","4.12","13.88","On","12.82905,77.68151",
"09-Sep-2026 13:06:24","39","4.12","13.88","On","12.832009,77.680576",
"09-Sep-2026 13:06:54","47.64","4.12","13.86","On","12.835147,77.679503",
"09-Sep-2026 13:07:24","16.09","4.12","13.83","On","12.838017,77.678239",
"09-Sep-2026 13:07:31","22.61","4.12","13.83","On","12.838335,77.678017",
"09-Sep-2026 13:07:54","28.42","4.12","13.83","On","12.839897,77.676788",
"09-Sep-2026 13:08:24","29.76","4.12","13.81","On","12.840926,77.676126",
"09-Sep-2026 13:08:54","23.48","4.12","13.79","On","12.843164,77.674287",
"09-Sep-2026 13:09:24","45.12","4.12","13.81","On","12.845073,77.672733",
"09-Sep-2026 13:09:31","19.43","4.12","13.81","On","12.845341,77.672237",
"09-Sep-2026 13:09:36","18.35","4.12","13.81","On","12.845206,77.672319",
"09-Sep-2026 13:09:54","36.88","4.12","13.83","On","12.844193,77.672972",
"09-Sep-2026 13:09:56","38.81","4.12","13.83","On","12.843908,77.673208",
"09-Sep-2026 13:10:01","41.52","4.12","13.83","On","12.843784,77.673592",
"09-Sep-2026 13:10:06","44.28","4.12","13.83","On","12.843929,77.673984",
"09-Sep-2026 13:10:11","35.87","4.12","13.83","On","12.844627,77.674089",
"09-Sep-2026 13:10:16","38.63","4.12","13.83","On","12.844878,77.673825",
"09-Sep-2026 13:10:24","43.89","4.12","13.83","On","12.845368,77.673169",
"09-Sep-2026 13:10:26","43.89","4.12","13.83","On","12.845368,77.673169",
"09-Sep-2026 13:10:31","40.13","4.12","13.83","On","12.846052,77.672703",
"09-Sep-2026 13:10:36","36.93","4.12","13.83","On","12.846443,77.672718",
"09-Sep-2026 13:10:41","39.31","4.12","13.83","On","12.846725,77.672966",
"09-Sep-2026 13:10:54","32.15","4.12","13.81","On","12.84727,77.673993",
"09-Sep-2026 13:11:11","20.94","4.12","13.81","On","12.847786,77.674606",
"09-Sep-2026 13:11:24","33.37","4.12","13.79","On","12.848642,77.674241",
"09-Sep-2026 13:11:36","2.57","4.12","13.79","On","12.849381,77.674023",
"09-Sep-2026 13:11:41","19.07","4.12","13.79","On","12.849493,77.674023",
"09-Sep-2026 13:11:54","18.42","4.12","13.86","On","12.850148,77.674085",
"09-Sep-2026 13:11:56","17.5","4.12","13.86","On","12.850345,77.674093",
"09-Sep-2026 13:12:11","19.6","4.12","13.86","On","12.85101,77.673897",
"09-Sep-2026 13:12:21","7.86","4.12","13.86","On","12.851268,77.673648",
"09-Sep-2026 13:12:24","12.45","4.12","13.81","On","12.851301,77.673699",
"09-Sep-2026 13:12:26","12.45","4.12","13.81","On","12.851301,77.673699",
"09-Sep-2026 13:12:36","24.79","4.12","13.81","On","12.851251,77.674425",
"09-Sep-2026 13:12:46","1.43","4.12","13.81","On","12.851218,77.674642",
"09-Sep-2026 13:12:54","0.36","4.12","13.83","On","12.851219,77.674633",
"09-Sep-2026 13:13:24","0.25","4.12","13.83","On","12.851215,77.674675",
"09-Sep-2026 13:13:54","0.3","4.12","13.86","On","12.851219,77.674678",
"09-Sep-2026 13:14:24","1.1","4.12","13.83","On","12.851216,77.674725",
"09-Sep-2026 13:14:54","0.77","4.12","13.81","On","12.851237,77.674748",
"09-Sep-2026 13:15:24","1.25","4.12","13.83","On","12.851246,77.674729",
"09-Sep-2026 13:15:54","0.96","4.12","13.81","On","12.851256,77.67471",
"09-Sep-2026 13:16:24","0.25","4.12","13.83","On","12.851227,77.674678",
"09-Sep-2026 13:16:54","0.27","4.12","13.93","On","12.851209,77.67467",
"09-Sep-2026 13:17:24","1.35","4.12","13.91","On","12.851222,77.674654",
"09-Sep-2026 13:17:54","0.31","4.12","13.28","Off","12.851203,77.674649",
"09-Sep-2026 13:18:24","0.12","4.12","13.06","Off","12.851206,77.674648",
"09-Sep-2026 13:18:54","0.08","4.12","13.04","Off","12.851212,77.674641",
"09-Sep-2026 13:19:08","0.08","4.12","13.04","Off","12.851212,77.674641",
"09-Sep-2026 13:19:46","0.08","4.12","13.01","Off","12.851212,77.674641",
"09-Sep-2026 13:19:46","0.4","4.12","13.01","Off","12.851216,77.674639",
"09-Sep-2026 13:19:54","0.5","4.12","12.97","Off","12.851214,77.674639",
"09-Sep-2026 13:20:24","0.17","4.12","12.87","Off","12.851201,77.674649",
"09-Sep-2026 13:20:54","0.26","4.12","12.87","Off","12.851196,77.674654",
"09-Sep-2026 13:21:24","0.18","4.12","12.82","Off","12.851192,77.674667",
"09-Sep-2026 13:21:31","0.18","4.12","12.85","Off","12.851192,77.674667",
"09-Sep-2026 13:22:24","0.21","4.12","12.8","Off","12.851169,77.674694",
"09-Sep-2026 13:22:54","0.21","4.12","12.77","Off","12.851174,77.674694",
"09-Sep-2026 13:23:54","0.19","4.12","12.72","Off","12.851188,77.674684",
"09-Sep-2026 13:24:54","0.11","4.12","12.7","Off","12.851185,77.674682",
"09-Sep-2026 13:25:31","0.11","4.12","12.68","Off","12.851185,77.674682",
"09-Sep-2026 13:39:12","0.11","4.12","12.56","On","12.851185,77.674682",
"09-Sep-2026 13:39:12","0.11","4.12","12.56","On","12.851185,77.674682",
"09-Sep-2026 13:39:24","0.26","4.12","12.46","On","12.85119,77.674674",
"09-Sep-2026 13:39:54","0.25","4.12","13.64","On","12.851146,77.674694",
"09-Sep-2026 13:40:24","0.46","4.13","13.86","On","12.851182,77.674682",
"09-Sep-2026 13:40:54","0.09","4.12","13.91","On","12.851189,77.674692",
"09-Sep-2026 13:41:24","0.39","4.12","13.54","Off","12.851206,77.674692",
"09-Sep-2026 13:41:54","0.34","4.12","13.23","Off","12.851209,77.674695",
"09-Sep-2026 13:42:24","0.27","4.12","13.09","Off","12.851195,77.674702",
"09-Sep-2026 13:42:54","0.27","4.12","13.04","Off","12.851195,77.674702",
"09-Sep-2026 13:43:24","0.75","4.12","13.04","Off","12.851195,77.674684",
"09-Sep-2026 13:43:54","0.53","4.12","13.01","Off","12.851192,77.674676",
"09-Sep-2026 13:44:54","0.61","4.12","12.89","Off","12.851182,77.67469",
"09-Sep-2026 13:45:54","0.42","4.12","12.8","Off","12.851192,77.674675",
"09-Sep-2026 13:46:54","0.42","4.12","12.75","Off","12.851192,77.674675",
"09-Sep-2026 14:04:15","0.42","4.12","12.56","On","12.851192,77.674675",
"09-Sep-2026 14:04:15","0.42","4.12","12.56","On","12.851192,77.674675",
"09-Sep-2026 14:04:15","1.47","4.12","12.56","On","12.851182,77.674666",
"09-Sep-2026 14:04:24","1.47","4.12","12.46","On","12.851182,77.674666",
"09-Sep-2026 14:04:54","3.17","4.13","13.66","On","12.851194,77.674764",
"09-Sep-2026 14:05:24","1.17","4.12","13.86","On","12.85119,77.67474",
"09-Sep-2026 14:05:54","0.92","4.12","13.91","On","12.851227,77.67469",
"09-Sep-2026 14:06:24","0.24","4.12","13.86","On","12.851222,77.674687",
"09-Sep-2026 14:06:54","0.82","4.12","13.86","On","12.851191,77.674722",
"09-Sep-2026 14:07:24","20.57","4.12","13.88","On","12.851255,77.674258",
"09-Sep-2026 14:07:40","17","4.12","13.88","On","12.851253,77.673725",
"09-Sep-2026 14:07:45","13.48","4.12","13.88","On","12.851112,77.673894",
"09-Sep-2026 14:07:50","13.72","4.12","13.88","On","12.851041,77.673934",
"09-Sep-2026 14:07:54","19.08","4.12","13.91","On","12.850742,77.674051",
"09-Sep-2026 14:08:00","14.49","4.12","13.91","On","12.850611,77.674088",
"09-Sep-2026 14:08:24","10.79","4.12","13.93","On","12.84939,77.674042",
"09-Sep-2026 14:08:30","3.35","4.12","13.93","On","12.849353,77.674037",
"09-Sep-2026 14:08:35","18.96","4.12","13.93","On","12.849245,77.674061",
"09-Sep-2026 14:08:54","28.47","4.12","13.88","On","12.847888,77.674634",
"09-Sep-2026 14:09:05","5.01","4.12","13.88","On","12.84762,77.67478",
"09-Sep-2026 14:09:10","17.21","4.12","13.88","On","12.847628,77.67487",
"09-Sep-2026 14:09:24","21.3","4.12","13.88","On","12.848056,77.676074",
"09-Sep-2026 14:09:54","1.86","4.12","13.83","On","12.848723,77.677598",
"09-Sep-2026 14:10:05","19.73","4.12","13.83","On","12.848898,77.677663",
"09-Sep-2026 14:10:24","21.26","4.12","13.86","On","12.850445,77.676861",
"09-Sep-2026 14:10:54","14.59","4.12","13.83","On","12.852376,77.675843",
"09-Sep-2026 14:11:24","20.03","4.12","13.91","On","12.854377,77.674834",
"09-Sep-2026 14:11:50","33.82","4.12","13.91","On","12.85587,77.67412",
"09-Sep-2026 14:11:54","25.12","4.12","13.91","On","12.856154,77.674177",
"09-Sep-2026 14:11:55","13.53","4.12","13.91","On","12.856298,77.674154",
"09-Sep-2026 14:12:00","27.19","4.12","13.91","On","12.856454,77.67401",
"09-Sep-2026 14:12:10","31.64","4.12","13.91","On","12.856941,77.673579",
"09-Sep-2026 14:12:15","19.54","4.12","13.91","On","12.857275,77.6736",
"09-Sep-2026 14:12:24","15.86","4.12","13.91","On","12.857521,77.673274",
"09-Sep-2026 14:12:54","10.78","4.12","13.91","On","12.857916,77.672792",
"09-Sep-2026 14:13:00","2.99","4.12","13.91","On","12.857983,77.6727",
"09-Sep-2026 14:13:20","11.7","4.12","13.91","On","12.857957,77.672729",
"09-Sep-2026 14:13:24","26.44","4.12","13.86","On","12.857857,77.672887",
"09-Sep-2026 14:13:40","16.13","4.12","13.86","On","12.857312,77.673777",
"09-Sep-2026 14:13:54","15.54","4.12","13.86","On","12.857752,77.673983",
"09-Sep-2026 14:14:20","11.5","4.12","13.86","On","12.859158,77.674356",
"09-Sep-2026 14:14:24","13.52","4.12","13.91","On","12.859265,77.674374",
"09-Sep-2026 14:14:45","11.98","4.12","13.91","On","12.860143,77.674504",
"09-Sep-2026 14:14:50","2.24","4.12","13.91","On","12.860226,77.674526",
"09-Sep-2026 14:14:54","3.97","4.12","13.86","On","12.860239,77.674537",
"09-Sep-2026 14:15:15","14.78","4.12","13.86","On","12.861072,77.674739",
"09-Sep-2026 14:15:20","21.23","4.12","13.86","On","12.86124,77.674447",
"09-Sep-2026 14:15:24","17.96","4.12","13.88","On","12.861427,77.674486",
"09-Sep-2026 14:15:30","19.35","4.12","13.88","On","12.86154,77.674398",
"09-Sep-2026 14:15:54","22.51","4.12","13.91","On","12.86195,77.673574",
"09-Sep-2026 14:16:24","24.74","4.12","13.86","On","12.862452,77.672472",
"09-Sep-2026 14:16:40","17.67","4.12","13.86","On","12.862921,77.67174",
"09-Sep-2026 14:16:54","5.73","4.12","13.86","On","12.863616,77.671957",
"09-Sep-2026 14:17:00","5.34","4.12","13.86","On","12.863732,77.671766",
"09-Sep-2026 14:17:24","21.91","4.12","13.91","On","12.864161,77.670541",
"09-Sep-2026 14:17:54","5.84","4.12","13.91","On","12.86446,77.668891",
"09-Sep-2026 14:18:24","32.75","4.12","13.86","On","12.865225,77.667637",
"09-Sep-2026 14:18:54","26.11","4.12","13.83","On","12.866262,77.665741",
"09-Sep-2026 14:19:24","28.5","4.12","13.88","On","12.866776,77.664542",
"09-Sep-2026 14:19:54","8.64","4.12","13.91","On","12.867439,77.663404",
"09-Sep-2026 14:20:24","9.3","4.12","13.91","On","12.868092,77.662007",
"09-Sep-2026 14:20:54","17.11","4.12","13.91","On","12.868963,77.660678",
"09-Sep-2026 14:21:24","20.25","4.12","13.91","On","12.86967,77.659726",
"09-Sep-2026 14:21:54","30.95","4.12","13.91","On","12.870296,77.658513",
"09-Sep-2026 14:22:10","21.11","4.12","13.91","On","12.870444,77.657558",
"09-Sep-2026 14:22:24","7.57","4.12","13.86","On","12.870521,77.656351",
"09-Sep-2026 14:22:35","1.91","4.12","13.86","On","12.870563,77.656178",
"09-Sep-2026 14:22:54","12.15","4.12","13.86","On","12.870711,77.655951",
"09-Sep-2026 14:22:55","12.15","4.12","13.86","On","12.870711,77.655951",
"09-Sep-2026 14:23:20","8.78","4.12","13.86","On","12.870812,77.655005",
"09-Sep-2026 14:23:24","7.79","4.12","13.88","On","12.870903,77.654993",
"09-Sep-2026 14:23:25","18.47","4.12","13.88","On","12.87107,77.654976",
"09-Sep-2026 14:23:45","11.96","4.12","13.88","On","12.871792,77.654998",
"09-Sep-2026 14:23:50","8.26","4.12","13.88","On","12.871934,77.655",
"09-Sep-2026 14:23:54","5.92","4.12","13.88","On","12.872003,77.654997",
"09-Sep-2026 14:24:20","12.79","4.12","13.88","On","12.872483,77.655152",
"09-Sep-2026 14:24:24","29.7","4.12","13.86","On","12.872645,77.655347",
"09-Sep-2026 14:24:30","20.99","4.12","13.86","On","12.87298,77.655671",
"09-Sep-2026 14:24:40","30.73","4.12","13.86","On","12.873376,77.655881",
"09-Sep-2026 14:24:54","3.24","4.12","13.81","On","12.874213,77.655973",
"09-Sep-2026 14:24:55","3.24","4.12","13.81","On","12.874213,77.655973",
"09-Sep-2026 14:25:00","21.07","4.12","13.81","On","12.87433,77.655986",
"09-Sep-2026 14:25:15","18.23","4.12","13.81","On","12.875553,77.656072",
"09-Sep-2026 14:25:20","6.21","4.12","13.81","On","12.875575,77.656213",
"09-Sep-2026 14:25:24","19.17","4.12","13.79","On","12.875598,77.656331",
"09-Sep-2026 14:25:54","24.41","4.12","13.81","On","12.875625,77.657825",
"09-Sep-2026 14:26:24","1.33","4.12","13.76","On","12.875628,77.65834",
"09-Sep-2026 14:26:54","0.69","4.12","13.81","On","12.875642,77.658338",
"09-Sep-2026 14:27:24","0.71","4.12","13.86","On","12.87563,77.658322",
"09-Sep-2026 14:27:54","0.7","4.12","13.52","Off","12.87563,77.658306",
"09-Sep-2026 14:28:24","0.71","4.12","13.11","Off","12.87563,77.658296",
"09-Sep-2026 14:28:47","0.71","4.12","13.06","Off","12.87563,77.658296",
"09-Sep-2026 14:29:24","3.08","4.12","13.04","Off","12.875618,77.658292",
"09-Sep-2026 14:29:54","0.57","4.12","13.01","Off","12.875623,77.658287",
"09-Sep-2026 14:30:54","0.52","4.12","12.97","Off","12.87564,77.658315",
"09-Sep-2026 14:31:54","0.39","4.12","12.94","Off","12.875629,77.658336",
"09-Sep-2026 14:32:47","0.39","4.12","12.89","Off","12.875629,77.658336",
"09-Sep-2026 15:32:47","0.39","4.12","12.6","Off","12.875629,77.658336",
"09-Sep-2026 15:32:47","0.66","4.12","12.6","Off","12.875649,77.658332",
"09-Sep-2026 15:32:54","0.66","4.12","12.6","Off","12.875649,77.658332",
"09-Sep-2026 16:38:54","1.24","4.12","12.51","Off","12.875628,77.658363",
"09-Sep-2026 16:39:54","1","4.12","12.48","Off","12.875653,77.658398",
"09-Sep-2026 16:40:47","1","4.12","12.48","Off","12.875653,77.658398",
"09-Sep-2026 17:40:47","1","4.12","12.56","Off","12.875653,77.658398",
"09-Sep-2026 17:40:47","2.67","4.12","12.56","Off","12.875628,77.658315",
"09-Sep-2026 17:40:54","2.67","4.12","12.56","Off","12.875628,77.658315",
"09-Sep-2026 18:44:47","3.12","4.12","12.51","Off","12.87569,77.658289",
"09-Sep-2026 18:44:54","3.12","4.12","12.51","Off","12.87569,77.658289",
"09-Sep-2026 19:48:47","1.69","4.12","12.48","Off","12.875609,77.65839",
"09-Sep-2026 19:48:54","1.69","4.12","12.48","Off","12.875609,77.65839",
"09-Sep-2026 19:51:54","2.05","4.12","12.41","Off","12.875688,77.658262",
"09-Sep-2026 19:52:47","2.05","4.12","12.41","Off","12.875688,77.658262",
"09-Sep-2026 20:52:47","2.05","4.12","12.48","Off","12.875688,77.658262",
"09-Sep-2026 20:52:47","0.89","4.12","12.48","Off","12.875706,77.658347",
"09-Sep-2026 20:52:54","0.89","4.12","12.46","Off","12.875706,77.658347",
"09-Sep-2026 20:57:54","5.7","4.12","13.86","On","12.875594,77.656468",
"09-Sep-2026 20:58:24","2.46","4.12","13.88","On","12.87558,77.656285",
"09-Sep-2026 20:59:24","1.43","4.12","13.88","On","12.875549,77.656326",
"09-Sep-2026 20:59:54","1.52","4.12","13.91","On","12.875633,77.656332",
"09-Sep-2026 21:00:24","0.86","4.12","13.88","On","12.87564,77.656288",
"09-Sep-2026 21:00:54","1.44","4.12","13.86","On","12.875596,77.656284",
"09-Sep-2026 21:01:24","7.41","4.12","13.86","On","12.875642,77.656227",
"09-Sep-2026 21:01:34","16.24","4.12","13.86","On","12.87568,77.6561",
"09-Sep-2026 21:01:54","9.12","4.12","13.81","On","12.875627,77.656174",
"09-Sep-2026 21:01:55","9.12","4.12","13.81","On","12.875627,77.656174",
"09-Sep-2026 21:02:10","11.89","4.12","13.81","On","12.87554,77.656661",
"09-Sep-2026 21:02:24","20.87","4.12","13.86","On","12.87563,77.657091",
"09-Sep-2026 21:02:45","6.53","4.12","13.86","On","12.875659,77.657744",
"09-Sep-2026 21:02:50","11.06","4.12","13.86","On","12.875597,77.657787",
"09-Sep-2026 21:02:54","4.05","4.12","13.83","On","12.875579,77.657793",
"09-Sep-2026 21:03:00","23.36","4.12","13.83","On","12.875602,77.657891",
"09-Sep-2026 21:03:10","14.65","4.12","13.83","On","12.8756,77.658241",
"09-Sep-2026 21:03:24","1.77","4.12","13.57","Off","12.875649,77.658298",
"09-Sep-2026 21:03:54","0.38","4.12","13.3","Off","12.87565,77.658295",
"09-Sep-2026 21:04:24","2.23","4.12","13.23","Off","12.875648,77.658276",
"09-Sep-2026 21:04:44","2.23","4.12","13.16","Off","12.875648,77.658276",
"09-Sep-2026 21:05:24","0.95","4.12","13.11","Off","12.875638,77.658301",
"09-Sep-2026 21:05:54","1.05","4.12","13.06","Off","12.875657,77.658321",
"09-Sep-2026 21:06:54","1.19","4.12","12.99","Off","12.875673,77.658312",
"09-Sep-2026 21:07:54","1.05","4.12","12.92","Off","12.875684,77.658301",
"09-Sep-2026 21:08:44","1.05","4.12","12.89","Off","12.875684,77.658301",
"09-Sep-2026 21:18:16","1.05","4.12","12.8","On","12.875684,77.658301",
"09-Sep-2026 21:18:16","1.05","4.12","12.8","On","12.875684,77.658301",
"09-Sep-2026 21:18:16","1.03","4.12","12.8","On","12.875663,77.65829",
"09-Sep-2026 21:18:24","1.03","4.12","12.68","On","12.875663,77.65829",
"09-Sep-2026 21:21:24","0","4.12","13.62","On","12.872889,77.655562",
"09-Sep-2026 21:21:42","2.61","4.12","13.62","On","12.872178,77.655167",
"09-Sep-2026 21:21:54","4.06","4.12","13.54","On","12.872389,77.655209",
"09-Sep-2026 21:22:54","9.2","4.12","13.64","On","12.872034,77.654959",
"09-Sep-2026 21:23:23","13.83","4.12","13.64","On","12.87132,77.654978",
"09-Sep-2026 21:23:24","13.83","4.12","13.64","On","12.87132,77.654978",
"09-Sep-2026 21:23:33","8.35","4.12","13.64","On","12.871163,77.654854",
"09-Sep-2026 21:23:53","13.91","4.12","13.64","On","12.870797,77.65509",
"09-Sep-2026 21:23:54","24.22","4.12","13.64","On","12.870767,77.655294",
"09-Sep-2026 21:24:23","17.44","4.12","13.64","On","12.870531,77.655879",
"09-Sep-2026 21:24:24","17.44","4.12","13.59","On","12.870531,77.655879",
"09-Sep-2026 21:24:48","13.48","4.12","13.59","On","12.870698,77.654487",
"09-Sep-2026 21:24:54","23.98","4.12","13.64","On","12.870459,77.654042",
"09-Sep-2026 21:25:03","16.25","4.12","13.64","On","12.870164,77.653675",
"09-Sep-2026 21:25:24","0.52","4.12","13.59","On","12.870006,77.653622",
"09-Sep-2026 21:25:43","23.74","4.12","13.59","On","12.869566,77.653757",
"09-Sep-2026 21:25:54","31.28","4.12","13.64","On","12.86893,77.654242",
"09-Sep-2026 21:26:24","34.56","4.12","13.64","On","12.866976,77.655737",
"09-Sep-2026 21:26:54","34.65","4.12","13.64","On","12.8646,77.657601",
"09-Sep-2026 21:27:24","39.63","4.12","13.66","On","12.86262,77.659223",
"09-Sep-2026 21:27:54","38.64","4.12","13.64","On","12.860447,77.660972",
"09-Sep-2026 21:28:24","33.41","4.12","13.64","On","12.858174,77.662793",
"09-Sep-2026 21:28:54","33.33","4.12","13.64","On","12.856162,77.664393",
"09-Sep-2026 21:29:24","25.41","4.12","13.66","On","12.854162,77.66613",
"09-Sep-2026 21:29:54","37.03","4.12","13.64","On","12.852199,77.667608",
"09-Sep-2026 21:30:24","35.62","4.12","13.64","On","12.849741,77.669581",
"09-Sep-2026 21:30:54","30.57","4.12","13.64","On","12.847785,77.671177",
"09-Sep-2026 21:31:24","45.78","4.12","13.64","On","12.845221,77.673077",
"09-Sep-2026 21:31:54","38.17","4.12","13.64","On","12.842841,77.674961",
"09-Sep-2026 21:32:24","19.73","4.12","13.66","On","12.841049,77.676387",
"09-Sep-2026 21:32:54","1.66","4.12","13.66","On","12.840297,77.676904",
"09-Sep-2026 21:33:11","3.48","4.12","13.66","On","12.840279,77.676884",
"09-Sep-2026 21:33:24","1.6","4.12","13.64","On","12.840221,77.676841",
"09-Sep-2026 21:33:54","13.72","4.12","13.64","On","12.839932,77.67705",
"09-Sep-2026 21:33:56","19.65","4.12","13.64","On","12.839782,77.677115",
"09-Sep-2026 21:34:24","33.51","4.12","13.66","On","12.838374,77.678329",
"09-Sep-2026 21:34:54","31.02","4.12","13.66","On","12.836577,77.679147",
"09-Sep-2026 21:35:24","40.92","4.12","13.66","On","12.833725,77.680161",
"09-Sep-2026 21:35:54","44.62","4.12","13.66","On","12.830899,77.681043",
"09-Sep-2026 21:36:24","38.77","4.12","13.64","On","12.827453,77.682183",
"09-Sep-2026 21:36:54","39.83","4.12","13.66","On","12.824939,77.683665",
"09-Sep-2026 21:37:24","38.38","4.12","13.64","On","12.822547,77.685774",
"09-Sep-2026 21:37:54","37.13","4.12","13.64","On","12.820531,77.687674",
"09-Sep-2026 21:38:24","40","4.12","13.66","On","12.818265,77.68964",
"09-Sep-2026 21:38:54","48.84","4.12","13.66","On","12.815741,77.691668",
"09-Sep-2026 21:39:06","24.66","4.12","13.66","On","12.814798,77.692566",
"09-Sep-2026 21:39:24","3.68","4.12","13.54","On","12.814395,77.692896",
"09-Sep-2026 21:39:46","3.28","4.12","13.54","On","12.814331,77.692958",
"09-Sep-2026 21:39:54","10.48","4.12","13.54","On","12.81427,77.693084",
"09-Sep-2026 21:40:24","2.66","4.12","13.64","On","12.814436,77.69296",
"09-Sep-2026 21:40:54","1.87","4.12","13.83","On","12.814473,77.692935",
"09-Sep-2026 21:41:24","0.87","4.12","13.88","On","12.814467,77.692905",
"09-Sep-2026 21:41:54","1.36","4.12","13.95","On","12.814476,77.692906",
"09-Sep-2026 21:42:24","0.57","4.12","13.93","On","12.814495,77.692867",
"09-Sep-2026 21:42:54","1.75","4.12","13.93","On","12.814484,77.692883",
"09-Sep-2026 21:43:24","1.42","4.12","13.91","On","12.814481,77.692915",
"09-Sep-2026 21:43:54","1.01","4.12","13.88","On","12.814495,77.692901",
"09-Sep-2026 21:44:24","1.61","4.12","13.93","On","12.814485,77.69291",
"09-Sep-2026 21:44:54","0.65","4.12","13.93","On","12.814521,77.692896",
"09-Sep-2026 21:45:24","2.78","4.12","13.91","On","12.814518,77.692877",
"09-Sep-2026 21:45:54","1.3","4.12","13.93","On","12.814523,77.692867",
"09-Sep-2026 21:46:24","0.38","4.12","13.91","On","12.814499,77.69287",
"09-Sep-2026 21:46:54","0.92","4.12","13.93","On","12.8145,77.692901",
"09-Sep-2026 21:47:24","0.28","4.12","13.91","On","12.814484,77.692892",
"09-Sep-2026 21:47:54","0.63","4.12","13.93","On","12.814473,77.692906",
"09-Sep-2026 21:48:24","0.82","4.12","13.91","On","12.81446,77.692933",
"09-Sep-2026 21:48:54","0.95","4.12","13.93","On","12.814465,77.692933",
"09-Sep-2026 21:49:24","6.63","4.12","13.81","On","12.814588,77.692809",
"09-Sep-2026 21:49:26","14.75","4.12","13.81","On","12.814677,77.692705",
"09-Sep-2026 21:49:54","24.36","4.12","13.69","On","12.815883,77.691727",
"09-Sep-2026 21:50:24","24.37","4.12","13.64","On","12.817302,77.690609",
"09-Sep-2026 21:50:54","17.06","4.12","13.62","On","12.818809,77.68953",
"09-Sep-2026 21:51:01","16.11","4.12","13.62","On","12.818968,77.689418",
"09-Sep-2026 21:51:24","7.99","4.12","13.64","On","12.81976,77.688776",
"09-Sep-2026 21:51:46","20.37","4.12","13.64","On","12.820396,77.688053",
"09-Sep-2026 21:51:54","22.47","4.12","13.66","On","12.820675,77.68777",
"09-Sep-2026 21:52:24","26.74","4.12","13.64","On","12.821872,77.686529",
"09-Sep-2026 21:52:54","23.4","4.12","13.62","On","12.823547,77.685036",
"09-Sep-2026 21:53:24","32.21","4.12","13.66","On","12.825041,77.683712",
"09-Sep-2026 21:53:26","28.11","4.12","13.66","On","12.8253,77.683538",
"09-Sep-2026 21:53:54","30.38","4.12","13.66","On","12.827144,77.682532",
"09-Sep-2026 21:54:24","35.6","4.12","13.66","On","12.829209,77.681687",
"09-Sep-2026 21:54:54","26.51","4.12","13.64","On","12.83145,77.681028",
"09-Sep-2026 21:55:24","37.68","4.12","13.62","On","12.833444,77.680404",
"09-Sep-2026 21:55:54","21.16","4.12","13.62","On","12.835895,77.679491",
"09-Sep-2026 21:56:24","27.58","4.12","13.62","On","12.837239,77.678993",
"09-Sep-2026 21:56:54","14.49","4.12","13.66","On","12.839285,77.677697",
"09-Sep-2026 21:57:21","15.62","4.12","13.66","On","12.840186,77.67714",
"09-Sep-2026 21:57:24","19.98","4.12","13.64","On","12.840253,77.677318",
"09-Sep-2026 21:57:41","7.78","4.12","13.64","On","12.840766,77.678016",
"09-Sep-2026 21:57:54","10.48","4.12","13.59","On","12.840955,77.678397",
"09-Sep-2026 21:57:56","10.48","4.12","13.59","On","12.840955,77.678397",
"09-Sep-2026 21:58:24","36.42","4.12","13.64","On","12.842122,77.68028",
"09-Sep-2026 21:58:31","20.34","4.12","13.64","On","12.84246,77.680815",
"09-Sep-2026 21:58:36","17.69","4.12","13.64","On","12.842334,77.680924",
"09-Sep-2026 21:58:51","12.16","4.12","13.64","On","12.841802,77.681347",
"09-Sep-2026 21:58:54","12.16","4.12","13.66","On","12.841802,77.681347",
"09-Sep-2026 21:58:56","8.05","4.12","13.66","On","12.841824,77.681448",
"09-Sep-2026 21:59:24","24.19","4.12","13.64","On","12.842616,77.682516",
"09-Sep-2026 21:59:36","11.65","4.12","13.64","On","12.842687,77.682862",
"09-Sep-2026 21:59:41","13.94","4.12","13.64","On","12.842603,77.68293",
"09-Sep-2026 21:59:54","7.82","4.12","13.62","On","12.842374,77.683115",
"09-Sep-2026 21:59:56","7.96","4.12","13.62","On","12.842322,77.683176",
"09-Sep-2026 22:00:24","0.49","4.12","13.62","On","12.842269,77.683208",
"09-Sep-2026 22:00:54","1.61","4.12","13.42","Off","12.842231,77.683273",
"09-Sep-2026 22:01:24","1.97","4.12","13.16","Off","12.842236,77.683202",
"09-Sep-2026 22:01:54","3.09","4.12","13.11","Off","12.842281,77.683217",
"09-Sep-2026 22:02:19","3.09","4.12","13.09","Off","12.842281,77.683217",
"09-Sep-2026 22:02:54","0.36","4.12","13.06","Off","12.842235,77.683194",
"09-Sep-2026 22:03:54","2.21","4.12","13.01","Off","12.842079,77.683271",
"09-Sep-2026 22:04:54","3.77","4.12","12.97","Off","12.842105,77.683323",
"09-Sep-2026 22:05:32","3.77","4.12","12.92","On","12.842105,77.683323",
"09-Sep-2026 22:05:32","0.8","4.12","12.92","On","12.842042,77.683279",
"09-Sep-2026 22:05:54","0.7","4.12","12.72","On","12.842097,77.683265",
"09-Sep-2026 22:06:24","2.75","4.12","12.53","On","12.842048,77.683277",
"09-Sep-2026 22:06:54","1.1","4.12","12.41","On","12.842047,77.683216",
"09-Sep-2026 22:07:24","1.29","4.12","12.34","On","12.842094,77.683275",
"09-Sep-2026 22:07:54","1.01","4.12","13.62","On","12.842129,77.683205",
"09-Sep-2026 22:08:24","1.67","4.12","13.86","On","12.842098,77.683198",
"09-Sep-2026 22:08:54","0.71","4.12","13.88","On","12.84213,77.683186",
"09-Sep-2026 22:09:24","1.28","4.12","13.91","On","12.842169,77.683243",
"09-Sep-2026 22:09:54","2.77","4.12","13.93","On","12.842154,77.683178",
"09-Sep-2026 22:10:24","2.86","4.12","13.93","On","12.842207,77.683216",
"09-Sep-2026 22:10:54","0.88","4.12","13.93","On","12.842242,77.683221",
"09-Sep-2026 22:11:24","2.82","4.12","13.93","On","12.842189,77.683199",
"09-Sep-2026 22:11:54","4.92","4.12","13.93","On","12.842211,77.68308",
"09-Sep-2026 22:12:24","6.8","4.12","13.98","On","12.842144,77.683042",
"09-Sep-2026 22:12:54","1.2","4.12","13.95","On","12.842067,77.683088",
"09-Sep-2026 22:13:24","3.53","4.12","13.91","On","12.842119,77.683092",
"09-Sep-2026 22:13:54","4.35","4.12","13.91","On","12.842068,77.683267",
"09-Sep-2026 22:14:24","1.8","4.12","13.93","On","12.842047,77.683256",
"09-Sep-2026 22:14:54","2.56","4.12","13.93","On","12.842078,77.683219",
"09-Sep-2026 22:15:24","1.28","4.12","13.93","On","12.842086,77.683221",
"09-Sep-2026 22:15:54","4.68","4.12","13.95","On","12.842092,77.683268",
"09-Sep-2026 22:16:24","0.46","4.12","13.95","On","12.841999,77.683285",
"09-Sep-2026 22:16:54","2.86","4.12","13.95","On","12.841948,77.683345",
"09-Sep-2026 22:17:24","2.45","4.12","13.93","On","12.842101,77.68334",
"09-Sep-2026 22:17:54","3.08","4.12","13.91","On","12.842127,77.683312",
"09-Sep-2026 22:18:24","2.15","4.12","13.91","On","12.842185,77.683288",
"09-Sep-2026 22:18:54","1.19","4.12","13.95","On","12.84217,77.683285",
"09-Sep-2026 22:19:24","3.11","4.12","13.95","On","12.842148,77.683274",
"09-Sep-2026 22:19:54","3.51","4.12","13.95","On","12.842134,77.683311",
"09-Sep-2026 22:20:24","2.03","4.12","13.93","On","12.842104,77.683334",
"09-Sep-2026 22:20:54","1.75","4.12","13.95","On","12.84206,77.683283",
"09-Sep-2026 22:21:24","3.38","4.12","13.93","On","12.842125,77.683229",
"09-Sep-2026 22:21:54","0.73","4.12","13.93","On","12.842071,77.68318",
"09-Sep-2026 22:22:24","2.01","4.12","13.91","On","12.842059,77.683184",
"09-Sep-2026 22:22:54","0.36","4.12","13.95","On","12.842065,77.683276",
"09-Sep-2026 22:23:06","10.27","4.12","13.95","On","12.842036,77.683228",
"09-Sep-2026 22:23:24","3.47","4.12","13.95","On","12.841969,77.683234",
"09-Sep-2026 22:23:54","1.65","4.12","13.95","On","12.841996,77.683245",
"09-Sep-2026 22:24:01","6.29","4.12","13.95","On","12.842013,77.683242",
"09-Sep-2026 22:24:24","2.6","4.12","13.95","On","12.842013,77.683192",
"09-Sep-2026 22:24:54","0.89","4.12","13.98","On","12.842069,77.683157",
"09-Sep-2026 22:25:24","3.67","4.12","13.93","On","12.842065,77.6832",
"09-Sep-2026 22:25:54","1.79","4.12","13.91","On","12.84207,77.683157",
"09-Sep-2026 22:26:24","2.69","4.12","13.93","On","12.842148,77.683188",
"09-Sep-2026 22:26:54","2.24","4.12","13.95","On","12.842202,77.683266",
"09-Sep-2026 22:27:24","2.09","4.12","13.95","On","12.842162,77.683364",
"09-Sep-2026 22:27:54","2.43","4.12","13.93","On","12.842149,77.683347",
"09-Sep-2026 22:28:24","2.4","4.12","13.93","On","12.842146,77.683354",
"09-Sep-2026 22:28:54","4.54","4.12","13.95","On","12.842186,77.683279",
"09-Sep-2026 22:29:24","2.5","4.12","13.93","On","12.842107,77.683271",
"09-Sep-2026 22:29:54","2.46","4.12","13.93","On","12.842091,77.683194",
"09-Sep-2026 22:30:24","3.94","4.12","13.93","On","12.842084,77.683205",
"09-Sep-2026 22:30:54","2.9","4.12","13.93","On","12.841963,77.683187",
"09-Sep-2026 22:31:24","1.79","4.12","13.95","On","12.841999,77.68317",
"09-Sep-2026 22:31:54","1.93","4.12","13.95","On","12.842093,77.683251",
"09-Sep-2026 22:32:24","1.57","4.12","13.98","On","12.842068,77.683317",
"09-Sep-2026 22:32:54","1.95","4.12","13.95","On","12.842099,77.683298",
"09-Sep-2026 22:33:24","5.78","4.12","13.93","On","12.842054,77.683301",
"09-Sep-2026 22:33:54","4.09","4.12","13.93","On","12.842128,77.683277",
"09-Sep-2026 22:34:24","3.28","4.12","13.95","On","12.842165,77.683297",
"09-Sep-2026 22:34:54","3.96","4.12","13.93","On","12.842097,77.683185",
"09-Sep-2026 22:35:24","3.93","4.12","13.95","On","12.842162,77.683121",
"09-Sep-2026 22:35:54","1.66","4.12","13.91","On","12.842063,77.683112",
"09-Sep-2026 22:36:24","4.27","4.12","13.93","On","12.84211,77.68314",
"09-Sep-2026 22:36:54","5.1","4.12","13.93","On","12.842184,77.68312",
"09-Sep-2026 22:37:24","4.45","4.12","13.91","On","12.842181,77.683026",
"09-Sep-2026 22:37:54","2.78","4.12","13.95","On","12.842083,77.683149",
"09-Sep-2026 22:38:24","0.72","4.12","13.98","On","12.842154,77.683121",
"09-Sep-2026 22:38:54","0.93","4.12","13.93","On","12.842166,77.683055",
"09-Sep-2026 22:39:24","5.86","4.12","13.95","On","12.842197,77.683084",
"09-Sep-2026 22:39:54","2.39","4.12","13.95","On","12.842154,77.683087",
"09-Sep-2026 22:40:24","2.93","4.12","13.93","On","12.842213,77.683093",
"09-Sep-2026 22:40:54","2.14","4.12","13.93","On","12.842139,77.683176",
"09-Sep-2026 22:41:24","1.52","4.12","13.93","On","12.842173,77.683195",
"09-Sep-2026 22:41:54","2.55","4.12","13.95","On","12.842212,77.683219",
"09-Sep-2026 22:42:24","0.4","4.12","13.95","On","12.842334,77.683239",
"09-Sep-2026 22:42:54","5.19","4.12","13.93","On","12.842316,77.68328",
"09-Sep-2026 22:43:24","3.57","4.12","14","On","12.842299,77.683149",
"09-Sep-2026 22:43:54","2.99","4.12","13.93","On","12.842234,77.683219",
"09-Sep-2026 22:44:24","3.72","4.12","13.93","On","12.842173,77.683212",
"09-Sep-2026 22:44:54","0.86","4.12","13.93","On","12.842138,77.683285",
"09-Sep-2026 22:45:24","4.46","4.12","13.95","On","12.842149,77.683303",
"09-Sep-2026 22:45:54","3.83","4.12","13.95","On","12.842112,77.683343",
"09-Sep-2026 22:46:24","3.66","4.12","13.95","On","12.842173,77.683363",
"09-Sep-2026 22:46:54","5.39","4.12","13.95","On","12.842167,77.683363",
"09-Sep-2026 22:47:24","4.47","4.12","13.93","On","12.842111,77.683308",
"09-Sep-2026 22:47:54","3.9","4.12","13.91","On","12.842152,77.683254",
"09-Sep-2026 22:48:24","3.97","4.12","13.93","On","12.842173,77.683356",
"09-Sep-2026 22:48:54","1.38","4.12","13.95","On","12.842166,77.683286",
"09-Sep-2026 22:49:24","1.31","4.12","13.95","On","12.842043,77.683308",
"09-Sep-2026 22:49:54","1.8","4.12","13.93","On","12.842106,77.683191",
"09-Sep-2026 22:50:24","1.59","4.12","13.95","On","12.84209,77.683247",
"09-Sep-2026 22:50:54","0.87","4.12","13.93","On","12.842087,77.683301",
"09-Sep-2026 22:51:24","2.06","4.12","13.91","On","12.842032,77.683388",
"09-Sep-2026 22:51:54","2.13","4.12","13.93","On","12.842044,77.683388",
"09-Sep-2026 22:52:24","1.79","4.12","13.95","On","12.842204,77.683226",
"09-Sep-2026 22:52:54","4.22","4.12","13.93","On","12.842259,77.683233",
"09-Sep-2026 22:53:24","2.41","4.12","13.95","On","12.842253,77.683268",
"09-Sep-2026 22:53:54","1.98","4.12","13.93","On","12.842169,77.683372",
"09-Sep-2026 22:54:24","2.16","4.12","13.91","On","12.842083,77.683337",
"09-Sep-2026 22:54:54","1.59","4.12","13.93","On","12.842039,77.683368",
"09-Sep-2026 22:55:24","5.44","4.12","13.93","On","12.842062,77.683443",
"09-Sep-2026 22:55:54","0.16","4.12","13.95","On","12.842209,77.683327",
"09-Sep-2026 22:56:24","4.76","4.12","13.91","On","12.84215,77.683265",
"09-Sep-2026 22:56:54","3.5","4.12","13.95","On","12.842179,77.683313",
"09-Sep-2026 22:57:24","2.58","4.12","13.93","On","12.842207,77.68322",
"09-Sep-2026 22:57:54","2.2","4.12","13.91","On","12.842207,77.683222",
"09-Sep-2026 22:58:24","2.89","4.12","13.93","On","12.842152,77.683256",
"09-Sep-2026 22:58:54","1.62","4.12","13.95","On","12.84216,77.683252",
"09-Sep-2026 22:59:24","1.87","4.12","13.95","On","12.842065,77.683261",
"09-Sep-2026 22:59:54","0.89","4.12","13.93","On","12.842026,77.683344",
"09-Sep-2026 23:00:24","2.68","4.12","13.93","On","12.842054,77.68332",
"09-Sep-2026 23:00:54","2.08","4.12","13.93","On","12.841957,77.683365",
"09-Sep-2026 23:01:24","2.95","4.12","13.91","On","12.841976,77.683292",
"09-Sep-2026 23:01:54","4.57","4.12","13.91","On","12.842092,77.683184",
"09-Sep-2026 23:02:24","2.89","4.12","13.95","On","12.842028,77.683269",
"09-Sep-2026 23:02:54","6.47","4.12","13.95","On","12.842054,77.683297",
"09-Sep-2026 23:03:24","3.39","4.12","13.93","On","12.842022,77.683352",
"09-Sep-2026 23:03:54","1.65","4.12","13.93","On","12.842073,77.683373",
"09-Sep-2026 23:04:24","5.05","4.12","13.91","On","12.842013,77.683364",
"09-Sep-2026 23:04:54","1.92","4.12","13.91","On","12.841903,77.683357",
"09-Sep-2026 23:05:24","0.53","4.12","13.93","On","12.84199,77.683363",
"09-Sep-2026 23:05:54","1.59","4.12","13.95","On","12.841995,77.683363",
"09-Sep-2026 23:06:24","4.3","4.12","13.93","On","12.842026,77.683358",
"09-Sep-2026 23:06:54","1.35","4.12","13.93","On","12.842092,77.683346",
"09-Sep-2026 23:07:24","3.22","4.12","13.93","On","12.842096,77.683327",
"09-Sep-2026 23:07:54","2.05","4.12","13.93","On","12.842105,77.683371",
"09-Sep-2026 23:08:24","1.89","4.12","13.88","On","12.84211,77.683281",
"09-Sep-2026 23:08:54","7.08","4.12","13.93","On","12.841983,77.683234",
"09-Sep-2026 23:09:24","1.03","4.12","13.93","On","12.842044,77.683219",
"09-Sep-2026 23:09:54","3.6","4.12","13.95","On","12.842137,77.683209",
"09-Sep-2026 23:10:24","7.69","4.12","13.95","On","12.842134,77.683231",
"09-Sep-2026 23:10:54","3.3","4.12","13.91","On","12.842144,77.683249",
"09-Sep-2026 23:11:24","3.01","4.12","13.91","On","12.842115,77.68326",
"09-Sep-2026 23:11:54","3.59","4.12","13.91","On","12.842108,77.683257",
"09-Sep-2026 23:12:24","3.98","4.12","13.93","On","12.842114,77.683273",
"09-Sep-2026 23:12:54","3.02","4.12","13.95","On","12.842144,77.683263",
"09-Sep-2026 23:13:24","1.5","4.12","13.95","On","12.842163,77.683168",
"09-Sep-2026 23:13:54","2.97","4.12","13.95","On","12.842272,77.683106",
"09-Sep-2026 23:14:24","1.97","4.12","13.91","On","12.842207,77.683135",
"09-Sep-2026 23:14:54","2.1","4.12","13.93","On","12.842195,77.683201",
"09-Sep-2026 23:15:24","3.71","4.12","13.93","On","12.842146,77.68322",
"09-Sep-2026 23:15:54","4.45","4.12","13.93","On","12.842131,77.683207",
"09-Sep-2026 23:16:24","4.05","4.12","13.93","On","12.842116,77.683213",
"09-Sep-2026 23:16:54","0.31","4.12","13.93","On","12.842101,77.683318",
"09-Sep-2026 23:17:24","0.85","4.12","13.95","On","12.842062,77.683335",
"09-Sep-2026 23:17:54","1.59","4.12","13.91","On","12.842123,77.683286",
"09-Sep-2026 23:18:24","1.7","4.12","13.91","On","12.842078,77.683326",
"09-Sep-2026 23:18:54","4.51","4.12","13.91","On","12.842101,77.683304",
"09-Sep-2026 23:19:24","1.74","4.12","13.93","On","12.84215,77.68329",
"09-Sep-2026 23:19:54","0.04","4.12","13.93","On","12.842117,77.683302",
"09-Sep-2026 23:20:24","2.26","4.12","13.93","On","12.842114,77.683323",
"09-Sep-2026 23:20:54","5.13","4.12","13.93","On","12.842143,77.683296",
"09-Sep-2026 23:21:24","1.65","4.12","13.91","On","12.842142,77.683274",
"09-Sep-2026 23:21:54","2.26","4.12","13.91","On","12.842178,77.68329",
"09-Sep-2026 23:22:24","1.84","4.12","13.95","On","12.842154,77.683247",
"09-Sep-2026 23:22:54","1","4.12","13.95","On","12.842159,77.683259",
"09-Sep-2026 23:23:24","1.74","4.12","13.93","On","12.842188,77.68325",
"09-Sep-2026 23:23:54","0.97","4.12","13.93","On","12.842138,77.683242",
"09-Sep-2026 23:24:24","0.23","4.12","13.93","On","12.842078,77.683299",
"09-Sep-2026 23:24:54","1.15","4.12","13.93","On","12.842073,77.683282",
"09-Sep-2026 23:25:24","3.03","4.12","13.91","On","12.84213,77.683291",
"09-Sep-2026 23:25:54","0.84","4.12","13.95","On","12.842104,77.683333",
"09-Sep-2026 23:26:24","2.82","4.12","13.95","On","12.842077,77.683364",
"09-Sep-2026 23:26:54","2.66","4.12","13.95","On","12.842103,77.683318",
"09-Sep-2026 23:27:24","5.5","4.12","13.93","On","12.842127,77.683275",
"09-Sep-2026 23:27:54","3.28","4.12","13.91","On","12.842134,77.683238",
"09-Sep-2026 23:28:24","2.7","4.12","13.93","On","12.842189,77.683172",
"09-Sep-2026 23:28:54","0.46","4.12","13.95","On","12.842161,77.683213",
"09-Sep-2026 23:29:24","1.14","4.12","13.93","On","12.842064,77.68323",
"09-Sep-2026 23:29:54","0.75","4.12","13.95","On","12.842107,77.683194",
"09-Sep-2026 23:30:24","4.9","4.12","13.93","On","12.842069,77.683221",
"09-Sep-2026 23:30:54","6.16","4.12","13.91","On","12.842111,77.683194",
"09-Sep-2026 23:31:24","3.85","4.12","13.91","On","12.84206,77.683301",
"09-Sep-2026 23:31:54","1.07","4.12","13.91","On","12.84214,77.683267",
"09-Sep-2026 23:32:24","1.04","4.12","13.93","On","12.842149,77.68327",
"09-Sep-2026 23:32:54","1.24","4.12","13.95","On","12.842097,77.683269",
"09-Sep-2026 23:33:24","1.75","4.12","13.95","On","12.842146,77.683204",
"09-Sep-2026 23:33:54","0.62","4.12","13.93","On","12.842157,77.683219",
"09-Sep-2026 23:34:24","2.51","4.12","13.33","Off","12.842136,77.683223",
"09-Sep-2026 23:34:54","0.32","4.12","13.09","Off","12.842142,77.683218",
"09-Sep-2026 23:35:24","1.92","4.12","13.3","On","12.842142,77.683217",
"09-Sep-2026 23:35:54","0.37","4.12","13.83","On","12.842123,77.683272",
"09-Sep-2026 23:36:24","1.48","4.12","13.79","On","12.842201,77.683329",
"09-Sep-2026 23:36:54","11.85","4.12","13.66","On","12.842407,77.683026",
"09-Sep-2026 23:37:23","16.63","4.12","13.66","On","12.842662,77.682684",
"09-Sep-2026 23:37:24","16.63","4.12","13.62","On","12.842662,77.682684",
"09-Sep-2026 23:37:53","20.04","4.12","13.62","On","12.841835,77.681324",
"09-Sep-2026 23:37:54","5.71","4.12","13.59","On","12.841846,77.681289",
"09-Sep-2026 23:38:13","1.83","4.12","13.59","On","12.842416,77.680885",
"09-Sep-2026 23:38:18","28.34","4.12","13.59","On","12.842319,77.68063",
"09-Sep-2026 23:38:24","26.04","4.12","13.64","On","12.842168,77.680426",
"09-Sep-2026 23:38:53","22.67","4.12","13.64","On","12.841189,77.678794",
"09-Sep-2026 23:38:54","27.86","4.12","13.64","On","12.840992,77.678562",
"09-Sep-2026 23:39:24","25.04","4.12","13.66","On","12.840431,77.67764",
"09-Sep-2026 23:39:38","26.05","4.12","13.66","On","12.839853,77.677346",
"09-Sep-2026 23:39:54","33.37","4.12","13.66","On","12.8389,77.678057",
"09-Sep-2026 23:40:24","34.99","4.12","13.64","On","12.837032,77.678989",
"09-Sep-2026 23:40:54","42.37","4.12","13.62","On","12.833961,77.680118",
"09-Sep-2026 23:41:24","53.22","4.12","13.64","On","12.830645,77.681181",
"09-Sep-2026 23:41:54","48.5","4.12","13.64","On","12.826721,77.682636",
"09-Sep-2026 23:42:24","46.46","4.12","13.64","On","12.823888,77.684574",
"09-Sep-2026 23:42:54","44.64","4.12","13.64","On","12.821079,77.687172",
"09-Sep-2026 23:43:24","46.17","4.12","13.66","On","12.818781,77.689342",
"09-Sep-2026 23:43:54","53.2","4.12","13.62","On","12.815543,77.691939",
"09-Sep-2026 23:44:24","40.51","4.12","13.62","On","12.813517,77.693583",
"09-Sep-2026 23:44:54","51.23","4.12","13.66","On","12.810444,77.696041",
"09-Sep-2026 23:45:24","19.16","4.12","13.62","On","12.808004,77.697965",
"09-Sep-2026 23:45:54","46.44","4.12","13.66","On","12.805731,77.699771",
"09-Sep-2026 23:46:18","0.35","4.12","13.66","On","12.804445,77.700892",
"09-Sep-2026 23:46:24","2.05","4.12","13.57","On","12.804458,77.700878",
"09-Sep-2026 23:46:43","21.94","4.12","13.57","On","12.804169,77.701141",
"09-Sep-2026 23:46:54","32.98","4.12","13.59","On","12.803781,77.701562",
"09-Sep-2026 23:47:08","39.04","4.12","13.59","On","12.803036,77.70289",
"09-Sep-2026 23:47:24","18.48","4.12","13.59","On","12.802758,77.704237",
"09-Sep-2026 23:47:28","3.39","4.12","13.59","On","12.802747,77.704348",
"09-Sep-2026 23:47:54","0.32","4.12","13.62","On","12.802727,77.704499",
"09-Sep-2026 23:48:24","0.56","4.12","13.74","On","12.80273,77.704498",
"09-Sep-2026 23:48:53","23.87","4.12","13.74","On","12.802516,77.705036",
"09-Sep-2026 23:48:54","23.87","4.12","13.69","On","12.802516,77.705036",
"09-Sep-2026 23:48:58","11.72","4.12","13.69","On","12.802413,77.705168",
"09-Sep-2026 23:49:03","16.95","4.12","13.69","On","12.802302,77.70512",
"09-Sep-2026 23:49:08","23.56","4.12","13.69","On","12.801759,77.705118",
"09-Sep-2026 23:49:24","3.4","4.12","13.66","On","12.800771,77.705377",
"09-Sep-2026 23:49:54","34.63","4.12","13.64","On","12.798994,77.705929",
"09-Sep-2026 23:50:08","8.14","4.12","13.64","On","12.797949,77.7063",
"09-Sep-2026 23:50:18","10.73","4.12","13.64","On","12.797871,77.706328",
"09-Sep-2026 23:50:24","26.65","4.12","13.62","On","12.797451,77.706416",
"09-Sep-2026 23:50:54","38.21","4.12","13.62","On","12.794951,77.7066",
"09-Sep-2026 23:51:24","0.29","4.12","13.83","On","12.794296,77.706485",
"09-Sep-2026 23:51:54","0.55","4.12","13.93","On","12.794291,77.706493",
"09-Sep-2026 23:52:24","0.58","4.12","13.95","On","12.79428,77.706492",
"09-Sep-2026 23:52:54","1.11","4.12","13.95","On","12.794309,77.706513",
"09-Sep-2026 23:53:24","0.67","4.12","13.93","On","12.794308,77.706523",
"09-Sep-2026 23:53:54","2.02","4.12","13.91","On","12.794272,77.706477",
"09-Sep-2026 23:54:24","0.93","4.12","13.93","On","12.794296,77.706453",
"09-Sep-2026 23:54:54","0.75","4.12","13.93","On","12.794302,77.706436",
"09-Sep-2026 23:55:24","1.65","4.12","13.93","On","12.794289,77.70645",
"09-Sep-2026 23:55:54","0.42","4.12","13.93","On","12.794261,77.706437",
"09-Sep-2026 23:56:24","0.62","4.12","13.93","On","12.794276,77.706447",
"09-Sep-2026 23:56:54","0.48","4.12","13.93","On","12.794326,77.706469",
"09-Sep-2026 23:57:24","32.38","4.12","13.69","On","12.793442,77.706271",
"09-Sep-2026 23:57:38","9.57","4.12","13.69","On","12.79273,77.706151",
"09-Sep-2026 23:57:48","22.09","4.12","13.69","On","12.792832,77.706106",
"09-Sep-2026 23:57:54","36.79","4.12","13.59","On","12.793451,77.706211",
"09-Sep-2026 23:58:13","42.37","4.12","13.59","On","12.795561,77.706603",
"09-Sep-2026 23:58:24","38.48","4.12","13.62","On","12.796828,77.706463",
"09-Sep-2026 23:58:38","6.55","4.12","13.62","On","12.797667,77.706227",
"09-Sep-2026 23:58:43","25.46","4.12","13.62","On","12.797845,77.706173",
"09-Sep-2026 23:58:54","38.64","4.12","13.66","On","12.798871,77.70586",
"09-Sep-2026 23:59:03","1.78","4.12","13.66","On","12.799312,77.705716",
"09-Sep-2026 23:59:24","0.61","4.12","13.69","On","12.799318,77.705691",
"09-Sep-2026 23:59:54","7.78","4.12","13.66","On","12.799519,77.705677",
"09-Sep-2026 23:59:58","15.49","4.12","13.66","On","12.799445,77.705735",
"10-Sep-2026 00:00:24","15.25","4.12","13.66","On","12.797892,77.706174",
"10-Sep-2026 00:00:38","2.94","4.12","13.66","On","12.797548,77.706262",
"10-Sep-2026 00:00:54","0.25","4.12","13.81","On","12.797546,77.706282",
"10-Sep-2026 00:01:24","0.17","4.12","13.83","On","12.797546,77.706297",
"10-Sep-2026 00:01:54","0.3","4.12","13.88","On","12.797547,77.706276",
"10-Sep-2026 00:02:24","0.65","4.12","13.88","On","12.797546,77.706244",
"10-Sep-2026 00:02:54","0.7","4.12","13.88","On","12.797536,77.706262",
"10-Sep-2026 00:03:24","0.85","4.12","13.88","On","12.797536,77.706286",
"10-Sep-2026 00:03:54","0.57","4.12","13.91","On","12.797534,77.70629",
"10-Sep-2026 00:04:24","0.18","4.12","13.88","On","12.797533,77.706278",
"10-Sep-2026 00:04:54","0.41","4.12","13.88","On","12.797548,77.706273",
"10-Sep-2026 00:05:24","2.75","4.12","13.88","On","12.797546,77.706277",
"10-Sep-2026 00:05:54","4.83","4.12","13.88","On","12.797519,77.706292",
"10-Sep-2026 00:05:58","14.31","4.12","13.88","On","12.797438,77.706345",
"10-Sep-2026 00:06:03","20.9","4.12","13.88","On","12.797259,77.706383",
"10-Sep-2026 00:06:24","27.08","4.12","13.66","On","12.796106,77.706638",
"10-Sep-2026 00:06:54","32.29","4.12","13.64","On","12.792885,77.706199",
"10-Sep-2026 00:07:24","37.93","4.12","13.64","On","12.790907,77.705732",
"10-Sep-2026 00:07:38","43.24","4.12","13.64","On","12.789429,77.705243",
"10-Sep-2026 00:07:54","33.36","4.12","13.57","On","12.788234,77.704115",
"10-Sep-2026 00:08:18","33.77","4.12","13.57","On","12.786803,77.703318",
"10-Sep-2026 00:08:24","31.92","4.12","13.54","On","12.786494,77.703274",
"10-Sep-2026 00:08:53","5.15","4.12","13.54","On","12.784619,77.703193",
"10-Sep-2026 00:08:54","21.82","4.12","13.57","On","12.784516,77.70323",
"10-Sep-2026 00:09:24","30.74","4.12","13.59","On","12.78241,77.703941",
"10-Sep-2026 00:09:28","18.17","4.12","13.59","On","12.782133,77.703918",
"10-Sep-2026 00:09:33","1.84","4.12","13.59","On","12.78208,77.703892",
"10-Sep-2026 00:09:53","15.07","4.12","13.59","On","12.781593,77.703436",
"10-Sep-2026 00:09:54","23.18","4.12","13.62","On","12.78166,77.703236",
"10-Sep-2026 00:10:24","29.95","4.12","13.59","On","12.782133,77.701592",
"10-Sep-2026 00:10:38","0.44","4.12","13.59","On","12.782248,77.701253",
"10-Sep-2026 00:10:54","0.32","4.12","13.54","On","12.782277,77.701204",
"10-Sep-2026 00:11:23","18.96","4.12","13.54","On","12.782361,77.701003",
"10-Sep-2026 00:11:24","18.96","4.12","13.59","On","12.782361,77.701003",
"10-Sep-2026 00:11:54","3.85","4.12","13.54","On","12.782627,77.699935",
"10-Sep-2026 00:12:03","4.69","4.12","13.54","On","12.782752,77.699827",
"10-Sep-2026 00:12:24","0.86","4.12","13.54","On","12.782759,77.699812",
"10-Sep-2026 00:12:54","1.09","4.12","13.79","On","12.783366,77.700075",
"10-Sep-2026 00:13:24","0.22","4.12","13.83","On","12.783356,77.700091",
"10-Sep-2026 00:13:53","11.28","4.12","13.83","On","12.783428,77.700266",
"10-Sep-2026 00:13:54","3.51","4.12","13.81","On","12.783391,77.700386",
"10-Sep-2026 00:14:24","0.79","4.12","13.81","On","12.783283,77.700659",
"10-Sep-2026 00:14:28","3.25","4.12","13.81","On","12.783278,77.700667",
"10-Sep-2026 00:14:43","11.28","4.12","13.81","On","12.783209,77.701",
"10-Sep-2026 00:14:54","10.14","4.12","13.81","On","12.783128,77.701252",
"10-Sep-2026 00:14:58","10.14","4.12","13.81","On","12.783128,77.701252",
"10-Sep-2026 00:15:03","0.89","4.12","13.81","On","12.783079,77.701198",
"10-Sep-2026 00:15:18","13.68","4.12","13.81","On","12.783139,77.700997",
"10-Sep-2026 00:15:23","0.25","4.12","13.81","On","12.783187,77.700976",
"10-Sep-2026 00:15:24","0.25","4.12","13.79","On","12.783187,77.700976",
"10-Sep-2026 00:15:43","12.15","4.12","13.79","On","12.783131,77.700941",
"10-Sep-2026 00:15:48","1.63","4.12","13.79","On","12.783083,77.700935",
"10-Sep-2026 00:15:54","1.53","4.12","13.52","Off","12.783063,77.700951",
"10-Sep-2026 00:16:24","0.58","4.12","13.09","Off","12.783107,77.700933",
"10-Sep-2026 00:16:54","2.44","4.12","13.01","Off","12.783063,77.700906",
"10-Sep-2026 00:17:24","0.93","4.12","13.01","Off","12.783103,77.700907",
"10-Sep-2026 00:17:27","0.93","4.12","12.99","Off","12.783103,77.700907",
"10-Sep-2026 00:18:24","1.05","4.12","12.99","Off","12.783157,77.700909",
"10-Sep-2026 00:18:54","2.53","4.12","12.97","Off","12.783164,77.700924",
"10-Sep-2026 00:19:54","0.58","4.12","12.94","Off","12.783184,77.700953",
"10-Sep-2026 00:20:54","0.39","4.12","12.87","Off","12.783193,77.700984",
"10-Sep-2026 00:21:27","0.39","4.12","12.85","Off","12.783193,77.700984",
"10-Sep-2026 00:46:18","0.39","4.12","12.6","On","12.783193,77.700984",
"10-Sep-2026 00:46:18","0.39","4.12","12.6","On","12.783193,77.700984",
"10-Sep-2026 00:46:18","0.98","4.12","12.6","On","12.783232,77.701007",
"10-Sep-2026 00:46:24","0.98","4.12","12.53","On","12.783232,77.701007",
"10-Sep-2026 00:49:24","7.1","4.12","13.93","On","12.782882,77.700446",
"10-Sep-2026 00:49:54","1.44","4.12","13.91","On","12.783159,77.700186",
"10-Sep-2026 00:50:24","0.72","4.12","13.93","On","12.783244,77.700129",
"10-Sep-2026 00:50:54","2.43","4.12","13.66","Off","12.783292,77.700127",
"10-Sep-2026 00:51:24","1.09","4.12","13.26","Off","12.783328,77.700112",
"10-Sep-2026 00:51:54","1.92","4.12","13.16","Off","12.783365,77.700078",
"10-Sep-2026 00:52:17","1.92","4.12","13.11","Off","12.783365,77.700078",
"10-Sep-2026 00:52:54","0.97","4.12","13.06","Off","12.783284,77.700143",
"10-Sep-2026 00:53:54","2.53","4.12","13.01","Off","12.783282,77.700147",
"10-Sep-2026 00:54:49","2.53","4.12","12.94","On","12.783282,77.700147",
"10-Sep-2026 00:54:49","1.65","4.12","12.94","On","12.783322,77.70015",
"10-Sep-2026 00:54:54","2.48","4.12","12.87","On","12.783334,77.700151",
"10-Sep-2026 00:55:24","5.06","4.12","13.69","On","12.783134,77.700044",
"10-Sep-2026 00:55:54","1.02","4.12","13.81","On","12.783086,77.69998",
"10-Sep-2026 00:56:24","0.29","4.12","13.88","On","12.782978,77.700007",
"10-Sep-2026 00:56:32","15.21","4.12","13.88","On","12.783005,77.700063",
"10-Sep-2026 00:56:54","1.35","4.12","13.88","On","12.783111,77.700078",
"10-Sep-2026 00:57:24","3.29","4.12","13.93","On","12.783106,77.700105",
"10-Sep-2026 00:57:54","1.41","4.12","13.93","On","12.783188,77.700091",
"10-Sep-2026 00:58:24","0.4","4.12","13.91","On","12.783278,77.700091",
"10-Sep-2026 00:58:54","3.29","4.12","13.95","On","12.78328,77.700086",
"10-Sep-2026 00:59:22","4.63","4.12","13.95","On","12.783331,77.700087",
"10-Sep-2026 00:59:24","7.74","4.12","13.86","On","12.78334,77.700143",
"10-Sep-2026 00:59:52","16.57","4.12","13.86","On","12.783296,77.700632",
"10-Sep-2026 00:59:54","2.65","4.12","13.91","On","12.783252,77.700659",
"10-Sep-2026 01:00:24","0.22","4.12","13.26","Off","12.78322,77.700688",
"10-Sep-2026 01:00:54","1.19","4.12","13.13","Off","12.783223,77.700694",
"10-Sep-2026 01:01:24","0.45","4.12","13.11","Off","12.783242,77.700708",
"10-Sep-2026 01:01:28","0.45","4.12","13.09","Off","12.783242,77.700708",
"10-Sep-2026 01:02:24","1.4","4.12","13.06","Off","12.783254,77.700696",
"10-Sep-2026 01:02:54","0.2","4.12","13.06","Off","12.783235,77.70068",
"10-Sep-2026 01:03:54","0.79","4.12","13.04","Off","12.783226,77.700683",
"10-Sep-2026 01:04:54","0.29","4.12","12.97","Off","12.783247,77.700684",
"10-Sep-2026 01:04:57","2.89","4.12","12.97","Off","12.783253,77.700686",
"10-Sep-2026 01:05:28","2.89","4.12","12.92","Off","12.783253,77.700686",
"10-Sep-2026 01:11:56","2.89","4.12","12.82","On","12.783253,77.700686",
"10-Sep-2026 01:11:56","2.89","4.12","12.82","On","12.783253,77.700686",
"10-Sep-2026 01:11:56","0.68","4.12","12.82","On","12.783263,77.70071",
"10-Sep-2026 01:12:54","1.02","4.12","13.74","On","12.783285,77.700716",
"10-Sep-2026 01:13:24","1.29","4.12","13.91","On","12.783272,77.700692",
"10-Sep-2026 01:13:54","0.62","4.12","13.93","On","12.783293,77.700707",
"10-Sep-2026 01:14:24","6.26","4.12","13.91","On","12.783251,77.700636",
"10-Sep-2026 01:14:54","1.07","4.12","13.33","Off","12.783196,77.700637",
"10-Sep-2026 01:15:24","1.43","4.12","13.11","Off","12.783176,77.700616",
"10-Sep-2026 01:15:54","1.86","4.12","13.01","Off","12.783179,77.70062",
"10-Sep-2026 01:16:01","1.86","4.12","13.01","Off","12.783179,77.70062",
"10-Sep-2026 01:16:05","1.86","4.12","13.01","Off","12.783179,77.70062",
"10-Sep-2026 01:16:24","1.16","4.12","12.97","Off","12.7832,77.700594",
"10-Sep-2026 01:16:54","0.6","4.12","12.99","Off","12.783165,77.70059",
"10-Sep-2026 01:17:05","0.6","4.12","12.99","Off","12.783165,77.70059",
"10-Sep-2026 01:17:54","0.79","4.12","12.94","Off","12.783137,77.700604",
"10-Sep-2026 01:18:54","1.32","4.12","12.89","Off","12.783206,77.700631",
"10-Sep-2026 01:19:54","2.18","4.12","12.85","Off","12.783209,77.700629",
"10-Sep-2026 01:20:19","2.18","4.12","12.85","Off","12.783209,77.700629",
"10-Sep-2026 01:20:24","0.41","4.12","12.85","Off","12.783204,77.700628",
"10-Sep-2026 01:20:54","1.29","4.12","12.82","Off","12.783141,77.700615",
"10-Sep-2026 01:21:19","1.29","4.12","12.8","Off","12.783141,77.700615",
"10-Sep-2026 01:21:54","2.27","4.12","12.8","Off","12.78313,77.700564",
"10-Sep-2026 01:22:54","0.4","4.12","12.75","Off","12.783177,77.700595",
"10-Sep-2026 01:23:54","1.04","4.12","12.72","Off","12.783194,77.70061",
"10-Sep-2026 01:24:54","1.82","4.12","12.7","Off","12.783192,77.700602",
"10-Sep-2026 01:25:19","1.82","4.12","12.7","Off","12.783192,77.700602",
"10-Sep-2026 02:10:59","1.82","4.12","12.58","Off","12.783192,77.700602",
"10-Sep-2026 02:10:59","1.02","4.12","12.58","Off","12.783147,77.700593",
"10-Sep-2026 02:11:01","1.02","4.12","12.58","Off","12.783147,77.700593",
"10-Sep-2026 02:11:24","1.02","4.12","12.51","Off","12.783147,77.700593",
"10-Sep-2026 02:15:54","1.87","4.12","12.53","Off","12.783435,77.700793",
"10-Sep-2026 02:16:01","1.87","4.12","12.53","Off","12.783435,77.700793",
"10-Sep-2026 02:22:36","1.87","4.12","12.56","Off","12.783435,77.700793",
"10-Sep-2026 02:22:36","3.49","4.12","12.56","Off","12.783425,77.700763",
"10-Sep-2026 02:22:46","3.49","4.12","12.56","On","12.783425,77.700763",
"10-Sep-2026 02:22:46","3.49","4.12","12.56","On","12.783425,77.700763",
"10-Sep-2026 02:22:54","3.49","4.12","12.46","On","12.783425,77.700763",
"10-Sep-2026 02:23:54","2.51","4.12","12.7","On","12.783174,77.700524",
"10-Sep-2026 02:24:24","1.4","4.12","13.74","On","12.783363,77.700592",
"10-Sep-2026 02:25:24","1.69","4.12","13.91","On","12.783559,77.700644",
"10-Sep-2026 02:25:54","1.48","4.12","13.91","On","12.783363,77.700742",
"10-Sep-2026 02:26:09","13.27","4.12","13.91","On","12.783425,77.700557",
"10-Sep-2026 02:26:16","4.81","4.12","13.91","On","12.783457,77.700424",
"10-Sep-2026 02:26:51","16.14","4.12","13.74","On","12.783209,77.700104",
"10-Sep-2026 02:27:24","4.51","4.12","13.62","On","12.782988,77.69991",
"10-Sep-2026 02:27:54","4.64","4.12","13.69","On","12.782853,77.699921",
"10-Sep-2026 02:28:24","1.73","4.12","13.64","On","12.782771,77.699882",
"10-Sep-2026 02:28:54","3.68","4.12","13.66","On","12.782694,77.699855",
"10-Sep-2026 02:29:24","1.86","4.12","13.66","On","12.782692,77.699841",
"10-Sep-2026 02:29:54","0.8","4.12","13.66","On","12.782663,77.699884",
"10-Sep-2026 02:30:24","1.84","4.12","13.66","On","12.782693,77.699918",
"10-Sep-2026 02:30:54","0.54","4.12","13.69","On","12.782753,77.699916",
"10-Sep-2026 02:31:24","0.2","4.12","13.66","On","12.782704,77.699931",
"10-Sep-2026 02:31:54","1.12","4.12","13.69","On","12.782747,77.699944",
"10-Sep-2026 02:32:54","1.24","4.12","13.62","On","12.782701,77.699946",
"10-Sep-2026 02:33:53","8.03","4.12","13.66","On","12.782862,77.700313",
"10-Sep-2026 02:33:54","8.03","4.12","13.88","On","12.782862,77.700313",
"10-Sep-2026 02:34:24","1.61","4.12","13.93","On","12.782851,77.700192",
"10-Sep-2026 02:35:24","2.05","4.12","13.95","On","12.782682,77.700003",
"10-Sep-2026 02:35:54","5.74","4.12","13.93","On","12.782693,77.699989",
"10-Sep-2026 02:36:24","6.02","4.12","13.91","On","12.782607,77.699818",
"10-Sep-2026 02:36:46","16.63","4.12","13.91","On","12.782545,77.700093",
"10-Sep-2026 02:36:54","3.69","4.12","13.71","On","12.78251,77.700384",
"10-Sep-2026 02:37:11","15.97","4.12","13.71","On","12.782375,77.70095",
"10-Sep-2026 02:37:21","11.04","4.12","13.71","On","12.782364,77.701143",
"10-Sep-2026 02:37:24","5.71","4.12","13.66","On","12.782307,77.701225",
"10-Sep-2026 02:37:36","7.42","4.12","13.66","On","12.78229,77.701319",
"10-Sep-2026 02:37:54","0.9","4.12","13.66","On","12.782262,77.701259",
"10-Sep-2026 02:38:24","2.92","4.12","13.64","On","12.782275,77.701293",
"10-Sep-2026 02:38:54","0.82","4.12","13.64","On","12.782253,77.701264",
"10-Sep-2026 02:39:24","0.81","4.12","13.66","On","12.782262,77.701276",
"10-Sep-2026 02:39:54","1.39","4.12","13.69","On","12.782275,77.70125",
"10-Sep-2026 02:40:24","10.57","4.12","13.66","On","12.782224,77.701392",
"10-Sep-2026 02:40:26","10.57","4.12","13.66","On","12.782224,77.701392",
"10-Sep-2026 02:40:54","21.21","4.12","13.64","On","12.781837,77.702598",
"10-Sep-2026 02:41:24","8.5","4.12","13.66","On","12.781631,77.7036",
"10-Sep-2026 02:41:26","8.5","4.12","13.66","On","12.781631,77.7036",
"10-Sep-2026 02:41:31","20.27","4.12","13.66","On","12.781855,77.703766",
"10-Sep-2026 02:41:41","21.73","4.12","13.66","On","12.782216,77.703915",
"10-Sep-2026 02:41:46","25.45","4.12","13.66","On","12.782471,77.703906",
"10-Sep-2026 02:41:54","24.15","4.12","13.64","On","12.782936,77.703781",
"10-Sep-2026 02:42:24","16.19","4.12","13.66","On","12.78386,77.703361",
"10-Sep-2026 02:42:31","8.24","4.12","13.66","On","12.784108,77.703242",
"10-Sep-2026 02:42:54","12.59","4.12","13.64","On","12.784738,77.703084",
"10-Sep-2026 02:42:56","18.13","4.12","13.64","On","12.784923,77.703069",
"10-Sep-2026 02:43:01","18.63","4.12","13.64","On","12.785078,77.703087",
"10-Sep-2026 02:43:06","23.05","4.12","13.64","On","12.785306,77.703083",
"10-Sep-2026 02:43:11","21.41","4.12","13.64","On","12.785732,77.703146",
"10-Sep-2026 02:43:16","25.89","4.12","13.64","On","12.785964,77.703167",
"10-Sep-2026 02:43:21","23.36","4.12","13.64","On","12.786207,77.703162",
"10-Sep-2026 02:43:24","28.49","4.12","13.64","On","12.786483,77.703174",
"10-Sep-2026 02:43:41","28.55","4.12","13.64","On","12.787622,77.703491",
"10-Sep-2026 02:43:54","30.54","4.12","13.62","On","12.788296,77.704078",
"10-Sep-2026 02:44:16","38.34","4.12","13.62","On","12.79,77.70548",
"10-Sep-2026 02:44:24","35.25","4.12","13.64","On","12.790773,77.705592",
"10-Sep-2026 02:44:54","27.51","4.12","13.64","On","12.792755,77.706052",
"10-Sep-2026 02:45:24","34.67","4.12","13.64","On","12.795374,77.706544",
"10-Sep-2026 02:45:26","34.67","4.12","13.64","On","12.795374,77.706544",
"10-Sep-2026 02:45:54","15.36","4.12","13.66","On","12.797605,77.706272",
"10-Sep-2026 02:46:24","35.91","4.12","13.66","On","12.799566,77.705639",
"10-Sep-2026 02:46:54","31.69","4.12","13.64","On","12.801203,77.705102",
"10-Sep-2026 02:47:06","27.39","4.12","13.64","On","12.802009,77.704789",
"10-Sep-2026 02:47:11","13.45","4.12","13.64","On","12.802145,77.704646",
"10-Sep-2026 02:47:24","2.49","4.12","13.71","On","12.802145,77.704602",
"10-Sep-2026 02:47:54","0.89","4.12","13.86","On","12.802163,77.704632",
"10-Sep-2026 02:48:24","0.76","4.12","13.88","On","12.80215,77.704634",
"10-Sep-2026 02:48:54","0.52","4.12","13.91","On","12.802148,77.704646",
"10-Sep-2026 02:49:24","0.8","4.12","13.88","On","12.802156,77.704624",
"10-Sep-2026 02:49:54","1.43","4.12","13.88","On","12.802147,77.704588",
"10-Sep-2026 02:50:24","1.47","4.12","13.91","On","12.802138,77.704578",
"10-Sep-2026 02:50:54","0.32","4.12","13.91","On","12.802139,77.704579",
"10-Sep-2026 02:51:24","0.66","4.12","13.88","On","12.802121,77.704586",
"10-Sep-2026 02:51:54","0.72","4.12","13.88","On","12.802142,77.704612",
"10-Sep-2026 02:52:24","0.56","4.12","13.88","On","12.802132,77.704611",
"10-Sep-2026 02:52:54","0.62","4.12","13.91","On","12.802129,77.704586",
"10-Sep-2026 02:53:24","1.25","4.12","13.88","On","12.802148,77.704593",
"10-Sep-2026 02:53:54","1.06","4.12","13.91","On","12.802153,77.704616",
"10-Sep-2026 02:54:24","0.01","4.12","13.91","On","12.802152,77.704626",
"10-Sep-2026 02:54:54","0.35","4.12","13.88","On","12.802172,77.704606",
"10-Sep-2026 02:55:24","0.38","4.12","13.88","On","12.802159,77.704578",
"10-Sep-2026 02:55:54","0.94","4.12","13.91","On","12.802136,77.704568",
"10-Sep-2026 02:56:24","0.76","4.12","13.91","On","12.802136,77.704576",
"10-Sep-2026 02:56:54","0.45","4.12","13.93","On","12.802142,77.704597",
"10-Sep-2026 02:57:24","0.42","4.12","13.93","On","12.802151,77.704567",
"10-Sep-2026 02:57:54","1.64","4.12","13.93","On","12.802155,77.704573",
"10-Sep-2026 02:58:24","0.45","4.12","13.93","On","12.802141,77.704574",
"10-Sep-2026 02:58:54","0.49","4.12","13.95","On","12.802157,77.704591",
"10-Sep-2026 02:59:24","0.77","4.12","13.93","On","12.802174,77.704622",
"10-Sep-2026 02:59:54","0.22","4.12","13.95","On","12.802164,77.704612",
"10-Sep-2026 03:00:24","1.08","4.12","13.91","On","12.802155,77.704603",
"10-Sep-2026 03:00:54","0.77","4.12","13.88","On","12.802153,77.704601",
"10-Sep-2026 03:01:24","0.84","4.12","13.88","On","12.802186,77.704612",
"10-Sep-2026 03:01:54","0.71","4.12","13.76","On","12.802174,77.704598",
"10-Sep-2026 03:02:01","9.69","4.12","13.76","On","12.802255,77.704563",
"10-Sep-2026 03:02:24","25.36","4.12","13.64","On","12.802409,77.703844",
"10-Sep-2026 03:02:54","28.07","4.12","13.59","On","12.803162,77.701837",
"10-Sep-2026 03:03:11","28.92","4.12","13.59","On","12.80384,77.700974",
"10-Sep-2026 03:03:24","36.86","4.12","13.59","On","12.804635,77.70037",
"10-Sep-2026 03:03:54","31.42","4.12","13.59","On","12.806428,77.698957",
"10-Sep-2026 03:04:24","36.64","4.12","13.59","On","12.808146,77.697537",
"10-Sep-2026 03:04:54","36.17","4.12","13.59","On","12.810604,77.695633",
"10-Sep-2026 03:05:24","41.75","4.12","13.62","On","12.812827,77.693826",
"10-Sep-2026 03:05:54","41.5","4.12","13.59","On","12.81546,77.691714",
"10-Sep-2026 03:06:24","42.25","4.12","13.59","On","12.817883,77.689821",
"10-Sep-2026 03:06:54","48.97","4.12","13.57","On","12.820695,77.687331",
"10-Sep-2026 03:07:24","52.79","4.12","13.59","On","12.823408,77.684726",
"10-Sep-2026 03:07:54","52.75","4.12","13.62","On","12.826885,77.682344",
"10-Sep-2026 03:08:06","51.87","4.12","13.62","On","12.828365,77.681713",
"10-Sep-2026 03:08:24","45.85","4.12","13.59","On","12.830333,77.681108",
"10-Sep-2026 03:08:54","43.25","4.12","13.62","On","12.833786,77.679995",
"10-Sep-2026 03:09:24","48.99","4.12","13.59","On","12.836852,77.678826",
"10-Sep-2026 03:09:41","55.82","4.12","13.59","On","12.838583,77.67791",
"10-Sep-2026 03:09:54","49.79","4.12","13.62","On","12.840184,77.676694",
"10-Sep-2026 03:10:24","53.35","4.12","13.59","On","12.843018,77.674454",
"10-Sep-2026 03:10:54","42.9","4.12","13.59","On","12.846172,77.672056",
"10-Sep-2026 03:11:24","53.41","4.12","13.59","On","12.8489,77.66989",
"10-Sep-2026 03:11:54","56.8","4.12","13.59","On","12.852118,77.667554",
"10-Sep-2026 03:12:24","42.77","4.12","13.59","On","12.85527,77.664773",
"10-Sep-2026 03:12:54","1.88","4.12","13.59","On","12.855825,77.664257",
"10-Sep-2026 03:13:24","34.47","4.12","13.59","On","12.857239,77.663086",
"10-Sep-2026 03:13:54","21.52","4.12","13.57","On","12.859469,77.661501",
"10-Sep-2026 03:14:24","35.29","4.12","13.57","On","12.861184,77.66009",
"10-Sep-2026 03:14:54","38.96","4.12","13.59","On","12.8633,77.65849",
"10-Sep-2026 03:15:24","42.73","4.12","13.59","On","12.865993,77.656347",
"10-Sep-2026 03:15:54","48.15","4.12","13.59","On","12.868572,77.654334",
"10-Sep-2026 03:16:24","46.6","4.12","13.59","On","12.871705,77.651727",
"10-Sep-2026 03:16:54","56.11","4.12","13.59","On","12.874427,77.649452",
"10-Sep-2026 03:17:24","59.95","4.12","13.59","On","12.878052,77.64658",
"10-Sep-2026 03:17:54","59.87","4.12","13.57","On","12.881949,77.644183",
"10-Sep-2026 03:18:24","51.85","4.12","13.57","On","12.885703,77.641987",
"10-Sep-2026 03:18:54","54.7","4.12","13.62","On","12.888999,77.639879",
"10-Sep-2026 03:19:24","56.27","4.12","13.59","On","12.892812,77.637603",
"10-Sep-2026 03:19:54","54.82","4.12","13.57","On","12.89635,77.635379",
"10-Sep-2026 03:20:24","56.15","4.12","13.59","On","12.900129,77.63307",
"10-Sep-2026 03:20:51","28.21","4.12","13.59","On","12.90248,77.631541",
"10-Sep-2026 03:20:54","34.19","4.12","13.59","On","12.902701,77.631355",
"10-Sep-2026 03:20:56","36.92","4.12","13.59","On","12.903002,77.631111",
"10-Sep-2026 03:21:24","46.52","4.12","13.62","On","12.905551,77.629613",
"10-Sep-2026 03:21:54","41.88","4.12","13.59","On","12.907873,77.62822",
"10-Sep-2026 03:22:24","37.01","4.12","13.59","On","12.910618,77.6266",
"10-Sep-2026 03:22:54","52.29","4.12","13.59","On","12.913485,77.624861",
"10-Sep-2026 03:23:24","21.42","4.12","13.59","On","12.916149,77.623217",
"10-Sep-2026 03:23:36","17.93","4.12","13.59","On","12.916614,77.622851",
"10-Sep-2026 03:23:54","12.27","4.12","13.59","On","12.916899,77.621978",
"10-Sep-2026 03:23:56","21.33","4.12","13.59","On","12.916901,77.621786",
"10-Sep-2026 03:24:24","59.23","4.12","13.59","On","12.916269,77.619664",
"10-Sep-2026 03:25:16","23.06","4.12","13.59","On","12.916148,77.61532",
"10-Sep-2026 03:25:21","22.7","4.12","13.59","On","12.916158,77.615036",
"10-Sep-2026 03:25:24","27.87","4.12","13.59","On","12.916157,77.614718",
"10-Sep-2026 03:25:54","29.23","4.12","13.59","On","12.916394,77.612442",
"10-Sep-2026 03:26:18","10.39","4.12","13.59","On","12.916491,77.610819",
"10-Sep-2026 03:26:24","2.8","4.12","13.62","On","12.916478,77.61072",
"10-Sep-2026 03:26:54","3.06","4.12","13.59","On","12.916428,77.61059",
"10-Sep-2026 03:26:58","12.38","4.12","13.59","On","12.916398,77.610525",
"10-Sep-2026 03:27:03","10.77","4.12","13.59","On","12.916381,77.610397",
"10-Sep-2026 03:27:23","24.72","4.12","13.59","On","12.916374,77.609253",
"10-Sep-2026 03:27:24","28.51","4.12","13.57","On","12.916332,77.608926",
"10-Sep-2026 03:27:33","25.51","4.12","13.57","On","12.916254,77.608602",
"10-Sep-2026 03:27:54","0","4.12","13.57","On","12.916358,77.607293",
"10-Sep-2026 03:28:00","29.92","4.12","13.57","On","12.916419,77.605586",
"10-Sep-2026 03:28:24","18.43","4.12","13.57","On","12.916364,77.604106",
"10-Sep-2026 03:28:28","18.43","4.12","13.57","On","12.916364,77.604106",
"10-Sep-2026 03:28:38","37.89","4.12","13.57","On","12.916411,77.602092",
"10-Sep-2026 03:28:54","36.53","4.12","13.59","On","12.916512,77.600747",
"10-Sep-2026 03:29:24","26.01","4.12","13.57","On","12.916699,77.597279",
"10-Sep-2026 03:30:24","43.87","4.12","13.59","On","12.916879,77.592493",
"10-Sep-2026 03:30:54","43.42","4.12","13.62","On","12.916854,77.588496",
"10-Sep-2026 03:30:56","40.57","4.12","13.62","On","12.916854,77.588155",
"10-Sep-2026 03:31:06","33.14","4.12","13.62","On","12.916771,77.587231",
"10-Sep-2026 03:31:24","14.25","4.12","13.59","On","12.916954,77.586281",
"10-Sep-2026 03:31:26","13.18","4.12","13.59","On","12.91696,77.58612",
"10-Sep-2026 03:31:54","41.95","4.12","13.62","On","12.917018,77.58389",
"10-Sep-2026 03:32:24","27.36","4.12","13.62","On","12.917071,77.581268",
"10-Sep-2026 03:32:54","33.26","4.12","13.64","On","12.917064,77.578606",
"10-Sep-2026 03:33:06","19.27","4.12","13.64","On","12.917248,77.577786",
"10-Sep-2026 03:33:11","24.91","4.12","13.64","On","12.917388,77.577582",
"10-Sep-2026 03:33:24","30.46","4.12","13.59","On","12.917585,77.576499",
"10-Sep-2026 03:33:54","23.52","4.12","13.62","On","12.917633,77.574358",
"10-Sep-2026 03:34:01","31.57","4.12","13.62","On","12.91726,77.573863",
"10-Sep-2026 03:34:11","25.49","4.12","13.62","On","12.91681,77.573381",
"10-Sep-2026 03:34:24","32.01","4.12","13.62","On","12.916591,77.572619",
"10-Sep-2026 03:34:51","28.01","4.12","13.62","On","12.916341,77.570477",
"10-Sep-2026 03:34:54","26.48","4.12","13.59","On","12.916206,77.570227",
"10-Sep-2026 03:35:24","41.46","4.12","13.54","On","12.914799,77.568462",
"10-Sep-2026 03:35:41","31.02","4.12","13.54","On","12.913827,77.56695",
"10-Sep-2026 03:35:54","22.79","4.12","13.59","On","12.913929,77.566213",
"10-Sep-2026 03:36:01","15.36","4.12","13.59","On","12.913979,77.565906",
"10-Sep-2026 03:36:24","27.4","4.12","13.57","On","12.915093,77.565405",
"10-Sep-2026 03:36:54","33.29","4.12","13.59","On","12.916806,77.564782",
"10-Sep-2026 03:37:24","18.38","4.12","13.62","On","12.918476,77.564059",
"10-Sep-2026 03:37:26","24.08","4.12","13.62","On","12.918706,77.56389",
"10-Sep-2026 03:37:54","28.99","4.12","13.59","On","12.919893,77.562661",
"10-Sep-2026 03:38:21","35.33","4.12","13.59","On","12.921727,77.560767",
"10-Sep-2026 03:38:24","35.33","4.12","13.57","On","12.921727,77.560767",
"10-Sep-2026 03:38:54","47.34","4.12","13.62","On","12.922536,77.557374",
"10-Sep-2026 03:39:24","54.07","4.12","13.59","On","12.923601,77.554119",
"10-Sep-2026 03:39:54","50.04","4.12","13.59","On","12.92506,77.550465",
"10-Sep-2026 03:40:11","43.93","4.12","13.59","On","12.925874,77.549048",
"10-Sep-2026 03:40:24","54.75","4.12","13.59","On","12.926833,77.547776",
"10-Sep-2026 03:40:54","26.33","4.12","13.59","On","12.929003,77.545039",
"10-Sep-2026 03:41:24","53.19","4.12","13.59","On","12.930686,77.543211",
"10-Sep-2026 03:41:54","41.96","4.12","13.57","On","12.932393,77.541076",
"10-Sep-2026 03:42:24","25.04","4.12","13.54","On","12.933671,77.539296",
"10-Sep-2026 03:42:26","20.9","4.12","13.54","On","12.933803,77.539063",
"10-Sep-2026 03:42:31","13.8","4.12","13.54","On","12.933873,77.538933",
"10-Sep-2026 03:42:54","30.53","4.12","13.47","On","12.934783,77.537272",
"10-Sep-2026 03:43:24","40.19","4.12","13.54","On","12.93582,77.535293",
"10-Sep-2026 03:43:36","46.54","4.12","13.54","On","12.936695,77.534184",
"10-Sep-2026 03:43:54","46.1","4.12","13.57","On","12.938591,77.533277",
"10-Sep-2026 03:44:24","44.79","4.12","13.57","On","12.941504,77.531481",
"10-Sep-2026 03:44:51","53.39","4.12","13.57","On","12.94482,77.529325",
"10-Sep-2026 03:44:54","52.07","4.12","13.57","On","12.945086,77.528881",
"10-Sep-2026 03:45:44","36.08","4.12","13.59","On","12.947426,77.52421",
"10-Sep-2026 03:45:54","34.29","4.12","13.62","On","12.948316,77.523539",
"10-Sep-2026 03:46:24","36.36","4.12","13.59","On","12.950392,77.521915",
"10-Sep-2026 03:46:54","26.16","4.12","13.57","On","12.952055,77.520657",
"10-Sep-2026 03:47:24","38","4.12","13.54","On","12.953988,77.519722",
"10-Sep-2026 03:47:29","39.53","4.12","13.54","On","12.954363,77.519611",
"10-Sep-2026 03:47:39","48.73","4.12","13.54","On","12.95566,77.51951",
"10-Sep-2026 03:47:44","43.82","4.12","13.54","On","12.956148,77.519479",
"10-Sep-2026 03:47:54","49.89","4.12","13.54","On","12.957519,77.519304",
"10-Sep-2026 03:47:59","53.5","4.12","13.54","On","12.95794,77.519011",
"10-Sep-2026 03:48:09","37.43","4.12","13.54","On","12.958468,77.518192",
"10-Sep-2026 03:48:24","14.59","4.12","13.54","On","12.958877,77.516849",
"10-Sep-2026 03:48:24","14.59","4.12","13.57","On","12.958877,77.516849",
"10-Sep-2026 03:48:54","29.22","4.12","13.54","On","12.959897,77.514677",
"10-Sep-2026 03:49:24","27.81","4.12","13.59","On","12.960594,77.51285",
"10-Sep-2026 03:49:44","42.13","4.12","13.59","On","12.961112,77.511141",
"10-Sep-2026 03:49:54","40.82","4.12","13.59","On","12.961019,77.510243",
"10-Sep-2026 03:50:24","29.58","4.12","13.59","On","12.960738,77.507754",
"10-Sep-2026 03:50:54","26.58","4.12","13.57","On","12.960358,77.505503",
"10-Sep-2026 03:51:24","15.04","4.12","13.57","On","12.960636,77.503886",
"10-Sep-2026 03:51:24","15.04","4.12","13.54","On","12.960636,77.503886",
"10-Sep-2026 03:51:54","21.5","4.12","13.54","On","12.960853,77.502781",
"10-Sep-2026 03:52:14","10.91","4.12","13.54","On","12.960974,77.501606",
"10-Sep-2026 03:52:19","12.35","4.12","13.54","On","12.961006,77.501495",
"10-Sep-2026 03:52:24","9.66","4.12","13.54","On","12.961058,77.501365",
"10-Sep-2026 03:52:24","9.66","4.12","13.5","On","12.961058,77.501365",
"10-Sep-2026 03:52:54","1.36","4.12","13.76","On","12.961095,77.50114",
"10-Sep-2026 03:53:24","1.1","4.12","13.86","On","12.961077,77.501098",
"10-Sep-2026 03:53:54","2.02","4.12","13.83","On","12.961068,77.501127",
"10-Sep-2026 03:54:24","0.83","4.12","13.83","On","12.961095,77.501108",
"10-Sep-2026 03:54:54","0.58","4.12","13.88","On","12.961112,77.501109",
"10-Sep-2026 03:55:24","2.11","4.12","13.35","Off","12.96111,77.501097",
"10-Sep-2026 03:55:54","0.6","4.12","13.06","Off","12.961092,77.501092",
"10-Sep-2026 03:56:24","2","4.12","13.04","Off","12.961116,77.501115",
"10-Sep-2026 03:56:54","1.37","4.12","13.01","Off","12.961092,77.501092",
"10-Sep-2026 03:57:24","1.08","4.12","12.94","Off","12.961059,77.501092",
"10-Sep-2026 03:57:30","1.08","4.12","12.94","Off","12.961059,77.501092",
"10-Sep-2026 03:58:24","0.4","4.12","12.94","Off","12.961094,77.501097",
"10-Sep-2026 03:58:54","0.64","4.12","12.94","Off","12.961082,77.50108",
"10-Sep-2026 03:59:54","0.49","4.12","12.87","Off","12.961103,77.501103",
"10-Sep-2026 04:00:54","0.45","4.12","12.87","Off","12.961094,77.50109",
"10-Sep-2026 04:01:30","0.45","4.12","12.85","Off","12.961094,77.50109",
"10-Sep-2026 05:01:30","0.45","4.12","12.56","Off","12.961094,77.50109",
"10-Sep-2026 05:01:30","0.23","4.12","12.56","Off","12.961082,77.501125",
"10-Sep-2026 05:01:54","0.23","4.12","12.53","Off","12.961082,77.501125",
"10-Sep-2026 05:02:54","0.24","4.12","12.46","Off","12.960971,77.501093",
"10-Sep-2026 05:03:54","0.56","4.12","12.48","Off","12.96102,77.501102",
"10-Sep-2026 05:04:54","0.75","4.12","12.48","Off","12.961046,77.501093",
"10-Sep-2026 05:05:30","0.75","4.12","12.48","Off","12.961046,77.501093",
"10-Sep-2026 05:34:44","0.75","4.12","12.53","On","12.961046,77.501093",
"10-Sep-2026 05:34:44","0.75","4.12","12.53","On","12.961046,77.501093",
"10-Sep-2026 05:34:54","0.89","4.12","12.44","On","12.961041,77.501089",
"10-Sep-2026 05:36:24","2.66","4.12","13.64","Off","12.960968,77.501288",
"10-Sep-2026 05:36:54","1.14","4.12","13.13","Off","12.960957,77.50129",
"10-Sep-2026 05:37:24","3.97","4.12","13.01","Off","12.960968,77.501331",
"10-Sep-2026 05:37:50","3.97","4.12","12.99","Off","12.960968,77.501331",
"10-Sep-2026 05:38:24","1.67","4.12","12.97","Off","12.96102,77.501308",
"10-Sep-2026 05:38:54","5.59","4.12","12.94","Off","12.960985,77.501295",
"10-Sep-2026 05:39:54","1.98","4.12","12.89","Off","12.96104,77.501281",
"10-Sep-2026 05:40:54","1.84","4.12","12.82","Off","12.961052,77.501294",
"10-Sep-2026 05:41:50","1.84","4.12","12.8","Off","12.961052,77.501294",
"10-Sep-2026 06:41:50","1.84","4.12","12.51","Off","12.961052,77.501294",
"10-Sep-2026 06:41:50","1.53","4.12","12.51","Off","12.961053,77.501282",
"10-Sep-2026 06:41:54","1.53","4.12","12.51","Off","12.961053,77.501282",
"10-Sep-2026 07:06:24","0","4.12","12.46","On","12.961053,77.501433",
"10-Sep-2026 07:06:54","0","4.12","13.4","Off","12.961053,77.501433",
"10-Sep-2026 07:07:24","0","4.12","12.68","Off","12.961055,77.501431",
"10-Sep-2026 07:07:54","0","4.12","12.56","Off","12.961053,77.501434",
"10-Sep-2026 07:08:22","0","4.12","12.56","Off","12.961053,77.501434",
"10-Sep-2026 07:08:54","0","4.12","12.56","Off","12.961053,77.501433",
"10-Sep-2026 07:09:54","0","4.12","12.51","Off","12.961051,77.501432",
"10-Sep-2026 07:10:54","0.4","4.12","12.51","Off","12.960826,77.501094",
"10-Sep-2026 07:11:54","2.66","4.12","12.46","Off","12.961003,77.501295",
"10-Sep-2026 07:12:22","2.66","4.12","12.48","Off","12.961003,77.501295",
"10-Sep-2026 07:41:17","2.66","4.12","12.51","Off","12.961003,77.501295",
"10-Sep-2026 07:41:17","0.96","4.12","12.51","Off","12.960992,77.501257",
"10-Sep-2026 07:44:54","0","4.12","12.41","Off","12.960749,77.501286",
"10-Sep-2026 07:45:17","0","4.12","12.41","Off","12.960749,77.501286",
"10-Sep-2026 08:45:17","0","4.12","12.48","Off","12.960749,77.501286",
"10-Sep-2026 08:45:54","0","4.12","12.44","Off","12.961086,77.501279",
"10-Sep-2026 08:46:54","0","4.12","12.39","Off","12.961089,77.501283",
"10-Sep-2026 08:47:54","0","4.12","12.41","Off","12.961069,77.501262",
"10-Sep-2026 09:24:54","0","4.12","13.93","On","12.96109,77.501252",
"10-Sep-2026 09:25:24","0","4.12","13.91","On","12.961089,77.501252",
"10-Sep-2026 09:25:54","0","4.12","13.93","On","12.961088,77.501254",
"10-Sep-2026 09:26:24","0","4.12","13.91","On","12.961085,77.501252",
"10-Sep-2026 09:26:54","0","4.12","13.93","On","12.96107,77.501284",
"10-Sep-2026 09:28:24","6.45","4.12","13.93","On","12.961016,77.501246",
"10-Sep-2026 09:28:54","1.45","4.12","13.91","On","12.961091,77.501243",
"10-Sep-2026 09:29:24","0.86","4.12","13.88","On","12.961029,77.501267",
"10-Sep-2026 09:29:28","11.21","4.12","13.88","On","12.96099,77.501338",
"10-Sep-2026 09:29:48","21.88","4.12","13.88","On","12.961044,77.502113",
"10-Sep-2026 09:29:54","30.61","4.12","13.91","On","12.961032,77.502412",
"10-Sep-2026 09:29:58","25.92","4.12","13.91","On","12.960919,77.502667",
"10-Sep-2026 09:30:03","6.64","4.12","13.91","On","12.96088,77.502928",
"10-Sep-2026 09:30:24","6.9","4.12","13.91","On","12.960679,77.503753",
"10-Sep-2026 09:30:54","1.41","4.12","13.91","On","12.960683,77.503776",
"10-Sep-2026 09:31:24","0.67","4.12","13.91","On","12.960686,77.503822",
"10-Sep-2026 09:31:54","1.86","4.12","13.91","On","12.960691,77.50385",
"10-Sep-2026 09:32:24","2.45","4.12","13.91","On","12.960669,77.503811",
"10-Sep-2026 09:32:54","6.46","4.12","13.91","On","12.960656,77.503856",
"10-Sep-2026 09:33:03","11.3","4.12","13.91","On","12.960615,77.504019",
"10-Sep-2026 09:33:08","17.8","4.12","13.91","On","12.960585,77.504327",
"10-Sep-2026 09:33:24","4.23","4.11","13.88","On","12.960521,77.504548",
"10-Sep-2026 09:33:53","9.99","4.11","13.88","On","12.960402,77.50518",
"10-Sep-2026 09:33:54","9.99","4.12","13.88","On","12.960402,77.50518",
"10-Sep-2026 09:34:24","29.32","4.12","13.88","On","12.960572,77.506659",
"10-Sep-2026 09:34:54","32.05","4.12","13.91","On","12.96091,77.508578",
"10-Sep-2026 09:35:24","2.01","4.12","13.91","On","12.96115,77.510537",
"10-Sep-2026 09:35:54","10.06","4.12","13.88","On","12.961167,77.511137",
"10-Sep-2026 09:36:24","0.89","4.12","13.88","On","12.961219,77.511505",
"10-Sep-2026 09:36:51","13.27","4.12","13.88","On","12.96112,77.511532",
"10-Sep-2026 09:36:54","13.96","4.12","13.86","On","12.961046,77.511634",
"10-Sep-2026 09:37:21","8.01","4.12","13.86","On","12.960864,77.512457",
"10-Sep-2026 09:37:24","6.62","4.12","13.88","On","12.960883,77.512525",
"10-Sep-2026 09:39:24","9.77","4.12","13.91","On","12.960285,77.51477",
"10-Sep-2026 09:39:31","11.01","4.12","13.91","On","12.960237,77.514887",
"10-Sep-2026 09:39:36","20.27","4.12","13.91","On","12.960171,77.515052",
"10-Sep-2026 09:39:54","22.43","4.12","13.88","On","12.959802,77.515803",
"10-Sep-2026 09:40:06","17.25","4.12","13.88","On","12.959467,77.51644",
"10-Sep-2026 09:40:24","37.33","4.12","13.86","On","12.958872,77.517129",
"10-Sep-2026 09:40:36","58.54","4.12","13.86","On","12.958564,77.517958",
"10-Sep-2026 09:40:48","45.46","4.12","13.86","On","12.957208,77.51968",
"10-Sep-2026 09:40:54","51.12","4.12","13.88","On","12.956757,77.51971",
"10-Sep-2026 09:41:24","48.77","4.12","13.88","On","12.952626,77.520361",
"10-Sep-2026 09:41:28","31.2","4.12","13.88","On","12.952232,77.520627",
"10-Sep-2026 09:41:54","50.53","4.12","13.91","On","12.950435,77.522101",
"10-Sep-2026 09:42:24","40.89","4.12","13.93","On","12.94813,77.523881",
"10-Sep-2026 09:42:48","39.93","4.12","13.93","On","12.946665,77.525333",
"10-Sep-2026 09:43:01","25.56","4.12","13.91","On","12.945903,77.526994",
"10-Sep-2026 09:43:24","27.58","4.12","13.91","On","12.945568,77.527974",
"10-Sep-2026 09:43:46","27.43","4.12","13.91","On","12.944753,77.52959",
"10-Sep-2026 09:43:54","17.4","4.12","13.91","On","12.944447,77.529866",
"10-Sep-2026 09:44:06","23.55","4.12","13.91","On","12.94392,77.530255",
"10-Sep-2026 09:44:24","31.68","4.12","13.93","On","12.94296,77.530759",
"10-Sep-2026 09:44:54","23.24","4.12","13.93","On","12.941189,77.531688",
"10-Sep-2026 09:45:24","33.59","4.12","13.88","On","12.939323,77.532852",
"10-Sep-2026 09:45:54","46.02","4.12","13.88","On","12.936452,77.534511",
"10-Sep-2026 09:45:56","46.02","4.12","13.88","On","12.936452,77.534511",
"10-Sep-2026 09:46:24","17.69","4.12","13.88","On","12.935378,77.536399",
"10-Sep-2026 09:46:54","32.74","4.12","13.88","On","12.934287,77.538331",
"10-Sep-2026 09:47:24","6.7","4.12","13.88","On","12.933681,77.539438",
"10-Sep-2026 09:47:46","3.21","4.12","13.88","On","12.933467,77.539754",
"10-Sep-2026 09:47:51","13.74","4.12","13.88","On","12.933401,77.539853",
"10-Sep-2026 09:47:54","4.13","4.12","13.88","On","12.933361,77.539931",
"10-Sep-2026 09:47:56","4.13","4.12","13.88","On","12.933361,77.539931",
"10-Sep-2026 09:48:24","7.55","4.12","13.88","On","12.933006,77.54034",
"10-Sep-2026 09:48:26","11.18","4.12","13.88","On","12.932939,77.540422",
"10-Sep-2026 09:48:54","15.07","4.12","13.88","On","12.932488,77.541027",
"10-Sep-2026 09:49:24","9.06","4.12","13.88","On","12.931577,77.542271",
"10-Sep-2026 09:49:54","37.42","4.12","13.91","On","12.929555,77.544534",
"10-Sep-2026 09:50:14","3.36","4.12","13.91","On","12.929087,77.545066",
"10-Sep-2026 09:50:24","7.16","4.12","13.91","On","12.929041,77.545148",
"10-Sep-2026 09:50:54","4.99","4.12","13.83","On","12.928262,77.546108",
"10-Sep-2026 09:51:24","38.46","4.12","13.91","On","12.927104,77.547586",
"10-Sep-2026 09:51:54","1.08","4.12","13.91","On","12.926605,77.548208",
"10-Sep-2026 09:52:14","19.92","4.12","13.91","On","12.926488,77.548341",
"10-Sep-2026 09:52:24","22.99","4.12","13.91","On","12.926234,77.548689",
"10-Sep-2026 09:52:54","21.81","4.12","13.86","On","12.925599,77.549653",
"10-Sep-2026 09:53:24","13.32","4.12","13.86","On","12.925229,77.550342",
"10-Sep-2026 09:53:54","8.39","4.12","13.86","On","12.92453,77.551745",
"10-Sep-2026 09:53:54","8.39","4.12","13.83","On","12.92453,77.551745",
"10-Sep-2026 09:54:24","13.45","4.12","13.83","On","12.924436,77.551887",
"10-Sep-2026 09:54:24","13.45","4.12","13.88","On","12.924436,77.551887",
"10-Sep-2026 09:54:29","16.24","4.12","13.88","On","12.924381,77.55206",
"10-Sep-2026 09:54:54","0.45","4.12","13.91","On","12.924208,77.552717",
"10-Sep-2026 09:55:24","0.26","4.12","13.91","On","12.924231,77.552782",
"10-Sep-2026 09:55:54","21.33","4.12","13.91","On","12.924003,77.553284",
"10-Sep-2026 09:56:24","24.34","4.12","13.91","On","12.923303,77.55538",
"10-Sep-2026 09:56:54","41.26","4.12","13.91","On","12.922508,77.558035",
"10-Sep-2026 09:57:24","36.02","4.12","13.91","On","12.921757,77.560999",
"10-Sep-2026 09:57:34","22.78","4.12","13.91","On","12.921259,77.561801",
"10-Sep-2026 09:57:54","12.72","4.12","13.91","On","12.920462,77.562161",
"10-Sep-2026 09:57:54","12.72","4.12","13.91","On","12.920462,77.562161",
"10-Sep-2026 09:57:59","20.56","4.12","13.91","On","12.920318,77.562226",
"10-Sep-2026 09:58:04","27.15","4.12","13.91","On","12.92011,77.562463",
"10-Sep-2026 09:58:19","30.97","4.12","13.91","On","12.919322,77.563595",
"10-Sep-2026 09:58:24","28.09","4.12","13.91","On","12.919068,77.563729",
"10-Sep-2026 09:58:54","17.84","4.12","13.91","On","12.917963,77.564509",
"10-Sep-2026 09:58:54","17.84","4.12","13.88","On","12.917963,77.564509",
"10-Sep-2026 09:58:59","26.21","4.12","13.88","On","12.918145,77.564641",
"10-Sep-2026 09:59:19","11.93","4.12","13.88","On","12.918991,77.565026",
"10-Sep-2026 09:59:24","17.6","4.12","13.88","On","12.918971,77.565188",
"10-Sep-2026 09:59:24","17.6","4.12","13.83","On","12.918971,77.565188",
"10-Sep-2026 09:59:54","19.67","4.12","13.86","On","12.918637,77.56671",
"10-Sep-2026 10:00:24","21.39","4.12","13.83","On","12.918371,77.567723",
"10-Sep-2026 10:00:39","8.5","4.12","13.83","On","12.918216,77.56865",
"10-Sep-2026 10:00:44","23.92","4.12","13.83","On","12.918316,77.56869",
"10-Sep-2026 10:00:54","14.45","4.12","13.81","On","12.919067,77.568947",
"10-Sep-2026 10:01:24","13.29","4.12","13.88","On","12.919634,77.569158",
"10-Sep-2026 10:01:39","1.61","4.12","13.88","On","12.919989,77.569286",
"10-Sep-2026 10:01:54","4.53","4.12","13.88","On","12.920163,77.569329",
"10-Sep-2026 10:02:09","18.27","4.12","13.88","On","12.920434,77.569397",
"10-Sep-2026 10:02:14","17.51","4.12","13.88","On","12.920652,77.56948",
"10-Sep-2026 10:02:19","32.46","4.12","13.88","On","12.921277,77.569593",
"10-Sep-2026 10:02:24","13.56","4.12","13.79","On","12.92152,77.56965",
"10-Sep-2026 10:02:39","10.39","4.12","13.79","On","12.921866,77.569822",
"10-Sep-2026 10:02:44","3.47","4.12","13.79","On","12.921878,77.569889",
"10-Sep-2026 10:02:49","11.11","4.12","13.79","On","12.921842,77.569974",
"10-Sep-2026 10:02:54","23.5","4.12","13.83","On","12.921732,77.570369",
"10-Sep-2026 10:03:24","2.07","4.12","13.83","On","12.921573,77.571301",
"10-Sep-2026 10:03:54","3.86","4.12","13.81","On","12.921549,77.571319",
"10-Sep-2026 10:03:59","1.19","4.12","13.81","On","12.92156,77.571321",
"10-Sep-2026 10:04:24","0.98","4.12","13.86","On","12.921552,77.571326",
"10-Sep-2026 10:04:54","8.62","4.12","13.86","On","12.921526,77.571514",
"10-Sep-2026 10:05:19","13.06","4.12","13.86","On","12.921415,77.571941",
"10-Sep-2026 10:05:24","9.18","4.12","13.86","On","12.92139,77.572068",
"10-Sep-2026 10:05:34","0.92","4.12","13.86","On","12.921367,77.572316",
"10-Sep-2026 10:05:54","0.82","4.12","13.83","On","12.921342,77.572353",
"10-Sep-2026 10:06:24","1.89","4.12","13.81","On","12.921345,77.572361",
"10-Sep-2026 10:06:54","0.37","4.12","13.83","On","12.921334,77.572316",
"10-Sep-2026 10:07:19","13.04","4.12","13.83","On","12.921277,77.572587",
"10-Sep-2026 10:07:24","20.64","4.12","13.83","On","12.921209,77.572756",
"10-Sep-2026 10:07:24","20.64","4.12","13.88","On","12.921209,77.572756",
"10-Sep-2026 10:07:54","13.48","4.12","13.83","On","12.920947,77.574084",
"10-Sep-2026 10:08:04","2.61","4.12","13.83","On","12.920839,77.574419",
"10-Sep-2026 10:08:24","4.99","4.12","13.83","On","12.920592,77.574371",
"10-Sep-2026 10:08:44","10.55","4.12","13.83","On","12.920263,77.574295",
"10-Sep-2026 10:08:49","6.93","4.12","13.83","On","12.920184,77.57429",
"10-Sep-2026 10:08:54","9.45","4.12","13.81","On","12.920152,77.57437",
"10-Sep-2026 10:08:59","13.27","4.12","13.81","On","12.920137,77.574489",
"10-Sep-2026 10:09:24","10.23","4.12","13.83","On","12.920013,77.575997",
"10-Sep-2026 10:09:54","26.66","4.12","13.88","On","12.919949,77.577075",
"10-Sep-2026 10:10:24","28.36","4.12","13.83","On","12.919889,77.578963",
"10-Sep-2026 10:10:54","4.09","4.12","13.86","On","12.919937,77.579469",
"10-Sep-2026 10:11:24","0.97","4.12","13.83","On","12.919939,77.579551",
"10-Sep-2026 10:11:54","2.29","4.12","13.81","On","12.919954,77.579583",
"10-Sep-2026 10:12:24","6.18","4.12","13.79","On","12.919979,77.579893",
"10-Sep-2026 10:12:34","3.01","4.12","13.79","On","12.91997,77.580041",
"10-Sep-2026 10:12:54","3.25","4.12","13.81","On","12.91996,77.580547",
"10-Sep-2026 10:13:19","11.85","4.12","13.81","On","12.919912,77.581582",
"10-Sep-2026 10:13:24","18.88","4.12","13.83","On","12.919904,77.581782",
"10-Sep-2026 10:13:54","12.89","4.12","13.83","On","12.919843,77.583428",
"10-Sep-2026 10:14:24","12.95","4.12","13.83","On","12.919826,77.58418",
"10-Sep-2026 10:14:24","16.87","4.12","13.86","On","12.919812,77.58438",
"10-Sep-2026 10:14:44","17.28","4.12","13.86","On","12.919721,77.584735",
"10-Sep-2026 10:14:54","26.64","4.12","13.83","On","12.919057,77.584746",
"10-Sep-2026 10:15:19","14.42","4.12","13.83","On","12.917469,77.584765",
"10-Sep-2026 10:15:24","2.77","4.12","13.81","On","12.917307,77.584758",
"10-Sep-2026 10:15:54","1.76","4.12","13.79","On","12.917211,77.58479",
"10-Sep-2026 10:16:24","0.72","4.12","13.83","On","12.917132,77.584822",
"10-Sep-2026 10:16:54","0.76","4.12","13.83","On","12.917126,77.584812",
"10-Sep-2026 10:17:04","2.58","4.12","13.83","On","12.917093,77.584822",
"10-Sep-2026 10:17:09","18.19","4.12","13.83","On","12.917079,77.585015",
"10-Sep-2026 10:17:24","16.06","4.12","13.83","On","12.917151,77.585651",
"10-Sep-2026 10:17:34","15.59","4.12","13.83","On","12.917129,77.585991",
"10-Sep-2026 10:17:44","17.62","4.12","13.83","On","12.917115,77.586268",
"10-Sep-2026 10:17:54","13.37","4.12","13.81","On","12.917104,77.58687",
"10-Sep-2026 10:17:59","14.52","4.12","13.81","On","12.917121,77.586978",
"10-Sep-2026 10:18:24","38.82","4.12","13.83","On","12.917162,77.58907",
"10-Sep-2026 10:18:26","35.36","4.12","13.83","On","12.917083,77.589428",
"10-Sep-2026 10:18:54","41.77","4.12","13.83","On","12.916929,77.592445",
"10-Sep-2026 10:19:24","50.97","4.12","13.83","On","12.916852,77.595564",
"10-Sep-2026 10:19:54","55.87","4.12","13.83","On","12.91675,77.600036",
"10-Sep-2026 10:20:01","55.87","4.12","13.83","On","12.91675,77.600036",
"10-Sep-2026 10:20:06","54.57","4.12","13.83","On","12.916787,77.601692",
"10-Sep-2026 10:20:24","49.79","4.12","13.81","On","12.916734,77.603708",
"10-Sep-2026 10:20:54","48.02","4.12","13.83","On","12.916566,77.607762",
"10-Sep-2026 10:21:01","46.95","4.12","13.83","On","12.916541,77.607987",
"10-Sep-2026 10:21:06","41.04","4.12","13.83","On","12.91659,77.609066",
"10-Sep-2026 10:21:24","57.3","4.12","13.86","On","12.916565,77.611158",
"10-Sep-2026 10:21:54","57.03","4.12","13.88","On","12.916348,77.615864",
"10-Sep-2026 10:22:24","48.74","4.12","13.88","On","12.916476,77.619831",
"10-Sep-2026 10:22:26","42.62","4.12","13.88","On","12.916726,77.620246",
"10-Sep-2026 10:22:41","43.19","4.12","13.88","On","12.917752,77.621208",
"10-Sep-2026 10:22:46","29.51","4.12","13.88","On","12.918455,77.621365",
"10-Sep-2026 10:22:54","24.23","4.12","13.91","On","12.918939,77.621565",
"10-Sep-2026 10:22:56","24.23","4.12","13.91","On","12.918939,77.621565",
"10-Sep-2026 10:23:01","30.03","4.12","13.91","On","12.919022,77.62183",
"10-Sep-2026 10:23:06","34.44","4.12","13.91","On","12.918651,77.622346",
"10-Sep-2026 10:23:24","33.15","4.12","13.86","On","12.917409,77.623062",
"10-Sep-2026 10:23:54","7.18","4.12","13.91","On","12.914278,77.624652",
"10-Sep-2026 10:24:24","18.66","4.12","13.88","On","12.912769,77.625576",
"10-Sep-2026 10:24:54","37.97","4.12","13.91","On","12.911121,77.62647",
"10-Sep-2026 10:25:24","55.86","4.12","13.93","On","12.908006,77.628331",
"10-Sep-2026 10:25:54","56.55","4.12","13.93","On","12.90426,77.630639",
"10-Sep-2026 10:26:24","56.98","4.12","13.91","On","12.900903,77.632737",
"10-Sep-2026 10:26:54","55.86","4.12","13.88","On","12.897116,77.635053",
"10-Sep-2026 10:27:24","53.53","4.12","13.91","On","12.893821,77.637046",
"10-Sep-2026 10:27:54","54.5","4.12","13.91","On","12.890081,77.639355",
"10-Sep-2026 10:28:24","56.27","4.12","13.93","On","12.886743,77.641448",
"10-Sep-2026 10:28:54","54.01","4.12","13.91","On","12.882944,77.643769",
"10-Sep-2026 10:29:24","53.26","4.12","13.91","On","12.87963,77.645814",
"10-Sep-2026 10:29:54","53.94","4.12","13.88","On","12.876426,77.647895",
"10-Sep-2026 10:30:24","53.1","4.12","13.93","On","12.873136,77.650788",
"10-Sep-2026 10:30:54","56.66","4.12","13.91","On","12.870052,77.653227",
"10-Sep-2026 10:31:24","55.6","4.12","13.91","On","12.866557,77.656001",
"10-Sep-2026 10:31:54","55.9","4.12","13.88","On","12.863454,77.658461",
"10-Sep-2026 10:32:24","53.37","4.12","13.91","On","12.859899,77.661316",
"10-Sep-2026 10:32:54","53.71","4.12","13.93","On","12.85681,77.663754",
"10-Sep-2026 10:33:24","55.99","4.12","13.93","On","12.853314,77.666527",
"10-Sep-2026 10:33:54","54.2","4.12","13.91","On","12.850271,77.668946",
"10-Sep-2026 10:34:24","54.82","4.12","13.91","On","12.84675,77.671674",
"10-Sep-2026 10:34:54","58.04","4.12","13.93","On","12.843472,77.67424",
"10-Sep-2026 10:35:21","5.13","4.12","13.93","On","12.841916,77.675463",
"10-Sep-2026 10:35:24","1.68","4.12","13.91","On","12.841879,77.67543",
"10-Sep-2026 10:35:54","0.71","4.12","13.93","On","12.841817,77.675397",
"10-Sep-2026 10:36:01","18.84","4.12","13.93","On","12.841677,77.675568",
"10-Sep-2026 10:36:24","1.42","4.12","13.86","On","12.841184,77.676068",
"10-Sep-2026 10:36:54","1.01","4.12","13.83","On","12.841189,77.676074",
"10-Sep-2026 10:37:24","0.25","4.12","13.81","On","12.841185,77.67609",
"10-Sep-2026 10:37:54","0.19","4.12","13.83","On","12.841182,77.676105",
"10-Sep-2026 10:38:24","0.27","4.12","13.79","On","12.84119,77.676104",
"10-Sep-2026 10:38:54","0.72","4.12","13.76","On","12.841188,77.676091",
"10-Sep-2026 10:39:24","0.48","4.12","13.79","On","12.841185,77.676078",
"10-Sep-2026 10:39:54","0.66","4.12","13.81","On","12.84119,77.676062",
"10-Sep-2026 10:40:24","0.16","4.12","13.83","On","12.841182,77.676065",
"10-Sep-2026 10:40:54","0.81","4.12","13.79","On","12.841179,77.676062",
"10-Sep-2026 10:41:24","1.54","4.12","13.81","On","12.84119,77.676037",
"10-Sep-2026 10:41:54","1.32","4.12","13.79","On","12.841179,77.676069",
"10-Sep-2026 10:42:24","21.75","4.12","13.86","On","12.839995,77.676911",
"10-Sep-2026 10:42:54","42.55","4.12","13.91","On","12.838627,77.678043",
"10-Sep-2026 10:43:11","33.55","4.12","13.91","On","12.83724,77.678793",
"10-Sep-2026 10:43:24","44.24","4.12","13.91","On","12.835655,77.679427",
"10-Sep-2026 10:43:54","55.89","4.12","13.88","On","12.832267,77.680643",
"10-Sep-2026 10:44:24","54.72","4.12","13.88","On","12.827746,77.682071",
"10-Sep-2026 10:44:54","55.21","4.12","13.91","On","12.824407,77.684011",
"10-Sep-2026 10:44:56","55.32","4.12","13.91","On","12.823984,77.684377",
"10-Sep-2026 10:45:24","55.35","4.12","13.86","On","12.821149,77.687043",
"10-Sep-2026 10:45:54","52.78","4.12","13.88","On","12.818279,77.689614",
"10-Sep-2026 10:46:24","41.91","4.12","13.88","On","12.814637,77.692578",
"10-Sep-2026 10:46:54","57.25","4.12","13.91","On","12.812249,77.694476",
"10-Sep-2026 10:47:24","52.33","4.12","13.88","On","12.808658,77.697296",
"10-Sep-2026 10:47:54","55.53","4.12","13.88","On","12.806378,77.69913",
"10-Sep-2026 10:48:24","39.57","4.12","13.88","On","12.803364,77.702048",
"10-Sep-2026 10:48:31","40.39","4.12","13.88","On","12.803169,77.702409",
"10-Sep-2026 10:48:54","10.46","4.12","13.88","On","12.802611,77.704398",
"10-Sep-2026 10:49:06","3.65","4.12","13.88","On","12.802475,77.705036",
"10-Sep-2026 10:49:21","16.78","4.12","13.88","On","12.802167,77.705003",
"10-Sep-2026 10:49:24","27.1","4.12","13.86","On","12.801864,77.704995",
"10-Sep-2026 10:49:26","27.1","4.12","13.86","On","12.801864,77.704995",
"10-Sep-2026 10:49:54","23.62","4.12","13.81","On","12.800365,77.705481",
"10-Sep-2026 10:50:24","32.41","4.12","13.86","On","12.798352,77.706101",
"10-Sep-2026 10:50:54","7.86","4.12","13.86","On","12.796877,77.70654",
"10-Sep-2026 10:51:01","5.1","4.12","13.86","On","12.796735,77.706558",
"10-Sep-2026 10:51:24","4.46","4.12","13.81","On","12.796352,77.706604",
"10-Sep-2026 10:51:26","21.13","4.12","13.81","On","12.796183,77.706627",
"10-Sep-2026 10:51:54","34.25","4.12","13.83","On","12.793921,77.706389",
"10-Sep-2026 10:52:16","0.94","4.12","13.83","On","12.792837,77.706197",
"10-Sep-2026 10:52:24","0.58","4.12","13.79","On","12.792821,77.706188",
"10-Sep-2026 10:52:54","1.12","4.12","13.81","On","12.792799,77.706179",
"10-Sep-2026 10:53:24","0.71","4.12","13.81","On","12.792808,77.706155",
"10-Sep-2026 10:53:54","0.34","4.12","13.81","On","12.792814,77.706163",
"10-Sep-2026 10:54:21","10.93","4.12","13.81","On","12.7927,77.706141",
"10-Sep-2026 10:54:24","18.23","4.12","13.86","On","12.792586,77.706112",
"10-Sep-2026 10:54:54","32.46","4.12","13.91","On","12.790418,77.705641",
"10-Sep-2026 10:55:06","50.53","4.12","13.91","On","12.789325,77.705132",
"10-Sep-2026 10:55:24","29.2","4.12","13.91","On","12.788174,77.704016",
"10-Sep-2026 10:55:46","27.95","4.12","13.91","On","12.787178,77.70339",
"10-Sep-2026 10:55:54","34.14","4.12","13.91","On","12.786627,77.703319",
"10-Sep-2026 10:56:16","26.15","4.12","13.91","On","12.784728,77.703163",
"10-Sep-2026 10:56:21","1.41","4.12","13.91","On","12.784618,77.703182",
"10-Sep-2026 10:56:24","9.32","4.12","13.93","On","12.78455,77.703196",
"10-Sep-2026 10:56:51","11.88","4.12","13.93","On","12.782796,77.703884",
"10-Sep-2026 10:56:54","17.82","4.12","13.88","On","12.782656,77.703932",
"10-Sep-2026 10:57:06","14.12","4.12","13.88","On","12.782135,77.703979",
"10-Sep-2026 10:57:24","19.24","4.12","13.86","On","12.781434,77.703601",
"10-Sep-2026 10:57:26","24.81","4.12","13.86","On","12.781241,77.70348",
"10-Sep-2026 10:57:54","8.73","4.12","13.81","On","12.780039,77.702515",
"10-Sep-2026 10:58:01","10.33","4.12","13.81","On","12.78,77.702451",
"10-Sep-2026 10:58:06","2.09","4.12","13.81","On","12.780047,77.70241",
"10-Sep-2026 10:58:24","0.75","4.12","13.71","On","12.780064,77.702425",
"10-Sep-2026 10:58:54","1.18","4.12","13.76","On","12.780102,77.702409",
"10-Sep-2026 10:59:24","28.78","4.12","13.79","On","12.780265,77.702538",
"10-Sep-2026 10:59:31","40.32","4.12","13.79","On","12.780829,77.703011",
"10-Sep-2026 10:59:46","16.43","4.12","13.79","On","12.781586,77.703386",
"10-Sep-2026 10:59:54","24.25","4.12","13.76","On","12.781702,77.702967",
"10-Sep-2026 11:00:24","4.26","4.12","13.86","On","12.782182,77.70126",
"10-Sep-2026 11:00:36","4.95","4.12","13.86","On","12.782253,77.701106",
"10-Sep-2026 11:00:41","20.04","4.12","13.86","On","12.782301,77.701008",
"10-Sep-2026 11:00:54","3.1","4.12","13.81","On","12.782403,77.700479",
"10-Sep-2026 11:01:06","11.64","4.12","13.81","On","12.782495,77.699868",
"10-Sep-2026 11:01:16","4.41","4.12","13.81","On","12.782757,77.699823",
"10-Sep-2026 11:01:21","18.86","4.12","13.81","On","12.782853,77.699829",
"10-Sep-2026 11:01:24","11.44","4.12","13.83","On","12.783008,77.699841",
"10-Sep-2026 11:01:26","20.61","4.12","13.83","On","12.783181,77.699912",
"10-Sep-2026 11:01:36","5.49","4.12","13.83","On","12.783321,77.700082",
"10-Sep-2026 11:01:54","0.53","4.12","13.83","On","12.783305,77.700037",
"10-Sep-2026 11:02:24","0.18","4.12","13.88","On","12.783295,77.70002",
"10-Sep-2026 11:02:54","0.56","4.12","13.91","On","12.783295,77.700022",
"10-Sep-2026 11:03:24","1.48","4.12","13.88","On","12.7833,77.70001",
"10-Sep-2026 11:03:54","0.46","4.12","13.18","Off","12.783321,77.699996",
"10-Sep-2026 11:04:24","0.1","4.12","13.06","Off","12.78332,77.699984",
"10-Sep-2026 11:04:54","0.38","4.12","12.99","Off","12.783316,77.699989",
"10-Sep-2026 11:04:56","0.38","4.12","12.97","Off","12.783316,77.699989",
"10-Sep-2026 11:05:54","0.51","4.12","12.97","Off","12.78331,77.699998",
"10-Sep-2026 11:06:54","0.53","4.12","12.92","Off","12.783311,77.700009",
"10-Sep-2026 11:07:54","0.36","4.12","12.85","Off","12.7833,77.700002",
"10-Sep-2026 11:08:41","0.36","4.12","12.8","On","12.7833,77.700002",
"10-Sep-2026 11:08:41","2.48","4.12","12.8","On","12.783306,77.699987",
"10-Sep-2026 11:08:54","0.38","4.12","12.77","On","12.783308,77.699987",
"10-Sep-2026 11:09:24","5.02","4.12","13.69","On","12.78325,77.700097",
"10-Sep-2026 11:09:54","1","4.12","13.88","On","12.783279,77.700098",
"10-Sep-2026 11:10:24","1.4","4.12","13.93","On","12.783325,77.70009",
"10-Sep-2026 11:10:54","1.61","4.12","13.88","On","12.783338,77.700058",
"10-Sep-2026 11:11:24","0.9","4.12","13.91","On","12.783335,77.700052",
"10-Sep-2026 11:11:54","2.57","4.12","13.91","On","12.78333,77.700068",
"10-Sep-2026 11:12:01","10.48","4.12","13.91","On","12.783269,77.700018",
"10-Sep-2026 11:12:24","1.2","4.12","13.86","On","12.782978,77.699925",
"10-Sep-2026 11:12:54","0.12","4.12","13.93","On","12.782992,77.699923",
"10-Sep-2026 11:13:24","0.15","4.12","13.93","On","12.782994,77.699928",
"10-Sep-2026 11:13:36","9.14","4.12","13.93","On","12.783021,77.699925",
"10-Sep-2026 11:13:41","13.49","4.12","13.93","On","12.783141,77.699981",
"10-Sep-2026 11:13:54","8.34","4.12","13.91","On","12.783253,77.700051",
"10-Sep-2026 11:13:56","3.54","4.12","13.91","On","12.783255,77.700095",
"10-Sep-2026 11:14:24","1.13","4.12","13.91","On","12.783263,77.700127",
"10-Sep-2026 11:14:54","1.39","4.12","13.16","Off","12.783302,77.700109",
"10-Sep-2026 11:15:24","0.44","4.12","12.99","Off","12.783307,77.700136",
"10-Sep-2026 11:15:54","0.75","4.12","12.97","Off","12.78332,77.700134",
"10-Sep-2026 11:15:57","0.75","4.12","12.97","Off","12.78332,77.700134",
"10-Sep-2026 11:16:54","0.93","4.12","12.92","Off","12.783326,77.700129",
"10-Sep-2026 11:17:54","2.37","4.12","12.85","Off","12.783386,77.700132",
"10-Sep-2026 11:18:54","0.83","4.12","12.77","Off","12.783439,77.700126",
"10-Sep-2026 11:19:54","1.28","4.12","12.75","Off","12.783497,77.700134",
"10-Sep-2026 11:19:57","1.28","4.12","12.75","Off","12.783497,77.700134",
"10-Sep-2026 11:23:06","1.28","4.12","12.65","On","12.783497,77.700134",
"10-Sep-2026 11:23:06","1.28","4.12","12.65","On","12.783497,77.700134",
"10-Sep-2026 11:23:24","1.98","4.12","12.48","On","12.783497,77.70013",
"10-Sep-2026 11:23:54","2.8","4.12","13.52","On","12.783359,77.700386",
"10-Sep-2026 11:24:24","0.42","4.12","13.76","On","12.783274,77.700479",
"10-Sep-2026 11:24:54","1.57","4.12","13.23","Off","12.783243,77.700494",
"10-Sep-2026 11:25:24","0.65","4.12","13.04","Off","12.783249,77.700485",
"10-Sep-2026 11:25:54","0.26","4.12","12.99","Off","12.783236,77.700472",
"10-Sep-2026 11:26:05","0.26","4.12","12.97","Off","12.783236,77.700472",
"10-Sep-2026 11:26:54","1.57","4.12","12.92","Off","12.783265,77.700492",
"10-Sep-2026 11:27:54","0.41","4.12","12.87","Off","12.783243,77.700452",
"10-Sep-2026 11:28:54","1.82","4.12","12.85","Off","12.783279,77.70046",
"10-Sep-2026 11:29:54","0.63","4.12","12.82","Off","12.783299,77.700459",
"10-Sep-2026 11:30:05","0.63","4.12","12.82","Off","12.783299,77.700459",
"10-Sep-2026 11:37:19","0.63","4.12","12.72","Off","12.783299,77.700459",
"10-Sep-2026 11:37:19","0.71","4.12","12.72","Off","12.78329,77.700458",
"10-Sep-2026 11:37:35","0.71","4.12","12.7","Off","12.78329,77.700458",
"10-Sep-2026 11:37:35","0.71","4.12","12.7","Off","12.78329,77.700458",
"10-Sep-2026 11:37:54","0.74","4.12","12.65","Off","12.783241,77.700596",
"10-Sep-2026 11:38:24","0.95","4.12","12.63","Off","12.783294,77.70047",
"10-Sep-2026 11:38:54","0.31","4.12","12.6","Off","12.783242,77.700479",
"10-Sep-2026 11:39:24","0.86","4.12","12.58","Off","12.783237,77.700478",
"10-Sep-2026 11:39:54","1.31","4.12","12.63","Off","12.783242,77.700485",
"10-Sep-2026 11:40:24","0.12","4.12","12.6","Off","12.783236,77.700481",
"10-Sep-2026 11:40:54","1.3","4.12","12.58","Off","12.783226,77.700467",
"10-Sep-2026 11:41:13","1.3","4.12","12.6","Off","12.783226,77.700467",
"10-Sep-2026 11:41:54","0.39","4.12","12.63","Off","12.783213,77.700482",
"10-Sep-2026 11:42:04","0.39","4.12","12.6","Off","12.783213,77.700482",
"10-Sep-2026 11:42:24","0.37","4.12","12.58","Off","12.783222,77.700469",
"10-Sep-2026 11:42:54","0.19","4.12","12.56","Off","12.78321,77.700441",
"10-Sep-2026 11:43:24","2.51","4.12","12.58","Off","12.783221,77.700451",
"10-Sep-2026 11:43:54","0.38","4.12","12.6","Off","12.783231,77.70048",
"10-Sep-2026 11:44:24","1.53","4.12","12.6","Off","12.783248,77.700499",
"10-Sep-2026 11:44:37","1.53","4.12","12.6","Off","12.783248,77.700499",
"10-Sep-2026 11:45:24","0.86","4.12","12.58","Off","12.783252,77.70045",
"10-Sep-2026 11:45:54","1.13","4.12","12.56","Off","12.783241,77.700464",
"10-Sep-2026 11:46:54","0.38","4.12","12.56","Off","12.783273,77.70049",
"10-Sep-2026 11:47:54","0.41","4.12","12.58","Off","12.783247,77.700482",
"10-Sep-2026 11:48:37","0.41","4.12","12.56","Off","12.783247,77.700482",
"10-Sep-2026 12:00:36","0.41","4.12","12.68","Off","12.783247,77.700482",
"10-Sep-2026 12:00:36","1.03","4.12","12.68","Off","12.783241,77.700449",
"10-Sep-2026 12:00:54","1.03","4.12","12.65","Off","12.783241,77.700449",
"10-Sep-2026 12:01:54","0.86","4.12","12.58","Off","12.783164,77.700444",
"10-Sep-2026 12:02:54","0.94","4.12","12.58","Off","12.783179,77.700473",
"10-Sep-2026 12:03:54","2.58","4.12","12.58","Off","12.783227,77.700472",
"10-Sep-2026 12:04:36","2.58","4.12","12.56","Off","12.783227,77.700472",
"10-Sep-2026 12:14:57","2.58","4.12","12.6","Off","12.783227,77.700472",
"10-Sep-2026 12:14:57","0.24","4.12","12.6","Off","12.783242,77.700494",
"10-Sep-2026 12:15:54","0.18","4.12","12.58","Off","12.783157,77.700471",
"10-Sep-2026 12:16:54","0.29","4.12","12.56","Off","12.783169,77.700474",
"10-Sep-2026 12:17:54","0.3","4.12","12.53","Off","12.783186,77.700485",
"10-Sep-2026 12:18:54","0.96","4.12","12.56","Off","12.783175,77.70046",
"10-Sep-2026 12:18:57","0.96","4.12","12.56","Off","12.783175,77.70046",
"10-Sep-2026 12:23:57","0.96","4.12","12.63","Off","12.783175,77.70046",
"10-Sep-2026 12:23:57","0.49","4.12","12.63","Off","12.783173,77.700455",
"10-Sep-2026 12:24:19","0.49","4.12","12.6","Off","12.783173,77.700455",
"10-Sep-2026 12:24:54","0.6","4.12","12.63","On","12.783195,77.700468",
"10-Sep-2026 12:25:24","1.72","4.12","13.69","On","12.783189,77.700502",
"10-Sep-2026 12:25:54","0.18","4.12","13.86","On","12.783198,77.70049",
"10-Sep-2026 12:26:24","0.22","4.12","13.93","On","12.783207,77.700474",
"10-Sep-2026 12:26:54","1.51","4.12","13.91","On","12.783203,77.700461",
"10-Sep-2026 12:27:24","1.55","4.12","13.88","On","12.783214,77.700457",
"10-Sep-2026 12:27:54","0.87","4.12","13.93","On","12.783222,77.700458",
"10-Sep-2026 12:28:24","0.45","4.12","13.91","On","12.783228,77.700473",
"10-Sep-2026 12:28:54","0.17","4.12","13.91","On","12.783226,77.700472",
"10-Sep-2026 12:29:24","10.84","4.12","13.91","On","12.783331,77.700267",
"10-Sep-2026 12:29:28","10.84","4.12","13.91","On","12.783331,77.700267",
"10-Sep-2026 12:29:33","9.8","4.12","13.91","On","12.783323,77.70016",
"10-Sep-2026 12:29:54","4","4.12","13.91","On","12.782951,77.699962",
"10-Sep-2026 12:29:58","11.53","4.12","13.91","On","12.782874,77.699927",
"10-Sep-2026 12:30:13","3.63","4.12","13.91","On","12.782638,77.699984",
"10-Sep-2026 12:30:24","24.72","4.12","13.88","On","12.782561,77.700292",
"10-Sep-2026 12:30:54","9.08","4.12","13.86","On","12.782275,77.7012",
"10-Sep-2026 12:31:24","1.59","4.12","13.88","On","12.782267,77.701267",
"10-Sep-2026 12:31:54","0.87","4.12","13.91","On","12.782246,77.70124",
"10-Sep-2026 12:32:24","1.52","4.12","13.93","On","12.78224,77.701225",
"10-Sep-2026 12:32:54","15.27","4.12","13.91","On","12.782207,77.701374",
"10-Sep-2026 12:33:24","16.27","4.12","13.91","On","12.78172,77.703004",
"10-Sep-2026 12:33:54","1.81","4.12","13.88","On","12.78155,77.703526",
"10-Sep-2026 12:34:13","11.02","4.12","13.88","On","12.781315,77.703427",
"10-Sep-2026 12:34:24","12.6","4.12","13.88","On","12.780993,77.703226",
"10-Sep-2026 12:34:54","21.48","4.12","13.91","On","12.780237,77.702592",
"10-Sep-2026 12:35:03","6.5","4.12","13.91","On","12.779989,77.702392",
"10-Sep-2026 12:35:24","2.58","4.12","13.83","On","12.779989,77.702466",
"10-Sep-2026 12:35:54","8.25","4.12","13.83","On","12.780406,77.7028",
"10-Sep-2026 12:35:58","16.21","4.12","13.83","On","12.780492,77.702868",
"10-Sep-2026 12:36:24","6.97","4.12","13.88","On","12.781128,77.703397",
"10-Sep-2026 12:36:43","0.22","4.12","13.88","On","12.781391,77.70358",
"10-Sep-2026 12:36:54","1.69","4.12","13.88","On","12.781467,77.703623",
"10-Sep-2026 12:37:24","1.42","4.12","13.93","On","12.781565,77.703688",
"10-Sep-2026 12:37:54","11.85","4.12","13.88","On","12.782229,77.703947",
"10-Sep-2026 12:38:03","10.38","4.12","13.88","On","12.782452,77.703916",
"10-Sep-2026 12:38:18","21.48","4.12","13.88","On","12.782998,77.703752",
"10-Sep-2026 12:38:24","20.23","4.12","13.91","On","12.78319,77.703678",
"10-Sep-2026 12:38:38","1.81","4.12","13.91","On","12.783464,77.703521",
"10-Sep-2026 12:38:43","16.6","4.12","13.91","On","12.783542,77.703495",
"10-Sep-2026 12:38:54","32.08","4.12","13.91","On","12.784241,77.703221",
"10-Sep-2026 12:39:13","29.01","4.12","13.91","On","12.78504,77.703086",
"10-Sep-2026 12:39:24","38.66","4.12","13.86","On","12.7861,77.703175",
"10-Sep-2026 12:39:43","32.37","4.12","13.86","On","12.787684,77.703583",
"10-Sep-2026 12:39:54","41.02","4.12","13.86","On","12.788566,77.704349",
"10-Sep-2026 12:40:18","41.28","4.12","13.86","On","12.789973,77.705471",
"10-Sep-2026 12:40:24","22.35","4.12","13.88","On","12.790664,77.705626",
"10-Sep-2026 12:40:54","2.25","4.12","13.88","On","12.792226,77.705951",
"10-Sep-2026 12:41:24","29.69","4.12","13.86","On","12.793051,77.706127",
"10-Sep-2026 12:41:54","28.9","4.12","13.91","On","12.795579,77.706576",
"10-Sep-2026 12:41:58","28.9","4.12","13.91","On","12.795579,77.706576",
"10-Sep-2026 12:42:08","2.55","4.12","13.91","On","12.796201,77.706521",
"10-Sep-2026 12:42:18","25.13","4.12","13.91","On","12.796434,77.706498",
"10-Sep-2026 12:42:24","32.12","4.12","13.88","On","12.796995,77.706414",
"10-Sep-2026 12:42:48","25.4","4.12","13.88","On","12.79807,77.706104",
"10-Sep-2026 12:42:54","32.3","4.12","13.88","On","12.798662,77.705926",
"10-Sep-2026 12:43:24","7.48","4.12","13.86","On","12.800363,77.705405",
"10-Sep-2026 12:43:54","6.95","4.12","13.86","On","12.801672,77.704975",
"10-Sep-2026 12:44:13","4.74","4.12","13.86","On","12.801922,77.704901",
"10-Sep-2026 12:44:24","5.42","4.12","13.83","On","12.802062,77.704801",
"10-Sep-2026 12:44:54","9.46","4.12","13.86","On","12.802166,77.704684",
"10-Sep-2026 12:45:24","7.87","4.12","13.86","On","12.802269,77.704472",
"10-Sep-2026 12:45:54","21.77","4.12","13.88","On","12.802483,77.703224",
"10-Sep-2026 12:46:23","33.56","4.12","13.88","On","12.803636,77.701202",
"10-Sep-2026 12:46:24","33.56","4.12","13.91","On","12.803636,77.701202",
"10-Sep-2026 12:46:54","29.2","4.12","13.88","On","12.805689,77.699557",
"10-Sep-2026 12:47:24","0.19","4.12","13.83","On","12.80676,77.698628",
"10-Sep-2026 12:47:54","24.8","4.12","13.79","On","12.807132,77.698381",
"10-Sep-2026 12:48:24","39.8","4.12","13.81","On","12.80938,77.696554",
"10-Sep-2026 12:48:54","28.21","4.12","13.81","On","12.811177,77.695153",
"10-Sep-2026 12:49:24","30.42","4.12","13.83","On","12.813265,77.693457",
"10-Sep-2026 12:49:54","23.91","4.12","13.83","On","12.815006,77.692078",
"10-Sep-2026 12:50:24","45.09","4.12","13.83","On","12.817432,77.69013",
"10-Sep-2026 12:50:54","37.48","4.12","13.83","On","12.819508,77.688438",
"10-Sep-2026 12:51:24","28.14","4.12","13.86","On","12.821789,77.686282",
"10-Sep-2026 12:51:54","35.59","4.12","13.86","On","12.823153,77.685004",
"10-Sep-2026 12:52:24","38.57","4.12","13.81","On","12.825546,77.683102",
"10-Sep-2026 12:52:33","27.78","4.12","13.81","On","12.826123,77.682763",
"10-Sep-2026 12:52:54","43.33","4.12","13.81","On","12.827984,77.681866",
"10-Sep-2026 12:53:24","41.53","4.12","13.83","On","12.831067,77.680846",
"10-Sep-2026 12:53:54","8.68","4.12","13.81","On","12.833175,77.680154",
"10-Sep-2026 12:54:24","38.85","4.12","13.86","On","12.834451,77.679744",
"10-Sep-2026 12:54:54","41.98","4.12","13.81","On","12.837342,77.678619",
"10-Sep-2026 12:55:24","33.58","4.12","13.83","On","12.838786,77.677718",
"10-Sep-2026 12:55:54","11.6","4.12","13.81","On","12.840388,77.676456",
"10-Sep-2026 12:56:24","42.4","4.12","13.81","On","12.842267,77.675055",
"10-Sep-2026 12:56:54","53.43","4.12","13.81","On","12.84489,77.673029",
"10-Sep-2026 12:57:24","44.89","4.12","13.81","On","12.847953,77.670534",
"10-Sep-2026 12:57:54","56.41","4.12","13.83","On","12.85095,77.668243",
"10-Sep-2026 12:58:24","37.54","4.12","13.83","On","12.854161,77.665693",
"10-Sep-2026 12:58:54","2.43","4.12","13.83","On","12.855011,77.665002",
"10-Sep-2026 12:59:24","1.45","4.12","13.83","On","12.855018,77.664984",
"10-Sep-2026 12:59:38","4.25","4.12","13.83","On","12.855035,77.664977",
"10-Sep-2026 12:59:43","13.57","4.12","13.83","On","12.855112,77.664916",
"10-Sep-2026 12:59:48","15.03","4.12","13.83","On","12.85525,77.664803",
"10-Sep-2026 12:59:54","19.95","4.12","13.81","On","12.855594,77.664516",
"10-Sep-2026 13:00:24","27.46","4.12","13.79","On","12.856912,77.663432",
"10-Sep-2026 13:00:54","42.93","4.12","13.81","On","12.859197,77.661755",
"10-Sep-2026 13:01:24","48.71","4.12","13.81","On","12.861351,77.660001",
"10-Sep-2026 13:01:54","53.47","4.12","13.83","On","12.864283,77.657786",
"10-Sep-2026 13:02:24","53.18","4.12","13.79","On","12.867657,77.654948",
"10-Sep-2026 13:02:54","1.36","4.12","13.83","On","12.869196,77.653768",
"10-Sep-2026 13:03:23","9.48","4.12","13.83","On","12.869219,77.653807",
"10-Sep-2026 13:03:24","5.03","4.12","13.83","On","12.869284,77.653753",
"10-Sep-2026 13:03:43","12.48","4.12","13.83","On","12.869584,77.653518",
"10-Sep-2026 13:03:48","9.88","4.12","13.83","On","12.869681,77.653448",
"10-Sep-2026 13:03:54","16.56","4.12","13.81","On","12.870063,77.653483",
"10-Sep-2026 13:04:13","40.66","4.12","13.81","On","12.871141,77.652559",
"10-Sep-2026 13:04:24","45.18","4.12","13.81","On","12.872248,77.651704",
"10-Sep-2026 13:04:54","32.53","4.12","13.81","On","12.873432,77.650703",
"10-Sep-2026 13:05:24","10.62","4.12","13.79","On","12.874886,77.64942",
"10-Sep-2026 13:05:54","35.7","4.12","13.81","On","12.876118,77.648295",
"10-Sep-2026 13:06:24","36.96","4.12","13.81","On","12.877985,77.646929",
"10-Sep-2026 13:06:54","36.21","4.12","13.86","On","12.879343,77.64611",
"10-Sep-2026 13:07:18","5.06","4.12","13.86","On","12.880874,77.645185",
"10-Sep-2026 13:07:24","22.24","4.12","13.83","On","12.880988,77.645105",
"10-Sep-2026 13:07:28","26.19","4.12","13.83","On","12.881218,77.644972",
"10-Sep-2026 13:07:54","35.55","4.12","13.81","On","12.88285,77.643975",
"10-Sep-2026 13:08:08","13.42","4.12","13.81","On","12.883307,77.643795",
"10-Sep-2026 13:08:24","33.32","4.12","13.81","On","12.883941,77.644466",
"10-Sep-2026 13:08:43","5.11","4.12","13.81","On","12.884962,77.645265",
"10-Sep-2026 13:08:53","23.27","4.12","13.81","On","12.885112,77.64541",
"10-Sep-2026 13:08:54","27.9","4.12","13.81","On","12.885256,77.645629",
"10-Sep-2026 13:08:58","27.57","4.12","13.81","On","12.885387,77.645845",
"10-Sep-2026 13:09:24","20.81","4.12","13.79","On","12.885685,77.647255",
"10-Sep-2026 13:09:43","24.62","4.12","13.79","On","12.886068,77.648874",
"10-Sep-2026 13:09:54","13.23","4.12","13.74","On","12.88618,77.649439",
"10-Sep-2026 13:09:58","31.25","4.12","13.74","On","12.886392,77.649466",
"10-Sep-2026 13:10:13","33.8","4.12","13.74","On","12.887356,77.64958",
"10-Sep-2026 13:10:18","17.62","4.12","13.74","On","12.88788,77.649514",
"10-Sep-2026 13:10:24","21.01","4.12","13.81","On","12.88805,77.649438",
"10-Sep-2026 13:10:33","18.89","4.12","13.81","On","12.888348,77.649231",
"10-Sep-2026 13:10:38","35.82","4.12","13.81","On","12.888968,77.649132",
"10-Sep-2026 13:10:48","10.42","4.12","13.81","On","12.88948,77.64916",
"10-Sep-2026 13:10:53","20.51","4.12","13.81","On","12.889461,77.649334",
"10-Sep-2026 13:10:54","9.82","4.12","13.76","On","12.889431,77.649463",
"10-Sep-2026 13:10:58","9.22","4.12","13.76","On","12.88941,77.649551",
"10-Sep-2026 13:11:03","14.58","4.12","13.76","On","12.889483,77.649604",
"10-Sep-2026 13:11:08","25.67","4.12","13.76","On","12.88971,77.649655",
"10-Sep-2026 13:11:13","7.99","4.12","13.76","On","12.889918,77.649663",
"10-Sep-2026 13:11:24","9.05","4.12","13.81","On","12.890405,77.649407",
"10-Sep-2026 13:11:48","18.83","4.12","13.81","On","12.891372,77.649229",
"10-Sep-2026 13:11:54","30.53","4.12","13.81","On","12.891872,77.649511",
"10-Sep-2026 13:12:24","19.44","4.12","13.79","On","12.89313,77.65019",
"10-Sep-2026 13:12:28","12.98","4.12","13.79","On","12.893249,77.650293",
"10-Sep-2026 13:12:48","25.86","4.12","13.79","On","12.893786,77.650728",
"10-Sep-2026 13:12:54","38.43","4.12","13.79","On","12.894416,77.650785",
"10-Sep-2026 13:13:08","12.67","4.12","13.79","On","12.89531,77.650915",
"10-Sep-2026 13:13:18","20.72","4.12","13.79","On","12.895859,77.650923",
"10-Sep-2026 13:13:24","8.06","4.12","13.76","On","12.896008,77.65095",
"10-Sep-2026 13:13:28","0.56","4.12","13.76","On","12.896054,77.650952",
"10-Sep-2026 13:13:53","10.75","4.12","13.76","On","12.896351,77.651011",
"10-Sep-2026 13:13:54","16.38","4.12","13.79","On","12.89651,77.651041",
"10-Sep-2026 13:14:13","11.49","4.12","13.79","On","12.897221,77.651079",
"10-Sep-2026 13:14:18","13.95","4.12","13.79","On","12.897343,77.651093",
"10-Sep-2026 13:14:23","21.16","4.12","13.79","On","12.897676,77.651155",
"10-Sep-2026 13:14:24","21.16","4.12","13.79","On","12.897676,77.651155",
"10-Sep-2026 13:14:28","12.05","4.12","13.79","On","12.897837,77.651139",
"10-Sep-2026 13:14:54","13.35","4.12","13.79","On","12.898748,77.651259",
"10-Sep-2026 13:14:58","13.35","4.12","13.79","On","12.898748,77.651259",
"10-Sep-2026 13:15:03","15.03","4.12","13.79","On","12.898863,77.651093",
"10-Sep-2026 13:15:23","12.97","4.12","13.79","On","12.89934,77.650183",
"10-Sep-2026 13:15:24","12.97","4.12","13.79","On","12.89934,77.650183",
"10-Sep-2026 13:15:28","24.31","4.12","13.79","On","12.899503,77.650176",
"10-Sep-2026 13:15:54","9.32","4.12","13.81","On","12.900629,77.650367",
"10-Sep-2026 13:16:18","8.07","4.12","13.81","On","12.90143,77.650472",
"10-Sep-2026 13:16:24","14.65","4.12","13.83","On","12.901608,77.650495",
"10-Sep-2026 13:16:28","17.86","4.12","13.83","On","12.901784,77.650576",
"10-Sep-2026 13:16:33","21.07","4.12","13.83","On","12.901956,77.65061",
"10-Sep-2026 13:16:54","18.25","4.12","13.83","On","12.903353,77.65035",
"10-Sep-2026 13:17:08","12.23","4.12","13.83","On","12.903666,77.65029",
"10-Sep-2026 13:17:13","19.2","4.12","13.83","On","12.903776,77.650419",
"10-Sep-2026 13:17:18","13.01","4.12","13.83","On","12.903943,77.650542",
"10-Sep-2026 13:17:24","19.18","4.12","13.81","On","12.904344,77.650758",
"10-Sep-2026 13:17:28","4.43","4.12","13.81","On","12.904443,77.650797",
"10-Sep-2026 13:17:33","20.27","4.12","13.81","On","12.904578,77.650858",
"10-Sep-2026 13:17:54","29.97","4.12","13.81","On","12.906172,77.651317",
"10-Sep-2026 13:18:24","26.9","4.12","13.81","On","12.908125,77.651711",
"10-Sep-2026 13:18:28","13.8","4.12","13.81","On","12.908339,77.651748",
"10-Sep-2026 13:18:33","22.78","4.12","13.81","On","12.908549,77.651752",
"10-Sep-2026 13:18:38","19.4","4.12","13.81","On","12.908716,77.651787",
"10-Sep-2026 13:18:43","21.89","4.12","13.81","On","12.909095,77.651869",
"10-Sep-2026 13:18:48","20.28","4.12","13.81","On","12.909346,77.651866",
"10-Sep-2026 13:18:53","18.74","4.12","13.81","On","12.909558,77.651874",
"10-Sep-2026 13:18:54","20.69","4.12","13.81","On","12.909786,77.651846",
"10-Sep-2026 13:18:58","20.69","4.12","13.81","On","12.909786,77.651846",
"10-Sep-2026 13:19:08","21.3","4.12","13.81","On","12.910573,77.651858",
"10-Sep-2026 13:19:13","27.18","4.12","13.81","On","12.910851,77.651834",
"10-Sep-2026 13:19:18","13.27","4.12","13.81","On","12.911026,77.651847",
"10-Sep-2026 13:19:23","1.65","4.12","13.81","On","12.911214,77.651862",
"10-Sep-2026 13:19:24","1.65","4.12","13.83","On","12.911214,77.651862",
"10-Sep-2026 13:19:33","10.92","4.12","13.83","On","12.911332,77.651831",
"10-Sep-2026 13:19:53","30.86","4.12","13.83","On","12.912422,77.651809",
"10-Sep-2026 13:19:54","39.81","4.12","13.83","On","12.912778,77.651769",
"10-Sep-2026 13:19:58","39.81","4.12","13.83","On","12.912778,77.651769",
"10-Sep-2026 13:20:03","26.6","4.12","13.83","On","12.91355,77.651791",
"10-Sep-2026 13:20:08","32.58","4.12","13.83","On","12.913802,77.651807",
"10-Sep-2026 13:20:13","36.9","4.12","13.83","On","12.914153,77.651791",
"10-Sep-2026 13:20:24","24.65","4.12","13.81","On","12.91525,77.651708",
"10-Sep-2026 13:20:28","22.39","4.12","13.81","On","12.915501,77.651696",
"10-Sep-2026 13:20:33","14.49","4.12","13.81","On","12.915741,77.651683",
"10-Sep-2026 13:20:38","18.04","4.12","13.81","On","12.915892,77.651674",
"10-Sep-2026 13:20:43","34.31","4.12","13.81","On","12.916414,77.651703",
"10-Sep-2026 13:20:48","36.27","4.12","13.81","On","12.916785,77.651704",
"10-Sep-2026 13:20:53","33.4","4.12","13.81","On","12.917133,77.65169",
"10-Sep-2026 13:20:54","30.99","4.12","13.81","On","12.917485,77.651667",
"10-Sep-2026 13:21:23","10.59","4.12","13.81","On","12.918883,77.651609",
"10-Sep-2026 13:21:24","10.59","4.12","13.81","On","12.918883,77.651609",
"10-Sep-2026 13:21:28","23.84","4.12","13.81","On","12.919075,77.651599",
"10-Sep-2026 13:21:48","22.45","4.12","13.81","On","12.919949,77.651552",
"10-Sep-2026 13:21:54","23.52","4.12","13.81","On","12.920358,77.651553",
"10-Sep-2026 13:22:08","8.16","4.12","13.81","On","12.920964,77.651529",
"10-Sep-2026 13:22:24","23.32","4.12","13.81","On","12.921475,77.651497",
"10-Sep-2026 13:22:28","25.61","4.12","13.81","On","12.921728,77.651477",
"10-Sep-2026 13:22:33","30.41","4.12","13.81","On","12.922037,77.651455",
"10-Sep-2026 13:22:48","14.07","4.12","13.81","On","12.92318,77.651503",
"10-Sep-2026 13:22:54","30.75","4.12","13.74","On","12.923428,77.651539",
"10-Sep-2026 13:23:08","12.73","4.12","13.74","On","12.924189,77.651629",
"10-Sep-2026 13:23:24","27.74","4.12","13.76","On","12.924412,77.650252",
"10-Sep-2026 13:23:38","12.44","4.12","13.76","On","12.924531,77.649821",
"10-Sep-2026 13:23:43","24.57","4.12","13.76","On","12.924601,77.649597",
"10-Sep-2026 13:23:54","39.21","4.12","13.81","On","12.924601,77.648574",
"10-Sep-2026 13:24:24","52.53","4.12","13.83","On","12.924172,77.644462",
"10-Sep-2026 13:24:28","51.78","4.12","13.83","On","12.923998,77.643941",
"10-Sep-2026 13:24:48","39.76","4.12","13.83","On","12.923324,77.641253",
"10-Sep-2026 13:24:54","18.68","4.12","13.81","On","12.9234,77.640993",
"10-Sep-2026 13:24:58","4.44","4.12","13.81","On","12.923447,77.640885",
"10-Sep-2026 13:25:24","0.42","4.12","13.83","On","12.923484,77.640837",
"10-Sep-2026 13:25:54","0.56","4.12","13.81","On","12.923492,77.640825",
"10-Sep-2026 13:26:24","15.38","4.12","13.81","On","12.923793,77.640057",
"10-Sep-2026 13:26:54","8.33","4.12","13.79","On","12.924166,77.638981",
"10-Sep-2026 13:26:58","12.11","4.12","13.79","On","12.92419,77.638849",
"10-Sep-2026 13:27:08","0.15","4.12","13.79","On","12.924185,77.638753",
"10-Sep-2026 13:27:24","0.71","4.12","13.81","On","12.924193,77.638721",
"10-Sep-2026 13:27:54","0.28","4.12","13.88","On","12.9242,77.638692",
"10-Sep-2026 13:28:24","1.28","4.12","13.81","On","12.924229,77.638707",
"10-Sep-2026 13:28:54","0.17","4.12","13.76","On","12.924205,77.638709",
"10-Sep-2026 13:29:24","1.65","4.12","13.79","On","12.924208,77.638705",
"10-Sep-2026 13:29:54","0.38","4.12","13.4","Off","12.924224,77.6387",
"10-Sep-2026 13:30:24","0.47","4.12","13.06","Off","12.924222,77.638697",
"10-Sep-2026 13:30:54","0.62","4.12","13.01","Off","12.924236,77.638683",
"10-Sep-2026 13:31:14","0.62","4.12","12.97","Off","12.924236,77.638683",
"10-Sep-2026 13:31:53","0.62","4.12","12.99","Off","12.924236,77.638683",
"10-Sep-2026 13:31:53","0.2","4.12","12.99","Off","12.924242,77.638679",
"10-Sep-2026 13:31:54","0.2","4.12","12.97","Off","12.924242,77.638679",
"10-Sep-2026 13:32:24","0.09","4.12","12.92","Off","12.924243,77.638689",
"10-Sep-2026 13:32:53","0.09","4.12","12.89","Off","12.924243,77.638689",
"10-Sep-2026 13:33:24","1.5","4.12","12.89","Off","12.924234,77.638693",
"10-Sep-2026 13:33:54","0.13","4.12","12.87","Off","12.924244,77.638689",
"10-Sep-2026 13:34:54","0.21","4.12","12.85","Off","12.924239,77.638693",
"10-Sep-2026 13:35:54","0.43","4.12","12.8","Off","12.92423,77.638693",
"10-Sep-2026 13:36:53","0.43","4.12","12.75","Off","12.92423,77.638693",
"10-Sep-2026 13:37:53","0.43","4.12","12.77","Off","12.92423,77.638693",
"10-Sep-2026 13:37:53","0.37","4.12","12.77","Off","12.924214,77.638693",
"10-Sep-2026 13:37:54","0.37","4.12","12.77","Off","12.924214,77.638693",
"10-Sep-2026 13:38:54","0.58","4.12","12.72","Off","12.924191,77.638664",
"10-Sep-2026 13:39:54","1.02","4.12","12.68","Off","12.924178,77.638691",
"10-Sep-2026 13:39:59","1.02","4.12","12.68","Off","12.924178,77.638691",
"10-Sep-2026 13:40:24","0.21","4.12","12.68","Off","12.924171,77.638696",
"10-Sep-2026 13:40:54","1.03","4.12","12.65","Off","12.924179,77.638694",
"10-Sep-2026 13:40:59","1.03","4.12","12.65","Off","12.924179,77.638694",
"10-Sep-2026 13:41:05","1.03","4.12","12.65","Off","12.924179,77.638694",
"10-Sep-2026 13:41:24","0.18","4.12","12.63","Off","12.924164,77.638688",
"10-Sep-2026 13:41:54","0.18","4.12","12.6","Off","12.924153,77.638694",
"10-Sep-2026 13:42:05","0.18","4.12","12.58","Off","12.924153,77.638694",
"10-Sep-2026 13:43:54","0.27","4.12","12.56","Off","12.924157,77.638718",
"10-Sep-2026 13:44:54","0.18","4.12","12.56","Off","12.924145,77.638711",
"10-Sep-2026 13:45:54","0.13","4.12","12.53","Off","12.924162,77.638693",
"10-Sep-2026 13:46:05","0.13","4.12","12.53","Off","12.924162,77.638693",
"10-Sep-2026 14:02:02","0.13","4.12","12.56","Off","12.924162,77.638693",
"10-Sep-2026 14:02:02","1.18","4.12","12.56","Off","12.924171,77.63869",
"10-Sep-2026 14:02:54","0.67","4.12","12.51","Off","12.924195,77.638751",
"10-Sep-2026 14:03:54","0.69","4.12","12.46","Off","12.924162,77.638737",
"10-Sep-2026 14:04:54","0.64","4.12","12.46","Off","12.924176,77.638728",
"10-Sep-2026 14:05:54","0.49","4.12","12.48","Off","12.92416,77.638729",
"10-Sep-2026 14:06:02","0.49","4.12","12.48","Off","12.92416,77.638729",
"10-Sep-2026 14:25:13","0.49","4.12","12.56","Off","12.92416,77.638729",
"10-Sep-2026 14:25:13","0.3","4.12","12.56","Off","12.924158,77.638732",
"10-Sep-2026 14:25:14","0.3","4.12","12.56","On","12.924158,77.638732",
"10-Sep-2026 14:25:24","0.3","4.12","12.44","On","12.924158,77.638732",
"10-Sep-2026 14:25:54","0.6","4.12","13.45","On","12.924191,77.638751",
"10-Sep-2026 14:26:03","11.18","4.12","13.45","On","12.924231,77.638696",
"10-Sep-2026 14:26:13","8.22","4.12","13.45","On","12.924615,77.638202",
"10-Sep-2026 14:26:24","19","4.12","13.81","On","12.924872,77.637799",
"10-Sep-2026 14:26:38","24.29","4.12","13.81","On","12.925091,77.637365",
"10-Sep-2026 14:26:53","34.17","4.12","13.81","On","12.925161,77.636293",
"10-Sep-2026 14:26:54","34.17","4.12","13.86","On","12.925161,77.636293",
"10-Sep-2026 14:27:24","1.31","4.12","13.86","On","12.924901,77.634649",
"10-Sep-2026 14:27:54","28.49","4.12","13.86","On","12.924756,77.633527",
"10-Sep-2026 14:28:24","16.44","4.12","13.86","On","12.92436,77.631473",
"10-Sep-2026 14:28:54","24.11","4.12","13.91","On","12.924091,77.629919",
"10-Sep-2026 14:29:24","0.79","4.12","13.91","On","12.924033,77.629343",
"10-Sep-2026 14:29:33","0.79","4.12","13.91","On","12.924058,77.629343",
"10-Sep-2026 14:29:54","1.97","4.12","13.91","On","12.92407,77.629331",
"10-Sep-2026 14:30:24","2.28","4.12","13.91","On","12.924097,77.629327",
"10-Sep-2026 14:30:54","1.21","4.12","13.91","On","12.924071,77.629294",
"10-Sep-2026 14:31:13","10.13","4.12","13.91","On","12.924076,77.629243",
"10-Sep-2026 14:31:23","34.73","4.12","13.91","On","12.923997,77.628737",
"10-Sep-2026 14:31:24","34.73","4.12","13.91","On","12.923997,77.628737",
"10-Sep-2026 14:31:28","31.82","4.12","13.91","On","12.923896,77.628424",
"10-Sep-2026 14:31:54","41.52","4.12","13.86","On","12.923226,77.625213",
"10-Sep-2026 14:32:18","37.92","4.12","13.86","On","12.922509,77.622712",
"10-Sep-2026 14:32:24","28.17","4.12","13.86","On","12.922307,77.622479",
"10-Sep-2026 14:32:54","0.44","4.12","13.86","On","12.921691,77.621494",
"10-Sep-2026 14:32:58","1.4","4.12","13.86","On","12.921688,77.621486",
"10-Sep-2026 14:33:24","0.41","4.12","13.88","On","12.92166,77.621496",
"10-Sep-2026 14:33:54","0.35","4.12","13.88","On","12.921669,77.621486",
"10-Sep-2026 14:34:24","0.45","4.12","13.93","On","12.921667,77.621486",
"10-Sep-2026 14:34:54","3.11","4.12","13.86","On","12.921492,77.621161",
"10-Sep-2026 14:35:24","6.64","4.12","13.86","On","12.921235,77.620758",
"10-Sep-2026 14:35:38","10.94","4.12","13.86","On","12.921107,77.620606",
"10-Sep-2026 14:35:54","25.23","4.12","13.86","On","12.920206,77.620946",
"10-Sep-2026 14:36:13","32.8","4.12","13.86","On","12.91899,77.621751",
"10-Sep-2026 14:36:24","45.85","4.12","13.88","On","12.917893,77.622436",
"10-Sep-2026 14:36:54","54.86","4.12","13.88","On","12.914177,77.62459",
"10-Sep-2026 14:37:23","7.99","4.12","13.88","On","12.91247,77.625638",
"10-Sep-2026 14:37:24","7.99","4.11","13.86","On","12.91247,77.625638",
"10-Sep-2026 14:37:38","24.33","4.11","13.86","On","12.912011,77.625966",
"10-Sep-2026 14:37:54","47.12","4.12","13.83","On","12.9102,77.627094",
"10-Sep-2026 14:38:24","31.28","4.12","13.88","On","12.907572,77.628756",
"10-Sep-2026 14:38:38","27.85","4.12","13.88","On","12.906769,77.62918",
"10-Sep-2026 14:38:48","34.65","4.12","13.88","On","12.905863,77.629722",
"10-Sep-2026 14:38:54","43.73","4.12","13.86","On","12.905181,77.630151",
"10-Sep-2026 14:39:54","24.58","4.12","13.81","On","12.899781,77.63367",
"10-Sep-2026 14:40:24","11.03","4.12","13.81","On","12.898561,77.63444",
"10-Sep-2026 14:40:53","11.81","4.12","13.81","On","12.897036,77.63538",
"10-Sep-2026 14:40:54","2.45","4.12","13.83","On","12.896973,77.635414",
"10-Sep-2026 14:40:58","2.45","4.12","13.83","On","12.896973,77.635414",
"10-Sep-2026 14:41:24","1.94","4.12","13.86","On","12.896962,77.63544",
"10-Sep-2026 14:41:54","2.44","4.12","13.91","On","12.896978,77.635495",
"10-Sep-2026 14:42:24","0.88","4.12","13.88","On","12.896976,77.635464",
"10-Sep-2026 14:42:54","42.62","4.12","13.71","On","12.895738,77.636118",
"10-Sep-2026 14:43:03","10.29","4.12","13.71","On","12.895014,77.636471",
"10-Sep-2026 14:43:08","4.42","4.12","13.71","On","12.894938,77.636487",
"10-Sep-2026 14:43:24","3.65","4.12","13.83","On","12.894952,77.636415",
"10-Sep-2026 14:43:54","37.6","4.12","13.86","On","12.89435,77.63679",
"10-Sep-2026 14:44:23","37.1","4.12","13.86","On","12.891998,77.638281",
"10-Sep-2026 14:44:24","37.1","4.12","13.83","On","12.891998,77.638281",
"10-Sep-2026 14:45:05","15.87","4.12","13.86","On","12.890171,77.639459",
"10-Sep-2026 14:45:10","11.84","4.12","13.86","On","12.890048,77.639571",
"10-Sep-2026 14:45:15","5.97","4.12","13.86","On","12.8899,77.639608",
"10-Sep-2026 14:45:24","0.58","4.12","13.88","On","12.88981,77.639658",
"10-Sep-2026 14:45:54","1.63","4.12","13.91","On","12.889797,77.639642",
"10-Sep-2026 14:46:24","1.45","4.12","13.91","On","12.889803,77.639649",
"10-Sep-2026 14:46:54","10.38","4.12","13.86","On","12.889701,77.639925",
"10-Sep-2026 14:47:05","17.81","4.12","13.86","On","12.889348,77.640151",
"10-Sep-2026 14:47:24","19.41","4.12","13.83","On","12.888079,77.640896",
"10-Sep-2026 14:47:54","53.56","4.12","13.88","On","12.88606,77.641945",
"10-Sep-2026 14:48:24","53.39","4.12","13.81","On","12.882318,77.644304",
"10-Sep-2026 14:48:54","29.13","4.12","13.83","On","12.879644,77.645947",
"10-Sep-2026 14:49:24","53.46","4.12","13.81","On","12.876606,77.647814",
"10-Sep-2026 14:49:54","30.11","4.12","13.76","On","12.874373,77.64988",
"10-Sep-2026 14:50:24","7.34","4.12","13.79","On","12.872683,77.651455",
"10-Sep-2026 14:50:25","7.34","4.12","13.79","On","12.872683,77.651455",
"10-Sep-2026 14:50:30","31.26","4.12","13.79","On","12.872512,77.65161",
"10-Sep-2026 14:50:54","10.8","4.12","13.79","On","12.87064,77.653086",
"10-Sep-2026 14:51:10","14.07","4.12","13.79","On","12.8702,77.653453",
"10-Sep-2026 14:51:15","18.69","4.12","13.79","On","12.870283,77.653646",
"10-Sep-2026 14:51:24","25.19","4.12","13.83","On","12.870595,77.654105",
"10-Sep-2026 14:51:35","26.2","4.12","13.83","On","12.870756,77.65461",
"10-Sep-2026 14:51:45","4.07","4.12","13.83","On","12.87084,77.654972",
"10-Sep-2026 14:51:54","11.26","4.12","13.81","On","12.870947,77.654983",
"10-Sep-2026 14:52:15","15.12","4.12","13.81","On","12.871503,77.654906",
"10-Sep-2026 14:52:24","2.45","4.12","13.79","On","12.871876,77.654926",
"10-Sep-2026 14:52:25","2.45","4.12","13.79","On","12.871876,77.654926",
"10-Sep-2026 14:52:54","5.92","4.12","13.79","On","12.872221,77.655013",
"10-Sep-2026 14:53:05","23.51","4.12","13.79","On","12.872465,77.655226",
"10-Sep-2026 14:53:24","19.5","4.12","13.81","On","12.872778,77.655538",
"10-Sep-2026 14:53:30","20.56","4.12","13.81","On","12.872948,77.655708",
"10-Sep-2026 14:53:50","29.67","4.12","13.81","On","12.873402,77.655871",
"10-Sep-2026 14:53:54","29.74","4.12","13.81","On","12.873693,77.655911",
"10-Sep-2026 14:54:24","15.47","4.12","13.79","On","12.875556,77.65614",
"10-Sep-2026 14:54:25","15.47","4.12","13.79","On","12.875556,77.65614",
"10-Sep-2026 14:54:45","9.78","4.12","13.79","On","12.87554,77.656892",
"10-Sep-2026 14:54:54","22.77","4.12","13.83","On","12.875599,77.657259",
"10-Sep-2026 14:55:10","18.55","4.12","13.83","On","12.875592,77.657857",
"10-Sep-2026 14:55:24","1.35","4.12","13.81","On","12.875624,77.658162",
"10-Sep-2026 14:55:25","1.35","4.12","13.81","On","12.875624,77.658162",
"10-Sep-2026 14:55:54","1.26","4.11","13.83","On","12.875591,77.658176",
"10-Sep-2026 14:56:24","0.93","4.12","13.83","On","12.875602,77.658181",
"10-Sep-2026 14:56:54","2.79","4.12","13.88","On","12.875582,77.658222",
"10-Sep-2026 14:57:24","1.77","4.12","13.91","On","12.875597,77.658215",
"10-Sep-2026 14:57:54","0.85","4.12","13.16","Off","12.875581,77.658209",
"10-Sep-2026 14:58:24","0.52","4.12","13.01","Off","12.875622,77.658179",
"10-Sep-2026 14:58:26","0.52","4.12","13.01","Off","12.875622,77.658179",
"10-Sep-2026 14:59:24","0.9","4.12","12.97","Off","12.875564,77.658212",
"10-Sep-2026 14:59:54","0.67","4.12","12.94","Off","12.875544,77.65819",
"10-Sep-2026 15:00:54","1.68","4.12","12.89","Off","12.875599,77.658221",
"10-Sep-2026 15:01:54","0.21","4.12","12.87","Off","12.875585,77.658213",
"10-Sep-2026 15:02:26","0.21","4.12","12.85","Off","12.875585,77.658213",
"10-Sep-2026 16:02:26","0.21","4.12","12.56","Off","12.875585,77.658213",
"10-Sep-2026 16:02:26","0.49","4.12","12.56","Off","12.875588,77.658216",
"10-Sep-2026 18:10:27","5.55","4.12","12.51","Off","12.875701,77.658035",
"10-Sep-2026 19:14:27","1.05","4.12","12.46","Off","12.875736,77.658443",
"10-Sep-2026 21:15:54","0","4.12","13.64","On","12.872243,77.655159",
"10-Sep-2026 21:16:24","0","4.12","13.64","On","12.871415,77.655125",
"10-Sep-2026 21:17:24","0","4.12","13.59","On","12.870772,77.65588",
"10-Sep-2026 21:17:54","0","4.12","13.62","On","12.870211,77.653462",
"10-Sep-2026 21:26:24","1.98","4.11","13.54","On","12.845886,77.680996",
"10-Sep-2026 21:26:54","1","4.11","13.57","On","12.845907,77.680938",
"10-Sep-2026 21:27:10","17.08","4.11","13.57","On","12.845742,77.680987",
"10-Sep-2026 21:27:24","25.87","4.12","13.64","On","12.845164,77.680962",
"10-Sep-2026 21:27:30","15.17","4.12","13.64","On","12.845005,77.68105",
"10-Sep-2026 21:27:40","13.11","4.12","13.64","On","12.844914,77.681339",
"10-Sep-2026 21:27:54","14.85","4.11","13.62","On","12.844704,77.681972",
"10-Sep-2026 21:28:24","23.41","4.11","13.64","On","12.844456,77.682885",
"10-Sep-2026 21:28:45","16.55","4.11","13.64","On","12.843914,77.684179",
"10-Sep-2026 21:28:50","15.02","4.11","13.64","On","12.843724,77.684006",
"10-Sep-2026 21:28:54","32.17","4.11","13.59","On","12.843567,77.683807",
"10-Sep-2026 21:28:55","32.17","4.11","13.59","On","12.843567,77.683807",
"10-Sep-2026 21:29:00","30.51","4.11","13.59","On","12.843339,77.683598",
"10-Sep-2026 21:29:15","11.73","4.11","13.59","On","12.84269,77.682858",
"10-Sep-2026 21:29:24","10.7","4.11","13.59","On","12.842599,77.682948",
"10-Sep-2026 21:29:25","10.7","4.11","13.59","On","12.842599,77.682948",
"10-Sep-2026 21:29:30","5.87","4.11","13.59","On","12.842474,77.683052",
"10-Sep-2026 21:29:54","0.52","4.12","13.76","On","12.842368,77.68305",
"10-Sep-2026 21:30:24","0.6","4.12","13.88","On","12.842313,77.683187",
"10-Sep-2026 21:30:54","2.42","4.11","13.88","On","12.842314,77.683121",
"10-Sep-2026 21:31:24","0.31","4.12","13.91","On","12.842329,77.683112",
"10-Sep-2026 21:31:54","0.9","4.12","13.62","Off","12.84233,77.68311",
"10-Sep-2026 21:32:24","1.37","4.12","13.35","Off","12.842322,77.683118",
"10-Sep-2026 21:32:42","1.37","4.12","13.28","Off","12.842322,77.683118",
"10-Sep-2026 21:33:24","0.75","4.12","13.23","Off","12.842327,77.68314",
"10-Sep-2026 21:33:54","0.37","4.12","13.16","Off","12.84233,77.683084",
"10-Sep-2026 21:34:54","1.63","4.12","13.09","Off","12.842307,77.68306",
"10-Sep-2026 21:35:54","0.7","4.11","13.01","Off","12.842316,77.683105",
"10-Sep-2026 21:36:42","0.7","4.12","12.99","Off","12.842316,77.683105",
"10-Sep-2026 22:03:51","0.7","4.12","12.75","Off","12.842316,77.683105",
"10-Sep-2026 22:03:51","0.88","4.12","12.75","Off","12.842312,77.683146",
"10-Sep-2026 22:03:52","0.88","4.12","12.75","On","12.842312,77.683146",
"10-Sep-2026 22:03:52","0.88","4.12","12.75","On","12.842312,77.683146",
"10-Sep-2026 22:03:54","0.88","4.12","12.7","On","12.842312,77.683146",
"10-Sep-2026 22:04:24","0","4.12","13.57","On","12.842193,77.683276",
"10-Sep-2026 22:04:54","0","4.12","13.86","On","12.84217,77.683277",
"10-Sep-2026 22:05:24","0","4.12","13.83","On","12.842259,77.683215",
"10-Sep-2026 22:05:54","0","4.11","13.83","On","12.842268,77.683228",
"10-Sep-2026 22:06:24","0","4.12","13.91","On","12.842271,77.683256",
"10-Sep-2026 22:06:54","0","4.12","13.91","On","12.842316,77.683214",
"10-Sep-2026 22:07:24","0","4.12","13.88","On","12.842318,77.683147",
"10-Sep-2026 22:08:24","0","4.12","13.09","On","12.842256,77.683256",
"10-Sep-2026 22:09:24","0","4.12","12.58","On","12.842254,77.683255",
"10-Sep-2026 22:09:54","0","4.11","12.41","On","12.842256,77.683253",
"10-Sep-2026 22:10:24","0","4.11","12.34","On","12.842254,77.683256",
"10-Sep-2026 22:10:54","0","4.12","13.71","On","12.842256,77.683255",
"10-Sep-2026 22:11:24","0","4.12","13.86","On","12.842255,77.683258",
"10-Sep-2026 22:11:54","0","4.12","13.91","On","12.842254,77.683255",
"10-Sep-2026 22:12:54","0","4.12","13.91","On","12.842254,77.683254",
"10-Sep-2026 22:15:24","0","4.11","13.91","On","12.842017,77.68378",
"10-Sep-2026 22:15:54","0","4.11","13.91","On","12.841931,77.683897",
"10-Sep-2026 22:16:24","0","4.11","13.91","On","12.842025,77.683686",
"10-Sep-2026 22:16:54","0","4.12","13.93","On","12.841992,77.68361",
"10-Sep-2026 22:21:24","0","4.12","12.32","On","12.842497,77.68305",
"10-Sep-2026 22:21:54","0","4.12","12.24","On","12.842237,77.683222",
"10-Sep-2026 22:26:24","0","4.12","12.53","Off","12.842215,77.68322",
"10-Sep-2026 22:26:54","0","4.11","12.53","Off","12.842213,77.683212",
"10-Sep-2026 22:32:54","0","4.12","13.09","Off","12.842436,77.683248",
"10-Sep-2026 22:34:24","0","4.12","13.86","On","12.842182,77.683211",
"10-Sep-2026 22:34:54","0","4.12","13.86","On","12.842237,77.68321",
"10-Sep-2026 22:36:24","0","4.11","13.93","On","12.842171,77.68328",
"10-Sep-2026 22:36:54","0","4.11","13.88","On","12.842523,77.682983",
"10-Sep-2026 22:37:24","0","4.12","13.86","On","12.842304,77.683244",
"10-Sep-2026 22:37:54","0","4.11","13.35","On","12.842386,77.682977",
"10-Sep-2026 22:50:54","0","4.12","14","Off","12.84249,77.683006",
"10-Sep-2026 23:46:54","0","4.12","12.77","On","12.842106,77.683493",
"10-Sep-2026 23:47:24","0","4.12","13.64","On","12.84215,77.683395",
"10-Sep-2026 23:47:54","0","4.12","13.86","On","12.842185,77.683347",
"10-Sep-2026 23:48:24","0","4.12","13.86","On","12.84239,77.683063",
"10-Sep-2026 23:48:54","0","4.12","13.91","On","12.842133,77.68327",
"10-Sep-2026 23:49:24","0","4.12","13.93","On","12.842171,77.68326",
"10-Sep-2026 23:49:54","0","4.12","13.93","On","12.842009,77.683346",
"10-Sep-2026 23:50:24","0","4.12","13.93","On","12.842054,77.683572",
"10-Sep-2026 23:50:54","0","4.12","13.93","On","12.842097,77.683616",
"10-Sep-2026 23:51:24","0","4.11","13.91","On","12.842089,77.68363",
"10-Sep-2026 23:51:54","0","4.11","13.69","On","12.842526,77.683081",
"10-Sep-2026 23:55:54","46.45","4.12","13.64","On","12.833476,77.68038",
"10-Sep-2026 23:56:24","56.78","4.11","13.64","On","12.829852,77.681447",
"10-Sep-2026 23:56:54","51.71","4.11","13.62","On","12.826028,77.682968",
"10-Sep-2026 23:57:24","50.86","4.11","13.64","On","12.823237,77.68515",
"10-Sep-2026 23:57:54","51.46","4.11","13.64","On","12.820545,77.687719",
"10-Sep-2026 23:58:24","54.77","4.11","13.66","On","12.817383,77.69044",
"10-Sep-2026 23:58:54","28.83","4.11","13.64","On","12.814505,77.692739",
"10-Sep-2026 23:59:24","49.87","4.11","13.62","On","12.812288,77.69451",
"10-Sep-2026 23:59:54","43.62","4.11","13.64","On","12.809644,77.696598",
"11-Sep-2026 00:00:24","31.06","4.11","13.66","On","12.8075,77.698365",
"11-Sep-2026 00:00:54","40.21","4.11","13.66","On","12.805495,77.699894",
"11-Sep-2026 00:01:16","44.76","4.11","13.66","On","12.803565,77.701841",
"11-Sep-2026 00:01:24","46.47","4.11","13.64","On","12.803129,77.70269",
"11-Sep-2026 00:01:31","42.27","4.11","13.64","On","12.802806,77.70351",
"11-Sep-2026 00:01:54","22.58","4.12","13.66","On","12.802576,77.704637",
"11-Sep-2026 00:02:01","10.21","4.12","13.66","On","12.802452,77.705066",
"11-Sep-2026 00:02:06","18.5","4.12","13.66","On","12.802288,77.705089",
"11-Sep-2026 00:02:24","29.99","4.11","13.62","On","12.801075,77.705284",
"11-Sep-2026 00:02:31","7.51","4.11","13.62","On","12.800708,77.70541",
"11-Sep-2026 00:02:36","10.43","4.11","13.62","On","12.800597,77.70541",
"11-Sep-2026 00:02:41","32.54","4.11","13.62","On","12.800722,77.705279",
"11-Sep-2026 00:02:54","31.18","4.12","13.64","On","12.801677,77.705001",
"11-Sep-2026 00:03:06","3.19","4.12","13.64","On","12.802041,77.704776",
"11-Sep-2026 00:03:24","1.62","4.11","13.86","On","12.80208,77.704798",
"11-Sep-2026 00:03:51","10.06","4.11","13.86","On","12.80208,77.704779",
"11-Sep-2026 00:03:54","10.06","4.11","13.81","On","12.80208,77.704779",
"11-Sep-2026 00:03:56","17.08","4.11","13.81","On","12.802218,77.704789",
"11-Sep-2026 00:04:01","12.79","4.11","13.81","On","12.802207,77.704904",
"11-Sep-2026 00:04:06","19.62","4.11","13.81","On","12.802058,77.705017",
"11-Sep-2026 00:04:11","21.86","4.11","13.81","On","12.801852,77.705062",
"11-Sep-2026 00:04:24","25.92","4.12","13.69","On","12.800881,77.705355",
"11-Sep-2026 00:04:54","32.72","4.12","13.66","On","12.799134,77.705863",
"11-Sep-2026 00:05:24","26.45","4.12","13.66","On","12.797332,77.706419",
"11-Sep-2026 00:05:54","37.4","4.12","13.62","On","12.794956,77.70661",
"11-Sep-2026 00:05:56","37.58","4.12","13.62","On","12.794566,77.706498",
"11-Sep-2026 00:06:24","21.31","4.12","13.64","On","12.792616,77.706103",
"11-Sep-2026 00:06:54","31.19","4.11","13.64","On","12.790436,77.70564",
"11-Sep-2026 00:07:06","34.95","4.11","13.64","On","12.789453,77.705233",
"11-Sep-2026 00:07:24","16.55","4.12","13.64","On","12.788225,77.704113",
"11-Sep-2026 00:07:51","31.95","4.12","13.64","On","12.787295,77.703422",
"11-Sep-2026 00:07:54","33.25","4.12","13.64","On","12.786915,77.703361",
"11-Sep-2026 00:08:24","5.25","4.12","13.66","On","12.784582,77.703196",
"11-Sep-2026 00:08:31","22.87","4.12","13.66","On","12.784464,77.703239",
"11-Sep-2026 00:08:54","34.97","4.12","13.64","On","12.782521,77.703957",
"11-Sep-2026 00:08:56","33.22","4.12","13.64","On","12.782154,77.703946",
"11-Sep-2026 00:09:11","11.09","4.12","13.64","On","12.78153,77.703469",
"11-Sep-2026 00:09:16","23.47","4.12","13.64","On","12.781707,77.703067",
"11-Sep-2026 00:09:24","8.18","4.12","13.64","On","12.781773,77.702767",
"11-Sep-2026 00:09:54","2.79","4.11","13.64","On","12.782204,77.701263",
"11-Sep-2026 00:10:24","25.77","4.11","13.62","On","12.78241,77.700703",
"11-Sep-2026 00:10:51","17.91","4.11","13.62","On","12.782668,77.699792",
"11-Sep-2026 00:10:54","2.38","4.12","13.64","On","12.782721,77.699741",
"11-Sep-2026 00:11:11","20.03","4.12","13.64","On","12.782927,77.69988",
"11-Sep-2026 00:11:24","2.7","4.12","13.62","On","12.783325,77.70006",
"11-Sep-2026 00:11:26","2.7","4.12","13.62","On","12.783325,77.70006",
"11-Sep-2026 00:11:41","11.51","4.12","13.62","On","12.783363,77.700216",
"11-Sep-2026 00:11:46","11.18","4.12","13.62","On","12.783373,77.700268",
"11-Sep-2026 00:11:51","1.01","4.12","13.62","On","12.783333,77.700318",
"11-Sep-2026 00:11:54","2.57","4.12","13.57","On","12.783346,77.700294",
"11-Sep-2026 00:12:24","2.03","4.11","13.86","On","12.783311,77.700207",
"11-Sep-2026 00:12:54","2.94","4.11","13.91","On","12.783211,77.700187",
"11-Sep-2026 00:13:24","0.42","4.12","13.91","On","12.783124,77.700202",
"11-Sep-2026 00:13:46","11.1","4.12","13.91","On","12.78317,77.700137",
"11-Sep-2026 00:13:54","5.25","4.11","13.83","On","12.783197,77.700089",
"11-Sep-2026 00:14:24","2.14","4.11","13.91","On","12.783258,77.700093",
"11-Sep-2026 00:14:54","1.11","4.12","13.91","On","12.783299,77.700033",
"11-Sep-2026 00:15:16","5.42","4.12","13.91","On","12.783328,77.700066",
"11-Sep-2026 00:15:24","0.76","4.11","13.91","On","12.783339,77.700086",
"11-Sep-2026 00:15:54","0.46","4.11","13.93","On","12.783331,77.700142",
"11-Sep-2026 00:16:24","0.87","4.11","13.93","On","12.783337,77.700173",
"11-Sep-2026 00:16:54","1.7","4.12","13.91","On","12.783319,77.700177",
"11-Sep-2026 00:17:24","6.09","4.12","13.91","On","12.783392,77.700093",
"11-Sep-2026 00:17:54","2.26","4.12","13.91","On","12.783301,77.700097",
"11-Sep-2026 00:18:24","1.21","4.12","13.5","Off","12.783313,77.700141",
"11-Sep-2026 00:18:54","1.02","4.12","13.06","Off","12.783316,77.700149",
"11-Sep-2026 00:19:24","0.44","4.12","12.99","Off","12.783329,77.700151",
"11-Sep-2026 00:19:46","0.44","4.12","13.01","Off","12.783329,77.700151",
"11-Sep-2026 00:20:24","1.77","4.12","12.97","Off","12.783306,77.70018",
"11-Sep-2026 00:20:54","1.19","4.12","12.94","Off","12.783262,77.700204",
"11-Sep-2026 00:21:54","1.86","4.12","12.89","Off","12.783237,77.700211",
"11-Sep-2026 00:22:54","1.97","4.12","12.85","Off","12.783232,77.700174",
"11-Sep-2026 00:23:46","1.97","4.12","12.82","Off","12.783232,77.700174",
"11-Sep-2026 00:26:09","1.97","4.11","12.85","On","12.783232,77.700174",
"11-Sep-2026 00:26:09","1.97","4.11","12.85","On","12.783232,77.700174",
"11-Sep-2026 00:26:09","1.03","4.11","12.85","On","12.783238,77.700167",
"11-Sep-2026 00:26:24","1.03","4.11","12.82","On","12.783238,77.700167",
"11-Sep-2026 00:27:24","3.9","4.11","13.81","On","12.783163,77.700698",
"11-Sep-2026 00:27:54","0.24","4.11","13.88","On","12.783181,77.700849",
"11-Sep-2026 00:28:24","5.85","4.12","13.91","On","12.783301,77.70084",
"11-Sep-2026 00:28:54","1.81","4.12","13.91","On","12.783216,77.700786",
"11-Sep-2026 00:29:24","0.3","4.12","13.91","On","12.783072,77.700753",
"11-Sep-2026 00:29:54","0.41","4.12","13.95","On","12.783057,77.700767",
"11-Sep-2026 00:30:24","0.17","4.12","13.91","On","12.783112,77.700755",
"11-Sep-2026 00:30:54","1.93","4.11","13.93","On","12.783103,77.700736",
"11-Sep-2026 00:31:24","6.02","4.12","13.93","On","12.783084,77.700766",
"11-Sep-2026 00:31:54","0.58","4.12","13.18","Off","12.783098,77.700786",
"11-Sep-2026 00:32:24","2.18","4.12","12.99","Off","12.783173,77.70077",
"11-Sep-2026 00:32:29","2.18","4.12","12.99","Off","12.783173,77.70077",
"11-Sep-2026 00:33:24","6.01","4.12","12.97","Off","12.783189,77.700799",
"11-Sep-2026 00:33:54","3.58","4.12","12.94","Off","12.783235,77.700777",
"11-Sep-2026 00:34:54","3.58","4.12","12.92","Off","12.783162,77.700747",
"11-Sep-2026 00:45:03","7.19","4.11","12.72","On","12.782979,77.700784",
"11-Sep-2026 00:45:24","7.19","4.12","12.51","On","12.782979,77.700784",
"11-Sep-2026 00:46:24","2.06","4.12","13.83","On","12.782986,77.700793",
"11-Sep-2026 00:46:54","1.29","4.11","13.86","On","12.783316,77.700725",
"11-Sep-2026 00:47:01","10.16","4.11","13.86","On","12.783347,77.700685",
"11-Sep-2026 00:47:24","2.59","4.11","13.86","On","12.783274,77.700575",
"11-Sep-2026 00:47:54","0.27","4.12","13.13","Off","12.783228,77.70056",
"11-Sep-2026 00:48:24","0.82","4.12","12.99","Off","12.783243,77.700577",
"11-Sep-2026 00:48:47","0.82","4.12","12.97","Off","12.783243,77.700577",
"11-Sep-2026 00:49:24","0.97","4.12","12.92","Off","12.783206,77.700583",
"11-Sep-2026 00:49:54","1.09","4.12","12.92","Off","12.783209,77.700564",
"11-Sep-2026 00:50:54","0.74","4.12","12.87","Off","12.783252,77.700598",
"11-Sep-2026 00:51:54","1.81","4.12","12.85","Off","12.783224,77.700592",
"11-Sep-2026 00:52:47","1.81","4.11","12.8","Off","12.783224,77.700592",
"11-Sep-2026 00:56:37","1.81","4.11","12.75","Off","12.783224,77.700592",
"11-Sep-2026 00:56:37","0.46","4.11","12.75","Off","12.783177,77.700544",
"11-Sep-2026 00:56:39","0.46","4.11","12.75","Off","12.783177,77.700544",
"11-Sep-2026 00:56:39","0.46","4.11","12.75","Off","12.783177,77.700544",
"11-Sep-2026 00:56:54","0.46","4.11","12.72","Off","12.783177,77.700544",
"11-Sep-2026 00:57:08","1.33","4.11","12.72","Off","12.782583,77.700808",
"11-Sep-2026 00:57:24","3.14","4.12","12.68","Off","12.78319,77.700598",
"11-Sep-2026 00:57:39","3.14","4.11","12.65","Off","12.78319,77.700598",
"11-Sep-2026 00:58:24","0.68","4.11","12.65","Off","12.783225,77.700563",
"11-Sep-2026 00:58:54","1.3","4.11","12.68","Off","12.783237,77.700614",
"11-Sep-2026 00:59:54","0.9","4.11","12.65","Off","12.783193,77.700637",
"11-Sep-2026 01:00:54","0.77","4.11","12.63","Off","12.783172,77.700585",
"11-Sep-2026 01:01:39","0.77","4.11","12.6","Off","12.783172,77.700585",
"11-Sep-2026 01:35:52","0.77","4.11","12.58","Off","12.783172,77.700585",
"11-Sep-2026 01:35:52","0.78","4.11","12.58","Off","12.783175,77.700574",
"11-Sep-2026 01:35:54","0.78","4.11","12.58","Off","12.783175,77.700574",
"11-Sep-2026 01:37:54","5.02","4.11","12.51","Off","12.7835,77.700558",
"11-Sep-2026 01:38:24","7.7","4.11","12.51","Off","12.783507,77.700609",
"11-Sep-2026 01:38:28","7.7","4.12","12.51","Off","12.783507,77.700609",
"11-Sep-2026 01:39:24","1.54","4.11","12.48","Off","12.783392,77.700651",
"11-Sep-2026 01:39:54","1.33","4.11","12.48","Off","12.783289,77.700562",
"11-Sep-2026 01:40:54","0.6","4.11","12.51","Off","12.783214,77.700539",
"11-Sep-2026 01:41:13","0.6","4.11","12.51","Off","12.783214,77.700539",
"11-Sep-2026 01:41:24","1.75","4.11","12.51","Off","12.783172,77.700562",
"11-Sep-2026 01:42:54","1.25","4.11","12.51","Off","12.783178,77.700588",
"11-Sep-2026 01:43:54","1.14","4.12","12.53","Off","12.783143,77.700581",
"11-Sep-2026 01:44:54","2.24","4.11","12.51","Off","12.783122,77.700593",
"11-Sep-2026 01:45:54","2.51","4.11","12.53","Off","12.783142,77.700629",
"11-Sep-2026 01:46:13","2.51","4.12","12.53","Off","12.783142,77.700629",
"11-Sep-2026 02:14:18","2.51","4.12","12.58","Off","12.783142,77.700629",
"11-Sep-2026 02:14:18","1.53","4.12","12.58","Off","12.783148,77.700608",
"11-Sep-2026 02:16:54","0.63","4.11","12.51","Off","12.783131,77.700544",
"11-Sep-2026 02:17:54","5.1","4.11","12.48","Off","12.783341,77.700659",
"11-Sep-2026 02:18:18","5.1","4.11","12.46","Off","12.783341,77.700659",
"11-Sep-2026 02:26:12","5.1","4.11","12.53","On","12.783341,77.700659",
"11-Sep-2026 02:26:12","5.1","4.11","12.53","On","12.783341,77.700659",
"11-Sep-2026 02:26:12","1.98","4.11","12.53","On","12.783424,77.700687",
"11-Sep-2026 02:26:24","1.98","4.11","12.39","On","12.783424,77.700687",
"11-Sep-2026 02:27:54","1.99","4.12","13.88","On","12.783145,77.700543",
"11-Sep-2026 02:28:24","22.18","4.11","13.76","On","12.783317,77.700343",
"11-Sep-2026 02:28:26","22.18","4.11","13.76","On","12.783317,77.700343",
"11-Sep-2026 02:28:31","11.91","4.11","13.76","On","12.783507,77.700284",
"11-Sep-2026 02:28:39","12.56","4.11","13.76","On","12.783606,77.700275",
"11-Sep-2026 02:28:47","4.15","4.11","13.76","On","12.783622,77.700225",
"11-Sep-2026 02:28:52","12.82","4.11","13.76","On","12.783625,77.700147",
"11-Sep-2026 02:28:54","12.82","4.11","13.59","On","12.783625,77.700147",
"11-Sep-2026 02:28:57","3.97","4.11","13.59","On","12.783633,77.700108",
"11-Sep-2026 02:29:24","0.7","4.11","13.64","On","12.783259,77.700073",
"11-Sep-2026 02:30:24","1.53","4.12","13.93","On","12.783243,77.700058",
"11-Sep-2026 02:30:54","2.07","4.12","13.95","On","12.78325,77.700048",
"11-Sep-2026 02:31:24","1.33","4.11","13.93","On","12.783233,77.700029",
"11-Sep-2026 02:31:54","0.49","4.11","13.93","On","12.783228,77.700032",
"11-Sep-2026 02:32:24","0.96","4.11","13.93","On","12.783239,77.70004",
"11-Sep-2026 02:32:54","1.41","4.11","13.95","On","12.783252,77.7",
"11-Sep-2026 02:33:24","0.3","4.11","13.93","On","12.783242,77.700021",
"11-Sep-2026 02:33:54","1.09","4.11","13.91","On","12.783256,77.700019",
"11-Sep-2026 02:34:24","0.48","4.11","13.88","On","12.783234,77.699984",
"11-Sep-2026 02:34:40","11.2","4.11","13.88","On","12.783056,77.699869",
"11-Sep-2026 02:35:18","14.68","4.11","13.88","On","12.782728,77.699825",
"11-Sep-2026 02:36:44","9.78","4.11","13.66","On","12.782824,77.700052",
"11-Sep-2026 02:36:54","7.58","4.11","13.64","On","12.783028,77.699973",
"11-Sep-2026 02:36:59","13.03","4.11","13.64","On","12.783108,77.699984",
"11-Sep-2026 02:37:04","8.02","4.11","13.64","On","12.783308,77.700045",
"11-Sep-2026 02:37:24","1.49","4.11","13.62","On","12.783319,77.700083",
"11-Sep-2026 02:37:34","13.81","4.11","13.62","On","12.783219,77.700052",
"11-Sep-2026 02:37:49","6.77","4.11","13.62","On","12.782898,77.699918",
"11-Sep-2026 02:37:54","13.52","4.11","13.62","On","12.782846,77.699875",
"11-Sep-2026 02:37:54","13.52","4.11","13.62","On","12.782846,77.699875",
"11-Sep-2026 02:37:59","14.56","4.11","13.62","On","12.782727,77.699924",
"11-Sep-2026 02:38:04","7.75","4.11","13.62","On","12.782638,77.699986",
"11-Sep-2026 02:38:14","29.93","4.11","13.62","On","12.782545,77.700171",
"11-Sep-2026 02:38:19","26.93","4.11","13.62","On","12.782526,77.700233",
"11-Sep-2026 02:38:49","12.72","4.11","13.62","On","12.782307,77.701418",
"11-Sep-2026 02:38:54","2.19","4.11","13.62","On","12.78225,77.701321",
"11-Sep-2026 02:38:54","2.19","4.11","13.64","On","12.78225,77.701321",
"11-Sep-2026 02:39:24","2.05","4.12","13.86","On","12.782282,77.701248",
"11-Sep-2026 02:39:54","1.25","4.11","13.86","On","12.782286,77.701238",
"11-Sep-2026 02:40:24","1.42","4.11","13.91","On","12.782264,77.701252",
"11-Sep-2026 02:40:54","0.39","4.11","13.88","On","12.782258,77.701215",
"11-Sep-2026 02:41:24","2.35","4.11","13.86","On","12.782267,77.701226",
"11-Sep-2026 02:41:54","17.44","4.11","13.76","On","12.782165,77.701383",
"11-Sep-2026 02:42:24","21.91","4.12","13.64","On","12.781638,77.703229",
"11-Sep-2026 02:42:34","18.62","4.12","13.64","On","12.781588,77.703648",
"11-Sep-2026 02:42:39","26.68","4.12","13.64","On","12.781811,77.703755",
"11-Sep-2026 02:42:49","28.22","4.12","13.64","On","12.782661,77.703843",
"11-Sep-2026 02:42:54","28.02","4.11","13.62","On","12.782946,77.703773",
"11-Sep-2026 02:42:59","17.74","4.11","13.62","On","12.783148,77.703685",
"11-Sep-2026 02:43:19","22.59","4.11","13.62","On","12.784498,77.703179",
"11-Sep-2026 02:43:24","4.21","4.11","13.62","On","12.784623,77.70315",
"11-Sep-2026 02:43:24","10.8","4.11","13.59","On","12.784679,77.70312",
"11-Sep-2026 02:43:34","23.22","4.11","13.59","On","12.785066,77.70309",
"11-Sep-2026 02:43:54","33.58","4.11","13.59","On","12.786464,77.703148",
"11-Sep-2026 02:43:54","33.58","4.12","13.59","On","12.786464,77.703148",
"11-Sep-2026 02:44:09","33.73","4.12","13.59","On","12.787773,77.703683",
"11-Sep-2026 02:44:24","31.41","4.11","13.59","On","12.788634,77.704368",
"11-Sep-2026 02:44:44","37.81","4.11","13.59","On","12.790307,77.705544",
"11-Sep-2026 02:44:54","40.88","4.11","13.59","On","12.79153,77.705811",
"11-Sep-2026 02:45:24","39.77","4.11","13.59","On","12.793359,77.706208",
"11-Sep-2026 02:45:44","40.79","4.11","13.59","On","12.795432,77.706586",
"11-Sep-2026 02:45:54","41.22","4.11","13.59","On","12.796591,77.706485",
"11-Sep-2026 02:46:24","36.11","4.11","13.59","On","12.798404,77.706027",
"11-Sep-2026 02:46:44","29.57","4.11","13.59","On","12.800304,77.705444",
"11-Sep-2026 02:46:54","29.7","4.11","13.59","On","12.80081,77.705279",
"11-Sep-2026 02:47:14","16.43","4.11","13.59","On","12.802151,77.704673",
"11-Sep-2026 02:47:19","0.33","4.11","13.59","On","12.802145,77.704593",
"11-Sep-2026 02:47:24","1","4.11","13.69","On","12.802157,77.704611",
"11-Sep-2026 02:47:54","2.14","4.11","13.91","On","12.802105,77.704579",
"11-Sep-2026 02:48:24","2.17","4.11","13.93","On","12.802138,77.704581",
"11-Sep-2026 02:48:54","1.41","4.11","13.93","On","12.802163,77.704605",
"11-Sep-2026 02:49:09","18.23","4.11","13.93","On","12.802251,77.704462",
"11-Sep-2026 02:49:24","38.48","4.11","13.64","On","12.80252,77.703613",
"11-Sep-2026 02:49:52","45.17","4.11","13.64","On","12.803906,77.700992",
"11-Sep-2026 02:49:54","47.35","4.11","13.59","On","12.804279,77.700687",
"11-Sep-2026 02:50:24","37.74","4.11","13.62","On","12.806177,77.699118",
"11-Sep-2026 02:50:54","42.16","4.11","13.59","On","12.808775,77.697104",
"11-Sep-2026 02:51:24","43.14","4.11","13.62","On","12.811207,77.695165",
"11-Sep-2026 02:51:54","48.22","4.11","13.59","On","12.814204,77.692765",
"11-Sep-2026 02:52:24","46.88","4.11","13.59","On","12.816869,77.690606",
"11-Sep-2026 02:52:54","55.89","4.11","13.57","On","12.819975,77.687958",
"11-Sep-2026 02:53:24","54.91","4.11","13.57","On","12.822904,77.685203",
"11-Sep-2026 02:53:54","56.84","4.11","13.57","On","12.826524,77.68256",
"11-Sep-2026 02:54:12","54.48","4.11","13.57","On","12.828499,77.681749",
"11-Sep-2026 02:54:24","53.87","4.11","13.59","On","12.830065,77.681204",
"11-Sep-2026 02:54:54","55.16","4.12","13.62","On","12.834191,77.679867",
"11-Sep-2026 02:55:24","52.28","4.11","13.59","On","12.837782,77.678463",
"11-Sep-2026 02:55:47","46.59","4.11","13.59","On","12.840419,77.676578",
"11-Sep-2026 02:56:24","47.68","4.11","13.57","On","12.843841,77.673925",
"11-Sep-2026 02:56:54","36.11","4.11","13.57","On","12.846599,77.671827",
"11-Sep-2026 02:57:13","38.46","4.11","13.57","On","12.847746,77.670822",
"11-Sep-2026 02:57:18","36.97","4.11","13.57","On","12.84828,77.670314",
"11-Sep-2026 02:57:24","40.86","4.11","13.57","On","12.848598,77.670052",
"11-Sep-2026 02:57:54","57.32","4.11","13.57","On","12.851565,77.667799",
"11-Sep-2026 02:58:24","46.67","4.12","13.59","On","12.854333,77.665642",
"11-Sep-2026 02:58:54","43.27","4.11","13.59","On","12.856632,77.663657",
"11-Sep-2026 02:59:24","35.29","4.11","13.57","On","12.859331,77.661597",
"11-Sep-2026 02:59:54","40.87","4.11","13.59","On","12.860954,77.660252",
"11-Sep-2026 03:00:24","49.02","4.11","13.62","On","12.863684,77.65807",
"11-Sep-2026 03:00:54","52.51","4.11","13.59","On","12.866517,77.655818",
"11-Sep-2026 03:01:54","45.22","4.11","13.59","On","12.872844,77.650852",
"11-Sep-2026 03:02:24","55.9","4.11","13.59","On","12.875872,77.648221",
"11-Sep-2026 03:02:54","61.61","4.11","13.59","On","12.879298,77.645797",
"11-Sep-2026 03:03:24","54.24","4.11","13.59","On","12.883428,77.643376",
"11-Sep-2026 03:03:54","20.91","4.11","13.57","On","12.886407,77.641424",
"11-Sep-2026 03:03:59","26.88","4.11","13.57","On","12.886346,77.641472",
"11-Sep-2026 03:04:24","3.43","4.11","13.66","On","12.88637,77.641446",
"11-Sep-2026 03:04:54","2.22","4.11","13.76","On","12.886394,77.641446",
"11-Sep-2026 03:05:24","1.45","4.11","13.76","On","12.886374,77.641477",
"11-Sep-2026 03:05:54","1.04","4.12","13.71","On","12.886395,77.641479",
"11-Sep-2026 03:06:19","4.25","4.12","13.71","On","12.886376,77.641471",
"11-Sep-2026 03:06:24","0.38","4.12","13.74","On","12.886368,77.641466",
"11-Sep-2026 03:06:54","3.11","4.11","13.74","On","12.886353,77.641466",
"11-Sep-2026 03:07:24","0.09","4.11","13.71","On","12.886362,77.641498",
"11-Sep-2026 03:07:54","1.32","4.11","13.71","On","12.886357,77.641458",
"11-Sep-2026 03:08:24","3.56","4.11","13.69","On","12.886363,77.641445",
"11-Sep-2026 03:08:34","23.05","4.11","13.69","On","12.886537,77.641312",
"11-Sep-2026 03:08:54","36.98","4.11","13.59","On","12.887911,77.640556",
"11-Sep-2026 03:09:24","53.83","4.11","13.59","On","12.890807,77.638707",
"11-Sep-2026 03:09:54","52.14","4.11","13.57","On","12.89459,77.636391",
"11-Sep-2026 03:10:24","53.75","4.11","13.54","On","12.897858,77.634368",
"11-Sep-2026 03:10:54","54.42","4.11","13.57","On","12.901503,77.63213",
"11-Sep-2026 03:11:24","44.55","4.11","13.57","On","12.903641,77.630815",
"11-Sep-2026 03:11:54","4.89","4.12","13.57","On","12.906722,77.628956",
"11-Sep-2026 03:12:24","51.76","4.12","13.57","On","12.90787,77.628162",
"11-Sep-2026 03:12:54","40.3","4.12","13.59","On","12.910704,77.626548",
"11-Sep-2026 03:13:24","49.45","4.11","13.54","On","12.913834,77.62466",
"11-Sep-2026 03:13:54","27.95","4.11","13.54","On","12.915287,77.623726",
"11-Sep-2026 03:14:18","22.11","4.11","13.54","On","12.916607,77.622881",
"11-Sep-2026 03:14:24","29.28","4.11","13.52","On","12.916688,77.622602",
"11-Sep-2026 03:14:38","23.37","4.11","13.52","On","12.916877,77.621683",
"11-Sep-2026 03:15:11","39.79","4.11","13.57","On","12.916135,77.618781",
"11-Sep-2026 03:15:26","40.45","4.11","13.59","On","12.916134,77.617142",
"11-Sep-2026 03:15:31","41.06","4.11","13.59","On","12.91616,77.61674",
"11-Sep-2026 03:15:36","46.05","4.11","13.59","On","12.916124,77.61628",
"11-Sep-2026 03:15:42","14.94","4.11","13.59","On","12.916141,77.615648",
"11-Sep-2026 03:15:54","6.2","4.12","13.59","On","12.916367,77.615367",
"11-Sep-2026 03:16:54","27.89","4.11","13.57","On","12.916676,77.612102",
"11-Sep-2026 03:17:07","39.63","4.11","13.57","On","12.916655,77.610894",
"11-Sep-2026 03:17:24","25.44","4.11","13.57","On","12.916528,77.609889",
"11-Sep-2026 03:17:27","28.6","4.11","13.57","On","12.916602,77.609602",
"11-Sep-2026 03:17:38","20.83","4.11","13.57","On","12.916552,77.608696",
"11-Sep-2026 03:19:14","44.55","4.11","13.59","On","12.916581,77.597829",
"11-Sep-2026 03:19:19","49.84","4.11","13.59","On","12.916552,77.597178",
"11-Sep-2026 03:19:24","49.84","4.11","13.57","On","12.916552,77.597178",
"11-Sep-2026 03:19:29","33.44","4.11","13.57","On","12.916861,77.596488",
"11-Sep-2026 03:19:43","28.44","4.11","13.57","On","12.916781,77.594903",
"11-Sep-2026 03:19:48","23.4","4.11","13.57","On","12.916832,77.594671",
"11-Sep-2026 03:19:53","44.76","4.11","13.57","On","12.916787,77.594361",
"11-Sep-2026 03:19:54","35.67","4.11","13.59","On","12.91682,77.593941",
"11-Sep-2026 03:19:58","35.67","4.11","13.59","On","12.91682,77.593941",
"11-Sep-2026 03:20:24","44.78","4.11","13.59","On","12.916814,77.590264",
"11-Sep-2026 03:20:54","26.86","4.11","13.54","On","12.91703,77.58665",
"11-Sep-2026 03:21:24","32.99","4.11","13.54","On","12.917063,77.584761",
"11-Sep-2026 03:21:54","33.34","4.11","13.52","On","12.917073,77.581446",
"11-Sep-2026 03:22:24","29.23","4.11","13.52","On","12.917241,77.57813",
"11-Sep-2026 03:22:29","15.82","4.11","13.52","On","12.917264,77.577934",
"11-Sep-2026 03:22:34","28.71","4.11","13.52","On","12.917332,77.577715",
"11-Sep-2026 03:22:54","20.78","4.11","13.52","On","12.917611,77.576194",
"11-Sep-2026 03:22:54","24.04","4.11","13.52","On","12.917567,77.575957",
"11-Sep-2026 03:23:24","24.52","4.11","13.52","On","12.917497,77.574192",
"11-Sep-2026 03:23:24","24.52","4.11","13.47","On","12.917497,77.574192",
"11-Sep-2026 03:23:29","23.89","4.11","13.47","On","12.917361,77.57401",
"11-Sep-2026 03:23:39","25.72","4.11","13.47","On","12.916775,77.573251",
"11-Sep-2026 03:23:49","30.47","4.11","13.47","On","12.916588,77.572644",
"11-Sep-2026 03:23:54","34.76","4.11","13.5","On","12.916531,77.571951",
"11-Sep-2026 03:24:19","31.82","4.11","13.5","On","12.915909,77.570132",
"11-Sep-2026 03:24:24","37.05","4.11","13.5","On","12.915601,77.569924",
"11-Sep-2026 03:24:24","37.05","4.11","13.52","On","12.915601,77.569924",
"11-Sep-2026 03:24:29","40.99","4.11","13.52","On","12.915458,77.56952",
"11-Sep-2026 03:24:34","33.83","4.11","13.52","On","12.915337,77.569142",
"11-Sep-2026 03:24:54","27.68","4.11","13.57","On","12.914072,77.567574",
"11-Sep-2026 03:24:59","30.99","4.11","13.57","On","12.913814,77.566959",
"11-Sep-2026 03:25:19","8.46","4.11","13.57","On","12.913945,77.565913",
"11-Sep-2026 03:25:24","22.39","4.11","13.57","On","12.91409,77.565848",
"11-Sep-2026 03:25:54","24.84","4.11","13.57","On","12.915603,77.56526",
"11-Sep-2026 03:26:24","24.41","4.11","13.57","On","12.917567,77.564517",
"11-Sep-2026 03:26:54","32.51","4.11","13.57","On","12.919174,77.56365",
"11-Sep-2026 03:27:04","27.97","4.11","13.57","On","12.919605,77.563178",
"11-Sep-2026 03:27:19","22.16","4.11","13.57","On","12.920334,77.562219",
"11-Sep-2026 03:27:24","32.13","4.11","13.52","On","12.920594,77.562104",
"11-Sep-2026 03:27:39","36.39","4.11","13.52","On","12.921649,77.561022",
"11-Sep-2026 03:27:54","36.2","4.11","13.54","On","12.921846,77.56001",
"11-Sep-2026 03:28:24","41.42","4.11","13.52","On","12.922785,77.55653",
"11-Sep-2026 03:28:54","43.04","4.11","13.59","On","12.923894,77.553159",
"11-Sep-2026 03:29:24","43.25","4.11","13.59","On","12.92534,77.549908",
"11-Sep-2026 03:29:24","43.25","4.11","13.59","On","12.92534,77.549908",
"11-Sep-2026 03:29:54","45.48","4.11","13.59","On","12.927259,77.547159",
"11-Sep-2026 03:30:24","24.01","4.11","13.57","On","12.929294,77.54472",
"11-Sep-2026 03:30:54","42.46","4.11","13.57","On","12.931309,77.54251",
"11-Sep-2026 03:31:24","12.24","4.11","13.52","On","12.933355,77.53973",
"11-Sep-2026 03:31:54","36","4.12","13.57","On","12.934398,77.537971",
"11-Sep-2026 03:32:24","47.11","4.11","13.52","On","12.935783,77.53541",
"11-Sep-2026 03:32:39","53.24","4.11","13.52","On","12.936721,77.534162",
"11-Sep-2026 03:32:54","44.7","4.11","13.52","On","12.938362,77.533379",
"11-Sep-2026 03:33:24","52.74","4.12","13.52","On","12.94193,77.531226",
"11-Sep-2026 03:33:49","52.96","4.12","13.52","On","12.944946,77.529159",
"11-Sep-2026 03:33:54","52.96","4.11","13.52","On","12.945205,77.528672",
"11-Sep-2026 03:34:54","38.5","4.11","13.45","On","12.948512,77.523358",
"11-Sep-2026 03:35:24","35.67","4.12","13.5","On","12.950957,77.521514",
"11-Sep-2026 03:35:47","21.7","4.12","13.5","On","12.951894,77.520784",
"11-Sep-2026 03:35:54","24.17","4.11","13.52","On","12.952312,77.520512",
"11-Sep-2026 03:36:22","38.27","4.11","13.52","On","12.954414,77.519671",
"11-Sep-2026 03:36:24","37.15","4.11","13.52","On","12.954749,77.519637",
"11-Sep-2026 03:36:54","53.11","4.12","13.57","On","12.957919,77.518976",
"11-Sep-2026 03:36:57","55.47","4.12","13.57","On","12.958348,77.51859",
"11-Sep-2026 03:37:02","53.11","4.12","13.57","On","12.958628,77.518065",
"11-Sep-2026 03:37:24","32.22","4.11","13.52","On","12.959131,77.516295",
"11-Sep-2026 03:37:54","32.08","4.12","13.54","On","12.960245,77.513721",
"11-Sep-2026 03:38:24","41.66","4.11","13.54","On","12.96109,77.511546",
"11-Sep-2026 03:38:32","40.32","4.11","13.54","On","12.961125,77.510728",
"11-Sep-2026 03:38:54","29.67","4.11","13.52","On","12.960808,77.508713",
"11-Sep-2026 03:39:24","34.82","4.11","13.52","On","12.960503,77.50631",
"11-Sep-2026 03:39:42","24.97","4.11","13.52","On","12.960324,77.504847",
"11-Sep-2026 03:39:54","15.34","4.11","13.52","On","12.960529,77.504217",
"11-Sep-2026 03:40:24","19.37","4.11","13.5","On","12.960797,77.50305",
"11-Sep-2026 03:40:47","17.32","4.11","13.5","On","12.961054,77.501758",
"11-Sep-2026 03:40:54","4.88","4.11","13.5","On","12.960992,77.501553",
"11-Sep-2026 03:40:57","12.1","4.11","13.5","On","12.961014,77.501431",
"11-Sep-2026 03:41:07","3.82","4.11","13.5","On","12.96104,77.501265",
"11-Sep-2026 03:41:24","0.85","4.12","13.64","On","12.96108,77.501151",
"11-Sep-2026 03:41:54","1.26","4.11","13.83","On","12.96109,77.501112",
"11-Sep-2026 03:42:24","0.92","4.11","13.88","On","12.96109,77.501102",
"11-Sep-2026 03:42:54","1.72","4.11","13.88","On","12.961083,77.501115",
"11-Sep-2026 03:43:24","0.3","4.11","13.45","Off","12.961094,77.501127",
"11-Sep-2026 03:43:54","0.32","4.11","13.06","Off","12.961077,77.501144",
"11-Sep-2026 03:44:24","0.55","4.12","12.99","Off","12.961093,77.50116",
"11-Sep-2026 03:44:30","0.55","4.11","12.99","Off","12.961093,77.50116",
"11-Sep-2026 03:45:24","0.51","4.11","12.97","Off","12.961115,77.501175",
"11-Sep-2026 03:45:54","0.97","4.11","12.97","Off","12.961117,77.501146",
"11-Sep-2026 03:46:54","1.52","4.12","12.89","Off","12.961124,77.50116",
"11-Sep-2026 03:47:54","1.29","4.11","12.85","Off","12.961106,77.50112",
"11-Sep-2026 03:48:30","1.29","4.11","12.85","Off","12.961106,77.50112",
"11-Sep-2026 04:44:14","1.29","4.11","12.58","On","12.961106,77.50112",
"11-Sep-2026 04:44:14","1.29","4.11","12.58","On","12.961106,77.50112",
"11-Sep-2026 04:44:15","2.15","4.11","12.58","On","12.961107,77.501119",
"11-Sep-2026 04:44:24","2.15","4.11","12.46","On","12.961107,77.501119",
"11-Sep-2026 04:45:54","3.15","4.11","13.33","Off","12.961048,77.501304",
"11-Sep-2026 04:46:24","4.92","4.11","13.04","Off","12.961002,77.501371",
"11-Sep-2026 04:46:54","1.83","4.11","12.97","Off","12.960992,77.501343",
"11-Sep-2026 04:47:10","1.83","4.11","12.94","Off","12.960992,77.501343",
"11-Sep-2026 04:47:43","1.83","4.11","12.94","Off","12.960992,77.501343",
"11-Sep-2026 04:47:43","2.89","4.11","12.94","Off","12.960982,77.501313",
"11-Sep-2026 04:47:54","1.47","4.12","12.94","Off","12.960968,77.50134",
"11-Sep-2026 04:48:24","2.29","4.12","12.87","Off","12.960989,77.501352",
"11-Sep-2026 04:48:43","2.29","4.11","12.8","Off","12.960989,77.501352",
"11-Sep-2026 04:49:24","5.1","4.12","12.8","Off","12.961003,77.501353",
"11-Sep-2026 04:49:54","3.36","4.11","12.75","Off","12.960969,77.501344",
"11-Sep-2026 04:50:43","3.36","4.11","12.7","Off","12.960969,77.501344",
"11-Sep-2026 04:50:43","2.82","4.11","12.7","Off","12.960971,77.501359",
"11-Sep-2026 04:50:54","0.69","4.11","12.68","Off","12.960953,77.501367",
"11-Sep-2026 04:51:24","1.24","4.11","12.68","Off","12.96101,77.501383",
"11-Sep-2026 04:51:43","1.24","4.11","12.65","Off","12.96101,77.501383",
"11-Sep-2026 04:52:24","2.23","4.11","12.63","Off","12.961083,77.501395",
"11-Sep-2026 04:52:54","2.19","4.11","12.6","Off","12.961011,77.501371",
"11-Sep-2026 04:53:54","0.51","4.11","12.56","Off","12.960969,77.501365",
"11-Sep-2026 04:54:54","1.98","4.11","12.53","Off","12.961014,77.501333",
"11-Sep-2026 04:55:43","1.98","4.11","12.51","Off","12.961014,77.501333",
"11-Sep-2026 05:55:43","1.98","4.11","12.44","Off","12.961014,77.501333",
"11-Sep-2026 05:55:43","2.35","4.11","12.44","Off","12.960957,77.501236",
"11-Sep-2026 05:55:54","2.35","4.11","12.44","Off","12.960957,77.501236",
"11-Sep-2026 05:58:54","1.92","4.11","12.41","Off","12.961141,77.501263",
"11-Sep-2026 05:59:43","1.92","4.11","12.39","Off","12.961141,77.501263",
"11-Sep-2026 06:51:14","1.92","4.11","12.39","On","12.961141,77.501263",
"11-Sep-2026 06:51:14","1.92","4.11","12.39","On","12.961141,77.501263",
"11-Sep-2026 06:51:14","0.45","4.11","12.39","On","12.961099,77.50132",
"11-Sep-2026 06:51:24","0.45","4.12","12.34","On","12.961099,77.50132",
"11-Sep-2026 06:51:54","0","4.11","13.4","Off","12.961072,77.501366",
"11-Sep-2026 06:52:24","0","4.11","12.75","Off","12.961067,77.501383",
"11-Sep-2026 06:52:54","0","4.11","12.58","Off","12.961071,77.501392",
"11-Sep-2026 06:53:16","0","4.11","12.56","Off","12.961071,77.501392",
"11-Sep-2026 06:53:54","0","4.11","12.53","Off","12.96107,77.501398",
"11-Sep-2026 06:54:54","0","4.11","12.51","Off","12.961042,77.5014",
"11-Sep-2026 06:55:54","0","4.11","12.46","Off","12.961036,77.501403",
"11-Sep-2026 06:56:54","0","4.11","12.41","Off","12.961045,77.501396",
"11-Sep-2026 06:57:16","0","4.11","12.41","Off","12.961045,77.501396",
"11-Sep-2026 07:57:16","0","4.11","12.41","Off","12.961045,77.501396",
"11-Sep-2026 07:57:54","0","4.11","12.34","Off","12.961063,77.50136",
"11-Sep-2026 07:58:54","0","4.11","12.32","Off","12.961052,77.501367",
"11-Sep-2026 07:59:54","0","4.11","12.29","Off","12.961054,77.501369",
"11-Sep-2026 08:00:54","0","4.12","12.32","Off","12.961043,77.501381",
"11-Sep-2026 08:01:16","0","4.12","12.32","Off","12.961043,77.501381",
"11-Sep-2026 08:45:52","0","4.11","12.36","On","12.961043,77.501381",
"11-Sep-2026 08:45:52","0","4.11","12.36","On","12.961043,77.501381",
"11-Sep-2026 08:47:54","0","4.11","13.91","On","12.96104,77.501416",
"11-Sep-2026 08:51:54","0","4.11","13.88","On","12.961201,77.500534",
"11-Sep-2026 08:52:24","3.91","4.11","13.91","On","12.961016,77.501323",
"11-Sep-2026 08:52:54","0.87","4.11","13.93","On","12.961043,77.50137",
"11-Sep-2026 08:53:24","2.15","4.11","13.93","On","12.961033,77.50134",
"11-Sep-2026 08:53:54","0.99","4.11","13.93","On","12.961025,77.501347",
"11-Sep-2026 08:54:24","1.47","4.11","13.93","On","12.961026,77.501342",
"11-Sep-2026 08:54:54","1.97","4.11","13.91","On","12.96104,77.501324",
"11-Sep-2026 08:55:24","1.11","4.11","13.91","On","12.961023,77.50133",
"11-Sep-2026 08:55:54","0.37","4.11","13.91","On","12.961023,77.501345",
"11-Sep-2026 08:56:24","4.72","4.11","13.93","On","12.961035,77.501363",
"11-Sep-2026 08:56:54","1.2","4.11","13.93","On","12.961024,77.501369",
"11-Sep-2026 08:57:24","0.83","4.11","13.93","On","12.960998,77.501386",
"11-Sep-2026 08:57:54","0.25","4.11","13.93","On","12.960973,77.501356",
"11-Sep-2026 08:58:24","1.07","4.11","13.93","On","12.960974,77.501364",
"11-Sep-2026 08:58:54","1.08","4.11","13.93","On","12.960977,77.501363",
"11-Sep-2026 08:59:24","1.09","4.11","13.91","On","12.960989,77.501351",
"11-Sep-2026 08:59:54","1.15","4.11","13.93","On","12.960993,77.501373",
"11-Sep-2026 09:00:24","0.79","4.11","13.93","On","12.961009,77.501343",
"11-Sep-2026 09:00:54","0.31","4.11","13.91","On","12.960998,77.501347",
"11-Sep-2026 09:01:24","1.44","4.11","13.93","On","12.960993,77.501329",
"11-Sep-2026 09:01:54","1.95","4.11","13.93","On","12.960962,77.501304",
"11-Sep-2026 09:02:24","0.14","4.11","13.93","On","12.960988,77.501328",
"11-Sep-2026 09:02:54","1.75","4.11","13.91","On","12.960975,77.50131",
"11-Sep-2026 09:03:24","0.35","4.11","13.93","On","12.960993,77.501322",
"11-Sep-2026 09:03:54","0.48","4.11","13.93","On","12.961012,77.501333",
"11-Sep-2026 09:04:24","1.45","4.11","13.93","On","12.961009,77.501338",
"11-Sep-2026 09:04:54","0.98","4.11","13.91","On","12.961014,77.50135",
"11-Sep-2026 09:05:24","0.43","4.11","13.95","On","12.961026,77.501351",
"11-Sep-2026 09:05:54","0.23","4.11","13.95","On","12.961027,77.50137",
"11-Sep-2026 09:06:24","0.78","4.11","13.91","On","12.961022,77.501351",
"11-Sep-2026 09:06:54","0.66","4.11","13.91","On","12.960985,77.501315",
"11-Sep-2026 09:07:24","1.63","4.11","13.91","On","12.960986,77.501339",
"11-Sep-2026 09:07:54","0.57","4.11","13.93","On","12.960992,77.501341",
"11-Sep-2026 09:08:24","0.32","4.11","13.93","On","12.961005,77.501334",
"11-Sep-2026 09:08:54","2.36","4.11","13.91","On","12.960999,77.501318",
"11-Sep-2026 09:09:24","0.42","4.11","13.95","On","12.960991,77.501317",
"11-Sep-2026 09:09:54","1.07","4.11","13.93","On","12.960999,77.501342",
"11-Sep-2026 09:10:24","0.71","4.11","13.95","On","12.960997,77.501311",
"11-Sep-2026 09:10:54","0.62","4.11","13.95","On","12.960982,77.501311",
"11-Sep-2026 09:11:24","1.64","4.11","13.93","On","12.960972,77.501311",
"11-Sep-2026 09:11:54","1.57","4.11","13.95","On","12.96096,77.501286",
"11-Sep-2026 09:12:24","3.48","4.11","13.95","On","12.960973,77.501311",
"11-Sep-2026 09:12:54","0.65","4.11","13.95","On","12.960988,77.5013",
"11-Sep-2026 09:13:24","0.7","4.11","13.91","On","12.960991,77.501301",
"11-Sep-2026 09:13:54","0.08","4.11","13.93","On","12.96098,77.501294",
"11-Sep-2026 09:14:24","2.14","4.11","13.95","On","12.960975,77.501269",
"11-Sep-2026 09:14:54","0.74","4.11","13.93","On","12.960974,77.50127",
"11-Sep-2026 09:15:09","16.79","4.11","13.93","On","12.960995,77.50143",
"11-Sep-2026 09:15:24","17.27","4.11","13.88","On","12.961011,77.502121",
"11-Sep-2026 09:15:29","9.77","4.11","13.88","On","12.96098,77.502262",
"11-Sep-2026 09:15:34","14.5","4.11","13.88","On","12.96092,77.502396",
"11-Sep-2026 09:15:44","7.15","4.11","13.88","On","12.960847,77.50265",
"11-Sep-2026 09:15:54","4.33","4.11","13.88","On","12.960857,77.502727",
"11-Sep-2026 09:16:24","0.55","4.11","13.93","On","12.960873,77.502807",
"11-Sep-2026 09:16:54","0.53","4.11","13.93","On","12.960871,77.502833",
"11-Sep-2026 09:17:24","1.76","4.11","13.93","On","12.960806,77.503073",
"11-Sep-2026 09:17:49","11.2","4.11","13.93","On","12.960776,77.503271",
"11-Sep-2026 09:17:54","17.39","4.11","13.91","On","12.960781,77.503399",
"11-Sep-2026 09:18:24","2.23","4.11","13.93","On","12.960707,77.503638",
"11-Sep-2026 09:18:54","1.45","4.11","13.93","On","12.960682,77.503776",
"11-Sep-2026 09:19:24","1.35","4.11","13.91","On","12.960647,77.503761",
"11-Sep-2026 09:19:49","2.56","4.11","13.91","On","12.960618,77.503782",
"11-Sep-2026 09:19:54","1.32","4.11","13.91","On","12.960616,77.503801",
"11-Sep-2026 09:20:24","1.7","4.11","13.91","On","12.960663,77.503759",
"11-Sep-2026 09:20:54","1.85","4.11","13.93","On","12.960668,77.503678",
"11-Sep-2026 09:21:24","3.36","4.11","13.91","On","12.960641,77.503705",
"11-Sep-2026 09:21:49","10.23","4.11","13.91","On","12.9606,77.503965",
"11-Sep-2026 09:21:54","4.7","4.11","13.91","On","12.960575,77.504055",
"11-Sep-2026 09:22:24","13.43","4.11","13.91","On","12.960408,77.504928",
"11-Sep-2026 09:22:29","11.57","4.11","13.91","On","12.960412,77.505036",
"11-Sep-2026 09:22:54","13.41","4.11","13.86","On","12.960487,77.50565",
"11-Sep-2026 09:23:24","27.57","4.11","13.91","On","12.960846,77.508238",
"11-Sep-2026 09:23:54","30.21","4.11","13.91","On","12.961122,77.510127",
"11-Sep-2026 09:24:09","31.07","4.11","13.91","On","12.961174,77.511126",
"11-Sep-2026 09:24:24","7.74","4.11","13.91","On","12.96091,77.512244",
"11-Sep-2026 09:24:49","36.4","4.11","13.91","On","12.960786,77.512971",
"11-Sep-2026 09:24:54","36.4","4.11","13.91","On","12.960786,77.512971",
"11-Sep-2026 09:24:59","18.05","4.11","13.91","On","12.960884,77.513211",
"11-Sep-2026 09:25:04","28.34","4.11","13.91","On","12.960825,77.513428",
"11-Sep-2026 09:25:24","10.85","4.11","13.93","On","12.960323,77.514517",
"11-Sep-2026 09:25:54","20.56","4.11","13.93","On","12.959956,77.515473",
"11-Sep-2026 09:26:24","19.59","4.11","13.93","On","12.959238,77.516638",
"11-Sep-2026 09:26:24","30.59","4.11","13.88","On","12.959078,77.516848",
"11-Sep-2026 09:26:34","40.64","4.11","13.88","On","12.958733,77.517434",
"11-Sep-2026 09:26:49","42.49","4.11","13.88","On","12.957987,77.519046",
"11-Sep-2026 09:26:54","46.15","4.11","13.93","On","12.957569,77.519347",
"11-Sep-2026 09:26:59","46.63","4.11","13.93","On","12.957123,77.519529",
"11-Sep-2026 09:27:24","41.13","4.11","13.95","On","12.953788,77.519936",
"11-Sep-2026 09:27:44","27.97","4.11","13.95","On","12.952281,77.520742",
"11-Sep-2026 09:27:54","39.83","4.11","13.93","On","12.951672,77.521092",
"11-Sep-2026 09:28:24","54.3","4.11","13.93","On","12.94826,77.523674",
"11-Sep-2026 09:28:44","47.11","4.11","13.93","On","12.946798,77.525045",
"11-Sep-2026 09:29:24","24.76","4.11","13.93","On","12.945555,77.527913",
"11-Sep-2026 09:29:54","3.93","4.12","13.93","On","12.944607,77.529675",
"11-Sep-2026 09:29:55","3.93","4.12","13.93","On","12.944607,77.529675",
"11-Sep-2026 09:30:24","24","4.11","13.91","On","12.943651,77.530326",
"11-Sep-2026 09:30:54","25.84","4.11","13.93","On","12.941839,77.531303",
"11-Sep-2026 09:31:24","35.16","4.11","13.93","On","12.939936,77.532526",
"11-Sep-2026 09:31:54","31.8","4.11","13.91","On","12.937365,77.533989",
"11-Sep-2026 09:32:00","36.15","4.11","13.91","On","12.937014,77.534086",
"11-Sep-2026 09:32:05","34.34","4.11","13.91","On","12.93642,77.534471",
"11-Sep-2026 09:32:24","23.8","4.11","13.88","On","12.935747,77.53563",
"11-Sep-2026 09:32:25","12.06","4.11","13.88","On","12.935676,77.535782",
"11-Sep-2026 09:32:30","15.89","4.11","13.88","On","12.935652,77.535948",
"11-Sep-2026 09:32:54","5.34","4.11","13.88","On","12.935369,77.536387",
"11-Sep-2026 09:33:24","13.11","4.11","13.88","On","12.934905,77.537229",
"11-Sep-2026 09:33:25","8.71","4.11","13.88","On","12.934852,77.537289",
"11-Sep-2026 09:33:35","26.2","4.11","13.88","On","12.934653,77.537616",
"11-Sep-2026 09:33:54","20.96","4.11","13.91","On","12.933913,77.538917",
"11-Sep-2026 09:34:20","8.05","4.11","13.91","On","12.933276,77.53996",
"11-Sep-2026 09:34:24","8.65","4.11","13.91","On","12.933222,77.540027",
"11-Sep-2026 09:34:54","5.53","4.11","13.93","On","12.932833,77.540533",
"11-Sep-2026 09:35:24","20.1","4.11","13.91","On","12.932132,77.541487",
"11-Sep-2026 09:35:25","29","4.11","13.91","On","12.932019,77.541717",
"11-Sep-2026 09:35:54","42.6","4.11","13.93","On","12.930765,77.543248",
"11-Sep-2026 09:36:24","32.63","4.11","13.91","On","12.929011,77.545141",
"11-Sep-2026 09:36:34","8.9","4.11","13.91","On","12.928715,77.545526",
"11-Sep-2026 09:36:54","35.78","4.11","13.91","On","12.927725,77.546781",
"11-Sep-2026 09:36:59","21.85","4.11","13.91","On","12.927596,77.547003",
"11-Sep-2026 09:37:24","3.64","4.11","13.88","On","12.927144,77.547561",
"11-Sep-2026 09:37:34","1.61","4.11","13.88","On","12.927083,77.547593",
"11-Sep-2026 09:37:54","3.66","4.11","13.91","On","12.927064,77.547615",
"11-Sep-2026 09:38:24","9.99","4.11","13.91","On","12.926595,77.548155",
"11-Sep-2026 09:38:54","2.41","4.11","13.93","On","12.92643,77.548394",
"11-Sep-2026 09:39:24","1.71","4.11","13.91","On","12.926402,77.548396",
"11-Sep-2026 09:39:54","13.55","4.11","13.93","On","12.926327,77.548529",
"11-Sep-2026 09:40:24","15.16","4.11","13.91","On","12.9258,77.549398",
"11-Sep-2026 09:40:54","1.24","4.11","13.91","On","12.925698,77.549441",
"11-Sep-2026 09:41:24","2.71","4.11","13.88","On","12.925706,77.549445",
"11-Sep-2026 09:41:39","13.6","4.11","13.88","On","12.925597,77.549708",
"11-Sep-2026 09:41:54","17.5","4.11","13.88","On","12.925249,77.550244",
"11-Sep-2026 09:42:24","32.84","4.11","13.88","On","12.924453,77.551797",
"11-Sep-2026 09:42:54","2.01","4.11","13.91","On","12.924101,77.552849",
"11-Sep-2026 09:43:24","0.86","4.11","13.93","On","12.924119,77.552907",
"11-Sep-2026 09:43:54","2.67","4.11","13.93","On","12.92412,77.55295",
"11-Sep-2026 09:44:24","30.08","4.11","13.93","On","12.92395,77.553511",
"11-Sep-2026 09:44:54","34.36","4.11","13.93","On","12.92316,77.555816",
"11-Sep-2026 09:45:24","55.16","4.11","13.93","On","12.922199,77.558812",
"11-Sep-2026 09:45:49","40.34","4.11","13.93","On","12.921388,77.561674",
"11-Sep-2026 09:45:54","22.9","4.11","13.93","On","12.920953,77.561941",
"11-Sep-2026 09:45:54","22.9","4.11","13.93","On","12.920953,77.561941",
"11-Sep-2026 09:46:14","31.79","4.11","13.93","On","12.919997,77.562674",
"11-Sep-2026 09:46:24","35.38","4.11","13.93","On","12.919619,77.563309",
"11-Sep-2026 09:46:29","25.84","4.11","13.93","On","12.919394,77.563545",
"11-Sep-2026 09:46:49","10.21","4.11","13.93","On","12.918634,77.564113",
"11-Sep-2026 09:46:54","14.02","4.11","13.93","On","12.918304,77.564232",
"11-Sep-2026 09:46:54","14.02","4.11","13.88","On","12.918304,77.564232",
"11-Sep-2026 09:46:59","10.86","4.11","13.88","On","12.918184,77.564256",
"11-Sep-2026 09:47:04","7.82","4.11","13.88","On","12.918068,77.564307",
"11-Sep-2026 09:47:14","16.58","4.11","13.88","On","12.917973,77.564572",
"11-Sep-2026 09:47:24","9.34","4.11","13.86","On","12.918261,77.564757",
"11-Sep-2026 09:47:44","7.17","4.11","13.86","On","12.918985,77.565091",
"11-Sep-2026 09:47:54","18.13","4.11","13.81","On","12.918887,77.565616",
"11-Sep-2026 09:48:24","13.17","4.11","13.86","On","12.918508,77.567166",
"11-Sep-2026 09:48:54","20.82","4.11","13.83","On","12.918262,77.568714",
"11-Sep-2026 09:48:59","39.49","4.11","13.83","On","12.918575,77.568782",
"11-Sep-2026 09:49:14","10.17","4.11","13.83","On","12.919366,77.569082",
"11-Sep-2026 09:49:24","14.95","4.11","13.81","On","12.919664,77.56921",
"11-Sep-2026 09:49:54","22.54","4.11","13.83","On","12.921121,77.569565",
"11-Sep-2026 09:50:24","3.88","4.11","13.83","On","12.921851,77.569749",
"11-Sep-2026 09:50:24","3.88","4.11","13.81","On","12.921851,77.569749",
"11-Sep-2026 09:50:39","11.07","4.11","13.81","On","12.921866,77.569952",
"11-Sep-2026 09:50:54","13.38","4.11","13.81","On","12.921701,77.570788",
"11-Sep-2026 09:51:24","1.78","4.11","13.86","On","12.921382,77.571987",
"11-Sep-2026 09:51:54","0.57","4.11","13.86","On","12.921381,77.57202",
"11-Sep-2026 09:52:24","4.21","4.11","13.83","On","12.921263,77.572685",
"11-Sep-2026 09:52:34","0.74","4.11","13.83","On","12.921226,77.57283",
"11-Sep-2026 09:52:54","1.63","4.11","13.86","On","12.921145,77.573015",
"11-Sep-2026 09:53:24","0.32","4.11","13.86","On","12.921138,77.573045",
"11-Sep-2026 09:53:54","1.02","4.11","13.83","On","12.921124,77.573084",
"11-Sep-2026 09:54:24","0.7","4.11","13.83","On","12.921126,77.573183",
"11-Sep-2026 09:54:54","1.35","4.11","13.86","On","12.921049,77.573483",
"11-Sep-2026 09:55:14","11.2","4.11","13.86","On","12.920986,77.573891",
"11-Sep-2026 09:55:19","1.11","4.11","13.86","On","12.92095,77.574091",
"11-Sep-2026 09:55:24","6.76","4.11","13.83","On","12.920925,77.574136",
"11-Sep-2026 09:55:34","10.08","4.11","13.83","On","12.920886,77.574248",
"11-Sep-2026 09:55:49","4.85","4.11","13.83","On","12.920792,77.574341",
"11-Sep-2026 09:55:54","5.49","4.11","13.81","On","12.920736,77.574346",
"11-Sep-2026 09:56:24","10.25","4.11","13.83","On","12.920171,77.574274",
"11-Sep-2026 09:56:34","15.77","4.11","13.83","On","12.920106,77.574405",
"11-Sep-2026 09:56:54","16.36","4.11","13.83","On","12.920022,77.575318",
"11-Sep-2026 09:57:24","7.27","4.11","13.86","On","12.919957,77.575856",
"11-Sep-2026 09:57:54","25.06","4.11","13.81","On","12.919975,77.5767",
"11-Sep-2026 09:58:24","1.17","4.11","13.86","On","12.919975,77.577281",
"11-Sep-2026 09:58:39","1.39","4.11","13.86","On","12.919949,77.577262",
"11-Sep-2026 09:58:54","0.93","4.11","13.86","On","12.91994,77.577287",
"11-Sep-2026 09:59:24","1.91","4.11","13.86","On","12.919914,77.57747",
"11-Sep-2026 09:59:49","33.5","4.11","13.86","On","12.919916,77.577956",
"11-Sep-2026 09:59:54","41.98","4.11","13.81","On","12.919905,77.578486",
"11-Sep-2026 10:00:24","3.12","4.11","13.86","On","12.919958,77.579812",
"11-Sep-2026 10:00:49","4.87","4.11","13.86","On","12.919919,77.580051",
"11-Sep-2026 10:00:54","9.18","4.11","13.86","On","12.919907,77.580174",
"11-Sep-2026 10:01:04","17.68","4.11","13.86","On","12.919887,77.580704",
"11-Sep-2026 10:01:24","23.4","4.11","13.86","On","12.91988,77.581962",
"11-Sep-2026 10:01:54","10.98","4.11","13.83","On","12.919818,77.583421",
"11-Sep-2026 10:02:24","7.1","4.11","13.83","On","12.919784,77.584707",
"11-Sep-2026 10:02:24","7.1","4.11","13.81","On","12.919784,77.584707",
"11-Sep-2026 10:02:29","22.32","4.11","13.81","On","12.919628,77.584781",
"11-Sep-2026 10:02:49","11.91","4.11","13.81","On","12.918583,77.584781",
"11-Sep-2026 10:02:54","38.72","4.11","13.81","On","12.918251,77.584779",
"11-Sep-2026 10:02:54","38.72","4.11","13.81","On","12.918251,77.584779",
"11-Sep-2026 10:03:04","1.6","4.11","13.81","On","12.917308,77.584791",
"11-Sep-2026 10:03:24","0.71","4.11","13.83","On","12.917186,77.584778",
"11-Sep-2026 10:03:54","4.05","4.11","13.86","On","12.917122,77.584769",
"11-Sep-2026 10:04:04","20.52","4.11","13.86","On","12.917077,77.585269",
"11-Sep-2026 10:04:24","4.33","4.11","13.83","On","12.917081,77.585789",
"11-Sep-2026 10:04:54","14.94","4.11","13.83","On","12.917054,77.586774",
"11-Sep-2026 10:05:24","38.21","4.11","13.81","On","12.917093,77.589316",
"11-Sep-2026 10:05:54","52.11","4.11","13.86","On","12.916989,77.592497",
"11-Sep-2026 10:06:24","54.45","4.11","13.86","On","12.916831,77.59688",
"11-Sep-2026 10:06:50","39.86","4.11","13.86","On","12.916679,77.599989",
"11-Sep-2026 10:06:54","39.86","4.11","13.83","On","12.916679,77.599989",
"11-Sep-2026 10:07:00","53.95","4.11","13.83","On","12.916743,77.601119",
"11-Sep-2026 10:07:24","40.64","4.11","13.86","On","12.9167,77.604904",
"11-Sep-2026 10:07:54","65.37","4.11","13.83","On","12.916616,77.608227",
"11-Sep-2026 10:07:55","65.37","4.11","13.83","On","12.916616,77.608227",
"11-Sep-2026 10:08:00","52.24","4.11","13.83","On","12.916609,77.609092",
"11-Sep-2026 10:08:24","57.67","4.11","13.83","On","12.916569,77.612808",
"11-Sep-2026 10:08:54","56.83","4.11","13.88","On","12.916223,77.616812",
"11-Sep-2026 10:09:20","42.35","4.11","13.88","On","12.916524,77.619944",
"11-Sep-2026 10:09:24","46.21","4.11","13.91","On","12.917074,77.620699",
"11-Sep-2026 10:09:25","46.21","4.11","13.91","On","12.917074,77.620699",
"11-Sep-2026 10:09:40","40.82","4.11","13.91","On","12.918294,77.621388",
"11-Sep-2026 10:09:45","31.93","4.11","13.91","On","12.91892,77.621602",
"11-Sep-2026 10:09:50","35.48","4.11","13.91","On","12.91898,77.621903",
"11-Sep-2026 10:09:54","39.75","4.11","13.88","On","12.918795,77.622219",
"11-Sep-2026 10:09:55","39.75","4.11","13.88","On","12.918795,77.622219",
"11-Sep-2026 10:10:24","52.45","4.11","13.93","On","12.915089,77.624178",
"11-Sep-2026 10:10:54","32.84","4.11","13.86","On","12.913342,77.625226",
"11-Sep-2026 10:11:05","25.01","4.11","13.86","On","12.912604,77.625637",
"11-Sep-2026 10:11:24","28.53","4.11","13.83","On","12.911172,77.626429",
"11-Sep-2026 10:11:45","13.36","4.11","13.83","On","12.910332,77.626915",
"11-Sep-2026 10:11:54","9.51","4.11","13.83","On","12.910166,77.627013",
"11-Sep-2026 10:12:24","0.57","4.11","13.83","On","12.909795,77.627252",
"11-Sep-2026 10:12:30","4.66","4.11","13.83","On","12.909748,77.627311",
"11-Sep-2026 10:12:45","30.72","4.11","13.83","On","12.909439,77.627557",
"11-Sep-2026 10:12:54","47.69","4.11","13.86","On","12.908736,77.627979",
"11-Sep-2026 10:13:15","7.84","4.11","13.86","On","12.907313,77.628898",
"11-Sep-2026 10:13:24","1.21","4.11","13.83","On","12.907302,77.628882",
"11-Sep-2026 10:13:54","1.53","4.11","13.88","On","12.907288,77.62891",
"11-Sep-2026 10:14:05","14.89","4.11","13.88","On","12.907204,77.628998",
"11-Sep-2026 10:14:24","42.57","4.11","13.86","On","12.906196,77.629554",
"11-Sep-2026 10:14:54","32.62","4.11","13.83","On","12.903324,77.631325",
"11-Sep-2026 10:15:24","50.11","4.11","13.86","On","12.901186,77.632747",
"11-Sep-2026 10:15:54","50.36","4.11","13.83","On","12.897681,77.634804",
"11-Sep-2026 10:16:24","4.65","4.11","13.81","On","12.894754,77.63662",
"11-Sep-2026 10:16:40","1.13","4.11","13.81","On","12.894752,77.63658",
"11-Sep-2026 10:16:54","2.07","4.11","13.86","On","12.894761,77.636596",
"11-Sep-2026 10:17:10","10.23","4.11","13.86","On","12.894633,77.636694",
"11-Sep-2026 10:17:15","27.42","4.11","13.86","On","12.894445,77.636839",
"11-Sep-2026 10:17:24","41.64","4.11","13.83","On","12.893855,77.637232",
"11-Sep-2026 10:17:54","42.42","4.11","13.83","On","12.890581,77.639197",
"11-Sep-2026 10:18:24","1.06","4.11","13.86","On","12.889622,77.639803",
"11-Sep-2026 10:18:30","1.98","4.11","13.86","On","12.889627,77.639813",
"11-Sep-2026 10:18:54","5.24","4.11","13.91","On","12.889616,77.639809",
"11-Sep-2026 10:19:00","10.7","4.11","13.91","On","12.889535,77.6399",
"11-Sep-2026 10:19:05","7.88","4.11","13.91","On","12.889481,77.639962",
"11-Sep-2026 10:19:24","45.56","4.11","13.91","On","12.88827,77.640625",
"11-Sep-2026 10:19:54","55.14","4.11","13.88","On","12.885219,77.64242",
"11-Sep-2026 10:20:24","54.28","4.11","13.86","On","12.882072,77.644391",
"11-Sep-2026 10:20:54","30.21","4.11","13.88","On","12.878856,77.646338",
"11-Sep-2026 10:21:20","51.62","4.11","13.88","On","12.876669,77.64776",
"11-Sep-2026 10:21:24","54.78","4.11","13.83","On","12.87625,77.648116",
"11-Sep-2026 10:21:54","55.24","4.11","13.86","On","12.872906,77.651147",
"11-Sep-2026 10:22:24","2.36","4.11","13.81","On","12.871933,77.652003",
"11-Sep-2026 10:22:38","3.47","4.11","13.81","On","12.871995,77.652021",
"11-Sep-2026 10:22:54","1.66","4.11","13.81","On","12.871991,77.652005",
"11-Sep-2026 10:23:24","1.94","4.11","13.86","On","12.871966,77.65205",
"11-Sep-2026 10:23:54","2.92","4.11","13.83","On","12.871976,77.652013",
"11-Sep-2026 10:24:24","1.66","4.11","13.88","On","12.871961,77.652012",
"11-Sep-2026 10:24:43","17.36","4.11","13.88","On","12.871832,77.652118",
"11-Sep-2026 10:24:54","10.35","4.11","13.91","On","12.871512,77.652353",
"11-Sep-2026 10:25:13","11.03","4.11","13.91","On","12.871113,77.652667",
"11-Sep-2026 10:25:18","6.01","4.11","13.91","On","12.870981,77.652795",
"11-Sep-2026 10:25:24","9.97","4.11","13.86","On","12.87094,77.652849",
"11-Sep-2026 10:25:28","11.21","4.11","13.86","On","12.87085,77.652913",
"11-Sep-2026 10:25:48","8.52","4.11","13.86","On","12.870365,77.653317",
"11-Sep-2026 10:25:54","0.96","4.11","13.83","On","12.870325,77.653353",
"11-Sep-2026 10:26:24","2.18","4.11","13.91","On","12.870273,77.653358",
"11-Sep-2026 10:26:54","1.37","4.11","13.91","On","12.870289,77.653337",
"11-Sep-2026 10:27:24","4.7","4.11","13.91","On","12.87031,77.65328",
"11-Sep-2026 10:27:54","0.33","4.11","13.88","On","12.870324,77.653218",
"11-Sep-2026 10:28:24","2.69","4.11","13.91","On","12.870313,77.653244",
"11-Sep-2026 10:28:54","2.19","4.11","13.93","On","12.870313,77.653289",
"11-Sep-2026 10:29:24","0.79","4.11","13.93","On","12.870279,77.653194",
"11-Sep-2026 10:29:54","2.54","4.11","13.93","On","12.870298,77.653202",
"11-Sep-2026 10:30:24","1.49","4.11","13.93","On","12.870321,77.653154",
"11-Sep-2026 10:31:24","7.36","4.11","13.88","On","12.870245,77.653206",
"11-Sep-2026 10:31:33","16.02","4.11","13.88","On","12.870098,77.653367",
"11-Sep-2026 10:31:54","39.58","4.11","13.88","On","12.868908,77.654363",
"11-Sep-2026 10:32:24","51.5","4.11","13.88","On","12.865785,77.656701",
"11-Sep-2026 10:32:54","53.49","4.11","13.93","On","12.862675,77.659292",
"11-Sep-2026 10:33:24","51.42","4.11","13.93","On","12.859284,77.661881",
"11-Sep-2026 10:33:54","10.27","4.11","13.91","On","12.857734,77.663143",
"11-Sep-2026 10:34:24","3.15","4.11","13.91","On","12.857669,77.663259",
"11-Sep-2026 10:34:43","2.84","4.11","13.91","On","12.857551,77.663358",
"11-Sep-2026 10:34:48","12.94","4.11","13.91","On","12.857492,77.663424",
"11-Sep-2026 10:34:54","13.65","4.11","13.88","On","12.857403,77.663511",
"11-Sep-2026 10:35:24","5.55","4.11","13.93","On","12.856671,77.664051",
"11-Sep-2026 10:35:38","17.1","4.11","13.93","On","12.856378,77.66428",
"11-Sep-2026 10:35:43","35.94","4.11","13.93","On","12.855958,77.664538",
"11-Sep-2026 10:35:54","28.75","4.11","13.91","On","12.855498,77.66499",
"11-Sep-2026 10:36:24","54.6","4.11","13.91","On","12.853049,77.666968",
"11-Sep-2026 10:36:54","56.38","4.11","13.95","On","12.850046,77.669272",
"11-Sep-2026 10:37:24","46.83","4.11","13.91","On","12.846621,77.672006",
"11-Sep-2026 10:37:54","55.35","4.11","13.91","On","12.843652,77.674234",
"11-Sep-2026 10:38:24","31.72","4.11","13.91","On","12.841086,77.676214",
"11-Sep-2026 10:38:54","7.38","4.11","13.88","On","12.840213,77.676792",
"11-Sep-2026 10:39:24","22.84","4.11","13.91","On","12.839559,77.677314",
"11-Sep-2026 10:39:54","29.18","4.11","13.95","On","12.837923,77.678536",
"11-Sep-2026 10:40:08","34.26","4.11","13.95","On","12.836696,77.679085",
"11-Sep-2026 10:40:24","47.59","4.11","13.93","On","12.835064,77.679669",
"11-Sep-2026 10:40:54","45.48","4.11","13.95","On","12.831916,77.680744",
"11-Sep-2026 10:41:24","52.6","4.11","13.91","On","12.827651,77.682105",
"11-Sep-2026 10:41:54","48.41","4.11","13.93","On","12.824645,77.683838",
"11-Sep-2026 10:41:58","47.04","4.11","13.93","On","12.824275,77.684148",
"11-Sep-2026 10:42:24","46.35","4.11","13.91","On","12.821805,77.686391",
"11-Sep-2026 10:42:54","37.48","4.11","13.88","On","12.819335,77.688745",
"11-Sep-2026 10:43:24","59.77","4.11","13.91","On","12.816002,77.691482",
"11-Sep-2026 10:43:54","39.74","4.11","13.83","On","12.813879,77.693144",
"11-Sep-2026 10:44:24","55.14","4.11","13.83","On","12.810586,77.695835",
"11-Sep-2026 10:44:54","19.28","4.11","13.86","On","12.80793,77.697947",
"11-Sep-2026 10:45:24","55.66","4.11","13.83","On","12.804987,77.70032",
"11-Sep-2026 10:45:48","53.11","4.11","13.83","On","12.803001,77.702979",
"11-Sep-2026 10:45:54","47.08","4.11","13.83","On","12.802892,77.703504",
"11-Sep-2026 10:46:24","10.03","4.11","13.83","On","12.802607,77.704969",
"11-Sep-2026 10:46:38","5.36","4.11","13.83","On","12.802546,77.705168",
"11-Sep-2026 10:46:48","10.86","4.11","13.83","On","12.802253,77.705118",
"11-Sep-2026 10:46:54","19.72","4.11","13.83","On","12.802014,77.705083",
"11-Sep-2026 10:46:58","11.43","4.11","13.83","On","12.801794,77.705095",
"11-Sep-2026 10:47:24","6.03","4.11","13.81","On","12.801175,77.705283",
"11-Sep-2026 10:47:54","2.35","4.11","13.83","On","12.800663,77.705427",
"11-Sep-2026 10:48:24","27.78","4.11","13.83","On","12.798788,77.705979",
"11-Sep-2026 10:48:54","24.99","4.11","13.83","On","12.797642,77.706327",
"11-Sep-2026 10:49:24","27.22","4.11","13.83","On","12.796092,77.706691",
"11-Sep-2026 10:49:54","28.43","4.11","13.83","On","12.794034,77.706402",
"11-Sep-2026 10:50:13","21.43","4.11","13.83","On","12.792623,77.706158",
"11-Sep-2026 10:50:24","36.66","4.11","13.83","On","12.792022,77.70601",
"11-Sep-2026 10:50:38","1.38","4.11","13.83","On","12.791006,77.705815",
"11-Sep-2026 10:50:54","0.73","4.11","13.76","On","12.790981,77.705864",
"11-Sep-2026 10:51:24","0.33","4.11","13.76","On","12.790998,77.705849",
"11-Sep-2026 10:51:54","0.49","4.11","13.79","On","12.790982,77.705851",
"11-Sep-2026 10:52:24","0.71","4.11","13.83","On","12.790964,77.705846",
"11-Sep-2026 10:52:54","0.58","4.11","13.83","On","12.790948,77.705846",
"11-Sep-2026 10:53:08","15.29","4.11","13.83","On","12.790862,77.705821",
"11-Sep-2026 10:53:24","33.14","4.11","13.88","On","12.789894,77.705579",
"11-Sep-2026 10:53:28","35.7","4.11","13.88","On","12.789561,77.705429",
"11-Sep-2026 10:53:54","16.51","4.11","13.83","On","12.788033,77.703976",
"11-Sep-2026 10:54:23","31.8","4.11","13.83","On","12.787127,77.703353",
"11-Sep-2026 10:54:24","31.8","4.11","13.86","On","12.787127,77.703353",
"11-Sep-2026 10:54:54","1.53","4.11","13.79","On","12.785388,77.703245",
"11-Sep-2026 10:55:24","0.41","4.11","13.83","On","12.785395,77.70324",
"11-Sep-2026 10:55:53","0.87","4.11","13.83","On","12.785393,77.703266",
"11-Sep-2026 10:55:54","0.87","4.11","13.83","On","12.785393,77.703266",
"11-Sep-2026 10:56:24","2.22","4.11","13.88","On","12.785375,77.703229",
"11-Sep-2026 10:56:28","29.14","4.11","13.88","On","12.785211,77.703187",
"11-Sep-2026 10:56:33","5.86","4.11","13.88","On","12.784604,77.703199",
"11-Sep-2026 10:56:54","39.44","4.11","13.91","On","12.783197,77.703755",
"11-Sep-2026 10:57:08","22.44","4.11","13.91","On","12.782145,77.703954",
"11-Sep-2026 10:57:13","2.69","4.11","13.91","On","12.782049,77.703917",
"11-Sep-2026 10:57:23","28.98","4.11","13.91","On","12.781765,77.703718",
"11-Sep-2026 10:57:24","28.98","4.11","13.86","On","12.781765,77.703718",
"11-Sep-2026 10:57:28","18.03","4.11","13.86","On","12.781537,77.703568",
"11-Sep-2026 10:57:33","18.01","4.11","13.86","On","12.781578,77.703434",
"11-Sep-2026 10:57:54","27.3","4.12","13.88","On","12.78195,77.702085",
"11-Sep-2026 10:58:24","2.84","4.11","13.91","On","12.782184,77.701349",
"11-Sep-2026 10:58:48","6.78","4.11","13.91","On","12.782294,77.701076",
"11-Sep-2026 10:58:53","20.42","4.11","13.91","On","12.782342,77.700905",
"11-Sep-2026 10:58:54","6.39","4.11","13.91","On","12.782337,77.700862",
"11-Sep-2026 10:59:08","4.89","4.11","13.91","On","12.782467,77.700466",
"11-Sep-2026 10:59:13","17.71","4.11","13.91","On","12.782506,77.700346",
"11-Sep-2026 10:59:18","12.03","4.11","13.91","On","12.7826,77.699905",
"11-Sep-2026 10:59:24","1.58","4.11","13.86","On","12.782633,77.699891",
"11-Sep-2026 10:59:38","5.86","4.11","13.86","On","12.782754,77.699822",
"11-Sep-2026 10:59:54","13.7","4.11","13.83","On","12.78316,77.699962",
"11-Sep-2026 11:00:24","4.94","4.11","13.83","On","12.783383,77.700264",
"11-Sep-2026 11:00:54","3.99","4.11","13.86","On","12.783369,77.700284",
"11-Sep-2026 11:01:24","0.56","4.11","13.91","On","12.783314,77.700194",
"11-Sep-2026 11:01:54","3.96","4.11","13.93","On","12.783326,77.700176",
"11-Sep-2026 11:02:24","0.98","4.11","13.95","On","12.783361,77.700164",
"11-Sep-2026 11:02:54","0.82","4.11","13.95","On","12.783362,77.700174",
"11-Sep-2026 11:03:24","2.01","4.11","13.93","On","12.783327,77.700175",
"11-Sep-2026 11:03:54","0.32","4.11","13.93","On","12.783324,77.700182",
"11-Sep-2026 11:04:24","5.27","4.11","13.93","On","12.783351,77.700177",
"11-Sep-2026 11:04:54","3.37","4.11","13.95","On","12.783271,77.700156",
"11-Sep-2026 11:05:24","0.73","4.11","13.95","On","12.783246,77.700175",
"11-Sep-2026 11:05:54","1.71","4.11","13.91","On","12.783227,77.700199",
"11-Sep-2026 11:06:24","2.18","4.11","13.93","On","12.783242,77.700217",
"11-Sep-2026 11:06:54","1.67","4.12","13.95","On","12.78325,77.700252",
"11-Sep-2026 11:07:24","0.29","4.11","13.95","On","12.783163,77.70027",
"11-Sep-2026 11:07:54","3.48","4.11","13.95","On","12.78314,77.700278",
"11-Sep-2026 11:08:24","2.03","4.11","13.93","On","12.783139,77.700276",
"11-Sep-2026 11:08:54","1.48","4.11","13.93","On","12.783143,77.700249",
"11-Sep-2026 11:09:24","0.28","4.11","13.95","On","12.783193,77.700254",
"11-Sep-2026 11:09:54","0.55","4.11","13.88","On","12.783221,77.700182",
"11-Sep-2026 11:10:24","0.64","4.11","13.91","On","12.78325,77.700168",
"11-Sep-2026 11:10:54","0.99","4.11","13.93","On","12.783288,77.700164",
"11-Sep-2026 11:11:24","1.24","4.11","13.93","On","12.783286,77.700121",
"11-Sep-2026 11:11:54","2.8","4.11","13.93","On","12.783245,77.700076",
"11-Sep-2026 11:12:18","12.54","4.11","13.93","On","12.783062,77.699971",
"11-Sep-2026 11:12:23","2.05","4.11","13.93","On","12.783004,77.699934",
"11-Sep-2026 11:12:24","4.24","4.11","13.91","On","12.782997,77.699929",
"11-Sep-2026 11:12:54","1.06","4.11","13.93","On","12.782981,77.699927",
"11-Sep-2026 11:13:24","1.78","4.11","13.93","On","12.78297,77.699935",
"11-Sep-2026 11:13:54","0.45","4.11","13.95","On","12.78302,77.699905",
"11-Sep-2026 11:14:24","6.54","4.11","13.93","On","12.783262,77.700011",
"11-Sep-2026 11:14:54","0.4","4.11","13.91","On","12.783298,77.700124",
"11-Sep-2026 11:15:24","1.2","4.11","13.93","On","12.78332,77.700127",
"11-Sep-2026 11:15:54","3.02","4.11","13.91","On","12.783313,77.700119",
"11-Sep-2026 11:16:24","1.64","4.11","13.88","On","12.78326,77.700151",
"11-Sep-2026 11:16:54","1.43","4.11","13.18","Off","12.783275,77.700134",
"11-Sep-2026 11:17:24","1.27","4.11","13.04","Off","12.783295,77.700115",
"11-Sep-2026 11:17:54","0.33","4.11","12.99","Off","12.7833,77.700125",
"11-Sep-2026 11:17:59","0.33","4.11","12.99","Off","12.7833,77.700125",
"11-Sep-2026 11:18:54","0.9","4.11","12.97","Off","12.783314,77.700125",
"11-Sep-2026 11:19:54","0.37","4.11","12.94","Off","12.783341,77.700118",
"11-Sep-2026 11:20:54","3.82","4.11","12.87","Off","12.783357,77.700153",
"11-Sep-2026 11:21:54","1.28","4.11","12.85","Off","12.783366,77.700128",
"11-Sep-2026 11:21:55","1.28","4.11","12.85","On","12.783366,77.700128",
"11-Sep-2026 11:22:20","10.68","4.11","12.85","On","12.783378,77.700141",
"11-Sep-2026 11:22:24","11.66","4.12","13.23","On","12.783441,77.700204",
"11-Sep-2026 11:22:25","11.66","4.12","13.23","On","12.783441,77.700204",
"11-Sep-2026 11:22:35","4.5","4.12","13.23","On","12.783424,77.700429",
"11-Sep-2026 11:22:54","2.01","4.11","13.81","On","12.78333,77.700606",
"11-Sep-2026 11:23:05","12.87","4.11","13.81","On","12.78328,77.700668",
"11-Sep-2026 11:23:10","2.96","4.11","13.81","On","12.783246,77.70071",
"11-Sep-2026 11:23:24","12.09","4.11","13.81","On","12.7833,77.700735",
"11-Sep-2026 11:23:25","12.09","4.11","13.81","On","12.7833,77.700735",
"11-Sep-2026 11:23:35","3.98","4.11","13.81","On","12.783387,77.700419",
"11-Sep-2026 11:23:54","1.73","4.11","13.88","On","12.783225,77.700074",
"11-Sep-2026 11:24:00","18.07","4.11","13.88","On","12.783114,77.70002",
"11-Sep-2026 11:24:05","4.15","4.11","13.88","On","12.782955,77.699945",
"11-Sep-2026 11:24:15","11.79","4.11","13.88","On","12.782689,77.699865",
"11-Sep-2026 11:24:24","6.13","4.11","13.88","On","12.782621,77.699949",
"11-Sep-2026 11:24:25","6.13","4.11","13.88","On","12.782621,77.699949",
"11-Sep-2026 11:24:35","13.61","4.11","13.88","On","12.782446,77.700346",
"11-Sep-2026 11:24:40","4.13","4.11","13.88","On","12.782407,77.700305",
"11-Sep-2026 11:24:54","2.02","4.11","13.86","On","12.782431,77.700276",
"11-Sep-2026 11:25:05","11.04","4.11","13.86","On","12.782464,77.700217",
"11-Sep-2026 11:25:10","25.44","4.11","13.86","On","12.782555,77.700015",
"11-Sep-2026 11:25:15","10.91","4.11","13.86","On","12.782656,77.699843",
"11-Sep-2026 11:25:24","5.27","4.11","13.88","On","12.782783,77.699806",
"11-Sep-2026 11:25:25","5.27","4.11","13.88","On","12.782783,77.699806",
"11-Sep-2026 11:25:30","14.15","4.11","13.88","On","12.782915,77.699859",
"11-Sep-2026 11:25:45","4.63","4.11","13.88","On","12.783281,77.700062",
"11-Sep-2026 11:25:54","6.85","4.11","13.88","On","12.783405,77.700214",
"11-Sep-2026 11:26:10","17.66","4.11","13.88","On","12.783235,77.700613",
"11-Sep-2026 11:26:15","7.02","4.11","13.88","On","12.783204,77.700696",
"11-Sep-2026 11:26:24","2.65","4.11","13.86","On","12.783229,77.700728",
"11-Sep-2026 11:26:54","1.49","4.11","13.79","Off","12.783195,77.700703",
"11-Sep-2026 11:27:24","0.6","4.11","13.11","Off","12.783175,77.700705",
"11-Sep-2026 11:27:54","0.4","4.12","13.01","Off","12.783222,77.70072",
"11-Sep-2026 11:28:24","0.38","4.12","12.97","Off","12.783234,77.700712",
"11-Sep-2026 11:28:54","0.12","4.11","12.92","Off","12.783234,77.700684",
"11-Sep-2026 11:28:57","0.12","4.11","12.92","Off","12.783234,77.700684",
"11-Sep-2026 11:29:54","1.23","4.12","12.92","Off","12.783238,77.700723",
"11-Sep-2026 11:30:12","1.23","4.12","12.92","Off","12.783238,77.700723",
"11-Sep-2026 11:30:24","0.32","4.11","12.89","Off","12.783224,77.700724",
"11-Sep-2026 11:30:54","0.56","4.11","12.87","Off","12.783205,77.700727",
"11-Sep-2026 11:31:24","1.77","4.12","12.85","Off","12.783197,77.700742",
"11-Sep-2026 11:31:54","0.67","4.11","12.82","Off","12.783206,77.700757",
"11-Sep-2026 11:32:24","2.88","4.11","12.82","Off","12.783211,77.700752",
"11-Sep-2026 11:32:29","2.88","4.11","12.82","Off","12.783211,77.700752",
"11-Sep-2026 11:33:24","0.17","4.11","12.77","Off","12.783248,77.700759",
"11-Sep-2026 11:33:54","0.36","4.11","12.77","Off","12.783256,77.700747",
"11-Sep-2026 11:34:54","0.5","4.11","12.77","Off","12.783236,77.700726",
"11-Sep-2026 11:35:54","0.33","4.11","12.75","Off","12.783199,77.700703",
"11-Sep-2026 11:36:29","0.33","4.11","12.72","Off","12.783199,77.700703",
"11-Sep-2026 11:51:11","0.33","4.11","12.68","Off","12.783199,77.700703",
"11-Sep-2026 11:51:11","0.17","4.11","12.68","Off","12.78322,77.700718",
"11-Sep-2026 11:51:54","4.68","4.11","12.63","Off","12.78307,77.700664",
"11-Sep-2026 11:52:54","0.72","4.11","12.6","Off","12.783186,77.700721",
"11-Sep-2026 11:53:54","0.65","4.11","12.63","Off","12.783205,77.70071",
"11-Sep-2026 11:54:54","1.23","4.11","12.58","Off","12.783181,77.700697",
"11-Sep-2026 11:55:11","1.23","4.11","12.58","Off","12.783181,77.700697",
"11-Sep-2026 12:06:17","1.23","4.11","12.65","Off","12.783181,77.700697",
"11-Sep-2026 12:06:17","0.53","4.11","12.65","Off","12.78318,77.700694",
"11-Sep-2026 12:06:54","1.02","4.11","12.63","Off","12.783186,77.700671",
"11-Sep-2026 12:07:54","1.24","4.11","12.6","Off","12.783065,77.700668",
"11-Sep-2026 12:08:54","0.99","4.11","12.6","Off","12.783081,77.700637",
"11-Sep-2026 12:09:54","0.68","4.11","12.58","Off","12.783076,77.700638",
"11-Sep-2026 12:10:17","0.68","4.11","12.58","Off","12.783076,77.700638",
"11-Sep-2026 12:23:27","0.68","4.11","12.6","Off","12.783076,77.700638",
"11-Sep-2026 12:23:27","3.55","4.11","12.6","Off","12.783045,77.700646",
"11-Sep-2026 12:24:54","1.7","4.11","12.58","Off","12.783172,77.700668",
"11-Sep-2026 12:25:37","1.7","4.11","12.56","Off","12.783172,77.700668",
"11-Sep-2026 12:25:37","1.77","4.11","12.56","Off","12.783215,77.700666",
"11-Sep-2026 12:25:54","0.72","4.11","12.56","Off","12.783199,77.700692",
"11-Sep-2026 12:26:24","0.61","4.11","12.58","Off","12.78316,77.700681",
"11-Sep-2026 12:26:37","0.61","4.12","12.58","Off","12.78316,77.700681",
"11-Sep-2026 12:27:24","1.61","4.11","12.56","Off","12.783129,77.700667",
"11-Sep-2026 12:27:54","3.25","4.11","12.56","Off","12.783155,77.700708",
"11-Sep-2026 12:28:54","0.71","4.11","12.58","Off","12.783163,77.700707",
"11-Sep-2026 12:29:54","1.2","4.11","12.56","Off","12.783172,77.700711",
"11-Sep-2026 12:30:37","1.2","4.11","12.56","Off","12.783172,77.700711",
"11-Sep-2026 12:37:14","1.2","4.11","12.63","Off","12.783172,77.700711",
"11-Sep-2026 12:37:14","0.58","4.11","12.63","Off","12.783189,77.700695",
"11-Sep-2026 12:37:16","0.58","4.11","12.63","Off","12.783189,77.700695",
"11-Sep-2026 12:37:24","0.58","4.11","12.53","On","12.783189,77.700695",
"11-Sep-2026 12:37:54","3.06","4.11","13.59","On","12.783192,77.700649",
"11-Sep-2026 12:38:24","0.45","4.11","13.86","On","12.78319,77.700633",
"11-Sep-2026 12:38:54","2.67","4.11","13.86","On","12.783195,77.700621",
"11-Sep-2026 12:39:24","2.43","4.11","13.88","On","12.783166,77.700618",
"11-Sep-2026 12:39:54","2.56","4.11","13.88","On","12.78316,77.700624",
"11-Sep-2026 12:40:24","0.9","4.11","13.91","On","12.783192,77.700634",
"11-Sep-2026 12:40:54","1.36","4.11","13.93","On","12.78318,77.700643",
"11-Sep-2026 12:41:24","1.57","4.11","13.91","On","12.783191,77.700658",
"11-Sep-2026 12:41:54","0.49","4.11","13.93","On","12.78322,77.700657",
"11-Sep-2026 12:42:24","0.61","4.11","13.88","On","12.783242,77.70061",
"11-Sep-2026 12:42:54","2.46","4.11","13.91","On","12.783264,77.70065",
"11-Sep-2026 12:43:24","1.43","4.11","13.88","On","12.783273,77.700541",
"11-Sep-2026 12:43:54","3.77","4.11","13.81","On","12.783292,77.700534",
"11-Sep-2026 12:44:24","5.3","4.11","13.86","On","12.783334,77.70026",
"11-Sep-2026 12:44:39","15.52","4.11","13.86","On","12.783044,77.700011",
"11-Sep-2026 12:44:54","0.27","4.11","13.86","On","12.782782,77.699905",
"11-Sep-2026 12:44:54","0.27","4.11","13.88","On","12.782782,77.699905",
"11-Sep-2026 12:45:09","11.74","4.11","13.88","On","12.78268,77.700013",
"11-Sep-2026 12:45:24","3.11","4.11","13.88","On","12.782535,77.700505",
"11-Sep-2026 12:45:24","3.11","4.11","13.88","On","12.782535,77.700505",
"11-Sep-2026 12:45:54","0.88","4.11","13.88","On","12.782284,77.701296",
"11-Sep-2026 12:46:24","0.18","4.11","13.91","On","12.782284,77.701288",
"11-Sep-2026 12:46:54","0.27","4.11","13.93","On","12.782278,77.701271",
"11-Sep-2026 12:47:24","1.59","4.11","13.93","On","12.782293,77.701271",
"11-Sep-2026 12:47:54","4.13","4.11","13.86","On","12.782316,77.701314",
"11-Sep-2026 12:48:04","16.67","4.11","13.86","On","12.782266,77.70146",
"11-Sep-2026 12:48:24","34.96","4.11","13.88","On","12.781847,77.702624",
"11-Sep-2026 12:48:54","29.78","4.11","13.88","On","12.781924,77.703807",
"11-Sep-2026 12:48:54","29.78","4.11","13.91","On","12.781924,77.703807",
"11-Sep-2026 12:49:04","31.57","4.11","13.91","On","12.782591,77.70388",
"11-Sep-2026 12:49:24","34.4","4.11","13.88","On","12.784002,77.703331",
"11-Sep-2026 12:49:54","12.35","4.11","13.91","On","12.784653,77.703133",
"11-Sep-2026 12:49:59","28.02","4.11","13.91","On","12.785086,77.703079",
"11-Sep-2026 12:50:24","19.38","4.11","13.88","On","12.786807,77.703259",
"11-Sep-2026 12:50:39","26.77","4.11","13.88","On","12.787652,77.703513",
"11-Sep-2026 12:50:54","38.9","4.11","13.91","On","12.788498,77.704284",
"11-Sep-2026 12:51:14","32.26","4.11","13.91","On","12.790022,77.705525",
"11-Sep-2026 12:51:24","24.81","4.11","13.91","On","12.790848,77.705688",
"11-Sep-2026 12:51:54","28.1","4.11","13.88","On","12.792568,77.706019",
"11-Sep-2026 12:52:24","45.89","4.11","13.86","On","12.795357,77.706561",
"11-Sep-2026 12:52:29","48.35","4.11","13.86","On","12.79583,77.706556",
"11-Sep-2026 12:52:54","9.15","4.11","13.86","On","12.79761,77.706243",
"11-Sep-2026 12:53:24","29.17","4.11","13.91","On","12.799415,77.705675",
"11-Sep-2026 12:53:39","7.75","4.11","13.91","On","12.800377,77.70541",
"11-Sep-2026 12:53:44","18.16","4.11","13.91","On","12.80049,77.705376",
"11-Sep-2026 12:53:54","32.11","4.11","13.91","On","12.801034,77.705181",
"11-Sep-2026 12:54:09","20.03","4.11","13.91","On","12.802087,77.704752",
"11-Sep-2026 12:54:24","36.5","4.11","13.91","On","12.802343,77.703845",
"11-Sep-2026 12:54:24","36.5","4.11","13.88","On","12.802343,77.703845",
"11-Sep-2026 12:54:49","46.07","4.11","13.88","On","12.803355,77.701522",
"11-Sep-2026 12:54:54","47.02","4.11","13.91","On","12.803697,77.701154",
"11-Sep-2026 12:55:24","40.07","4.11","13.86","On","12.806233,77.699137",
"11-Sep-2026 12:55:54","50.57","4.11","13.83","On","12.808704,77.69712",
"11-Sep-2026 12:56:24","53.98","4.11","13.83","On","12.812016,77.694479",
"11-Sep-2026 12:56:54","50.52","4.11","13.83","On","12.814868,77.692216",
"11-Sep-2026 12:57:24","48.74","4.11","13.86","On","12.81788,77.689825",
"11-Sep-2026 12:57:54","54.65","4.11","13.81","On","12.820652,77.687365",
"11-Sep-2026 12:58:24","41.07","4.11","13.86","On","12.823184,77.685015",
"11-Sep-2026 12:58:54","47.17","4.11","13.86","On","12.825583,77.683081",
"11-Sep-2026 12:58:59","48.71","4.11","13.86","On","12.826015,77.682846",
"11-Sep-2026 12:59:24","45.94","4.11","13.81","On","12.829301,77.681438",
"11-Sep-2026 12:59:54","45.13","4.11","13.83","On","12.831746,77.680598",
"11-Sep-2026 13:00:24","44.98","4.11","13.81","On","12.834712,77.679712",
"11-Sep-2026 13:00:54","16.35","4.11","13.79","On","12.83776,77.678495",
"11-Sep-2026 13:01:24","11.32","4.11","13.81","On","12.838547,77.677847",
"11-Sep-2026 13:01:54","16.47","4.11","13.86","On","12.83957,77.677071",
"11-Sep-2026 13:02:24","8.95","4.11","13.83","On","12.840072,77.676651",
"11-Sep-2026 13:02:54","36.99","4.11","13.83","On","12.841542,77.675722",
"11-Sep-2026 13:03:24","50.36","4.11","13.86","On","12.843959,77.673737",
"11-Sep-2026 13:03:54","37.57","4.11","13.81","On","12.846644,77.671583",
"11-Sep-2026 13:04:24","56.56","4.11","13.81","On","12.84932,77.669365",
"11-Sep-2026 13:04:54","53.09","4.11","13.83","On","12.852829,77.666764",
"11-Sep-2026 13:05:24","0.67","4.11","13.81","On","12.854943,77.665062",
"11-Sep-2026 13:05:54","2.48","4.11","13.83","On","12.855022,77.664987",
"11-Sep-2026 13:06:24","1.37","4.11","13.86","On","12.855004,77.664969",
"11-Sep-2026 13:06:44","15.11","4.11","13.86","On","12.855272,77.664718",
"11-Sep-2026 13:06:54","6.63","4.11","13.81","On","12.855732,77.664371",
"11-Sep-2026 13:07:24","0.4","4.11","13.81","On","12.855732,77.664256",
"11-Sep-2026 13:07:24","0.4","4.11","13.81","On","12.855732,77.664256",
"11-Sep-2026 13:07:54","0.38","4.11","13.83","On","12.855689,77.664292",
"11-Sep-2026 13:08:14","15.19","4.11","13.83","On","12.855761,77.664231",
"11-Sep-2026 13:08:24","34.02","4.11","13.81","On","12.856266,77.663944",
"11-Sep-2026 13:08:54","30.32","4.11","13.79","On","12.859464,77.661485",
"11-Sep-2026 13:09:24","47.13","4.11","13.83","On","12.861507,77.659798",
"11-Sep-2026 13:09:54","54.61","4.11","13.83","On","12.864865,77.657153",
"11-Sep-2026 13:10:24","15.72","4.11","13.76","On","12.86759,77.654989",
"11-Sep-2026 13:10:54","7.37","4.11","13.81","On","12.868434,77.654308",
"11-Sep-2026 13:11:24","0.69","4.11","13.83","On","12.868627,77.65417",
"11-Sep-2026 13:11:34","1.52","4.11","13.83","On","12.868666,77.654172",
"11-Sep-2026 13:11:54","1.31","4.11","13.83","On","12.868676,77.654173",
"11-Sep-2026 13:12:24","1.63","4.11","13.81","On","12.868697,77.654143",
"11-Sep-2026 13:12:54","0.51","4.11","13.86","On","12.868697,77.654129",
"11-Sep-2026 13:13:24","0.81","4.11","13.83","On","12.868666,77.654138",
"11-Sep-2026 13:13:54","0.23","4.11","13.88","On","12.868627,77.654133",
"11-Sep-2026 13:14:24","1.19","4.11","13.88","On","12.868633,77.654111",
"11-Sep-2026 13:14:54","1.27","4.11","13.88","On","12.868617,77.654116",
"11-Sep-2026 13:15:24","4.09","4.11","13.88","On","12.868801,77.654001",
"11-Sep-2026 13:15:54","8.56","4.11","13.86","On","12.869162,77.653681",
"11-Sep-2026 13:16:04","14.65","4.11","13.86","On","12.869269,77.653614",
"11-Sep-2026 13:16:24","9.05","4.11","13.86","On","12.869681,77.653397",
"11-Sep-2026 13:16:24","9.05","4.11","13.76","On","12.869681,77.653397",
"11-Sep-2026 13:16:39","22.03","4.11","13.76","On","12.870114,77.653391",
"11-Sep-2026 13:16:54","19.38","4.11","13.79","On","12.870487,77.653118",
"11-Sep-2026 13:17:24","15.99","4.11","13.81","On","12.872716,77.651312",
"11-Sep-2026 13:17:54","15.63","4.11","13.81","On","12.874239,77.650143",
"11-Sep-2026 13:18:24","28.69","4.11","13.81","On","12.875133,77.649245",
"11-Sep-2026 13:18:54","36.86","4.11","13.81","On","12.876613,77.64791",
"11-Sep-2026 13:19:24","27.6","4.11","13.83","On","12.877568,77.647187",
"11-Sep-2026 13:19:39","6.18","4.11","13.83","On","12.878499,77.646662",
"11-Sep-2026 13:19:49","14.52","4.11","13.83","On","12.878763,77.646533",
"11-Sep-2026 13:19:54","9.69","4.11","13.83","On","12.878848,77.646473",
"11-Sep-2026 13:20:24","25.61","4.11","13.81","On","12.880972,77.645123",
"11-Sep-2026 13:20:54","47.04","4.11","13.81","On","12.882897,77.643985",
"11-Sep-2026 13:20:59","15.7","4.11","13.81","On","12.883339,77.643793",
"11-Sep-2026 13:21:24","38.61","4.11","13.81","On","12.884232,77.644736",
"11-Sep-2026 13:21:54","26.32","4.11","13.81","On","12.885438,77.646091",
"11-Sep-2026 13:21:54","26.32","4.11","13.83","On","12.885438,77.646091",
"11-Sep-2026 13:22:24","33.66","4.11","13.83","On","12.885801,77.647819",
"11-Sep-2026 13:22:39","19.42","4.11","13.83","On","12.886063,77.649131",
"11-Sep-2026 13:22:54","2.17","4.11","13.71","On","12.886098,77.649368",
"11-Sep-2026 13:22:59","7.06","4.11","13.71","On","12.886174,77.649445",
"11-Sep-2026 13:23:24","25.2","4.11","13.71","On","12.88742,77.649587",
"11-Sep-2026 13:23:24","25.2","4.12","13.86","On","12.88742,77.649587",
"11-Sep-2026 13:23:29","22.76","4.12","13.86","On","12.887649,77.6496",
"11-Sep-2026 13:23:34","23.14","4.12","13.86","On","12.887879,77.649527",
"11-Sep-2026 13:23:44","6.25","4.12","13.86","On","12.888192,77.649133",
"11-Sep-2026 13:23:54","12.35","4.12","13.86","On","12.888621,77.649124",
"11-Sep-2026 13:23:54","12.35","4.11","13.81","On","12.888621,77.649124",
"11-Sep-2026 13:24:19","21.27","4.11","13.81","On","12.889494,77.649272",
"11-Sep-2026 13:24:24","12.98","4.11","13.79","On","12.889443,77.649478",
"11-Sep-2026 13:24:34","7.36","4.11","13.79","On","12.889454,77.649593",
"11-Sep-2026 13:24:39","15.06","4.11","13.79","On","12.889837,77.649649",
"11-Sep-2026 13:24:44","6.44","4.11","13.79","On","12.889929,77.649605",
"11-Sep-2026 13:24:54","24.92","4.11","13.81","On","12.890229,77.649427",
"11-Sep-2026 13:25:04","20.81","4.11","13.81","On","12.890874,77.649072",
"11-Sep-2026 13:25:19","23.66","4.11","13.81","On","12.891454,77.649278",
"11-Sep-2026 13:25:24","30.3","4.11","13.86","On","12.891704,77.6494",
"11-Sep-2026 13:25:49","9.72","4.11","13.86","On","12.892739,77.649999",
"11-Sep-2026 13:25:54","0.61","4.11","13.83","On","12.892773,77.650021",
"11-Sep-2026 13:26:24","3.72","4.12","13.83","On","12.892936,77.650086",
"11-Sep-2026 13:26:54","3.71","4.11","13.81","On","12.8932,77.650253",
"11-Sep-2026 13:27:24","0.55","4.11","13.76","On","12.89331,77.650384",
"11-Sep-2026 13:27:54","1.17","4.12","13.83","On","12.893343,77.650434",
"11-Sep-2026 13:28:24","0.46","4.11","13.79","On","12.893337,77.650467",
"11-Sep-2026 13:28:54","0.88","4.11","13.81","On","12.893353,77.65049",
"11-Sep-2026 13:29:24","0.65","4.12","13.81","On","12.893379,77.65049",
"11-Sep-2026 13:29:54","0.44","4.11","13.81","On","12.893401,77.650503",
"11-Sep-2026 13:30:24","1.85","4.11","13.81","On","12.893415,77.650514",
"11-Sep-2026 13:30:54","1.2","4.11","13.79","On","12.893405,77.650511",
"11-Sep-2026 13:31:24","0.97","4.11","13.79","On","12.893402,77.650519",
"11-Sep-2026 13:31:54","0.3","4.11","13.83","On","12.893408,77.650539",
"11-Sep-2026 13:32:24","0.22","4.11","13.81","On","12.893403,77.650545",
"11-Sep-2026 13:32:54","1.23","4.11","13.83","On","12.893425,77.650546",
"11-Sep-2026 13:33:24","3.64","4.11","13.83","On","12.893414,77.650544",
"11-Sep-2026 13:33:54","1.21","4.11","13.86","On","12.893417,77.650517",
"11-Sep-2026 13:34:24","0.35","4.11","13.83","On","12.893466,77.65059",
"11-Sep-2026 13:34:54","0.29","4.11","13.81","On","12.89345,77.65057",
"11-Sep-2026 13:35:24","0.27","4.12","13.83","On","12.893456,77.650589",
"11-Sep-2026 13:35:54","0.4","4.11","13.74","On","12.893487,77.650643",
"11-Sep-2026 13:36:24","13.88","4.11","13.74","On","12.893636,77.650745",
"11-Sep-2026 13:36:24","13.88","4.11","13.79","On","12.893636,77.650745",
"11-Sep-2026 13:36:29","16.58","4.11","13.79","On","12.894018,77.650755",
"11-Sep-2026 13:36:49","1.87","4.11","13.79","On","12.8943,77.650784",
"11-Sep-2026 13:36:54","0.62","4.11","13.86","On","12.894317,77.650786",
"11-Sep-2026 13:37:24","6.96","4.11","13.83","On","12.894452,77.650787",
"11-Sep-2026 13:37:54","0.03","4.11","13.86","On","12.894584,77.650796",
"11-Sep-2026 13:38:24","5.75","4.11","13.83","On","12.894921,77.650873",
"11-Sep-2026 13:38:29","13.01","4.11","13.83","On","12.895003,77.650898",
"11-Sep-2026 13:38:34","10.87","4.11","13.83","On","12.895258,77.65092",
"11-Sep-2026 13:38:54","2.64","4.11","13.83","On","12.895551,77.650983",
"11-Sep-2026 13:38:54","2.64","4.11","13.81","On","12.895551,77.650983",
"11-Sep-2026 13:39:24","4.62","4.11","13.83","On","12.895889,77.651019",
"11-Sep-2026 13:39:54","20.1","4.11","13.83","On","12.89654,77.651068",
"11-Sep-2026 13:39:54","20.1","4.11","13.81","On","12.89654,77.651068",
"11-Sep-2026 13:40:04","15.06","4.11","13.81","On","12.896969,77.651109",
"11-Sep-2026 13:40:24","9.35","4.11","13.76","On","12.89726,77.651102",
"11-Sep-2026 13:40:29","5.82","4.11","13.76","On","12.89735,77.651097",
"11-Sep-2026 13:40:49","12.73","4.11","13.76","On","12.897641,77.651095",
"11-Sep-2026 13:40:54","8.21","4.11","13.81","On","12.897752,77.651099",
"11-Sep-2026 13:40:59","4.43","4.11","13.81","On","12.897786,77.651101",
"11-Sep-2026 13:41:14","14.32","4.11","13.81","On","12.898115,77.651135",
"11-Sep-2026 13:41:24","14.17","4.11","13.81","On","12.898314,77.651163",
"11-Sep-2026 13:41:34","9.37","4.11","13.81","On","12.898829,77.65118",
"11-Sep-2026 13:41:44","17.71","4.11","13.81","On","12.898918,77.651015",
"11-Sep-2026 13:41:54","11.65","4.11","13.81","On","12.899221,77.650357",
"11-Sep-2026 13:42:04","10.16","4.11","13.81","On","12.899343,77.650172",
"11-Sep-2026 13:42:09","19.47","4.11","13.81","On","12.899501,77.650178",
"11-Sep-2026 13:42:24","16.51","4.11","13.81","On","12.900015,77.65021",
"11-Sep-2026 13:42:54","5.96","4.11","13.79","On","12.901051,77.650374",
"11-Sep-2026 13:43:19","30.06","4.11","13.79","On","12.902076,77.650601",
"11-Sep-2026 13:43:24","36.92","4.11","13.81","On","12.902423,77.650568",
"11-Sep-2026 13:43:44","20.69","4.11","13.81","On","12.903817,77.650416",
"11-Sep-2026 13:43:49","23.3","4.11","13.81","On","12.903998,77.650549",
"11-Sep-2026 13:43:54","10.12","4.11","13.81","On","12.904404,77.650803",
"11-Sep-2026 13:44:24","25.07","4.11","13.81","On","12.906607,77.651392",
"11-Sep-2026 13:44:54","24.75","4.11","13.81","On","12.908526,77.651781",
"11-Sep-2026 13:44:59","22.42","4.11","13.81","On","12.908818,77.651816",
"11-Sep-2026 13:45:04","31.68","4.11","13.81","On","12.909111,77.651844",
"11-Sep-2026 13:45:09","36.26","4.11","13.81","On","12.909442,77.651818",
"11-Sep-2026 13:45:24","29.79","4.11","13.81","On","12.910763,77.651842",
"11-Sep-2026 13:45:24","29.79","4.11","13.81","On","12.910763,77.651842",
"11-Sep-2026 13:45:29","19.08","4.11","13.81","On","12.911016,77.651851",
"11-Sep-2026 13:45:39","17.82","4.11","13.81","On","12.911681,77.651846",
"11-Sep-2026 13:45:49","19.24","4.11","13.81","On","12.91194,77.65184",
"11-Sep-2026 13:45:54","26.2","4.11","13.81","On","12.912475,77.651811",
"11-Sep-2026 13:46:09","25.88","4.11","13.81","On","12.91327,77.651799",
"11-Sep-2026 13:46:14","37.35","4.11","13.81","On","12.913943,77.651786",
"11-Sep-2026 13:46:19","42.41","4.11","13.81","On","12.914349,77.651785",
"11-Sep-2026 13:46:24","44.63","4.11","13.83","On","12.914792,77.651764",
"11-Sep-2026 13:46:44","35.25","4.11","13.83","On","12.916385,77.651704",
"11-Sep-2026 13:46:54","14.86","4.11","13.83","On","12.917301,77.651693",
"11-Sep-2026 13:47:14","28.87","4.11","13.83","On","12.917886,77.65163",
"11-Sep-2026 13:47:24","25.68","4.11","13.83","On","12.918494,77.6516",
"11-Sep-2026 13:47:54","23.29","4.11","13.86","On","12.919775,77.651541",
"11-Sep-2026 13:48:04","47.25","4.11","13.86","On","12.920465,77.651544",
"11-Sep-2026 13:48:09","48.5","4.11","13.86","On","12.92095,77.651514",
"11-Sep-2026 13:48:24","11.22","4.11","13.76","On","12.922652,77.651472",
"11-Sep-2026 13:48:29","5.88","4.11","13.76","On","12.922692,77.651444",
"11-Sep-2026 13:48:34","21.73","4.11","13.76","On","12.92258,77.651077",
"11-Sep-2026 13:48:49","17.16","4.11","13.76","On","12.922421,77.650481",
"11-Sep-2026 13:48:54","39.53","4.11","13.76","On","12.923015,77.650434",
"11-Sep-2026 13:48:54","39.53","4.11","13.76","On","12.923015,77.650434",
"11-Sep-2026 13:49:09","23.97","4.11","13.76","On","12.924131,77.650279",
"11-Sep-2026 13:49:14","22.6","4.11","13.76","On","12.924255,77.649927",
"11-Sep-2026 13:49:24","16.78","4.11","13.76","On","12.924521,77.649693",
"11-Sep-2026 13:49:24","16.78","4.11","13.76","On","12.924521,77.649693",
"11-Sep-2026 13:49:29","23.7","4.11","13.76","On","12.924627,77.649581",
"11-Sep-2026 13:49:54","55.39","4.11","13.83","On","12.924477,77.646406",
"11-Sep-2026 13:50:09","55.5","4.11","13.83","On","12.924324,77.644712",
"11-Sep-2026 13:50:24","47.87","4.11","13.81","On","12.923736,77.642802",
"11-Sep-2026 13:50:39","40.54","4.11","13.81","On","12.923427,77.640916",
"11-Sep-2026 13:50:54","0.9","4.12","13.86","On","12.923627,77.640408",
"11-Sep-2026 13:50:59","1.93","4.12","13.86","On","12.923634,77.640407",
"11-Sep-2026 13:51:24","0.77","4.11","13.83","On","12.923668,77.6404",
"11-Sep-2026 13:51:34","14.08","4.11","13.83","On","12.923723,77.640286",
"11-Sep-2026 13:51:54","18.2","4.11","13.79","On","12.924018,77.639528",
"11-Sep-2026 13:52:14","4.56","4.11","13.79","On","12.924216,77.638774",
"11-Sep-2026 13:52:24","0.69","4.11","13.79","On","12.924215,77.638745",
"11-Sep-2026 13:52:54","1.08","4.11","13.79","On","12.924232,77.638728",
"11-Sep-2026 13:53:24","0.65","4.11","13.74","On","12.924224,77.638745",
"11-Sep-2026 13:53:54","0.04","4.11","13.76","On","12.924227,77.638728",
"11-Sep-2026 13:54:24","1.35","4.11","13.69","On","12.924245,77.638693",
"11-Sep-2026 13:54:54","0.19","4.11","13.74","On","12.9242,77.638687",
"11-Sep-2026 13:55:24","0.23","4.11","13.86","On","12.924201,77.63868",
"11-Sep-2026 13:55:54","0.21","4.11","13.88","On","12.924207,77.638689",
"11-Sep-2026 13:56:24","0.41","4.11","13.88","On","12.924205,77.638695",
"11-Sep-2026 13:56:54","0.11","4.11","13.88","On","12.924201,77.638697",
"11-Sep-2026 13:57:24","0.3","4.11","13.83","On","12.924189,77.638704",
"11-Sep-2026 13:57:54","0.31","4.11","13.83","On","12.924188,77.638708",
"11-Sep-2026 13:58:24","0.08","4.11","13.86","On","12.924194,77.638698",
"11-Sep-2026 13:58:54","0.51","4.11","13.88","On","12.924195,77.638694",
"11-Sep-2026 13:59:24","0.38","4.11","13.88","On","12.924198,77.638698",
"11-Sep-2026 13:59:54","0.25","4.11","13.86","On","12.924197,77.638699",
"11-Sep-2026 14:00:24","0.48","4.11","13.91","On","12.924198,77.638688",
"11-Sep-2026 14:00:54","0.04","4.11","13.93","On","12.924202,77.638683",
"11-Sep-2026 14:01:24","0.38","4.11","13.93","On","12.924192,77.638684",
"11-Sep-2026 14:01:54","0.12","4.11","13.93","On","12.924184,77.638683",
"11-Sep-2026 14:02:24","0.31","4.11","13.91","On","12.924175,77.638683",
"11-Sep-2026 14:02:54","0.15","4.11","13.93","On","12.924171,77.638689",
"11-Sep-2026 14:03:24","0.29","4.11","13.95","On","12.924171,77.638688",
"11-Sep-2026 14:03:54","0.25","4.12","13.95","On","12.924172,77.638682",
"11-Sep-2026 14:04:24","0.25","4.11","13.95","On","12.924169,77.638682",
"11-Sep-2026 14:04:54","0.19","4.11","13.95","On","12.924157,77.638687",
"11-Sep-2026 14:05:24","0.13","4.11","13.95","On","12.92416,77.638683",
"11-Sep-2026 14:05:54","0.24","4.11","13.18","Off","12.924154,77.638689",
"11-Sep-2026 14:06:24","0.22","4.11","13.04","Off","12.924166,77.638694",
"11-Sep-2026 14:06:54","0.12","4.11","12.99","Off","12.924173,77.638685",
"11-Sep-2026 14:07:03","0.12","4.11","12.97","Off","12.924173,77.638685",
"11-Sep-2026 14:07:54","0.25","4.11","12.94","Off","12.924196,77.638694",
"11-Sep-2026 14:08:54","0.27","4.11","12.94","Off","12.924194,77.638693",
"11-Sep-2026 14:09:54","0.21","4.11","12.89","Off","12.924195,77.638703",
"11-Sep-2026 14:10:54","0.13","4.12","12.85","Off","12.924198,77.638694",
"11-Sep-2026 14:11:03","0.13","4.12","12.87","Off","12.924198,77.638694",
"11-Sep-2026 14:23:28","0.13","4.12","12.7","Off","12.924198,77.638694",
"11-Sep-2026 14:23:28","0.31","4.12","12.7","Off","12.924197,77.638694",
"11-Sep-2026 14:23:54","0.31","4.12","12.65","Off","12.924197,77.638694",
"11-Sep-2026 14:24:54","0.99","4.12","12.63","Off","12.924164,77.638721",
"11-Sep-2026 14:25:54","0.16","4.11","12.6","Off","12.924174,77.638715",
"11-Sep-2026 14:26:54","0.25","4.11","12.6","Off","12.924169,77.6387",
"11-Sep-2026 14:27:28","0.25","4.11","12.56","Off","12.924169,77.6387",
"11-Sep-2026 14:36:09","0.25","4.12","12.63","Off","12.924169,77.6387",
"11-Sep-2026 14:36:09","0.26","4.12","12.63","Off","12.924169,77.638703",
"11-Sep-2026 14:36:11","0.26","4.12","12.63","Off","12.924169,77.638703",
"11-Sep-2026 14:36:24","0.26","4.11","12.6","Off","12.924169,77.638703",
"11-Sep-2026 14:36:54","2.43","4.11","12.58","Off","12.924172,77.638769",
"11-Sep-2026 14:37:11","2.43","4.12","12.56","Off","12.924172,77.638769",
"11-Sep-2026 14:37:54","0.17","4.11","12.58","Off","12.924177,77.638723",
"11-Sep-2026 14:38:54","0.31","4.11","12.56","Off","12.924171,77.638705",
"11-Sep-2026 14:39:54","0.07","4.11","12.53","Off","12.924175,77.638712",
"11-Sep-2026 14:40:54","0.99","4.11","12.56","Off","12.924195,77.638718",
"11-Sep-2026 14:41:11","0.99","4.11","12.56","Off","12.924195,77.638718",
"11-Sep-2026 15:05:18","0.99","4.12","12.63","On","12.924195,77.638718",
"11-Sep-2026 15:05:18","0.99","4.12","12.63","On","12.924195,77.638718",
"11-Sep-2026 15:05:18","1.17","4.12","12.63","On","12.924185,77.638718",
"11-Sep-2026 15:05:24","1.17","4.11","12.56","On","12.924185,77.638718",
"11-Sep-2026 15:05:54","16.7","4.12","13.62","On","12.924123,77.638441",
"11-Sep-2026 15:06:05","21.35","4.12","13.62","On","12.924606,77.638268",
"11-Sep-2026 15:06:24","7.8","4.11","13.81","On","12.924865,77.637801",
"11-Sep-2026 15:06:54","9.77","4.11","13.86","On","12.925136,77.637082",
"11-Sep-2026 15:07:00","18.86","4.11","13.86","On","12.925183,77.636962",
"11-Sep-2026 15:07:15","1.63","4.11","13.86","On","12.925295,77.636465",
"11-Sep-2026 15:07:24","20.84","4.11","13.83","On","12.925302,77.636602",
"11-Sep-2026 15:07:25","20.84","4.11","13.83","On","12.925302,77.636602",
"11-Sep-2026 15:07:40","27.91","4.11","13.83","On","12.924958,77.637753",
"11-Sep-2026 15:07:54","32.8","4.12","13.88","On","12.924295,77.638926",
"11-Sep-2026 15:08:24","3.45","4.11","13.86","On","12.924035,77.639674",
"11-Sep-2026 15:08:54","41.93","4.11","13.88","On","12.923478,77.641044",
"11-Sep-2026 15:09:00","48.15","4.11","13.88","On","12.923393,77.641489",
"11-Sep-2026 15:09:24","55.45","4.11","13.91","On","12.924253,77.644484",
"11-Sep-2026 15:09:54","40.9","4.11","13.91","On","12.924643,77.648399",
"11-Sep-2026 15:10:10","8.53","4.11","13.91","On","12.924694,77.649205",
"11-Sep-2026 15:10:24","5.55","4.11","13.88","On","12.924657,77.649535",
"11-Sep-2026 15:10:54","3.41","4.11","13.91","On","12.924601,77.649828",
"11-Sep-2026 15:11:24","41.66","4.11","13.88","On","12.92434,77.651155",
"11-Sep-2026 15:11:45","12.41","4.11","13.88","On","12.924128,77.651746",
"11-Sep-2026 15:11:50","15.42","4.11","13.88","On","12.924001,77.651793",
"11-Sep-2026 15:11:54","32.03","4.11","13.86","On","12.923485,77.651629",
"11-Sep-2026 15:12:24","10.53","4.11","13.83","On","12.921144,77.651555",
"11-Sep-2026 15:12:30","15.97","4.11","13.83","On","12.921041,77.651559",
"11-Sep-2026 15:12:54","18.83","4.11","13.88","On","12.919631,77.651675",
"11-Sep-2026 15:13:24","23.48","4.11","13.88","On","12.918204,77.651765",
"11-Sep-2026 15:13:35","5.01","4.11","13.88","On","12.91796,77.651708",
"11-Sep-2026 15:13:45","11.95","4.11","13.88","On","12.917903,77.651702",
"11-Sep-2026 15:13:54","19.66","4.12","13.91","On","12.917349,77.651751",
"11-Sep-2026 15:14:24","25.18","4.11","13.91","On","12.915902,77.651752",
"11-Sep-2026 15:14:54","33.33","4.12","13.93","On","12.913799,77.651807",
"11-Sep-2026 15:15:24","12.22","4.11","13.88","On","12.912081,77.651833",
"11-Sep-2026 15:15:54","26.99","4.11","13.88","On","12.909946,77.651888",
"11-Sep-2026 15:16:24","11.04","4.11","13.88","On","12.908195,77.651736",
"11-Sep-2026 15:16:54","32.84","4.11","13.93","On","12.906242,77.651356",
"11-Sep-2026 15:17:15","24.73","4.11","13.93","On","12.904689,77.650976",
"11-Sep-2026 15:17:24","6.21","4.11","13.91","On","12.904421,77.650856",
"11-Sep-2026 15:17:25","6.21","4.11","13.91","On","12.904421,77.650856",
"11-Sep-2026 15:17:30","14.67","4.11","13.91","On","12.904338,77.65083",
"11-Sep-2026 15:17:50","11.24","4.11","13.91","On","12.903062,77.650494",
"11-Sep-2026 15:17:54","32.38","4.11","13.93","On","12.902567,77.650571",
"11-Sep-2026 15:18:15","10.36","4.11","13.93","On","12.901459,77.651119",
"11-Sep-2026 15:18:24","4.91","4.11","13.88","On","12.901381,77.651314",
"11-Sep-2026 15:18:30","5.38","4.11","13.88","On","12.901351,77.651392",
"11-Sep-2026 15:18:54","10.87","4.11","13.86","On","12.900999,77.651713",
"11-Sep-2026 15:19:24","2.81","4.11","13.86","On","12.900533,77.651584",
"11-Sep-2026 15:19:54","5.29","4.11","13.86","On","12.90017,77.651499",
"11-Sep-2026 15:20:24","3.59","4.11","13.83","On","12.899928,77.651408",
"11-Sep-2026 15:20:54","3.71","4.11","13.88","On","12.899746,77.651375",
"11-Sep-2026 15:21:24","1.23","4.11","13.86","On","12.899302,77.651336",
"11-Sep-2026 15:21:40","13.18","4.11","13.86","On","12.899132,77.651298",
"11-Sep-2026 15:21:45","7.24","4.11","13.86","On","12.898991,77.651271",
"11-Sep-2026 15:21:54","5.45","4.11","13.86","On","12.898801,77.651255",
"11-Sep-2026 15:22:00","11.8","4.11","13.86","On","12.898703,77.6513",
"11-Sep-2026 15:22:05","11.98","4.11","13.86","On","12.898573,77.651276",
"11-Sep-2026 15:22:10","26.7","4.11","13.86","On","12.898398,77.651221",
"11-Sep-2026 15:22:15","4.56","4.11","13.86","On","12.898245,77.651194",
"11-Sep-2026 15:22:24","4.31","4.11","13.86","On","12.897958,77.651171",
"11-Sep-2026 15:22:35","31.68","4.11","13.86","On","12.897639,77.651117",
"11-Sep-2026 15:22:54","25.15","4.11","13.83","On","12.896274,77.651021",
"11-Sep-2026 15:23:10","10.17","4.11","13.83","On","12.895427,77.650912",
"11-Sep-2026 15:23:24","6.68","4.11","13.83","On","12.895238,77.650852",
"11-Sep-2026 15:23:25","6.68","4.11","13.83","On","12.895238,77.650852",
"11-Sep-2026 15:23:35","11.51","4.11","13.83","On","12.895105,77.650841",
"11-Sep-2026 15:23:54","5.64","4.11","13.79","On","12.893762,77.650795",
"11-Sep-2026 15:24:15","18.95","4.11","13.79","On","12.893562,77.650736",
"11-Sep-2026 15:24:24","23.69","4.11","13.79","On","12.893031,77.650242",
"11-Sep-2026 15:24:30","9.81","4.11","13.79","On","12.892897,77.650153",
"11-Sep-2026 15:24:54","25.26","4.11","13.81","On","12.891651,77.64935",
"11-Sep-2026 15:25:15","18.81","4.11","13.81","On","12.891029,77.649105",
"11-Sep-2026 15:25:20","22.07","4.11","13.81","On","12.890572,77.649279",
"11-Sep-2026 15:25:24","9.49","4.11","13.81","On","12.890437,77.649341",
"11-Sep-2026 15:25:30","4.66","4.11","13.81","On","12.890365,77.649411",
"11-Sep-2026 15:25:54","1.4","4.11","13.81","On","12.890219,77.649538",
"11-Sep-2026 15:26:24","6.28","4.11","13.86","On","12.890083,77.649544",
"11-Sep-2026 15:26:54","3.1","4.11","13.91","On","12.890022,77.649578",
"11-Sep-2026 15:27:24","1.69","4.11","13.91","On","12.889979,77.64966",
"11-Sep-2026 15:27:54","1.59","4.11","13.88","On","12.889981,77.649692",
"11-Sep-2026 15:28:24","1.21","4.11","13.88","On","12.889916,77.649711",
"11-Sep-2026 15:28:54","0.98","4.11","13.91","On","12.889703,77.649723",
"11-Sep-2026 15:29:24","0.65","4.11","13.83","On","12.889504,77.649752",
"11-Sep-2026 15:29:54","0.91","4.11","13.83","On","12.889471,77.649696",
"11-Sep-2026 15:30:24","1.62","4.11","13.88","On","12.889328,77.649631",
"11-Sep-2026 15:30:54","2.9","4.11","13.86","On","12.889383,77.649503",
"11-Sep-2026 15:31:10","11.47","4.11","13.86","On","12.889418,77.64925",
"11-Sep-2026 15:31:15","3.96","4.11","13.86","On","12.889341,77.649207",
"11-Sep-2026 15:31:24","1.72","4.11","13.88","On","12.889313,77.649155",
"11-Sep-2026 15:31:45","12.17","4.11","13.88","On","12.889207,77.649197",
"11-Sep-2026 15:31:54","12.12","4.11","13.88","On","12.889043,77.649134",
"11-Sep-2026 15:31:55","12.12","4.11","13.88","On","12.889043,77.649134",
"11-Sep-2026 15:32:05","1.21","4.11","13.88","On","12.88827,77.649205",
"11-Sep-2026 15:32:24","38.35","4.11","13.79","On","12.887618,77.649668",
"11-Sep-2026 15:32:25","38.35","4.11","13.79","On","12.887618,77.649668",
"11-Sep-2026 15:32:54","26.25","4.11","13.83","On","12.885735,77.649418",
"11-Sep-2026 15:33:24","22","4.11","13.81","On","12.883975,77.649322",
"11-Sep-2026 15:33:30","7.39","4.11","13.81","On","12.883813,77.649351",
"11-Sep-2026 15:33:54","21.99","4.11","13.81","On","12.883101,77.649799",
"11-Sep-2026 15:34:05","23.05","4.11","13.81","On","12.882832,77.650322",
"11-Sep-2026 15:34:24","39.91","4.11","13.83","On","12.882489,77.651713",
"11-Sep-2026 15:34:30","38.17","4.11","13.83","On","12.88224,77.652045",
"11-Sep-2026 15:34:40","14.44","4.11","13.83","On","12.881748,77.652396",
"11-Sep-2026 15:34:54","11.1","4.11","13.81","On","12.880914,77.652707",
"11-Sep-2026 15:35:24","21.55","4.12","13.81","On","12.879956,77.653214",
"11-Sep-2026 15:35:54","12.38","4.11","13.79","On","12.878902,77.653818",
"11-Sep-2026 15:35:55","12.38","4.11","13.79","On","12.878902,77.653818",
"11-Sep-2026 15:36:00","18.83","4.11","13.79","On","12.879031,77.653938",
"11-Sep-2026 15:36:05","17.23","4.11","13.79","On","12.879116,77.654082",
"11-Sep-2026 15:36:24","26.96","4.11","13.76","On","12.878528,77.65443",
"11-Sep-2026 15:36:25","14.4","4.11","13.76","On","12.878331,77.65449",
"11-Sep-2026 15:36:54","7.31","4.11","13.79","On","12.876923,77.654395",
"11-Sep-2026 15:37:24","18.17","4.11","13.76","On","12.87617,77.654284",
"11-Sep-2026 15:37:30","13.9","4.11","13.76","On","12.875773,77.654243",
"11-Sep-2026 15:37:35","24.41","4.11","13.76","On","12.875734,77.65445",
"11-Sep-2026 15:37:45","11.57","4.11","13.76","On","12.875664,77.654732",
"11-Sep-2026 15:37:50","21.28","4.11","13.76","On","12.87552,77.65469",
"11-Sep-2026 15:37:54","25.09","4.11","13.81","On","12.875301,77.654611",
"11-Sep-2026 15:38:24","23.99","4.11","13.83","On","12.873571,77.654107",
"11-Sep-2026 15:38:54","19.23","4.11","13.81","On","12.872461,77.654034",
"11-Sep-2026 15:39:00","10.7","4.11","13.81","On","12.872347,77.654037",
"11-Sep-2026 15:39:05","0.92","4.11","13.81","On","12.87233,77.65406",
"11-Sep-2026 15:39:24","9.96","4.11","13.79","On","12.872313,77.654502",
"11-Sep-2026 15:39:54","6.36","4.11","13.81","On","12.872457,77.655142",
"11-Sep-2026 15:40:24","0.9","4.11","13.79","On","12.872606,77.65535",
"11-Sep-2026 15:40:50","10.83","4.11","13.79","On","12.87283,77.65551",
"11-Sep-2026 15:40:54","24.47","4.11","13.76","On","12.872958,77.655641",
"11-Sep-2026 15:41:05","11.54","4.11","13.76","On","12.873252,77.655816",
"11-Sep-2026 15:41:24","5.53","4.11","13.79","On","12.874082,77.655927",
"11-Sep-2026 15:41:40","13.71","4.11","13.79","On","12.874402,77.655974",
"11-Sep-2026 15:41:45","29.76","4.11","13.79","On","12.87462,77.655997",
"11-Sep-2026 15:41:54","21.62","4.11","13.79","On","12.875502,77.656056",
"11-Sep-2026 15:42:00","13.66","4.11","13.79","On","12.875584,77.656182",
"11-Sep-2026 15:42:24","11.65","4.11","13.81","On","12.875531,77.656811",
"11-Sep-2026 15:42:54","5.97","4.11","13.83","On","12.875635,77.658089",
"11-Sep-2026 15:43:00","3.6","4.11","13.83","On","12.875635,77.65813",
"11-Sep-2026 15:43:24","0.23","4.11","13.81","On","12.87564,77.658192",
"11-Sep-2026 15:43:54","1.4","4.11","13.86","On","12.875673,77.658208",
"11-Sep-2026 15:44:24","1.48","4.11","13.83","On","12.875659,77.658178",
"11-Sep-2026 15:44:54","0.47","4.11","13.83","On","12.875674,77.658196",
"11-Sep-2026 15:45:24","0.49","4.11","13.83","On","12.875654,77.65824",
"11-Sep-2026 15:45:54","0.32","4.11","13.88","On","12.875659,77.658249",
"11-Sep-2026 15:46:24","0.13","4.11","13.18","Off","12.875675,77.658223",
"11-Sep-2026 15:46:54","0.56","4.11","12.99","Off","12.875677,77.658225",
"11-Sep-2026 15:47:01","0.56","4.11","12.99","Off","12.875677,77.658225",
"11-Sep-2026 15:47:54","1.05","4.11","12.97","Off","12.875624,77.658186",
"11-Sep-2026 15:48:54","0.62","4.12","12.97","Off","12.875654,77.658212",
"11-Sep-2026 15:49:54","0.11","4.12","12.89","Off","12.875701,77.658198",
"11-Sep-2026 15:50:54","1.5","4.11","12.85","Off","12.875693,77.658191",
"11-Sep-2026 15:51:01","1.5","4.11","12.85","Off","12.875693,77.658191",
"11-Sep-2026 16:51:01","1.5","4.11","12.58","Off","12.875693,77.658191",
"11-Sep-2026 16:51:01","0.81","4.11","12.58","Off","12.875688,77.658189",
"11-Sep-2026 16:54:54","0.83","4.11","12.51","Off","12.875531,77.658326",
"11-Sep-2026 16:55:01","0.83","4.11","12.51","Off","12.875531,77.658326",
"11-Sep-2026 17:55:01","0.83","4.11","12.56","Off","12.875531,77.658326",
"11-Sep-2026 17:55:01","0.25","4.11","12.56","Off","12.875583,77.658349",
"11-Sep-2026 17:58:54","4.95","4.11","12.48","Off","12.875626,77.657844",
"11-Sep-2026 17:59:01","4.95","4.11","12.46","Off","12.875626,77.657844",
"11-Sep-2026 18:59:01","4.95","4.11","12.56","Off","12.875626,77.657844",
"11-Sep-2026 18:59:01","3.19","4.11","12.56","Off","12.875686,77.657834",
"11-Sep-2026 20:56:54","0","4.11","13.62","On","12.870646,77.654952",
"11-Sep-2026 20:59:54","43.85","4.11","13.62","On","12.859082,77.661937",
"11-Sep-2026 20:59:54","43.85","4.11","13.64","On","12.859082,77.661937",
"11-Sep-2026 21:00:14","47.57","4.11","13.64","On","12.858071,77.662764",
"11-Sep-2026 21:00:19","51.47","4.11","13.64","On","12.857222,77.663493",
"11-Sep-2026 21:00:24","52.17","4.11","13.64","On","12.856812,77.663829",
"11-Sep-2026 21:00:54","6.76","4.11","13.64","On","12.854115,77.665986",
"11-Sep-2026 21:01:24","45.33","4.11","13.62","On","12.852178,77.66764",
"11-Sep-2026 21:01:54","35.65","4.11","13.59","On","12.849797,77.669567",
"11-Sep-2026 21:02:24","38.16","4.11","13.57","On","12.847476,77.671234",
"11-Sep-2026 21:02:38","13.91","4.11","13.57","On","12.846863,77.671775",
"11-Sep-2026 21:02:43","20.88","4.11","13.57","On","12.846726,77.67202",
"11-Sep-2026 21:02:54","9.54","4.11","13.62","On","12.846523,77.672186",
"11-Sep-2026 21:03:23","9.41","4.11","13.62","On","12.844656,77.674032",
"11-Sep-2026 21:03:24","9.41","4.11","13.64","On","12.844656,77.674032",
"11-Sep-2026 21:03:54","43.71","4.11","13.64","On","12.845064,77.676046",
"11-Sep-2026 21:04:24","50.85","4.11","13.66","On","12.844965,77.679633",
"11-Sep-2026 21:04:44","14.08","4.11","13.66","On","12.844996,77.681235",
"11-Sep-2026 21:04:54","25.36","4.11","13.64","On","12.844906,77.681557",
"11-Sep-2026 21:05:24","28.48","4.11","13.59","On","12.84434,77.68306",
"11-Sep-2026 21:05:44","6.73","4.11","13.59","On","12.843821,77.684197",
"11-Sep-2026 21:05:49","13.46","4.11","13.59","On","12.84376,77.684116",
"11-Sep-2026 21:05:54","19.77","4.11","13.59","On","12.843666,77.68401",
"11-Sep-2026 21:06:04","5.9","4.11","13.59","On","12.843264,77.683504",
"11-Sep-2026 21:06:24","1.95","4.11","13.59","On","12.843241,77.6836",
"11-Sep-2026 21:06:54","1.05","4.11","13.59","On","12.843198,77.683497",
"11-Sep-2026 21:07:19","16.85","4.11","13.59","On","12.842522,77.682997",
"11-Sep-2026 21:07:24","11.52","4.11","13.62","On","12.842405,77.683087",
"11-Sep-2026 21:07:34","6.81","4.11","13.62","On","12.842324,77.683149",
"11-Sep-2026 21:07:54","1.11","4.11","13.38","Off","12.842348,77.68317",
"11-Sep-2026 21:08:24","0.55","4.11","13.28","Off","12.842341,77.683156",
"11-Sep-2026 21:08:54","1.27","4.11","13.23","Off","12.842323,77.683146",
"11-Sep-2026 21:09:05","1.27","4.11","13.21","Off","12.842323,77.683146",
"11-Sep-2026 21:09:54","0.54","4.11","13.16","Off","12.842334,77.683144",
"11-Sep-2026 21:10:54","1.02","4.11","13.09","Off","12.842291,77.683117",
"11-Sep-2026 21:11:54","1.79","4.11","13.01","Off","12.842302,77.683126",
"11-Sep-2026 21:12:15","1.79","4.11","12.99","Off","12.842302,77.683126",
"11-Sep-2026 21:12:24","0.11","4.11","12.97","Off","12.842301,77.683134",
"11-Sep-2026 21:12:54","2.11","4.11","12.92","Off","12.842279,77.683117",
"11-Sep-2026 21:13:15","2.11","4.11","12.89","Off","12.842279,77.683117",
"11-Sep-2026 21:13:54","1.74","4.11","12.89","Off","12.842306,77.683143",
"11-Sep-2026 21:14:54","0.59","4.11","12.85","Off","12.842304,77.683168",
"11-Sep-2026 21:15:54","1.99","4.11","12.82","Off","12.842319,77.683162",
"11-Sep-2026 21:16:54","0.37","4.11","12.82","Off","12.842322,77.683182",
"11-Sep-2026 21:17:15","0.37","4.11","12.82","Off","12.842322,77.683182",
"11-Sep-2026 21:34:49","0.37","4.11","12.7","On","12.842322,77.683182",
"11-Sep-2026 21:34:49","0.37","4.11","12.7","On","12.842322,77.683182",
"11-Sep-2026 21:34:49","1.45","4.11","12.7","On","12.84233,77.683181",
"11-Sep-2026 21:34:54","1.45","4.11","12.65","On","12.84233,77.683181",
"11-Sep-2026 21:35:24","0","4.11","13.62","On","12.842243,77.683152",
"11-Sep-2026 21:36:24","0","4.11","13.52","Off","12.84206,77.683366",
"11-Sep-2026 21:37:24","0.96","4.11","12.7","Off","12.842403,77.683126",
"11-Sep-2026 21:37:54","1.49","4.11","12.58","Off","12.842446,77.683165",
"11-Sep-2026 21:38:03","1.49","4.11","12.58","Off","12.842446,77.683165",
"11-Sep-2026 21:38:54","2.09","4.11","12.51","Off","12.842396,77.683151",
"11-Sep-2026 21:39:54","0.94","4.11","12.44","Off","12.842424,77.68312",
"11-Sep-2026 21:40:54","1.27","4.11","12.36","Off","12.842439,77.683093",
"11-Sep-2026 21:41:06","1.27","4.11","12.36","On","12.842439,77.683093",
"11-Sep-2026 21:41:24","1.57","4.11","12.94","On","12.842414,77.683103",
"11-Sep-2026 21:41:54","0.16","4.11","13.71","On","12.842424,77.683125",
"11-Sep-2026 21:42:24","0.69","4.11","13.86","On","12.842435,77.683102",
"11-Sep-2026 21:42:54","0.33","4.11","13.83","On","12.842319,77.683112",
"11-Sep-2026 21:43:24","0.98","4.11","13.47","Off","12.84231,77.683108",
"11-Sep-2026 21:43:54","0.85","4.11","13.16","Off","12.842316,77.683102",
"11-Sep-2026 21:44:23","0.85","4.11","13.06","Off","12.842316,77.683102",
"11-Sep-2026 21:44:54","1.07","4.11","13.04","Off","12.84232,77.683101",
"11-Sep-2026 21:45:54","1.73","4.11","12.97","Off","12.84231,77.683122",
"11-Sep-2026 21:46:54","0.63","4.11","12.89","Off","12.842319,77.683111",
"11-Sep-2026 21:47:54","2.01","4.11","12.85","Off","12.842328,77.683112",
"11-Sep-2026 21:48:23","2.01","4.11","12.82","Off","12.842328,77.683112",
"11-Sep-2026 21:54:54","2.01","4.11","12.75","Off","12.842328,77.683112",
"11-Sep-2026 21:54:54","1.12","4.11","12.75","Off","12.842315,77.683097",
"11-Sep-2026 21:54:54","1.12","4.11","12.75","Off","12.842315,77.683097",
"11-Sep-2026 21:55:54","0.24","4.11","12.7","Off","12.842318,77.683106",
"11-Sep-2026 21:56:54","0.03","4.11","12.65","Off","12.842301,77.683074",
"11-Sep-2026 21:57:54","0.55","4.11","12.65","Off","12.842312,77.683079",
"11-Sep-2026 21:58:54","0.55","4.11","12.6","Off","12.842312,77.683079",
"11-Sep-2026 22:09:11","0.55","4.11","12.65","Off","12.842312,77.683079",
"11-Sep-2026 22:09:11","2.92","4.11","12.65","Off","12.842293,77.683071",
"11-Sep-2026 22:09:13","2.92","4.11","12.65","Off","12.842293,77.683071",
"11-Sep-2026 22:09:24","2.92","4.11","12.6","Off","12.842293,77.683071",
"11-Sep-2026 22:09:54","0","4.11","12.56","Off","12.842166,77.683184",
"11-Sep-2026 22:10:13","0","4.11","12.58","Off","12.842166,77.683184",
"11-Sep-2026 22:10:54","1.03","4.11","12.58","Off","12.842308,77.683201",
"11-Sep-2026 22:11:54","0.67","4.11","12.56","Off","12.842292,77.683063",
"11-Sep-2026 22:12:54","0.91","4.11","12.56","Off","12.842313,77.68308",
"11-Sep-2026 22:13:54","0.93","4.11","12.56","Off","12.842339,77.683073",
"11-Sep-2026 22:14:13","0.93","4.11","12.58","Off","12.842339,77.683073",
"11-Sep-2026 23:14:13","0.93","4.11","12.53","Off","12.842339,77.683073",
"11-Sep-2026 23:14:13","0.21","4.11","12.53","Off","12.842337,77.683083",
"11-Sep-2026 23:14:54","0","4.11","12.48","Off","12.842001,77.683386",
"11-Sep-2026 23:15:54","0.69","4.11","12.46","Off","12.842285,77.683195",
"11-Sep-2026 23:16:54","1.11","4.11","12.44","Off","12.842303,77.683203",
"11-Sep-2026 23:17:54","0.55","4.11","12.44","Off","12.842294,77.683237",
"11-Sep-2026 23:18:13","0.55","4.11","12.41","Off","12.842294,77.683237",
"12-Sep-2026 00:18:13","0.55","4.11","12.44","Off","12.842294,77.683237",
"12-Sep-2026 00:18:13","0.54","4.11","12.44","Off","12.842291,77.683239",
"12-Sep-2026 00:19:54","1.65","4.11","12.41","Off","12.842341,77.683208",
"12-Sep-2026 00:20:54","4.31","4.11","12.36","Off","12.842367,77.683358",
"12-Sep-2026 00:20:57","10.59","4.11","12.36","Off","12.842386,77.683386",
"12-Sep-2026 00:21:54","1.94","4.11","12.36","Off","12.842412,77.683432",
"12-Sep-2026 00:22:13","1.94","4.11","12.39","Off","12.842412,77.683432",
"12-Sep-2026 01:22:13","1.94","4.11","12.41","Off","12.842412,77.683432",
"12-Sep-2026 01:22:13","1.1","4.11","12.41","Off","12.842363,77.683321",
"12-Sep-2026 01:22:54","0","4.11","12.41","Off","12.842232,77.683332",
"12-Sep-2026 01:23:54","0","4.11","12.39","Off","12.842187,77.683393",
"12-Sep-2026 01:24:54","0","4.11","12.39","Off","12.842144,77.683262",
"12-Sep-2026 02:03:54","2.62","4.11","13.09","Off","12.802049,77.705008",
"12-Sep-2026 02:04:54","0.44","4.11","13.01","Off","12.802033,77.704838",
"12-Sep-2026 02:18:28","18.83","4.11","13.62","On","12.787934,77.703828",
"12-Sep-2026 02:18:33","44.1","4.11","13.62","On","12.787729,77.703774",
"12-Sep-2026 02:18:38","40.8","4.11","13.62","On","12.787463,77.703639",
"12-Sep-2026 02:18:54","39.88","4.11","13.62","On","12.785979,77.703284",
"12-Sep-2026 02:19:13","31.78","4.11","13.62","On","12.784335,77.703238",
"12-Sep-2026 02:19:24","36.89","4.11","13.59","On","12.783301,77.703699",
"12-Sep-2026 02:19:43","31.67","4.11","13.59","On","12.781996,77.703866",
"12-Sep-2026 02:19:53","19.33","4.11","13.59","On","12.781553,77.703336",
"12-Sep-2026 02:19:54","19.33","4.11","13.59","On","12.781553,77.703336",
"12-Sep-2026 02:20:24","24.8","4.11","13.59","On","12.782205,77.701416",
"12-Sep-2026 02:20:48","12.42","4.11","13.59","On","12.782277,77.701189",
"12-Sep-2026 02:20:54","15.78","4.11","13.59","On","12.782334,77.701001",
"12-Sep-2026 02:20:58","8.7","4.11","13.59","On","12.782319,77.700869",
"12-Sep-2026 02:21:08","27.22","4.11","13.59","On","12.782385,77.700611",
"12-Sep-2026 02:21:24","8","4.11","13.64","On","12.782501,77.699782",
"12-Sep-2026 02:21:43","0.04","4.11","13.64","On","12.782632,77.699868",
"12-Sep-2026 02:21:48","14.87","4.11","13.64","On","12.78275,77.699938",
"12-Sep-2026 02:21:54","6.11","4.11","13.64","On","12.783059,77.700044",
"12-Sep-2026 02:22:03","14.74","4.11","13.64","On","12.783181,77.700132",
"12-Sep-2026 02:22:08","9.58","4.11","13.64","On","12.783156,77.700229",
"12-Sep-2026 02:22:24","3.39","4.11","13.59","On","12.783285,77.700136",
"12-Sep-2026 02:22:43","10.97","4.11","13.59","On","12.783135,77.700268",
"12-Sep-2026 02:22:48","3.4","4.11","13.59","On","12.783112,77.700276",
"12-Sep-2026 02:22:54","3.08","4.11","13.81","On","12.783072,77.700332",
"12-Sep-2026 02:23:24","1.56","4.11","13.91","On","12.783217,77.700206",
"12-Sep-2026 02:23:54","1.34","4.11","13.91","On","12.783254,77.700206",
"12-Sep-2026 02:24:24","0.71","4.11","13.95","On","12.783217,77.70024",
"12-Sep-2026 02:25:54","5.94","4.11","13.93","On","12.783191,77.700179",
"12-Sep-2026 02:26:24","1.68","4.11","13.93","On","12.78328,77.700121",
"12-Sep-2026 02:26:54","2.59","4.11","13.64","Off","12.783293,77.700132",
"12-Sep-2026 02:27:24","1.99","4.11","13.35","Off","12.783299,77.70016",
"12-Sep-2026 02:27:54","1.52","4.11","13.26","Off","12.78328,77.700176",
"12-Sep-2026 02:28:16","1.52","4.11","13.18","Off","12.78328,77.700176",
"12-Sep-2026 02:28:54","3.32","4.11","13.13","Off","12.783232,77.700097",
"12-Sep-2026 02:29:54","1.78","4.11","13.04","Off","12.783234,77.70018",
"12-Sep-2026 02:30:54","3.15","4.11","12.94","Off","12.783209,77.700134",
"12-Sep-2026 02:31:54","3.7","4.11","12.87","Off","12.78321,77.700226",
"12-Sep-2026 02:32:16","3.7","4.11","12.87","Off","12.78321,77.700226",
"12-Sep-2026 02:35:08","3.7","4.11","12.77","On","12.78321,77.700226",
"12-Sep-2026 02:35:08","3.7","4.11","12.77","On","12.78321,77.700226",
"12-Sep-2026 02:35:08","2.72","4.11","12.77","On","12.783231,77.700237",
"12-Sep-2026 02:35:24","2.72","4.11","13.06","On","12.783231,77.700237",
"12-Sep-2026 02:37:54","6.36","4.11","13.91","On","12.782276,77.701252",
"12-Sep-2026 02:37:56","23.02","4.11","13.91","On","12.782245,77.701464",
"12-Sep-2026 02:38:24","27.21","4.11","13.69","On","12.781657,77.703151",
"12-Sep-2026 02:38:36","33.82","4.11","13.69","On","12.781768,77.703738",
"12-Sep-2026 02:38:46","41.73","4.11","13.69","On","12.782524,77.703894",
"12-Sep-2026 02:38:54","31.16","4.11","13.64","On","12.783142,77.70377",
"12-Sep-2026 02:39:21","39.7","4.11","13.64","On","12.785497,77.703144",
"12-Sep-2026 02:39:24","38.23","4.11","13.64","On","12.785825,77.703157",
"12-Sep-2026 02:39:46","41.18","4.11","13.64","On","12.787704,77.703652",
"12-Sep-2026 02:39:54","40.37","4.11","13.64","On","12.788374,77.70417",
"12-Sep-2026 02:40:16","46.87","4.11","13.64","On","12.790779,77.705601",
"12-Sep-2026 02:40:24","48.52","4.11","13.64","On","12.791662,77.705763",
"12-Sep-2026 02:40:54","47.11","4.11","13.66","On","12.79399,77.706255",
"12-Sep-2026 02:41:11","53.16","4.11","13.66","On","12.795955,77.706521",
"12-Sep-2026 02:41:24","9.06","4.11","13.64","On","12.797639,77.706241",
"12-Sep-2026 02:41:26","9.06","4.11","13.64","On","12.797639,77.706241",
"12-Sep-2026 02:41:31","23.98","4.11","13.64","On","12.797796,77.706162",
"12-Sep-2026 02:41:54","45.31","4.11","13.64","On","12.800228,77.70544",
"12-Sep-2026 02:42:16","29.78","4.11","13.64","On","12.802032,77.704863",
"12-Sep-2026 02:42:24","9.29","4.11","13.64","On","12.802237,77.704562",
"12-Sep-2026 02:42:26","9.29","4.11","13.64","On","12.802237,77.704562",
"12-Sep-2026 02:42:31","16.89","4.11","13.64","On","12.80238,77.704536",
"12-Sep-2026 02:42:36","9.93","4.11","13.64","On","12.802632,77.704408",
"12-Sep-2026 02:43:16","28.17","4.11","13.64","On","12.803721,77.701761",
"12-Sep-2026 02:43:24","20.27","4.11","13.62","On","12.804151,77.701216",
"12-Sep-2026 02:43:54","28.39","4.11","13.66","On","12.805525,77.700013",
"12-Sep-2026 02:44:01","9.01","4.11","13.66","On","12.805817,77.69989",
"12-Sep-2026 02:44:21","30.51","4.11","13.66","On","12.805411,77.700122",
"12-Sep-2026 02:44:24","34.18","4.11","13.64","On","12.805135,77.70036",
"12-Sep-2026 02:44:54","30.32","4.11","13.66","On","12.80384,77.701585",
"12-Sep-2026 02:45:11","35.05","4.11","13.66","On","12.803166,77.702589",
"12-Sep-2026 02:45:21","15.46","4.11","13.66","On","12.802831,77.703163",
"12-Sep-2026 02:45:24","6.96","4.11","13.66","On","12.802705,77.703129",
"12-Sep-2026 02:45:48","22.41","4.11","13.66","On","12.802765,77.703288",
"12-Sep-2026 02:45:54","31.74","4.11","13.66","On","12.802734,77.703592",
"12-Sep-2026 02:46:24","17.84","4.11","13.64","On","12.802561,77.704978",
"12-Sep-2026 02:46:33","23.05","4.11","13.64","On","12.802246,77.705128",
"12-Sep-2026 02:46:43","19.99","4.11","13.64","On","12.80186,77.705099",
"12-Sep-2026 02:46:54","24.31","4.11","13.66","On","12.801139,77.705306",
"12-Sep-2026 02:47:24","20.02","4.11","13.66","On","12.79994,77.705641",
"12-Sep-2026 02:47:54","13.96","4.11","13.69","On","12.798888,77.705964",
"12-Sep-2026 02:48:24","27.47","4.11","13.66","On","12.797514,77.706412",
"12-Sep-2026 02:48:54","33","4.11","13.66","On","12.795051,77.70664",
"12-Sep-2026 02:48:58","29.77","4.11","13.66","On","12.794753,77.706577",
"12-Sep-2026 02:49:24","22.36","4.11","13.69","On","12.792905,77.706194",
"12-Sep-2026 02:49:54","25.4","4.11","13.66","On","12.791071,77.705791",
"12-Sep-2026 02:50:18","30.78","4.11","13.66","On","12.789459,77.705332",
"12-Sep-2026 02:50:24","33.11","4.11","13.69","On","12.789191,77.705127",
"12-Sep-2026 02:50:54","14.62","4.11","13.66","On","12.787736,77.703749",
"12-Sep-2026 02:51:03","24.8","4.11","13.66","On","12.787398,77.703593",
"12-Sep-2026 02:51:24","24.46","4.11","13.69","On","12.78605,77.703252",
"12-Sep-2026 02:51:43","23.78","4.11","13.69","On","12.78473,77.703179",
"12-Sep-2026 02:51:54","33.55","4.11","13.66","On","12.783883,77.703457",
"12-Sep-2026 02:52:18","31.26","4.11","13.66","On","12.782041,77.703931",
"12-Sep-2026 02:52:24","31.29","4.11","13.66","On","12.781783,77.703783",
"12-Sep-2026 02:52:33","16.85","4.11","13.66","On","12.781593,77.703309",
"12-Sep-2026 02:52:54","19.87","4.11","13.66","On","12.7818,77.702677",
"12-Sep-2026 02:53:24","1.08","4.11","13.66","On","12.782195,77.701407",
"12-Sep-2026 02:53:54","4.11","4.11","13.66","On","12.782256,77.701138",
"12-Sep-2026 02:55:14","10.41","4.11","13.66","On","12.782688,77.699862",
"12-Sep-2026 02:55:19","4.84","4.11","13.66","On","12.782743,77.699802",
"12-Sep-2026 02:55:24","0.75","4.11","13.71","On","12.782745,77.699793",
"12-Sep-2026 02:55:54","3.35","4.11","13.26","On","12.782708,77.699797",
"12-Sep-2026 02:56:24","2.61","4.11","13.11","Off","12.782714,77.699756",
"12-Sep-2026 02:56:54","1.71","4.11","13.09","On","12.782734,77.699739",
"12-Sep-2026 02:57:24","0.32","4.11","13.38","On","12.782752,77.69975",
"12-Sep-2026 02:57:54","1.04","4.11","13.86","On","12.782705,77.69977",
"12-Sep-2026 02:58:24","1.72","4.11","13.95","On","12.7827,77.699767",
"12-Sep-2026 02:58:54","1.44","4.11","13.93","On","12.7827,77.699769",
"12-Sep-2026 02:59:24","0.44","4.11","13.93","On","12.782703,77.699776",
"12-Sep-2026 02:59:54","0.77","4.11","13.95","On","12.782715,77.699815",
"12-Sep-2026 03:00:24","0.11","4.11","13.93","On","12.782737,77.699782",
"12-Sep-2026 03:00:54","0.93","4.11","13.98","On","12.782733,77.699768",
"12-Sep-2026 03:01:24","0.95","4.11","13.93","On","12.782751,77.699785",
"12-Sep-2026 03:01:54","0.85","4.11","13.95","On","12.782737,77.699802",
"12-Sep-2026 03:02:24","0.92","4.11","13.93","On","12.782762,77.699794",
"12-Sep-2026 03:02:54","0.49","4.11","13.91","On","12.782758,77.699808",
"12-Sep-2026 03:03:24","2.23","4.11","13.93","On","12.782755,77.699799",
"12-Sep-2026 03:03:54","0.59","4.11","13.95","On","12.782756,77.699808",
"12-Sep-2026 03:04:24","0.63","4.11","13.93","On","12.782753,77.699797",
"12-Sep-2026 03:04:54","0.68","4.11","13.95","On","12.782779,77.699788",
"12-Sep-2026 03:05:24","0.61","4.11","13.95","On","12.782788,77.699768",
"12-Sep-2026 03:05:54","1.65","4.11","13.95","On","12.782794,77.69977",
"12-Sep-2026 03:06:24","0.79","4.11","13.95","On","12.782775,77.699799",
"12-Sep-2026 03:06:54","0.61","4.11","13.95","On","12.782772,77.699779",
"12-Sep-2026 03:07:24","0.67","4.11","13.95","On","12.782758,77.699784",
"12-Sep-2026 03:07:54","0.77","4.11","13.95","On","12.782758,77.699771",
"12-Sep-2026 03:08:24","0.34","4.11","13.95","On","12.782744,77.699759",
"12-Sep-2026 03:08:54","0.91","4.11","13.95","On","12.782756,77.699751",
"12-Sep-2026 03:09:24","0.67","4.11","13.93","On","12.782759,77.699752",
"12-Sep-2026 03:09:54","0.84","4.11","13.93","On","12.782724,77.699787",
"12-Sep-2026 03:10:24","1.09","4.11","13.95","On","12.782714,77.699752",
"12-Sep-2026 03:10:54","0.71","4.11","13.93","On","12.782694,77.699753",
"12-Sep-2026 03:11:24","1.81","4.11","13.93","On","12.782727,77.69979",
"12-Sep-2026 03:11:54","0.71","4.11","13.91","On","12.782727,77.699765",
"12-Sep-2026 03:12:24","1.49","4.11","13.93","On","12.782716,77.699778",
"12-Sep-2026 03:12:54","1.83","4.11","13.95","On","12.782709,77.69979",
"12-Sep-2026 03:13:24","2.61","4.11","13.95","On","12.782731,77.699786",
"12-Sep-2026 03:13:54","1.09","4.11","13.93","On","12.782761,77.699778",
"12-Sep-2026 03:14:24","2.43","4.11","13.93","On","12.782725,77.699781",
"12-Sep-2026 03:14:54","0.65","4.11","13.95","On","12.782753,77.699769",
"12-Sep-2026 03:15:24","1.89","4.11","13.95","On","12.782778,77.699784",
"12-Sep-2026 03:15:54","4.57","4.11","13.95","On","12.782771,77.699737",
"12-Sep-2026 03:16:24","0.73","4.11","13.93","On","12.782784,77.699707",
"12-Sep-2026 03:16:54","1.97","4.11","13.93","On","12.782756,77.699758",
"12-Sep-2026 03:17:24","1.73","4.11","13.93","On","12.782766,77.699735",
"12-Sep-2026 03:17:54","1.04","4.11","13.93","On","12.78279,77.699742",
"12-Sep-2026 03:18:24","0.42","4.11","13.93","On","12.782789,77.699719",
"12-Sep-2026 03:18:54","0.15","4.11","13.95","On","12.782789,77.699768",
"12-Sep-2026 03:19:24","0.43","4.11","13.93","On","12.782806,77.699747",
"12-Sep-2026 03:19:54","0.42","4.11","13.95","On","12.782816,77.699688",
"12-Sep-2026 03:20:24","0.58","4.11","13.93","On","12.782802,77.699703",
"12-Sep-2026 03:20:54","0.72","4.11","13.93","On","12.782773,77.699732",
"12-Sep-2026 03:21:24","0.29","4.11","13.91","On","12.782759,77.699764",
"12-Sep-2026 03:21:54","4.69","4.11","13.93","On","12.782727,77.699772",
"12-Sep-2026 03:22:24","2.65","4.11","13.95","On","12.782759,77.699737",
"12-Sep-2026 03:22:54","0.63","4.11","13.95","On","12.782778,77.699695",
"12-Sep-2026 03:23:24","3.96","4.11","13.93","On","12.782763,77.699656",
"12-Sep-2026 03:23:54","2.07","4.11","13.93","On","12.782735,77.699709",
"12-Sep-2026 03:24:24","1.04","4.11","13.93","On","12.782705,77.699763",
"12-Sep-2026 03:24:54","1.48","4.11","13.93","On","12.782726,77.699744",
"12-Sep-2026 03:25:24","2.62","4.11","13.93","On","12.782736,77.699757",
"12-Sep-2026 03:25:54","1.27","4.11","13.93","On","12.782759,77.699755",
"12-Sep-2026 03:26:24","0.56","4.11","13.95","On","12.782767,77.699775",
"12-Sep-2026 03:26:54","1.29","4.11","13.93","On","12.782755,77.699783",
"12-Sep-2026 03:27:24","2.06","4.11","13.98","On","12.782735,77.699763",
"12-Sep-2026 03:27:54","0.31","4.11","13.93","On","12.782748,77.699774",
"12-Sep-2026 03:28:24","0.81","4.11","13.93","On","12.782769,77.699746",
"12-Sep-2026 03:28:54","0.86","4.11","13.93","On","12.782772,77.699756",
"12-Sep-2026 03:29:24","1.15","4.11","13.95","On","12.782768,77.699749",
"12-Sep-2026 03:29:54","0.9","4.11","13.93","On","12.78277,77.699754",
"12-Sep-2026 03:30:24","1.62","4.11","13.93","On","12.782771,77.699766",
"12-Sep-2026 03:30:54","0.64","4.11","13.93","On","12.782772,77.699746",
"12-Sep-2026 03:31:24","0.37","4.11","13.93","On","12.782765,77.699754",
"12-Sep-2026 03:31:54","0.66","4.11","13.91","On","12.782756,77.699746",
"12-Sep-2026 03:32:24","1.26","4.11","13.93","On","12.782751,77.699741",
"12-Sep-2026 03:32:54","0.57","4.11","13.93","On","12.782746,77.699761",
"12-Sep-2026 03:33:24","0.56","4.11","13.95","On","12.782742,77.699769",
"12-Sep-2026 03:33:54","1.12","4.11","13.93","On","12.782766,77.699751",
"12-Sep-2026 03:34:24","0.72","4.11","13.95","On","12.782762,77.699772",
"12-Sep-2026 03:34:54","0.33","4.11","13.98","On","12.782767,77.69977",
"12-Sep-2026 03:35:24","0.42","4.11","13.95","On","12.782769,77.699785",
"12-Sep-2026 03:35:54","0.45","4.11","13.91","On","12.782778,77.699794",
"12-Sep-2026 03:36:24","0.62","4.11","13.91","On","12.782754,77.699779",
"12-Sep-2026 03:36:54","0.58","4.11","13.93","On","12.782749,77.699763",
"12-Sep-2026 03:37:24","0.67","4.11","13.91","On","12.782723,77.699762",
"12-Sep-2026 03:37:54","1.37","4.11","13.95","On","12.782737,77.699779",
"12-Sep-2026 03:38:24","1.16","4.11","13.95","On","12.782732,77.699778",
"12-Sep-2026 03:38:54","0.52","4.11","13.95","On","12.782751,77.699766",
"12-Sep-2026 03:39:24","1.09","4.11","13.93","On","12.782744,77.699783",
"12-Sep-2026 03:39:54","1.42","4.11","13.91","On","12.782751,77.699783",
"12-Sep-2026 03:40:24","1.01","4.11","13.93","On","12.782758,77.699776",
"12-Sep-2026 03:40:54","0.82","4.11","13.95","On","12.782735,77.699764",
"12-Sep-2026 03:41:24","1.19","4.11","13.93","On","12.782744,77.69976",
"12-Sep-2026 03:41:54","0.37","4.11","13.95","On","12.78274,77.699741",
"12-Sep-2026 03:42:24","0.59","4.11","13.95","On","12.782776,77.699723",
"12-Sep-2026 03:42:54","2.47","4.11","13.95","On","12.782779,77.699724",
"12-Sep-2026 03:43:24","0.57","4.11","13.91","On","12.782755,77.69973",
"12-Sep-2026 03:43:54","1.68","4.11","13.88","On","12.78277,77.699752",
"12-Sep-2026 03:44:24","0.48","4.11","13.91","On","12.782759,77.699728",
"12-Sep-2026 03:44:54","1.52","4.11","13.93","On","12.782764,77.69974",
"12-Sep-2026 03:45:24","0.4","4.11","13.93","On","12.782778,77.699749",
"12-Sep-2026 03:45:54","0.9","4.11","13.93","On","12.782791,77.699747",
"12-Sep-2026 03:46:24","1.09","4.11","13.93","On","12.782775,77.699771",
"12-Sep-2026 03:46:54","1.12","4.11","13.93","On","12.782762,77.699745",
"12-Sep-2026 03:47:24","0.6","4.11","13.91","On","12.782753,77.69975",
"12-Sep-2026 03:47:54","0.31","4.11","13.91","On","12.782765,77.699756",
"12-Sep-2026 03:48:24","0.62","4.11","13.93","On","12.782762,77.699782",
"12-Sep-2026 03:48:54","0.85","4.11","13.95","On","12.782758,77.699776",
"12-Sep-2026 03:49:24","0.67","4.11","13.93","On","12.782764,77.699757",
"12-Sep-2026 03:49:54","0.84","4.11","13.93","On","12.782776,77.699688",
"12-Sep-2026 03:50:24","0.65","4.11","13.91","On","12.782761,77.699719",
"12-Sep-2026 03:50:54","1.23","4.11","13.93","On","12.782762,77.699747",
"12-Sep-2026 03:51:24","0.85","4.11","13.93","On","12.782753,77.699758",
"12-Sep-2026 03:51:54","0.96","4.11","13.95","On","12.782765,77.699754",
"12-Sep-2026 03:52:24","3.5","4.11","13.93","On","12.782784,77.699737",
"12-Sep-2026 03:52:54","0.25","4.11","13.95","On","12.782783,77.699751",
"12-Sep-2026 03:53:24","0.63","4.11","13.93","On","12.782772,77.699778",
"12-Sep-2026 03:53:54","2.04","4.11","13.91","On","12.782767,77.69977",
"12-Sep-2026 03:54:24","0.59","4.11","13.91","On","12.782766,77.699792",
"12-Sep-2026 03:54:54","1.75","4.11","13.93","On","12.782757,77.699787",
"12-Sep-2026 03:55:24","0.65","4.11","13.93","On","12.782754,77.699775",
"12-Sep-2026 03:55:54","0.67","4.11","13.95","On","12.782765,77.699769",
"12-Sep-2026 03:56:24","0.71","4.11","13.93","On","12.782764,77.699771",
"12-Sep-2026 03:56:54","0.46","4.11","13.95","On","12.782787,77.699762",
"12-Sep-2026 03:57:24","1.7","4.11","13.93","On","12.782776,77.699754",
"12-Sep-2026 03:57:54","0.24","4.11","13.91","On","12.782789,77.699747",
"12-Sep-2026 03:58:24","0.9","4.11","13.93","On","12.782792,77.69974",
"12-Sep-2026 03:58:54","0.33","4.11","13.95","On","12.782794,77.699743",
"12-Sep-2026 03:59:24","1.72","4.11","13.93","On","12.782808,77.699722",
"12-Sep-2026 03:59:54","1.37","4.11","13.93","On","12.782792,77.699776",
"12-Sep-2026 04:00:24","3.84","4.11","13.93","On","12.782769,77.699756",
"12-Sep-2026 04:00:54","1.07","4.11","13.93","On","12.782767,77.699771",
"12-Sep-2026 04:01:24","1.09","4.11","13.91","On","12.782763,77.699789",
"12-Sep-2026 04:01:54","1.34","4.11","13.93","On","12.782782,77.699792",
"12-Sep-2026 04:02:24","1.04","4.11","13.93","On","12.782773,77.699761",
"12-Sep-2026 04:02:54","0.2","4.11","13.95","On","12.782782,77.699747",
"12-Sep-2026 04:03:24","1.21","4.11","13.93","On","12.782804,77.699743",
"12-Sep-2026 04:03:54","1.68","4.11","13.93","On","12.78279,77.699743",
"12-Sep-2026 04:04:24","0.52","4.11","13.93","On","12.782766,77.69978",
"12-Sep-2026 04:04:54","1.31","4.11","13.93","On","12.782782,77.699704",
"12-Sep-2026 04:05:24","2.71","4.11","13.91","On","12.782757,77.699775",
"12-Sep-2026 04:05:54","0.23","4.11","13.93","On","12.782755,77.699804",
"12-Sep-2026 04:06:24","0.86","4.11","13.93","On","12.782757,77.699822",
"12-Sep-2026 04:06:54","0.46","4.11","13.95","On","12.782739,77.699847",
"12-Sep-2026 04:07:24","0.28","4.11","13.95","On","12.78273,77.699793",
"12-Sep-2026 04:07:54","3.03","4.11","13.91","On","12.782763,77.699732",
"12-Sep-2026 04:08:24","1.07","4.11","13.93","On","12.782736,77.699739",
"12-Sep-2026 04:08:54","0.58","4.11","13.95","On","12.782734,77.699693",
"12-Sep-2026 04:09:24","0.7","4.11","13.95","On","12.782745,77.699703",
"12-Sep-2026 04:09:54","1.06","4.11","13.93","On","12.782743,77.699713",
"12-Sep-2026 04:10:24","0.34","4.11","13.93","On","12.782748,77.699733",
"12-Sep-2026 04:10:54","1.39","4.11","13.93","On","12.782747,77.699747",
"12-Sep-2026 04:11:24","0.95","4.11","13.93","On","12.782754,77.699741",
"12-Sep-2026 04:11:54","0.94","4.11","13.93","On","12.78274,77.699758",
"12-Sep-2026 04:12:24","0.64","4.11","13.93","On","12.782726,77.69977",
"12-Sep-2026 04:12:54","1.25","4.11","13.95","On","12.782743,77.699788",
"12-Sep-2026 04:13:24","1.59","4.11","13.93","On","12.78273,77.699805",
"12-Sep-2026 04:13:54","1.36","4.11","13.95","On","12.782745,77.699782",
"12-Sep-2026 04:14:24","0.57","4.11","13.93","On","12.782745,77.699789",
"12-Sep-2026 04:14:54","1.83","4.11","13.91","On","12.782742,77.699814",
"12-Sep-2026 04:15:24","0.69","4.11","13.91","On","12.782738,77.699798",
"12-Sep-2026 04:15:54","1.04","4.11","13.95","On","12.782748,77.699777",
"12-Sep-2026 04:16:24","0.86","4.11","13.93","On","12.782763,77.699759",
"12-Sep-2026 04:16:54","0.65","4.11","13.93","On","12.782775,77.699737",
"12-Sep-2026 04:17:24","1.27","4.11","13.95","On","12.782765,77.699764",
"12-Sep-2026 04:17:54","0.75","4.11","13.93","On","12.782768,77.699766",
"12-Sep-2026 04:18:24","1.52","4.11","13.93","On","12.782786,77.699763",
"12-Sep-2026 04:18:54","1.55","4.11","13.93","On","12.782773,77.699772",
"12-Sep-2026 04:19:24","1.24","4.11","13.95","On","12.782776,77.699769",
"12-Sep-2026 04:19:54","0.68","4.11","13.95","On","12.782782,77.699761",
"12-Sep-2026 04:20:24","1.01","4.11","13.93","On","12.782791,77.699765",
"12-Sep-2026 04:20:54","0.97","4.11","13.35","On","12.782756,77.699779",
"12-Sep-2026 04:21:24","4.45","4.11","13.42","On","12.782763,77.699799",
"12-Sep-2026 04:21:54","8.26","4.11","13.81","On","12.782824,77.699802",
"12-Sep-2026 04:22:00","26.17","4.11","13.81","On","12.782996,77.699856",
"12-Sep-2026 04:22:10","7.17","4.11","13.81","On","12.783262,77.700078",
"12-Sep-2026 04:22:24","0.69","4.11","13.86","On","12.783353,77.70036",
"12-Sep-2026 04:22:54","1.96","4.11","13.62","On","12.783354,77.700411",
"12-Sep-2026 04:23:24","1.35","4.11","13.62","On","12.783236,77.70062",
"12-Sep-2026 04:23:54","3.47","4.11","13.59","On","12.78327,77.700524",
"12-Sep-2026 04:24:24","1.5","4.11","13.62","On","12.783262,77.700505",
"12-Sep-2026 04:24:54","0.7","4.11","13.57","Off","12.783254,77.700535",
"12-Sep-2026 04:25:24","2.27","4.11","13.09","Off","12.783233,77.700524",
"12-Sep-2026 04:25:54","0.31","4.11","13.01","Off","12.783258,77.700584",
"12-Sep-2026 04:26:24","2.26","4.11","13.01","Off","12.783313,77.700644",
"12-Sep-2026 04:26:45","2.26","4.11","12.99","Off","12.783313,77.700644",
"12-Sep-2026 04:27:24","2.67","4.11","12.97","Off","12.783387,77.700669",
"12-Sep-2026 04:27:54","5.78","4.11","12.94","Off","12.783343,77.700603",
"12-Sep-2026 04:28:54","1.41","4.11","12.89","Off","12.783375,77.700608",
"12-Sep-2026 04:29:54","1.9","4.11","12.87","Off","12.783286,77.700571",
"12-Sep-2026 04:30:45","1.9","4.11","12.85","Off","12.783286,77.700571",
"12-Sep-2026 05:03:28","1.9","4.11","12.68","Off","12.783286,77.700571",
"12-Sep-2026 05:03:28","1.36","4.11","12.68","Off","12.783279,77.700526",
"12-Sep-2026 05:03:54","1.36","4.11","12.63","Off","12.783279,77.700526",
"12-Sep-2026 05:06:54","5.19","4.11","12.58","Off","12.783228,77.700476",
"12-Sep-2026 05:07:28","5.19","4.11","12.56","Off","12.783228,77.700476",
"12-Sep-2026 05:26:10","5.19","4.11","12.6","On","12.783228,77.700476",
"12-Sep-2026 05:26:10","5.19","4.11","12.6","On","12.783228,77.700476",
"12-Sep-2026 05:26:54","3.51","4.11","13.76","On","12.782996,77.700571",
"12-Sep-2026 05:27:24","1.81","4.11","13.83","On","12.783063,77.700558",
"12-Sep-2026 05:27:54","7.34","4.11","13.88","On","12.783169,77.700534",
"12-Sep-2026 05:28:24","0.75","4.11","13.88","On","12.783227,77.700533",
"12-Sep-2026 05:28:54","2.05","4.11","13.93","On","12.783231,77.700548",
"12-Sep-2026 05:29:24","0.7","4.11","13.93","On","12.783188,77.700516",
"12-Sep-2026 05:29:54","14.47","4.11","13.76","On","12.783307,77.700508",
"12-Sep-2026 05:29:55","14.47","4.11","13.76","On","12.783307,77.700508",
"12-Sep-2026 05:30:05","1.74","4.11","13.76","On","12.783321,77.700244",
"12-Sep-2026 05:30:24","3.63","4.11","13.64","On","12.783179,77.700095",
"12-Sep-2026 05:30:54","3.47","4.11","13.64","On","12.782668,77.699861",
"12-Sep-2026 05:31:24","1.61","4.11","13.64","On","12.782689,77.699789",
"12-Sep-2026 05:31:54","3.84","4.11","13.59","On","12.782711,77.699751",
"12-Sep-2026 05:32:24","2.83","4.11","13.21","On","12.782728,77.699713",
"12-Sep-2026 05:32:54","1.13","4.11","13.81","On","12.782738,77.699731",
"12-Sep-2026 05:33:24","1.3","4.11","13.88","On","12.782751,77.699753",
"12-Sep-2026 05:33:54","1.85","4.11","13.93","On","12.782753,77.699765",
"12-Sep-2026 05:34:24","3.55","4.11","13.93","On","12.782754,77.699779",
"12-Sep-2026 05:34:54","0.33","4.11","13.93","On","12.782731,77.699793",
"12-Sep-2026 05:35:24","1.16","4.11","13.95","On","12.782758,77.699842",
"12-Sep-2026 05:35:54","1.16","4.11","13.93","On","12.782788,77.699841",
"12-Sep-2026 05:36:24","1.41","4.11","13.93","On","12.782804,77.699832",
"12-Sep-2026 05:36:54","1.98","4.11","13.95","On","12.782842,77.699808",
"12-Sep-2026 05:37:24","2.83","4.11","13.91","On","12.782834,77.699808",
"12-Sep-2026 05:37:54","0.15","4.11","13.91","On","12.782846,77.69977",
"12-Sep-2026 05:38:54","1.38","4.11","13.93","On","12.782724,77.699703",
"12-Sep-2026 05:39:24","1.14","4.11","13.95","On","12.782692,77.699725",
"12-Sep-2026 05:39:54","3.43","4.11","13.93","On","12.782705,77.699757",
"12-Sep-2026 05:40:24","3.8","4.11","13.95","On","12.782721,77.699754",
"12-Sep-2026 05:40:54","1.34","4.11","13.93","On","12.782734,77.699755",
"12-Sep-2026 05:41:24","3.17","4.11","13.93","On","12.782789,77.699872",
"12-Sep-2026 05:41:54","0.46","4.11","13.93","On","12.782792,77.699901",
"12-Sep-2026 05:42:24","1.09","4.11","13.95","On","12.78276,77.699854",
"12-Sep-2026 05:42:54","0.95","4.11","13.95","On","12.782759,77.699864",
"12-Sep-2026 05:43:24","2.66","4.11","13.95","On","12.782742,77.699806",
"12-Sep-2026 05:43:54","1.69","4.11","13.95","On","12.782748,77.699757",
"12-Sep-2026 05:44:24","1.85","4.11","13.95","On","12.782762,77.699781",
"12-Sep-2026 05:44:54","2.21","4.11","13.93","On","12.782744,77.699795",
"12-Sep-2026 05:45:24","2.14","4.11","13.91","On","12.782734,77.699783",
"12-Sep-2026 05:45:54","3.24","4.11","13.91","On","12.782687,77.699828",
"12-Sep-2026 05:46:24","1.45","4.11","13.95","On","12.782665,77.69979",
"12-Sep-2026 05:46:54","0.72","4.11","13.95","On","12.782715,77.699751",
"12-Sep-2026 05:47:24","0.96","4.11","13.93","On","12.782704,77.699751",
"12-Sep-2026 05:47:54","1.14","4.11","13.95","On","12.782749,77.699714",
"12-Sep-2026 05:48:24","0.95","4.11","13.91","On","12.782778,77.699703",
"12-Sep-2026 05:48:54","0.64","4.11","13.91","On","12.782759,77.699674",
"12-Sep-2026 05:49:24","0.94","4.11","13.93","On","12.782737,77.699705",
"12-Sep-2026 05:49:54","1.9","4.11","13.93","On","12.782761,77.699722",
"12-Sep-2026 05:50:24","1.35","4.11","13.91","On","12.782798,77.699749",
"12-Sep-2026 05:50:54","0.58","4.11","13.95","On","12.782782,77.699754",
"12-Sep-2026 05:51:24","1.1","4.11","13.93","On","12.782766,77.699728",
"12-Sep-2026 05:51:54","2.03","4.11","13.95","On","12.782744,77.699709",
"12-Sep-2026 05:52:24","1.08","4.11","13.93","On","12.782759,77.699737",
"12-Sep-2026 05:52:54","1.69","4.11","13.93","On","12.782775,77.699742",
"12-Sep-2026 05:53:24","1.95","4.11","13.93","On","12.782799,77.699773",
"12-Sep-2026 05:53:54","0.53","4.11","13.93","On","12.782779,77.699763",
"12-Sep-2026 05:54:24","0.54","4.11","13.52","Off","12.78277,77.699779",
"12-Sep-2026 05:54:54","0.51","4.11","13.57","On","12.7828,77.699761",
"12-Sep-2026 05:55:24","2.13","4.11","13.76","On","12.782749,77.699815",
"12-Sep-2026 05:55:53","12.4","4.11","13.76","On","12.782666,77.699916",
"12-Sep-2026 05:55:54","12.4","4.11","13.64","On","12.782666,77.699916",
"12-Sep-2026 05:56:03","10.51","4.11","13.64","On","12.782594,77.700024",
"12-Sep-2026 05:56:13","3.21","4.11","13.64","On","12.782543,77.700285",
"12-Sep-2026 05:56:24","0.31","4.11","13.62","On","12.782553,77.700204",
"12-Sep-2026 05:56:54","1.29","4.11","13.64","On","12.782588,77.700209",
"12-Sep-2026 05:57:24","0.58","4.11","13.66","On","12.782549,77.700204",
"12-Sep-2026 05:57:54","0.73","4.11","13.69","On","12.782543,77.70021",
"12-Sep-2026 05:58:01","18.47","4.11","13.69","On","12.78249,77.700407",
"12-Sep-2026 05:58:24","14.25","4.11","13.66","On","12.782302,77.70106",
"12-Sep-2026 05:58:54","1.55","4.11","13.69","On","12.782225,77.701239",
"12-Sep-2026 05:59:24","2.02","4.11","13.69","On","12.782232,77.70124",
"12-Sep-2026 05:59:54","1.37","4.11","13.69","On","12.782239,77.701232",
"12-Sep-2026 06:00:24","0.67","4.11","13.64","On","12.782227,77.701244",
"12-Sep-2026 06:00:54","29.25","4.11","13.59","On","12.781829,77.702674",
"12-Sep-2026 06:01:24","2.33","4.11","13.57","On","12.781572,77.703536",
"12-Sep-2026 06:01:31","23.37","4.11","13.57","On","12.78169,77.703675",
"12-Sep-2026 06:01:41","31.39","4.11","13.57","On","12.782526,77.703868",
"12-Sep-2026 06:01:54","9.25","4.11","13.59","On","12.783197,77.703645",
"12-Sep-2026 06:02:01","10.05","4.11","13.59","On","12.783301,77.703617",
"12-Sep-2026 06:02:24","35.86","4.11","13.59","On","12.78447,77.703221",
"12-Sep-2026 06:02:26","37.69","4.11","13.59","On","12.784834,77.703132",
"12-Sep-2026 06:02:31","35.91","4.11","13.59","On","12.785198,77.703116",
"12-Sep-2026 06:02:54","36.46","4.11","13.59","On","12.787492,77.703459",
"12-Sep-2026 06:02:56","36.46","4.11","13.59","On","12.787492,77.703459",
"12-Sep-2026 06:03:24","42.88","4.11","13.59","On","12.789855,77.705425",
"12-Sep-2026 06:03:51","23.3","4.11","13.59","On","12.792218,77.705974",
"12-Sep-2026 06:03:54","8.93","4.11","13.57","On","12.792333,77.705991",
"12-Sep-2026 06:04:24","48.89","4.11","13.57","On","12.794946,77.706525",
"12-Sep-2026 06:04:31","43.21","4.11","13.57","On","12.795867,77.706516",
"12-Sep-2026 06:04:51","5.24","4.11","13.57","On","12.79766,77.706288",
"12-Sep-2026 06:04:54","17.52","4.11","13.59","On","12.797716,77.706244",
"12-Sep-2026 06:04:56","17.52","4.11","13.59","On","12.797716,77.706244",
"12-Sep-2026 06:05:24","34.6","4.11","13.59","On","12.800235,77.705482",
"12-Sep-2026 06:05:54","2.44","4.11","13.57","On","12.801931,77.704893",
"12-Sep-2026 06:06:06","25.21","4.11","13.57","On","12.802117,77.704754",
"12-Sep-2026 06:06:11","16.71","4.11","13.57","On","12.802198,77.704545",
"12-Sep-2026 06:06:16","8.17","4.11","13.57","On","12.802241,77.704429",
"12-Sep-2026 06:06:24","21.07","4.11","13.57","On","12.802332,77.704156",
"12-Sep-2026 06:06:31","29.67","4.11","13.57","On","12.802467,77.703673",
"12-Sep-2026 06:06:51","36.77","4.11","13.57","On","12.803227,77.701879",
"12-Sep-2026 06:06:54","42.89","4.11","13.59","On","12.803456,77.701495",
"12-Sep-2026 06:07:24","16.13","4.11","13.59","On","12.805581,77.699645",
"12-Sep-2026 06:07:26","26.42","4.11","13.59","On","12.805755,77.699518",
"12-Sep-2026 06:07:54","43.39","4.11","13.62","On","12.807882,77.697834",
"12-Sep-2026 06:08:24","50.53","4.11","13.59","On","12.810438,77.695744",
"12-Sep-2026 06:08:54","50.07","4.11","13.57","On","12.813622,77.693179",
"12-Sep-2026 06:09:24","54.57","4.11","13.59","On","12.816444,77.69096",
"12-Sep-2026 06:09:54","58.02","4.11","13.59","On","12.819585,77.688285",
"12-Sep-2026 06:10:24","32.09","4.11","13.54","On","12.82229,77.685702",
"12-Sep-2026 06:10:54","55.76","4.11","13.57","On","12.825279,77.683214",
"12-Sep-2026 06:11:24","51.89","4.11","13.57","On","12.828822,77.681608",
"12-Sep-2026 06:11:51","41.79","4.11","13.57","On","12.832035,77.68057",
"12-Sep-2026 06:11:54","41.79","4.11","13.57","On","12.832035,77.68057",
"12-Sep-2026 06:12:24","47.5","4.11","13.62","On","12.835026,77.679517",
"12-Sep-2026 06:12:54","56.55","4.11","13.59","On","12.83831,77.678116",
"12-Sep-2026 06:13:01","55.56","4.11","13.59","On","12.83921,77.677402",
"12-Sep-2026 06:13:24","53.26","4.11","13.57","On","12.841669,77.675578",
"12-Sep-2026 06:13:54","54.66","4.11","13.59","On","12.844681,77.673226",
"12-Sep-2026 06:14:24","50.9","4.11","13.59","On","12.847795,77.670697",
"12-Sep-2026 06:14:31","49.6","4.11","13.59","On","12.848523,77.669967",
"12-Sep-2026 06:15:16","44.14","4.11","13.57","On","12.852894,77.666792",
"12-Sep-2026 06:15:24","47.51","4.11","13.57","On","12.853669,77.666147",
"12-Sep-2026 06:15:54","5.27","4.11","13.59","On","12.85581,77.664361",
"12-Sep-2026 06:15:56","5.7","4.11","13.59","On","12.855788,77.66438",
"12-Sep-2026 06:16:24","15.94","4.11","13.57","On","12.855917,77.664317",
"12-Sep-2026 06:16:31","24.07","4.11","13.57","On","12.856105,77.664165",
"12-Sep-2026 06:16:54","50.7","4.11","13.59","On","12.858242,77.662457",
"12-Sep-2026 06:17:24","37.83","4.11","13.59","On","12.860438,77.660735",
"12-Sep-2026 06:17:54","55.12","4.11","13.57","On","12.862948,77.658776",
"12-Sep-2026 06:18:08","59.56","4.11","13.57","On","12.864648,77.657332",
"12-Sep-2026 06:18:13","51.43","4.11","13.57","On","12.864991,77.656949",
"12-Sep-2026 06:18:24","53.79","4.11","13.57","On","12.866257,77.656049",
"12-Sep-2026 06:19:24","51.02","4.11","13.81","On","12.872315,77.651322",
"12-Sep-2026 06:19:54","52.12","4.11","13.81","On","12.875173,77.648797",
"12-Sep-2026 06:20:24","59.76","4.11","13.81","On","12.87852,77.64634",
"12-Sep-2026 06:20:54","57.28","4.11","13.81","On","12.882184,77.64397",
"12-Sep-2026 06:21:24","54.97","4.11","13.81","On","12.885977,77.641606",
"12-Sep-2026 06:21:54","13.81","4.11","13.79","On","12.888709,77.639985",
"12-Sep-2026 06:22:01","1.56","4.11","13.79","On","12.888788,77.639954",
"12-Sep-2026 06:22:24","5.95","4.11","13.81","On","12.888786,77.639918",
"12-Sep-2026 06:22:54","52.11","4.11","13.79","On","12.891074,77.638548",
"12-Sep-2026 06:22:56","52.11","4.11","13.79","On","12.891074,77.638548",
"12-Sep-2026 06:23:24","9.06","4.11","13.76","On","12.893718,77.636907",
"12-Sep-2026 06:23:54","2.05","4.11","12.89","Off","12.893704,77.636946",
"12-Sep-2026 06:24:24","0.25","4.11","12.6","Off","12.893664,77.636956",
"12-Sep-2026 06:24:54","2.3","4.11","12.39","Off","12.893598,77.637045",
"12-Sep-2026 06:24:56","2.3","4.11","12.39","Off","12.893598,77.637045",
"12-Sep-2026 06:25:54","2.73","4.11","12.27","Off","12.893717,77.636906",
"12-Sep-2026 06:26:54","1.75","4.11","12.17","Off","12.89374,77.636896",
"12-Sep-2026 06:27:39","1.75","4.11","12.15","Off","12.89374,77.636896",
"12-Sep-2026 06:27:39","0.26","4.11","12.15","Off","12.893766,77.636847",
"12-Sep-2026 06:27:54","2.72","4.11","12.12","Off","12.893745,77.636872",
"12-Sep-2026 06:28:24","2.39","4.11","12.15","Off","12.893747,77.636854",
"12-Sep-2026 06:28:54","4.1","4.11","12.12","Off","12.893743,77.636857",
"12-Sep-2026 06:29:11","4.1","4.11","12.1","Off","12.893743,77.636857",
"12-Sep-2026 06:29:36","1.87","4.11","12.1","Off","12.89375,77.636876",
"12-Sep-2026 06:29:54","2.31","4.11","12.12","Off","12.893758,77.636885",
"12-Sep-2026 06:30:54","1.31","4.11","12.12","Off","12.893717,77.636935",
"12-Sep-2026 06:31:54","1.45","4.11","12.12","Off","12.893663,77.636983",
"12-Sep-2026 06:32:38","1.45","4.11","12.12","Off","12.893663,77.636983",
"12-Sep-2026 06:32:38","0.76","4.11","12.12","Off","12.893674,77.636951",
"12-Sep-2026 06:32:54","0.63","4.11","12.15","Off","12.893698,77.63694",
"12-Sep-2026 06:33:24","0.73","4.11","12.15","Off","12.893689,77.636909",
"12-Sep-2026 06:33:38","0.73","4.11","12.15","Off","12.893689,77.636909",
"12-Sep-2026 06:34:24","1.28","4.11","12.15","Off","12.893756,77.636925",
"12-Sep-2026 06:34:54","0.1","4.11","12.15","Off","12.893713,77.636945",
"12-Sep-2026 06:35:54","0.23","4.11","12.12","Off","12.8937,77.636906",
"12-Sep-2026 06:36:54","1.06","4.11","12.12","Off","12.893671,77.636982",
"12-Sep-2026 06:37:38","1.06","4.11","12.1","Off","12.893671,77.636982",
"12-Sep-2026 06:42:45","1.06","4.11","12.17","On","12.893671,77.636982",
"12-Sep-2026 06:42:45","1.06","4.11","12.17","On","12.893671,77.636982",
"12-Sep-2026 06:42:45","1.26","4.11","12.17","On","12.893678,77.636953",
"12-Sep-2026 06:42:54","1.26","4.11","12.12","On","12.893678,77.636953",
"12-Sep-2026 06:45:24","0","4.11","13.83","On","12.888626,77.640063",
"12-Sep-2026 06:46:54","0","4.11","13.83","On","12.890434,77.645647",
"12-Sep-2026 06:47:24","0","4.11","13.81","On","12.890553,77.645415",
"12-Sep-2026 06:47:54","0","4.11","13.83","On","12.890389,77.645627",
"12-Sep-2026 06:48:54","0","4.11","13.86","On","12.890458,77.64587",
"12-Sep-2026 06:49:24","8.16","4.11","13.88","On","12.890018,77.647012",
"12-Sep-2026 06:49:34","23.21","4.11","13.88","On","12.889971,77.647474",
"12-Sep-2026 06:49:39","26.87","4.11","13.88","On","12.889888,77.648068",
"12-Sep-2026 06:49:49","21.15","4.11","13.88","On","12.889823,77.648504",
"12-Sep-2026 06:49:54","23.39","4.11","13.88","On","12.889765,77.648601",
"12-Sep-2026 06:49:59","19.31","4.11","13.88","On","12.889559,77.648858",
"12-Sep-2026 06:50:04","22.47","4.11","13.88","On","12.889494,77.649231",
"12-Sep-2026 06:50:14","12.98","4.11","13.88","On","12.889442,77.649539",
"12-Sep-2026 06:50:19","11.84","4.11","13.88","On","12.889534,77.649606",
"12-Sep-2026 06:50:24","14.02","4.11","13.88","On","12.889943,77.649685",
"12-Sep-2026 06:50:24","14.02","4.11","13.91","On","12.889943,77.649685",
"12-Sep-2026 06:50:49","18.27","4.11","13.91","On","12.891061,77.649111",
"12-Sep-2026 06:50:54","13.73","4.11","13.88","On","12.891228,77.649198",
"12-Sep-2026 06:51:24","24.2","4.11","13.93","On","12.892408,77.649837",
"12-Sep-2026 06:51:40","10.75","4.11","13.93","On","12.893239,77.650212",
"12-Sep-2026 06:51:45","6.95","4.11","13.93","On","12.893228,77.650099",
"12-Sep-2026 06:51:54","0.89","4.11","13.88","On","12.89324,77.650138",
"12-Sep-2026 06:52:24","2.16","4.11","13.81","On","12.893194,77.650243",
"12-Sep-2026 06:52:54","2.14","4.11","13.83","On","12.89322,77.650173",
"12-Sep-2026 06:53:24","1.94","4.11","13.86","On","12.893252,77.650085",
"12-Sep-2026 06:53:54","2.2","4.11","13.91","On","12.893245,77.650064",
"12-Sep-2026 06:54:24","0.76","4.11","13.91","On","12.893259,77.650101",
"12-Sep-2026 06:54:54","0.3","4.11","13.93","On","12.893239,77.650102",
"12-Sep-2026 06:55:24","0.37","4.11","13.93","On","12.893258,77.650086",
"12-Sep-2026 06:55:54","2.16","4.11","13.86","Off","12.893282,77.650117",
"12-Sep-2026 06:56:24","1.25","4.11","13.47","Off","12.893275,77.650147",
"12-Sep-2026 06:56:54","1.61","4.11","13.35","Off","12.893287,77.650161",
"12-Sep-2026 06:57:24","0.68","4.11","13.28","Off","12.893277,77.650141",
"12-Sep-2026 06:57:45","0.68","4.11","13.28","Off","12.893277,77.650141",
"12-Sep-2026 06:58:24","0.72","4.11","13.23","Off","12.89329,77.650117",
"12-Sep-2026 06:58:54","0.64","4.11","13.16","Off","12.89329,77.650102",
"12-Sep-2026 06:59:54","1.46","4.11","13.09","Off","12.893303,77.650108",
"12-Sep-2026 07:00:54","1.07","4.11","13.01","Off","12.89328,77.650109",
"12-Sep-2026 07:01:45","1.07","4.11","12.97","Off","12.89328,77.650109",
"12-Sep-2026 08:01:45","1.07","4.11","12.65","Off","12.89328,77.650109",
"12-Sep-2026 08:01:45","2.01","4.11","12.65","Off","12.893299,77.65009",
"12-Sep-2026 08:01:54","2.01","4.11","12.65","Off","12.893299,77.65009",
"12-Sep-2026 08:03:54","0","4.11","12.56","Off","12.892866,77.650051",
"12-Sep-2026 08:04:54","1.16","4.11","12.58","Off","12.89322,77.650067",
"12-Sep-2026 08:05:45","1.16","4.11","12.56","Off","12.89322,77.650067",
"12-Sep-2026 09:05:45","1.16","4.11","12.53","Off","12.89322,77.650067",
"12-Sep-2026 09:05:45","3","4.11","12.53","Off","12.893316,77.650148",
"12-Sep-2026 09:05:54","3","4.11","12.53","Off","12.893316,77.650148",
"12-Sep-2026 09:06:54","0","4.11","12.48","Off","12.893298,77.650176",
"12-Sep-2026 09:07:54","0","4.11","12.48","Off","12.892653,77.649996",
"12-Sep-2026 09:08:54","0","4.11","12.48","Off","12.893175,77.650123",
"12-Sep-2026 09:09:45","0","4.11","12.46","Off","12.893175,77.650123",
"12-Sep-2026 10:09:45","0","4.11","12.48","Off","12.893175,77.650123",
"12-Sep-2026 10:09:45","0.88","4.11","12.48","Off","12.893254,77.650084",
"12-Sep-2026 10:09:54","0.88","4.11","12.46","Off","12.893254,77.650084",
"12-Sep-2026 10:10:54","1.31","4.11","12.41","Off","12.893265,77.650046",
"12-Sep-2026 10:11:54","0.6","4.11","12.44","Off","12.893215,77.650056",
"12-Sep-2026 10:12:54","0.51","4.11","12.44","Off","12.893215,77.650051",
"12-Sep-2026 10:13:45","0.51","4.11","12.41","Off","12.893215,77.650051",
"12-Sep-2026 10:23:30","0.51","4.11","12.51","Off","12.893215,77.650051",
"12-Sep-2026 10:23:30","0.17","4.11","12.51","Off","12.89322,77.650067",
"12-Sep-2026 10:23:54","0.17","4.11","12.46","Off","12.89322,77.650067",
"12-Sep-2026 10:24:54","0.66","4.11","12.41","Off","12.893216,77.65005",
"12-Sep-2026 10:25:54","0.35","4.11","12.41","Off","12.893204,77.65006",
"12-Sep-2026 10:26:54","1.53","4.11","12.41","Off","12.893226,77.650053",
"12-Sep-2026 10:27:30","1.53","4.11","12.39","Off","12.893226,77.650053",
"12-Sep-2026 10:41:59","1.53","4.11","12.46","On","12.893226,77.650053",
"12-Sep-2026 10:41:59","1.53","4.11","12.46","On","12.893226,77.650053",
"12-Sep-2026 10:41:59","0.64","4.11","12.46","On","12.893213,77.650046",
"12-Sep-2026 10:42:24","0.64","4.11","13.04","On","12.893213,77.650046",
"12-Sep-2026 10:42:54","13.52","4.11","13.04","On","12.893087,77.650242",
"12-Sep-2026 10:42:54","13.52","4.11","13.76","On","12.893087,77.650242",
"12-Sep-2026 10:42:59","23.68","4.11","13.76","On","12.892761,77.650119",
"12-Sep-2026 10:43:19","17.99","4.11","13.76","On","12.89186,77.649606",
"12-Sep-2026 10:43:24","22.23","4.11","13.76","On","12.891592,77.649479",
"12-Sep-2026 10:43:24","22.23","4.11","13.88","On","12.891592,77.649479",
"12-Sep-2026 10:43:39","17.58","4.11","13.88","On","12.891127,77.649104",
"12-Sep-2026 10:43:44","22.66","4.11","13.88","On","12.890902,77.649144",
"12-Sep-2026 10:43:54","5.32","4.11","13.88","On","12.890618,77.649304",
"12-Sep-2026 10:44:19","5.03","4.11","13.88","On","12.889469,77.649601",
"12-Sep-2026 10:44:24","12.49","4.11","13.88","On","12.889465,77.649523",
"12-Sep-2026 10:44:24","12.49","4.11","13.86","On","12.889465,77.649523",
"12-Sep-2026 10:44:44","24.67","4.11","13.86","On","12.889266,77.649105",
"12-Sep-2026 10:44:54","27.19","4.11","13.86","On","12.888659,77.649052",
"12-Sep-2026 10:44:54","27.19","4.11","13.88","On","12.888659,77.649052",
"12-Sep-2026 10:44:59","7.52","4.11","13.88","On","12.888304,77.649201",
"12-Sep-2026 10:45:14","26.21","4.11","13.88","On","12.887648,77.649654",
"12-Sep-2026 10:45:24","23.26","4.11","13.88","On","12.886957,77.649529",
"12-Sep-2026 10:45:49","16.95","4.11","13.88","On","12.886147,77.649301",
"12-Sep-2026 10:45:54","17.07","4.11","13.88","On","12.886114,77.649143",
"12-Sep-2026 10:46:04","11.92","4.11","13.88","On","12.886108,77.648896",
"12-Sep-2026 10:46:24","30.02","4.11","13.88","On","12.885796,77.647726",
"12-Sep-2026 10:46:54","37.32","4.11","13.93","On","12.885356,77.645995",
"12-Sep-2026 10:46:59","22.56","4.11","13.93","On","12.884938,77.645278",
"12-Sep-2026 10:47:09","17.68","4.11","13.93","On","12.884811,77.645216",
"12-Sep-2026 10:47:14","30.1","4.11","13.93","On","12.884583,77.645068",
"12-Sep-2026 10:47:24","35.98","4.11","13.88","On","12.88369,77.644294",
"12-Sep-2026 10:47:39","10.85","4.11","13.88","On","12.88306,77.643895",
"12-Sep-2026 10:47:54","20.34","4.11","13.86","On","12.882546,77.644207",
"12-Sep-2026 10:48:24","6.7","4.11","13.86","On","12.881302,77.644949",
"12-Sep-2026 10:48:54","37.35","4.11","13.88","On","12.880117,77.645678",
"12-Sep-2026 10:49:24","2.14","4.11","13.91","On","12.878538,77.646698",
"12-Sep-2026 10:49:54","16.66","4.11","13.93","On","12.877095,77.647555",
"12-Sep-2026 10:50:24","12.93","4.11","13.93","On","12.875194,77.649164",
"12-Sep-2026 10:50:54","9.12","4.11","13.93","On","12.874346,77.649823",
"12-Sep-2026 10:51:24","10.57","4.11","13.93","On","12.874208,77.649954",
"12-Sep-2026 10:51:24","10.57","4.11","13.93","On","12.874208,77.649954",
"12-Sep-2026 10:51:29","4.62","4.11","13.93","On","12.874186,77.650018",
"12-Sep-2026 10:51:54","44.62","4.11","13.91","On","12.87276,77.651299",
"12-Sep-2026 10:52:24","0.38","4.11","13.88","On","12.872284,77.651609",
"12-Sep-2026 10:52:54","0.36","4.11","13.88","On","12.872251,77.65159",
"12-Sep-2026 10:53:24","1.27","4.11","13.93","On","12.872202,77.651576",
"12-Sep-2026 10:53:54","27.64","4.11","13.93","On","12.871823,77.651835",
"12-Sep-2026 10:54:04","13.08","4.11","13.93","On","12.871435,77.652215",
"12-Sep-2026 10:54:24","15.97","4.11","13.88","On","12.870939,77.652572",
"12-Sep-2026 10:54:54","14.36","4.11","13.88","On","12.870197,77.653212",
"12-Sep-2026 10:55:24","34.49","4.11","13.86","On","12.868489,77.654685",
"12-Sep-2026 10:55:29","28.17","4.11","13.86","On","12.86824,77.654847",
"12-Sep-2026 10:55:54","42.29","4.11","13.86","On","12.866574,77.656116",
"12-Sep-2026 10:56:24","53.01","4.11","13.91","On","12.863404,77.658692",
"12-Sep-2026 10:56:54","52.06","4.11","13.88","On","12.860459,77.660961",
"12-Sep-2026 10:57:24","38.07","4.11","13.93","On","12.858065,77.662942",
"12-Sep-2026 10:57:54","5.75","4.11","13.91","On","12.856432,77.664214",
"12-Sep-2026 10:58:24","0.95","4.11","13.91","On","12.856413,77.664218",
"12-Sep-2026 10:58:54","29.48","4.11","13.93","On","12.85587,77.664694",
"12-Sep-2026 10:59:24","48.6","4.11","13.91","On","12.853513,77.666467",
"12-Sep-2026 10:59:54","53.72","4.11","13.91","On","12.850751,77.668722",
"12-Sep-2026 11:00:24","47.54","4.11","13.93","On","12.848028,77.670881",
"12-Sep-2026 11:00:54","56.88","4.11","13.93","On","12.845002,77.673224",
"12-Sep-2026 11:01:24","40.96","4.11","13.95","On","12.84219,77.675457",
"12-Sep-2026 11:01:54","13.58","4.11","13.91","On","12.841091,77.676204",
"12-Sep-2026 11:02:24","13.5","4.11","13.91","On","12.840147,77.676939",
"12-Sep-2026 11:02:54","22.57","4.11","13.91","On","12.839347,77.677524",
"12-Sep-2026 11:03:24","41.67","4.11","13.88","On","12.837101,77.678873",
"12-Sep-2026 11:03:54","46.16","4.11","13.91","On","12.833772,77.680125",
"12-Sep-2026 11:04:24","45.92","4.11","13.93","On","12.831017,77.680982",
"12-Sep-2026 11:04:54","16.14","4.11","13.91","On","12.827954,77.681974",
"12-Sep-2026 11:05:24","47.24","4.11","13.91","On","12.825856,77.683024",
"12-Sep-2026 11:05:46","36.24","4.11","13.91","On","12.823436,77.685006",
"12-Sep-2026 11:05:54","21.75","4.11","13.86","On","12.823193,77.685341",
"12-Sep-2026 11:06:24","25.26","4.11","13.91","On","12.822066,77.686387",
"12-Sep-2026 11:06:54","26.73","4.11","13.93","On","12.820638,77.687718",
"12-Sep-2026 11:07:24","28.76","4.11","13.88","On","12.819455,77.688874",
"12-Sep-2026 11:07:31","13.32","4.11","13.88","On","12.81903,77.68922",
"12-Sep-2026 11:07:36","12.69","4.11","13.88","On","12.818924,77.689216",
"12-Sep-2026 11:07:41","8.88","4.11","13.88","On","12.818884,77.68902",
"12-Sep-2026 11:07:46","20.44","4.11","13.88","On","12.818745,77.689033",
"12-Sep-2026 11:07:54","24.51","4.11","13.86","On","12.818253,77.689446",
"12-Sep-2026 11:08:24","5.26","4.11","13.93","On","12.817996,77.689621",
"12-Sep-2026 11:08:31","3.46","4.11","13.93","On","12.81794,77.689644",
"12-Sep-2026 11:08:54","20.7","4.11","13.93","On","12.816951,77.690329",
"12-Sep-2026 11:09:24","20.2","4.11","13.91","On","12.815838,77.691174",
"12-Sep-2026 11:09:54","8.73","4.11","13.91","On","12.814949,77.6917",
"12-Sep-2026 11:10:24","0.59","4.11","13.93","On","12.814763,77.691812",
"12-Sep-2026 11:10:51","14.57","4.11","13.93","On","12.814449,77.692093",
"12-Sep-2026 11:10:54","15.06","4.11","13.88","On","12.814512,77.692219",
"12-Sep-2026 11:11:01","8.06","4.11","13.88","On","12.814526,77.692342",
"12-Sep-2026 11:11:06","13.97","4.11","13.88","On","12.814335,77.692549",
"12-Sep-2026 11:11:24","20.16","4.11","13.88","On","12.813517,77.693201",
"12-Sep-2026 11:11:54","33.68","4.11","13.91","On","12.810854,77.695317",
"12-Sep-2026 11:12:24","6.31","4.11","13.93","On","12.80994,77.696021",
"12-Sep-2026 11:12:54","1.42","4.11","13.91","On","12.808684,77.697066",
"12-Sep-2026 11:12:56","1.42","4.11","13.91","On","12.808684,77.697066",
"12-Sep-2026 11:13:21","11.95","4.11","13.91","On","12.808565,77.69716",
"12-Sep-2026 11:13:24","9.15","4.11","13.93","On","12.808481,77.697226",
"12-Sep-2026 11:13:54","25.25","4.11","13.91","On","12.807091,77.698339",
"12-Sep-2026 11:14:24","11.21","4.11","13.93","On","12.806479,77.698804",
"12-Sep-2026 11:14:54","30.31","4.11","13.93","On","12.805461,77.699639",
"12-Sep-2026 11:15:24","32.29","4.11","13.88","On","12.803986,77.700808",
"12-Sep-2026 11:15:41","29.68","4.11","13.88","On","12.803148,77.701781",
"12-Sep-2026 11:15:54","19.79","4.11","13.91","On","12.802697,77.702658",
"12-Sep-2026 11:16:16","5.93","4.11","13.91","On","12.802491,77.7033",
"12-Sep-2026 11:16:24","1.49","4.11","13.86","On","12.802492,77.703325",
"12-Sep-2026 11:16:54","0.31","4.11","13.86","On","12.802471,77.703336",
"12-Sep-2026 11:17:24","1.6","4.11","13.86","On","12.802397,77.703648",
"12-Sep-2026 11:17:54","0.65","4.11","13.86","On","12.80239,77.703666",
"12-Sep-2026 11:18:24","11.67","4.11","13.88","On","12.80238,77.703727",
"12-Sep-2026 11:18:54","0.46","4.11","13.88","On","12.802328,77.70389",
"12-Sep-2026 11:19:24","0.95","4.11","13.91","On","12.802313,77.703909",
"12-Sep-2026 11:19:54","6.78","4.11","13.91","On","12.802299,77.70395",
"12-Sep-2026 11:20:06","13.36","4.11","13.91","On","12.802277,77.704391",
"12-Sep-2026 11:20:11","14.15","4.11","13.91","On","12.802311,77.704471",
"12-Sep-2026 11:20:16","7.52","4.11","13.91","On","12.802472,77.704511",
"12-Sep-2026 11:20:21","13.23","4.11","13.91","On","12.80249,77.704663",
"12-Sep-2026 11:20:24","0.93","4.11","13.79","On","12.802487,77.704723",
"12-Sep-2026 11:20:26","1.42","4.11","13.79","On","12.80251,77.704745",
"12-Sep-2026 11:20:54","10.37","4.11","13.79","On","12.802433,77.70503",
"12-Sep-2026 11:21:01","13.71","4.11","13.79","On","12.802355,77.705076",
"12-Sep-2026 11:21:06","15.56","4.11","13.79","On","12.802105,77.705039",
"12-Sep-2026 11:21:11","20.71","4.11","13.79","On","12.801885,77.70503",
"12-Sep-2026 11:21:24","35.59","4.11","13.83","On","12.801127,77.705235",
"12-Sep-2026 11:21:54","49.27","4.11","13.88","On","12.79874,77.705988",
"12-Sep-2026 11:22:24","36.19","4.11","13.83","On","12.796585,77.706579",
"12-Sep-2026 11:22:46","36.52","4.11","13.83","On","12.794613,77.706519",
"12-Sep-2026 11:22:54","36.36","4.11","13.88","On","12.793857,77.706394",
"12-Sep-2026 11:23:24","25.27","4.11","13.86","On","12.792021,77.706023",
"12-Sep-2026 11:23:54","20.73","4.11","13.86","On","12.790598,77.705745",
"12-Sep-2026 11:24:11","42.43","4.11","13.86","On","12.788928,77.704799",
"12-Sep-2026 11:24:24","28.24","4.11","13.86","On","12.788082,77.704034",
"12-Sep-2026 11:24:41","39.33","4.11","13.86","On","12.787342,77.703473",
"12-Sep-2026 11:24:54","19.72","4.11","13.86","On","12.786384,77.703307",
"12-Sep-2026 11:25:21","22.55","4.11","13.86","On","12.784791,77.703185",
"12-Sep-2026 11:25:24","14.8","4.11","13.86","On","12.784624,77.703218",
"12-Sep-2026 11:25:54","29.47","4.11","13.88","On","12.78263,77.703941",
"12-Sep-2026 11:26:06","22.27","4.11","13.88","On","12.781982,77.703906",
"12-Sep-2026 11:26:24","25.32","4.11","13.83","On","12.780459,77.702855",
"12-Sep-2026 11:26:36","13.86","4.11","13.83","On","12.780067,77.702461",
"12-Sep-2026 11:26:41","23.89","4.11","13.83","On","12.780211,77.702565",
"12-Sep-2026 11:26:54","36.3","4.11","13.81","On","12.781021,77.703212",
"12-Sep-2026 11:27:06","10.63","4.11","13.81","On","12.781572,77.703493",
"12-Sep-2026 11:27:24","21.81","4.11","13.83","On","12.78177,77.702685",
"12-Sep-2026 11:27:54","0.36","4.11","13.86","On","12.782197,77.701214",
"12-Sep-2026 11:28:11","4.3","4.11","13.86","On","12.782251,77.701085",
"12-Sep-2026 11:28:24","15.24","4.11","13.83","On","12.782356,77.70079",
"12-Sep-2026 11:28:26","15.24","4.11","13.83","On","12.782356,77.70079",
"12-Sep-2026 11:28:31","5.19","4.11","13.83","On","12.782428,77.700457",
"12-Sep-2026 11:28:36","11.94","4.11","13.83","On","12.782438,77.700388",
"12-Sep-2026 11:28:51","10.53","4.11","13.83","On","12.782677,77.699804",
"12-Sep-2026 11:28:54","10.53","4.11","13.83","On","12.782677,77.699804",
"12-Sep-2026 11:28:56","12.71","4.11","13.83","On","12.782766,77.699794",
"12-Sep-2026 11:29:11","2.67","4.11","13.83","On","12.783148,77.699958",
"12-Sep-2026 11:29:24","9.02","4.11","13.83","On","12.783299,77.700157",
"12-Sep-2026 11:29:54","3.85","4.11","13.83","On","12.783374,77.700205",
"12-Sep-2026 11:30:24","0.51","4.11","13.88","On","12.783346,77.700205",
"12-Sep-2026 11:30:54","1.17","4.11","13.86","On","12.783258,77.700213",
"12-Sep-2026 11:31:24","0.41","4.11","13.86","On","12.783221,77.700198",
"12-Sep-2026 11:31:54","2.91","4.11","13.88","Off","12.783225,77.700193",
"12-Sep-2026 11:32:24","0.15","4.11","13.11","Off","12.783196,77.700203",
"12-Sep-2026 11:32:54","0.15","4.11","13.01","Off","12.783196,77.700203",
"12-Sep-2026 11:33:24","2.04","4.11","12.97","Off","12.783149,77.700187",
"12-Sep-2026 11:33:54","2.48","4.11","12.92","Off","12.783159,77.700185",
"12-Sep-2026 11:34:40","2.48","4.11","12.89","On","12.783159,77.700185",
"12-Sep-2026 11:34:40","3.92","4.11","12.89","On","12.78306,77.700209",
"12-Sep-2026 11:34:54","0.67","4.11","13.04","On","12.783064,77.700201",
"12-Sep-2026 11:35:24","4.84","4.11","13.81","On","12.783091,77.700184",
"12-Sep-2026 11:35:54","0.27","4.11","13.91","On","12.783098,77.700176",
"12-Sep-2026 11:36:24","0.44","4.11","13.93","On","12.783133,77.700206",
"12-Sep-2026 11:36:54","1.37","4.11","13.64","Off","12.783101,77.700231",
"12-Sep-2026 11:37:24","1.11","4.11","13.04","Off","12.783107,77.700239",
"12-Sep-2026 11:37:49","1.11","4.11","12.89","Off","12.783107,77.700239",
"12-Sep-2026 11:38:24","1.99","4.11","12.89","Off","12.783064,77.700239",
"12-Sep-2026 11:38:54","2.92","4.11","12.87","Off","12.783065,77.700231",
"12-Sep-2026 11:39:54","1.96","4.11","12.8","Off","12.783111,77.700262",
"12-Sep-2026 11:40:54","0.8","4.11","12.72","Off","12.783115,77.700249",
"12-Sep-2026 11:41:49","0.8","4.11","12.68","Off","12.783115,77.700249",
"12-Sep-2026 11:53:04","0.8","4.11","12.63","On","12.783115,77.700249",
"12-Sep-2026 11:53:04","0.8","4.11","12.63","On","12.783115,77.700249",
"12-Sep-2026 11:53:04","2.33","4.11","12.63","On","12.783247,77.700242",
"12-Sep-2026 11:53:24","2.33","4.11","12.65","On","12.783247,77.700242",
"12-Sep-2026 11:53:54","1.04","4.11","13.66","On","12.783363,77.700082",
"12-Sep-2026 11:54:24","1.07","4.11","13.86","On","12.783401,77.700096",
"12-Sep-2026 11:54:54","1.77","4.11","13.91","On","12.783428,77.700093",
"12-Sep-2026 11:55:24","0.26","4.11","13.88","On","12.783418,77.700096",
"12-Sep-2026 11:55:54","0.38","4.11","13.93","On","12.783373,77.700123",
"12-Sep-2026 11:56:24","0.3","4.11","13.93","On","12.783364,77.700148",
"12-Sep-2026 11:56:54","0.3","4.11","13.93","On","12.783371,77.700153",
"12-Sep-2026 11:57:24","0.53","4.11","13.93","On","12.783389,77.700149",
"12-Sep-2026 11:57:54","0.35","4.11","13.91","On","12.783333,77.700096",
"12-Sep-2026 11:58:24","0.29","4.11","13.95","On","12.78332,77.700081",
"12-Sep-2026 11:58:54","1.23","4.11","13.83","On","12.783297,77.700128",
"12-Sep-2026 11:59:24","2.71","4.11","13.54","Off","12.783292,77.70012",
"12-Sep-2026 11:59:54","1.2","4.11","13.11","Off","12.783292,77.70013",
"12-Sep-2026 12:00:24","0.5","4.11","13.04","Off","12.783248,77.700157",
"12-Sep-2026 12:00:54","3.05","4.11","12.99","Off","12.783258,77.700174",
"12-Sep-2026 12:01:24","0.53","4.11","12.97","Off","12.783294,77.700151",
"12-Sep-2026 12:01:25","0.53","4.11","12.97","Off","12.783294,77.700151",
"12-Sep-2026 12:02:16","0.53","4.11","12.92","Off","12.783294,77.700151",
"12-Sep-2026 12:02:16","0.9","4.11","12.92","Off","12.783321,77.700131",
"12-Sep-2026 12:02:24","0.31","4.11","12.92","Off","12.783324,77.700144",
"12-Sep-2026 12:02:54","0.77","4.11","12.87","Off","12.783337,77.700144",
"12-Sep-2026 12:03:16","0.77","4.11","12.85","Off","12.783337,77.700144",
"12-Sep-2026 12:03:54","1.18","4.11","12.85","Off","12.7834,77.700108",
"12-Sep-2026 12:04:54","0.83","4.11","12.82","Off","12.783382,77.70012",
"12-Sep-2026 12:05:54","0.36","4.11","12.8","Off","12.783378,77.700108",
"12-Sep-2026 12:06:54","0.68","4.11","12.8","Off","12.78342,77.700115",
"12-Sep-2026 12:07:16","0.68","4.11","12.77","Off","12.78342,77.700115",
"12-Sep-2026 12:10:22","0.68","4.11","12.75","On","12.78342,77.700115",
"12-Sep-2026 12:10:22","0.68","4.11","12.75","On","12.78342,77.700115",
"12-Sep-2026 12:10:22","0.27","4.11","12.75","On","12.783428,77.700131",
"12-Sep-2026 12:10:24","0.27","4.11","12.72","On","12.783428,77.700131",
"12-Sep-2026 12:11:07","13.79","4.11","13.47","On","12.783405,77.700363",
"12-Sep-2026 12:11:22","0.95","4.11","13.47","On","12.783274,77.700666",
"12-Sep-2026 12:11:24","0.95","4.11","13.81","On","12.783274,77.700666",
"12-Sep-2026 12:11:54","0.15","4.11","13.33","Off","12.783179,77.700605",
"12-Sep-2026 12:12:24","0.37","4.11","12.99","Off","12.783178,77.700609",
"12-Sep-2026 12:12:54","0.63","4.11","12.92","Off","12.783158,77.700597",
"12-Sep-2026 12:13:07","0.63","4.11","12.89","Off","12.783158,77.700597",
"12-Sep-2026 12:13:54","0.35","4.11","12.89","Off","12.783178,77.70062",
"12-Sep-2026 12:14:54","1.08","4.11","12.82","Off","12.783157,77.70061",
"12-Sep-2026 12:15:54","0.76","4.11","12.8","Off","12.783177,77.700611",
"12-Sep-2026 12:16:31","0.76","4.11","12.77","Off","12.783177,77.700611",
"12-Sep-2026 12:16:31","0.57","4.11","12.77","Off","12.78319,77.700624",
"12-Sep-2026 12:16:54","1.24","4.11","12.75","Off","12.783178,77.700616",
"12-Sep-2026 12:17:24","0.29","4.11","12.68","Off","12.78319,77.700614",
"12-Sep-2026 12:17:31","0.29","4.11","12.68","Off","12.78319,77.700614",
"12-Sep-2026 12:18:24","0.74","4.11","12.65","Off","12.783217,77.700637",
"12-Sep-2026 12:18:54","0.44","4.11","12.65","Off","12.783202,77.700633",
"12-Sep-2026 12:19:54","0.15","4.11","12.6","Off","12.783195,77.700654",
"12-Sep-2026 12:20:54","1.58","4.11","12.56","Off","12.783217,77.700654",
"12-Sep-2026 12:21:31","1.58","4.11","12.56","Off","12.783217,77.700654",
"12-Sep-2026 12:26:30","1.58","4.11","12.6","Off","12.783217,77.700654",
"12-Sep-2026 12:26:30","0.5","4.11","12.6","Off","12.783212,77.700654",
"12-Sep-2026 12:26:32","0.5","4.11","12.6","Off","12.783212,77.700654",
"12-Sep-2026 12:26:32","0.5","4.11","12.6","Off","12.783212,77.700654",
"12-Sep-2026 12:26:54","0.5","4.11","12.56","Off","12.783212,77.700654",
"12-Sep-2026 12:27:24","0.35","4.11","12.56","Off","12.78314,77.700574",
"12-Sep-2026 12:27:32","0.35","4.11","12.53","Off","12.78314,77.700574",
"12-Sep-2026 12:28:24","0.39","4.11","12.53","Off","12.783137,77.700613",
"12-Sep-2026 12:28:54","0.95","4.11","12.53","Off","12.783148,77.700621",
"12-Sep-2026 12:29:54","0.41","4.11","12.51","Off","12.783136,77.70063",
"12-Sep-2026 12:30:54","0.26","4.11","12.53","Off","12.783129,77.70062",
"12-Sep-2026 12:31:32","0.26","4.11","12.51","Off","12.783129,77.70062",
"12-Sep-2026 12:50:59","0.26","4.11","12.56","Off","12.783129,77.70062",
"12-Sep-2026 12:50:59","1.39","4.11","12.56","Off","12.783129,77.70064",
"12-Sep-2026 12:50:59","1.39","4.11","12.56","On","12.783129,77.70064",
"12-Sep-2026 12:51:24","1.39","4.11","13.33","On","12.783129,77.70064",
"12-Sep-2026 12:51:54","0.72","4.11","13.83","On","12.783118,77.700629",
"12-Sep-2026 12:52:24","1.56","4.11","13.88","On","12.783119,77.700621",
"12-Sep-2026 12:52:54","0.1","4.11","13.86","On","12.783102,77.700607",
"12-Sep-2026 12:53:24","0.64","4.11","13.88","On","12.783116,77.700601",
"12-Sep-2026 12:53:54","0.38","4.11","13.88","On","12.783131,77.700576",
"12-Sep-2026 12:54:24","0.54","4.11","13.93","On","12.783129,77.700562",
"12-Sep-2026 12:54:54","1.22","4.11","13.91","On","12.783136,77.700554",
"12-Sep-2026 12:55:24","1.27","4.11","13.91","On","12.783153,77.700541",
"12-Sep-2026 12:55:45","11.12","4.11","13.91","On","12.783311,77.700233",
"12-Sep-2026 12:55:50","7.36","4.11","13.91","On","12.783273,77.700184",
"12-Sep-2026 12:55:54","1.12","4.11","13.86","On","12.78324,77.700157",
"12-Sep-2026 12:56:24","1","4.11","13.91","On","12.783223,77.700144",
"12-Sep-2026 12:56:54","8.64","4.11","13.88","On","12.783117,77.700023",
"12-Sep-2026 12:57:24","0.4","4.11","13.86","On","12.782899,77.699962",
"12-Sep-2026 12:57:45","12.92","4.11","13.86","On","12.782733,77.69992",
"12-Sep-2026 12:57:50","7.82","4.11","13.86","On","12.782647,77.69994",
"12-Sep-2026 12:57:54","0.22","4.11","13.83","On","12.782619,77.699979",
"12-Sep-2026 12:58:24","0.35","4.11","13.88","On","12.78272,77.699845",
"12-Sep-2026 12:58:54","0.96","4.11","13.93","On","12.782728,77.69986",
"12-Sep-2026 12:59:24","2.5","4.11","13.88","On","12.78246,77.700506",
"12-Sep-2026 12:59:45","12.83","4.11","13.88","On","12.782339,77.701079",
"12-Sep-2026 12:59:50","0.35","4.11","13.88","On","12.782326,77.701134",
"12-Sep-2026 12:59:54","1.41","4.11","13.88","On","12.782326,77.701129",
"12-Sep-2026 13:00:24","0.15","4.11","13.91","On","12.782231,77.701224",
"12-Sep-2026 13:00:54","0.77","4.11","13.88","On","12.782238,77.701216",
"12-Sep-2026 13:01:24","0.28","4.11","13.91","On","12.782242,77.701214",
"12-Sep-2026 13:01:54","0.67","4.11","13.88","On","12.782216,77.701228",
"12-Sep-2026 13:02:24","0.74","4.11","13.93","On","12.782222,77.701225",
"12-Sep-2026 13:02:54","0.18","4.11","13.93","On","12.782219,77.701224",
"12-Sep-2026 13:03:24","1.43","4.11","13.88","On","12.782225,77.70123",
"12-Sep-2026 13:03:54","34.7","4.11","13.91","On","12.781862,77.702504",
"12-Sep-2026 13:04:05","21.3","4.11","13.91","On","12.781681,77.703119",
"12-Sep-2026 13:04:20","29.46","4.11","13.91","On","12.781826,77.703748",
"12-Sep-2026 13:04:24","33.53","4.11","13.88","On","12.782111,77.703864",
"12-Sep-2026 13:04:30","38.2","4.11","13.88","On","12.782468,77.703888",
"12-Sep-2026 13:04:54","28.59","4.11","13.88","On","12.783639,77.703464",
"12-Sep-2026 13:05:20","23.65","4.11","13.88","On","12.785208,77.703107",
"12-Sep-2026 13:05:24","29.87","4.11","13.86","On","12.785476,77.703132",
"12-Sep-2026 13:05:54","17.59","4.11","13.86","On","12.787363,77.703406",
"12-Sep-2026 13:06:00","25.19","4.11","13.86","On","12.787705,77.703634",
"12-Sep-2026 13:06:24","34.29","4.11","13.88","On","12.789495,77.70519",
"12-Sep-2026 13:06:35","36","4.11","13.88","On","12.790006,77.705448",
"12-Sep-2026 13:06:54","28.17","4.11","13.91","On","12.791574,77.705832",
"12-Sep-2026 13:07:24","35.68","4.11","13.88","On","12.793081,77.706157",
"12-Sep-2026 13:07:54","29.61","4.11","13.91","On","12.794954,77.706547",
"12-Sep-2026 13:08:05","14.86","4.11","13.91","On","12.795645,77.7066",
"12-Sep-2026 13:08:24","12.72","4.11","13.91","On","12.796255,77.706532",
"12-Sep-2026 13:08:25","12.72","4.11","13.91","On","12.796255,77.706532",
"12-Sep-2026 13:08:30","20.56","4.11","13.91","On","12.796417,77.706512",
"12-Sep-2026 13:08:54","9.64","4.11","13.88","On","12.797614,77.706249",
"12-Sep-2026 13:09:24","29.48","4.11","13.86","On","12.799824,77.705584",
"12-Sep-2026 13:09:54","35.78","4.11","13.88","On","12.801363,77.705111",
"12-Sep-2026 13:10:05","15.92","4.11","13.88","On","12.802057,77.704751",
"12-Sep-2026 13:10:24","15.37","4.11","13.88","On","12.802339,77.703991",
"12-Sep-2026 13:10:54","21.6","4.11","13.88","On","12.802701,77.702391",
"12-Sep-2026 13:11:15","44.02","4.11","13.88","On","12.804033,77.700832",
"12-Sep-2026 13:11:24","37.86","4.11","13.83","On","12.804684,77.700338",
"12-Sep-2026 13:11:54","37.55","4.11","13.91","On","12.8067,77.698791",
"12-Sep-2026 13:12:24","52.24","4.11","13.91","On","12.809299,77.696692",
"12-Sep-2026 13:12:54","52.69","4.11","13.91","On","12.812657,77.694037",
"12-Sep-2026 13:13:24","55.15","4.11","13.83","On","12.815592,77.691619",
"12-Sep-2026 13:13:54","54.62","4.11","13.88","On","12.819022,77.688888",
"12-Sep-2026 13:14:24","50.57","4.11","13.91","On","12.821903,77.686148",
"12-Sep-2026 13:14:54","53.31","4.11","13.91","On","12.824913,77.683589",
"12-Sep-2026 13:15:24","48.7","4.11","13.83","On","12.827966,77.68189",
"12-Sep-2026 13:15:30","49.15","4.11","13.83","On","12.829033,77.681527",
"12-Sep-2026 13:15:54","54.44","4.11","13.86","On","12.831971,77.680627",
"12-Sep-2026 13:16:24","33.54","4.11","13.91","On","12.834766,77.679629",
"12-Sep-2026 13:16:54","15.36","4.11","13.91","On","12.837004,77.678772",
"12-Sep-2026 13:17:05","4.12","4.11","13.91","On","12.837221,77.678636",
"12-Sep-2026 13:17:24","0.58","4.11","13.81","On","12.837245,77.678636",
"12-Sep-2026 13:17:30","11.15","4.11","13.81","On","12.837373,77.678607",
"12-Sep-2026 13:17:35","9.43","4.11","13.81","On","12.837474,77.678579",
"12-Sep-2026 13:17:45","10.1","4.11","13.81","On","12.837562,77.67858",
"12-Sep-2026 13:17:54","11.9","4.11","13.83","On","12.837977,77.678331",
"12-Sep-2026 13:17:55","11.9","4.11","13.83","On","12.837977,77.678331",
"12-Sep-2026 13:18:24","8.78","4.11","13.88","On","12.838514,77.677845",
"12-Sep-2026 13:18:54","7.01","4.11","13.91","On","12.839685,77.677091",
"12-Sep-2026 13:19:10","2.06","4.11","13.91","On","12.839824,77.676896",
"12-Sep-2026 13:19:24","2.29","4.11","13.88","On","12.839859,77.676851",
"12-Sep-2026 13:19:54","7.52","4.11","13.83","On","12.84019,77.676587",
"12-Sep-2026 13:20:00","23.13","4.11","13.83","On","12.840326,77.676552",
"12-Sep-2026 13:20:05","33.9","4.11","13.83","On","12.840578,77.676433",
"12-Sep-2026 13:20:24","52.9","4.11","13.81","On","12.842396,77.674982",
"12-Sep-2026 13:20:54","51.19","4.11","13.83","On","12.845678,77.672387",
"12-Sep-2026 13:21:24","46.44","4.11","13.81","On","12.848425,77.670219",
"12-Sep-2026 13:21:54","53.03","4.11","13.81","On","12.851947,77.667579",
"12-Sep-2026 13:22:24","4.33","4.11","13.83","On","12.852815,77.666922",
"12-Sep-2026 13:22:54","34","4.11","13.86","On","12.854238,77.665661",
"12-Sep-2026 13:23:24","2.73","4.11","13.86","On","12.855477,77.664705",
"12-Sep-2026 13:23:54","2.83","4.11","13.86","On","12.855518,77.664626",
"12-Sep-2026 13:24:24","0.65","4.11","13.86","On","12.855507,77.66462",
"12-Sep-2026 13:24:54","38.32","4.11","13.93","On","12.856445,77.663916",
"12-Sep-2026 13:25:24","47.8","4.11","13.88","On","12.859307,77.661657",
"12-Sep-2026 13:25:54","50.7","4.11","13.83","On","12.861923,77.659507",
"12-Sep-2026 13:26:24","10.2","4.11","13.83","On","12.864572,77.657419",
"12-Sep-2026 13:26:54","0.94","4.11","13.83","On","12.864688,77.65727",
"12-Sep-2026 13:26:55","0.94","4.11","13.83","On","12.864688,77.65727",
"12-Sep-2026 13:27:24","7.72","4.11","13.83","On","12.864708,77.657198",
"12-Sep-2026 13:27:54","1.18","4.11","13.81","On","12.864918,77.657053",
"12-Sep-2026 13:28:24","2.04","4.11","13.83","On","12.864977,77.657041",
"12-Sep-2026 13:28:54","7.75","4.11","13.81","On","12.865177,77.656904",
"12-Sep-2026 13:29:24","3.05","4.11","13.79","On","12.865704,77.656552",
"12-Sep-2026 13:29:54","0.41","4.11","13.81","On","12.865865,77.656486",
"12-Sep-2026 13:30:24","0.4","4.11","13.86","On","12.865872,77.656456",
"12-Sep-2026 13:30:54","1.32","4.11","13.83","On","12.865958,77.65638",
"12-Sep-2026 13:31:24","2.64","4.11","13.86","On","12.865949,77.656349",
"12-Sep-2026 13:31:54","1.73","4.11","13.86","On","12.86597,77.656296",
"12-Sep-2026 13:32:24","0.74","4.11","13.86","On","12.86598,77.656295",
"12-Sep-2026 13:32:54","1.17","4.11","13.91","On","12.865982,77.656317",
"12-Sep-2026 13:33:24","1.3","4.11","13.88","On","12.866005,77.656309",
"12-Sep-2026 13:33:54","0.57","4.11","13.88","On","12.866035,77.656259",
"12-Sep-2026 13:34:24","1.16","4.11","13.88","On","12.866039,77.656276",
"12-Sep-2026 13:34:50","14.42","4.11","13.88","On","12.866148,77.656195",
"12-Sep-2026 13:34:54","10.71","4.11","13.86","On","12.866264,77.656097",
"12-Sep-2026 13:35:10","5.47","4.11","13.86","On","12.866554,77.655888",
"12-Sep-2026 13:35:24","4.15","4.11","13.88","On","12.866614,77.655829",
"12-Sep-2026 13:35:54","1.78","4.11","13.88","On","12.866687,77.655817",
"12-Sep-2026 13:36:24","1.01","4.11","13.91","On","12.866706,77.655789",
"12-Sep-2026 13:36:54","0.06","4.11","13.91","On","12.866795,77.655775",
"12-Sep-2026 13:37:24","0.82","4.11","13.91","On","12.866789,77.655788",
"12-Sep-2026 13:37:54","2.23","4.11","13.88","On","12.866842,77.655726",
"12-Sep-2026 13:38:24","0.95","4.11","13.86","On","12.866851,77.655671",
"12-Sep-2026 13:38:54","2.54","4.11","13.91","On","12.86686,77.655665",
"12-Sep-2026 13:39:24","1.03","4.11","13.88","On","12.866881,77.655626",
"12-Sep-2026 13:39:54","0.52","4.11","13.91","On","12.866896,77.655613",
"12-Sep-2026 13:40:24","2.59","4.11","13.91","On","12.866844,77.655608",
"12-Sep-2026 13:40:54","2.77","4.11","13.91","On","12.866839,77.655605",
"12-Sep-2026 13:41:24","0.44","4.11","13.88","On","12.866953,77.655527",
"12-Sep-2026 13:41:54","0.27","4.11","13.88","On","12.867001,77.655532",
"12-Sep-2026 13:42:24","2.48","4.11","13.88","On","12.867012,77.655561",
"12-Sep-2026 13:42:35","37.92","4.11","13.88","On","12.867242,77.655423",
"12-Sep-2026 13:42:54","12.31","4.11","13.81","On","12.86839,77.654216",
"12-Sep-2026 13:43:05","7.6","4.11","13.81","On","12.868659,77.653882",
"12-Sep-2026 13:43:15","12.18","4.11","13.81","On","12.868831,77.653784",
"12-Sep-2026 13:43:20","5.91","4.11","13.81","On","12.868911,77.653781",
"12-Sep-2026 13:43:24","6.31","4.11","13.76","On","12.869004,77.653729",
"12-Sep-2026 13:43:40","18.42","4.11","13.76","On","12.86921,77.653562",
"12-Sep-2026 13:43:54","10.27","4.11","13.71","On","12.869575,77.65332",
"12-Sep-2026 13:44:00","15.17","4.11","13.71","On","12.869684,77.653274",
"12-Sep-2026 13:44:05","9.6","4.11","13.71","On","12.869997,77.653369",
"12-Sep-2026 13:44:24","13.72","4.11","13.79","On","12.870281,77.653628",
"12-Sep-2026 13:44:25","13.72","4.11","13.79","On","12.870281,77.653628",
"12-Sep-2026 13:44:45","39.15","4.11","13.79","On","12.870964,77.654036",
"12-Sep-2026 13:44:50","34.09","4.11","13.79","On","12.871365,77.654053",
"12-Sep-2026 13:44:54","36.88","4.11","13.76","On","12.871757,77.654036",
"12-Sep-2026 13:45:05","10.77","4.11","13.76","On","12.872219,77.654042",
"12-Sep-2026 13:45:10","1.35","4.11","13.76","On","12.87227,77.654042",
"12-Sep-2026 13:45:24","17.87","4.11","13.81","On","12.872463,77.654052",
"12-Sep-2026 13:45:25","17.87","4.11","13.81","On","12.872463,77.654052",
"12-Sep-2026 13:45:54","20.39","4.11","13.79","On","12.873446,77.654075",
"12-Sep-2026 13:46:20","32.43","4.11","13.79","On","12.875275,77.654575",
"12-Sep-2026 13:46:24","8.08","4.11","13.76","On","12.875603,77.654668",
"12-Sep-2026 13:46:25","8.08","4.11","13.76","On","12.875603,77.654668",
"12-Sep-2026 13:46:35","17.58","4.11","13.76","On","12.875708,77.654565",
"12-Sep-2026 13:46:45","3.84","4.11","13.76","On","12.875712,77.654236",
"12-Sep-2026 13:46:54","23.79","4.11","13.76","On","12.875919,77.654242",
"12-Sep-2026 13:46:55","23.79","4.11","13.76","On","12.875919,77.654242",
"12-Sep-2026 13:47:24","19.98","4.11","13.83","On","12.877413,77.65439",
"12-Sep-2026 13:47:50","15.52","4.11","13.83","On","12.87844,77.654426",
"12-Sep-2026 13:47:54","13.31","4.11","13.79","On","12.8786,77.654366",
"12-Sep-2026 13:48:15","5.59","4.11","13.79","On","12.879093,77.654066",
"12-Sep-2026 13:48:24","10.66","4.11","13.79","On","12.878886,77.653743",
"12-Sep-2026 13:48:25","10.66","4.11","13.79","On","12.878886,77.653743",
"12-Sep-2026 13:48:30","12.12","4.11","13.79","On","12.878975,77.653689",
"12-Sep-2026 13:48:54","13.02","4.11","13.79","On","12.879983,77.653203",
"12-Sep-2026 13:49:24","16.81","4.11","13.79","On","12.880917,77.652621",
"12-Sep-2026 13:49:54","20.34","4.11","13.79","On","12.882176,77.652106",
"12-Sep-2026 13:50:00","19.54","4.11","13.79","On","12.882333,77.651949",
"12-Sep-2026 13:50:05","38.68","4.11","13.79","On","12.882594,77.65138",
"12-Sep-2026 13:50:24","20.44","4.11","13.79","On","12.882837,77.650332",
"12-Sep-2026 13:50:30","6.09","4.11","13.79","On","12.882871,77.650194",
"12-Sep-2026 13:50:54","1.32","4.11","13.74","On","12.883262,77.649648",
"12-Sep-2026 13:51:24","0.44","4.11","13.76","On","12.883288,77.649653",
"12-Sep-2026 13:51:54","0.54","4.11","13.79","On","12.883319,77.649636",
"12-Sep-2026 13:52:24","1.27","4.11","13.74","On","12.883323,77.649607",
"12-Sep-2026 13:52:45","10.06","4.11","13.74","On","12.883674,77.649367",
"12-Sep-2026 13:52:54","4.56","4.11","13.81","On","12.883862,77.649312",
"12-Sep-2026 13:52:55","4.56","4.11","13.81","On","12.883862,77.649312",
"12-Sep-2026 13:53:00","17.06","4.11","13.81","On","12.883943,77.649277",
"12-Sep-2026 13:53:05","10.93","4.11","13.81","On","12.884307,77.649269",
"12-Sep-2026 13:53:10","7.4","4.11","13.81","On","12.884428,77.649282",
"12-Sep-2026 13:53:15","22.32","4.11","13.81","On","12.884628,77.649283",
"12-Sep-2026 13:53:24","13.33","4.11","13.81","On","12.88506,77.649315",
"12-Sep-2026 13:53:35","13.91","4.11","13.81","On","12.885817,77.649377",
"12-Sep-2026 13:53:40","10.6","4.11","13.81","On","12.885965,77.649397",
"12-Sep-2026 13:53:54","33.22","4.11","13.83","On","12.886673,77.64949",
"12-Sep-2026 13:54:05","9.61","4.11","13.83","On","12.887201,77.649518",
"12-Sep-2026 13:54:15","22.76","4.11","13.83","On","12.88749,77.649566",
"12-Sep-2026 13:54:20","16.23","4.11","13.83","On","12.887675,77.649571",
"12-Sep-2026 13:54:24","7.63","4.11","13.81","On","12.887771,77.64952",
"12-Sep-2026 13:54:50","21.87","4.11","13.81","On","12.888665,77.64913",
"12-Sep-2026 13:54:54","17.07","4.11","13.79","On","12.888892,77.649138",
"12-Sep-2026 13:54:55","17.07","4.11","13.79","On","12.888892,77.649138",
"12-Sep-2026 13:55:00","15.76","4.11","13.79","On","12.88907,77.649138",
"12-Sep-2026 13:55:15","2.9","4.11","13.79","On","12.889416,77.64918",
"12-Sep-2026 13:55:24","15.57","4.11","13.74","On","12.889452,77.649306",
"12-Sep-2026 13:55:25","13.91","4.11","13.74","On","12.889414,77.649459",
"12-Sep-2026 13:55:30","8.84","4.11","13.74","On","12.889409,77.649592",
"12-Sep-2026 13:55:35","24.14","4.11","13.74","On","12.889575,77.649629",
"12-Sep-2026 13:55:40","25.84","4.11","13.74","On","12.889834,77.649642",
"12-Sep-2026 13:55:50","27.03","4.11","13.74","On","12.890346,77.649381",
"12-Sep-2026 13:55:54","28.67","4.11","13.83","On","12.89059,77.649243",
"12-Sep-2026 13:56:05","4.51","4.11","13.83","On","12.891241,77.649204",
"12-Sep-2026 13:56:24","30.84","4.11","13.81","On","12.892053,77.649591",
"12-Sep-2026 13:56:45","26.4","4.11","13.81","On","12.893396,77.650495",
"12-Sep-2026 13:56:54","18.07","4.11","13.79","On","12.893596,77.650738",
"12-Sep-2026 13:56:55","18.07","4.11","13.79","On","12.893596,77.650738",
"12-Sep-2026 13:57:24","24.65","4.11","13.83","On","12.8954,77.65097",
"12-Sep-2026 13:57:40","6.63","4.11","13.83","On","12.896142,77.651027",
"12-Sep-2026 13:57:50","20.4","4.11","13.83","On","12.896523,77.651062",
"12-Sep-2026 13:57:54","20.27","4.11","13.79","On","12.896713,77.651064",
"12-Sep-2026 13:58:10","3.68","4.11","13.79","On","12.897283,77.65111",
"12-Sep-2026 13:58:15","10.44","4.11","13.79","On","12.897357,77.651119",
"12-Sep-2026 13:58:24","19.44","4.11","13.81","On","12.897779,77.651153",
"12-Sep-2026 13:58:30","5.71","4.11","13.81","On","12.897983,77.651167",
"12-Sep-2026 13:58:35","19.45","4.11","13.81","On","12.898096,77.651175",
"12-Sep-2026 13:58:40","4.27","4.11","13.81","On","12.898217,77.651188",
"12-Sep-2026 13:58:45","20.47","4.11","13.81","On","12.898354,77.651208",
"12-Sep-2026 13:58:50","6.56","4.11","13.81","On","12.898682,77.651256",
"12-Sep-2026 13:58:54","12.19","4.11","13.79","On","12.898784,77.651224",
"12-Sep-2026 13:58:55","12.19","4.11","13.79","On","12.898784,77.651224",
"12-Sep-2026 13:59:00","5.77","4.11","13.79","On","12.89889,77.651176",
"12-Sep-2026 13:59:20","11.56","4.11","13.79","On","12.899103,77.650833",
"12-Sep-2026 13:59:24","14.46","4.11","13.76","On","12.899161,77.650646",
"12-Sep-2026 13:59:30","6.64","4.11","13.76","On","12.899372,77.650222",
"12-Sep-2026 13:59:40","17.21","4.11","13.76","On","12.899492,77.65022",
"12-Sep-2026 13:59:54","25.49","4.11","13.79","On","12.900212,77.650284",
"12-Sep-2026 14:00:00","8.95","4.11","13.79","On","12.900441,77.650294",
"12-Sep-2026 14:00:15","16.78","4.11","13.79","On","12.900886,77.650358",
"12-Sep-2026 14:00:24","15.02","4.11","13.79","On","12.901179,77.650397",
"12-Sep-2026 14:00:40","34.21","4.11","13.79","On","12.902024,77.650625",
"12-Sep-2026 14:00:54","28.5","4.11","13.79","On","12.903311,77.650384",
"12-Sep-2026 14:01:05","21.49","4.11","13.79","On","12.903732,77.650412",
"12-Sep-2026 14:01:10","27.92","4.11","13.79","On","12.904148,77.650716",
"12-Sep-2026 14:01:24","27.13","4.11","13.81","On","12.90467,77.650934",
"12-Sep-2026 14:01:50","23.95","4.11","13.81","On","12.907068,77.651494",
"12-Sep-2026 14:01:54","26.09","4.11","13.81","On","12.907325,77.651539",
"12-Sep-2026 14:02:05","21.85","4.11","13.81","On","12.907758,77.651639",
"12-Sep-2026 14:02:24","15.65","4.11","13.83","On","12.908664,77.651787",
"12-Sep-2026 14:02:25","15.65","4.11","13.83","On","12.908664,77.651787",
"12-Sep-2026 14:02:54","20.31","4.11","13.81","On","12.910298,77.651866",
"12-Sep-2026 14:02:55","20.31","4.11","13.81","On","12.910298,77.651866",
"12-Sep-2026 14:03:00","21.42","4.11","13.81","On","12.910527,77.651862",
"12-Sep-2026 14:03:10","13.66","4.11","13.81","On","12.911,77.651851",
"12-Sep-2026 14:03:15","10.32","4.11","13.81","On","12.911384,77.651815",
"12-Sep-2026 14:03:20","22.34","4.11","13.81","On","12.911568,77.651785",
"12-Sep-2026 14:03:24","8.24","4.11","13.81","On","12.911713,77.651828",
"12-Sep-2026 14:03:30","0.52","4.11","13.81","On","12.911779,77.651843",
"12-Sep-2026 14:03:54","18.15","4.11","13.86","On","12.912208,77.651803",
"12-Sep-2026 14:03:55","18.15","4.11","13.86","On","12.912208,77.651803",
"12-Sep-2026 14:04:05","3.41","4.11","13.86","On","12.912467,77.651786",
"12-Sep-2026 14:04:10","18.04","4.11","13.86","On","12.912596,77.651776",
"12-Sep-2026 14:04:15","19.37","4.11","13.86","On","12.912896,77.65177",
"12-Sep-2026 14:04:20","41.91","4.11","13.86","On","12.913214,77.651801",
"12-Sep-2026 14:04:24","32.15","4.11","13.83","On","12.913641,77.651768",
"12-Sep-2026 14:04:30","21.94","4.11","13.83","On","12.913893,77.651813",
"12-Sep-2026 14:04:35","50.08","4.11","13.83","On","12.914619,77.651747",
"12-Sep-2026 14:04:40","45.07","4.11","13.83","On","12.915137,77.651726",
"12-Sep-2026 14:04:45","23.26","4.11","13.83","On","12.915469,77.651685",
"12-Sep-2026 14:04:54","30.12","4.11","13.86","On","12.916079,77.651653",
"12-Sep-2026 14:05:05","34.04","4.11","13.86","On","12.916785,77.651675",
"12-Sep-2026 14:05:15","39.04","4.11","13.86","On","12.917898,77.65169",
"12-Sep-2026 14:05:24","38.15","4.11","13.83","On","12.918622,77.651633",
"12-Sep-2026 14:05:30","17.56","4.11","13.83","On","12.918914,77.651616",
"12-Sep-2026 14:05:35","28.34","4.11","13.83","On","12.919416,77.65162",
"12-Sep-2026 14:05:40","1.38","4.11","13.83","On","12.919573,77.651595",
"12-Sep-2026 14:05:50","28.65","4.11","13.83","On","12.919808,77.651577",
"12-Sep-2026 14:05:54","35.86","4.11","13.83","On","12.920121,77.651583",
"12-Sep-2026 14:06:10","1.76","4.11","13.83","On","12.921217,77.651561",
"12-Sep-2026 14:06:15","10.39","4.11","13.83","On","12.92126,77.651525",
"12-Sep-2026 14:06:20","8.61","4.11","13.83","On","12.921362,77.651512",
"12-Sep-2026 14:06:24","13.42","4.11","13.81","On","12.921473,77.651499",
"12-Sep-2026 14:06:25","13.42","4.11","13.81","On","12.921473,77.651499",
"12-Sep-2026 14:06:50","28.78","4.11","13.81","On","12.922929,77.651449",
"12-Sep-2026 14:06:54","24.26","4.11","13.76","On","12.92317,77.651487",
"12-Sep-2026 14:07:05","16.05","4.11","13.76","On","12.923968,77.651633",
"12-Sep-2026 14:07:10","13.79","4.11","13.76","On","12.924125,77.651639",
"12-Sep-2026 14:07:15","39.9","4.11","13.76","On","12.924285,77.651208",
"12-Sep-2026 14:07:24","3.43","4.11","13.71","On","12.924402,77.650601",
"12-Sep-2026 14:07:54","7.92","4.11","13.71","On","12.924463,77.649914",
"12-Sep-2026 14:08:10","41.5","4.11","13.71","On","12.924628,77.648679",
"12-Sep-2026 14:08:24","54.15","4.11","13.81","On","12.924512,77.646656",
"12-Sep-2026 14:08:54","54.24","4.11","13.86","On","12.923747,77.642829",
"12-Sep-2026 14:09:05","44.79","4.11","13.86","On","12.92335,77.641221",
"12-Sep-2026 14:09:24","0.29","4.11","13.81","On","12.923712,77.640266",
"12-Sep-2026 14:09:54","0.41","4.11","13.79","On","12.923717,77.640241",
"12-Sep-2026 14:10:10","5.11","4.11","13.79","On","12.92372,77.640218",
"12-Sep-2026 14:10:24","18.21","4.11","13.79","On","12.923894,77.639755",
"12-Sep-2026 14:10:54","0.71","4.11","13.79","On","12.924259,77.638775",
"12-Sep-2026 14:11:24","3.67","4.11","13.74","On","12.924262,77.638699",
"12-Sep-2026 14:11:54","0.37","4.11","13.66","On","12.924237,77.638735",
"12-Sep-2026 14:12:24","0.9","4.11","13.71","On","12.924221,77.638688",
"12-Sep-2026 14:12:54","1.1","4.11","13.76","On","12.924241,77.638665",
"12-Sep-2026 14:13:24","0.51","4.11","13.79","On","12.924206,77.638664",
"12-Sep-2026 14:13:54","0.25","4.11","13.74","On","12.924219,77.638648",
"12-Sep-2026 14:14:24","1.45","4.11","13.74","On","12.924227,77.638656",
"12-Sep-2026 14:14:54","0.2","4.11","13.13","Off","12.924219,77.638661",
"12-Sep-2026 14:15:24","0.91","4.11","12.85","Off","12.924231,77.638668",
"12-Sep-2026 14:15:51","0.91","4.11","12.75","Off","12.924231,77.638668",
"12-Sep-2026 14:16:24","0.84","4.11","12.72","Off","12.924202,77.638716",
"12-Sep-2026 14:16:54","0.56","4.11","12.68","Off","12.924209,77.638707",
"12-Sep-2026 14:17:54","2.5","4.11","12.56","Off","12.92421,77.638672",
"12-Sep-2026 14:18:54","0.69","4.11","12.48","Off","12.924199,77.63866",
"12-Sep-2026 14:19:51","0.69","4.11","12.44","Off","12.924199,77.63866",
"12-Sep-2026 14:20:51","0.69","4.11","12.48","Off","12.924199,77.63866",
"12-Sep-2026 14:20:51","1.04","4.11","12.48","Off","12.924186,77.638662",
"12-Sep-2026 14:20:54","1.04","4.11","12.48","Off","12.924186,77.638662",
"12-Sep-2026 14:21:07","1.04","4.11","12.46","Off","12.924186,77.638662",
"12-Sep-2026 14:21:54","0.86","4.11","12.41","Off","12.924184,77.638722",
"12-Sep-2026 14:22:54","1.33","4.11","12.39","Off","12.924174,77.638736",
"12-Sep-2026 14:23:54","0.63","4.11","12.36","Off","12.924191,77.63874",
"12-Sep-2026 14:24:54","0.46","4.11","12.39","Off","12.924192,77.638741",
"12-Sep-2026 14:25:07","0.46","4.11","12.39","Off","12.924192,77.638741",
"12-Sep-2026 14:26:07","0.46","4.11","12.48","Off","12.924192,77.638741",
"12-Sep-2026 14:26:07","0.61","4.11","12.48","Off","12.924195,77.638726",
"12-Sep-2026 14:26:24","0.61","4.11","12.44","Off","12.924195,77.638726",
"12-Sep-2026 14:26:54","1.19","4.11","12.39","Off","12.924185,77.638765",
"12-Sep-2026 14:26:58","1.19","4.11","12.39","Off","12.924185,77.638765",
"12-Sep-2026 14:27:54","0.34","4.11","12.36","Off","12.924174,77.638747",
"12-Sep-2026 14:28:36","0.34","4.11","12.39","Off","12.924174,77.638747",
"12-Sep-2026 14:28:36","0.64","4.11","12.39","Off","12.924174,77.638761",
"12-Sep-2026 14:28:54","0.16","4.11","12.39","Off","12.924171,77.638739",
"12-Sep-2026 14:29:24","0.37","4.11","12.39","Off","12.92415,77.638748",
"12-Sep-2026 14:29:36","0.37","4.11","12.39","Off","12.92415,77.638748",
"12-Sep-2026 14:30:24","0.53","4.11","12.36","Off","12.924166,77.638731",
"12-Sep-2026 14:30:54","0.66","4.11","12.39","Off","12.924194,77.638744",
"12-Sep-2026 14:31:54","0.14","4.11","12.39","Off","12.924185,77.638715",
"12-Sep-2026 14:32:54","0.48","4.11","12.39","Off","12.924227,77.638722",
"12-Sep-2026 14:33:36","0.48","4.11","12.36","Off","12.924227,77.638722",
"12-Sep-2026 14:37:58","0.48","4.11","12.46","Off","12.924227,77.638722",
"12-Sep-2026 14:37:58","0.6","4.11","12.46","Off","12.924208,77.638698",
"12-Sep-2026 14:38:54","1.02","4.11","12.41","Off","12.924238,77.638731",
"12-Sep-2026 14:39:54","0.66","4.11","12.36","Off","12.924205,77.638725",
"12-Sep-2026 14:40:54","0.28","4.11","12.36","Off","12.924176,77.638734",
"12-Sep-2026 14:41:54","0.7","4.11","12.36","Off","12.924191,77.638735",
"12-Sep-2026 14:41:58","0.7","4.11","12.36","Off","12.924191,77.638735",
"12-Sep-2026 14:58:54","0.7","4.11","12.46","Off","12.924191,77.638735",
"12-Sep-2026 14:58:54","1.04","4.11","12.46","Off","12.924194,77.638727",
"12-Sep-2026 14:58:54","1.04","4.11","12.46","Off","12.924194,77.638727",
"12-Sep-2026 14:59:54","0.24","4.11","12.41","Off","12.92434,77.638683",
"12-Sep-2026 15:00:54","1.16","4.11","12.39","Off","12.924329,77.638706",
"12-Sep-2026 15:01:54","0.76","4.11","12.36","Off","12.924313,77.638699",
"12-Sep-2026 15:02:54","0.76","4.11","12.36","Off","12.924313,77.638699",
"12-Sep-2026 15:22:12","0.76","4.11","12.41","Off","12.924313,77.638699",
"12-Sep-2026 15:22:12","0.28","4.11","12.41","Off","12.92428,77.638725",
"12-Sep-2026 15:22:25","0.28","4.11","12.41","Off","12.92428,77.638725",
"12-Sep-2026 15:22:25","0.28","4.11","12.41","Off","12.92428,77.638725",
"12-Sep-2026 15:22:54","1.13","4.11","12.32","Off","12.924044,77.638662",
"12-Sep-2026 15:23:24","0.5","4.11","12.36","Off","12.924192,77.638753",
"12-Sep-2026 15:23:54","0.79","4.11","12.36","Off","12.924209,77.638762",
"12-Sep-2026 15:23:59","0.79","4.11","12.36","Off","12.924209,77.638762",
"12-Sep-2026 15:24:26","0.79","4.11","12.39","On","12.924209,77.638762",
"12-Sep-2026 15:24:26","0.56","4.11","12.39","On","12.924239,77.638764",
"12-Sep-2026 15:24:54","0.89","4.11","13.26","On","12.924238,77.63874",
"12-Sep-2026 15:25:24","1.28","4.11","13.76","On","12.924239,77.638722",
"12-Sep-2026 15:25:54","0.68","4.11","13.86","On","12.924257,77.638705",
"12-Sep-2026 15:26:24","20.43","4.11","13.83","On","12.924349,77.638602",
"12-Sep-2026 15:26:54","14.38","4.11","13.86","On","12.925188,77.637022",
"12-Sep-2026 15:26:57","20.16","4.11","13.86","On","12.925223,77.636831",
"12-Sep-2026 15:27:07","2.93","4.11","13.86","On","12.925229,77.636474",
"12-Sep-2026 15:27:24","0.47","4.11","13.83","On","12.925232,77.636434",
"12-Sep-2026 15:27:37","11.96","4.11","13.83","On","12.925286,77.636551",
"12-Sep-2026 15:27:54","14.45","4.11","13.81","On","12.925125,77.637281",
"12-Sep-2026 15:28:24","29.81","4.11","13.86","On","12.924246,77.638996",
"12-Sep-2026 15:28:54","29.91","4.11","13.88","On","12.923806,77.640231",
"12-Sep-2026 15:29:12","43.69","4.11","13.88","On","12.923584,77.642061",
"12-Sep-2026 15:29:24","41.15","4.11","13.91","On","12.923914,77.643345",
"12-Sep-2026 15:29:54","42.11","4.11","13.88","On","12.924517,77.646146",
"12-Sep-2026 15:30:24","28.64","4.11","13.88","On","12.924698,77.64934",
"12-Sep-2026 15:30:27","28.64","4.11","13.88","On","12.924698,77.64934",
"12-Sep-2026 15:30:32","13.83","4.11","13.88","On","12.924643,77.649751",
"12-Sep-2026 15:30:47","6.34","4.11","13.88","On","12.924513,77.650024",
"12-Sep-2026 15:30:54","5.85","4.11","13.86","On","12.924471,77.650104",
"12-Sep-2026 15:31:24","0.43","4.11","13.81","On","12.924219,77.651719",
"12-Sep-2026 15:31:54","2.08","4.11","13.83","On","12.924233,77.651805",
"12-Sep-2026 15:32:07","14.26","4.11","13.83","On","12.924075,77.651817",
"12-Sep-2026 15:32:24","37.64","4.11","13.88","On","12.922719,77.65158",
"12-Sep-2026 15:32:54","19.99","4.11","13.91","On","12.920257,77.651509",
"12-Sep-2026 15:33:24","12.51","4.11","13.88","On","12.919127,77.651666",
"12-Sep-2026 15:33:54","27.55","4.11","13.91","On","12.917912,77.651628",
"12-Sep-2026 15:34:24","17.87","4.11","13.88","On","12.915821,77.651846",
"12-Sep-2026 15:34:54","33.13","4.11","13.83","On","12.913791,77.651807",
"12-Sep-2026 15:35:24","23.31","4.11","13.86","On","12.912207,77.651783",
"12-Sep-2026 15:35:54","21.32","4.11","13.93","On","12.910588,77.651695",
"12-Sep-2026 15:36:24","6.43","4.11","13.88","On","12.910018,77.651607",
"12-Sep-2026 15:36:54","23.38","4.11","13.88","On","12.907934,77.651579",
"12-Sep-2026 15:37:24","37.62","4.11","13.88","On","12.905028,77.651116",
"12-Sep-2026 15:37:43","30.75","4.11","13.88","On","12.904003,77.650697",
"12-Sep-2026 15:37:53","36.64","4.11","13.88","On","12.903448,77.650403",
"12-Sep-2026 15:37:54","16.9","4.11","13.88","On","12.903133,77.650498",
"12-Sep-2026 15:38:18","31.93","4.11","13.88","On","12.901526,77.650915",
"12-Sep-2026 15:38:24","28.69","4.11","13.88","On","12.901378,77.651226",
"12-Sep-2026 15:38:38","10.33","4.11","13.88","On","12.901081,77.651754",
"12-Sep-2026 15:38:53","6.52","4.11","13.88","On","12.900705,77.65165",
"12-Sep-2026 15:38:54","14.73","4.11","13.88","On","12.900597,77.651623",
"12-Sep-2026 15:39:18","11.35","4.11","13.88","On","12.899529,77.651421",
"12-Sep-2026 15:39:24","15.62","4.11","13.83","On","12.899347,77.651417",
"12-Sep-2026 15:39:33","8.1","4.11","13.83","On","12.899109,77.651347",
"12-Sep-2026 15:39:38","13.91","4.11","13.83","On","12.898897,77.651269",
"12-Sep-2026 15:39:54","6.23","4.11","13.88","On","12.89826,77.651226",
"12-Sep-2026 15:40:24","23.28","4.11","13.88","On","12.897566,77.651169",
"12-Sep-2026 15:40:33","6.93","4.11","13.88","On","12.89728,77.651115",
"12-Sep-2026 15:40:38","24.15","4.11","13.88","On","12.89702,77.651052",
"12-Sep-2026 15:40:53","4.77","4.11","13.88","On","12.896714,77.651053",
"12-Sep-2026 15:40:54","5.91","4.11","13.88","On","12.896614,77.651045",
"12-Sep-2026 15:41:24","16.3","4.11","13.91","On","12.896083,77.651025",
"12-Sep-2026 15:41:28","22.44","4.11","13.91","On","12.895821,77.650981",
"12-Sep-2026 15:41:38","8.38","4.11","13.91","On","12.895414,77.6509",
"12-Sep-2026 15:41:54","4.56","4.11","13.91","On","12.895267,77.650843",
"12-Sep-2026 15:42:03","16.71","4.11","13.91","On","12.895087,77.650817",
"12-Sep-2026 15:42:24","1.14","4.11","13.81","On","12.894036,77.650825",
"12-Sep-2026 15:42:54","0.73","4.11","13.79","On","12.893951,77.650799",
"12-Sep-2026 15:42:58","3.37","4.11","13.79","On","12.893933,77.650779",
"12-Sep-2026 15:43:24","3.45","4.11","13.79","On","12.893746,77.650789",
"12-Sep-2026 15:43:38","21.05","4.11","13.79","On","12.89335,77.650456",
"12-Sep-2026 15:43:48","17.01","4.11","13.79","On","12.892983,77.650213",
"12-Sep-2026 15:43:54","13.89","4.11","13.81","On","12.892681,77.650007",
"12-Sep-2026 15:44:24","1.44","4.11","13.83","On","12.892216,77.649775",
"12-Sep-2026 15:44:54","16.69","4.11","13.83","On","12.891486,77.649251",
"12-Sep-2026 15:45:08","2.68","4.11","13.83","On","12.891336,77.649162",
"12-Sep-2026 15:45:23","20.73","4.11","13.83","On","12.891005,77.64911",
"12-Sep-2026 15:45:24","20.73","4.11","13.83","On","12.891005,77.64911",
"12-Sep-2026 15:45:28","28.33","4.11","13.83","On","12.890715,77.649182",
"12-Sep-2026 15:45:48","7.88","4.11","13.83","On","12.88978,77.649651",
"12-Sep-2026 15:45:54","9.97","4.11","13.81","On","12.889602,77.649652",
"12-Sep-2026 15:46:13","17.14","4.11","13.81","On","12.889459,77.649374",
"12-Sep-2026 15:46:18","7.05","4.11","13.81","On","12.889462,77.649221",
"12-Sep-2026 15:46:23","24.07","4.11","13.81","On","12.889102,77.649095",
"12-Sep-2026 15:46:24","24.07","4.11","13.79","On","12.889102,77.649095",
"12-Sep-2026 15:46:28","16.2","4.11","13.79","On","12.888882,77.649083",
"12-Sep-2026 15:46:33","17.74","4.11","13.79","On","12.888649,77.649112",
"12-Sep-2026 15:46:43","2.87","4.11","13.79","On","12.888314,77.649229",
"12-Sep-2026 15:46:54","15.38","4.11","13.79","On","12.887991,77.649494",
"12-Sep-2026 15:47:03","23.56","4.11","13.79","On","12.887591,77.649558",
"12-Sep-2026 15:47:23","10.75","4.11","13.79","On","12.88622,77.649439",
"12-Sep-2026 15:47:24","10.75","4.11","13.83","On","12.88622,77.649439",
"12-Sep-2026 15:47:38","23.5","4.11","13.83","On","12.885731,77.649442",
"12-Sep-2026 15:47:54","19.49","4.11","13.81","On","12.884699,77.64931",
"12-Sep-2026 15:48:23","7.02","4.11","13.81","On","12.88373,77.649336",
"12-Sep-2026 15:48:24","7.02","4.11","13.81","On","12.88373,77.649336",
"12-Sep-2026 15:48:38","21.01","4.11","13.81","On","12.883394,77.649504",
"12-Sep-2026 15:48:53","19.24","4.11","13.81","On","12.882958,77.650017",
"12-Sep-2026 15:48:54","18.21","4.11","13.83","On","12.882862,77.650201",
"12-Sep-2026 15:49:24","17.51","4.11","13.83","On","12.882539,77.651433",
"12-Sep-2026 15:49:43","19.34","4.11","13.83","On","12.882062,77.65224",
"12-Sep-2026 15:49:53","9.64","4.11","13.83","On","12.881769,77.652401",
"12-Sep-2026 15:49:54","10.92","4.11","13.81","On","12.881681,77.652437",
"12-Sep-2026 15:50:24","4.18","4.11","13.86","On","12.880751,77.652752",
"12-Sep-2026 15:50:48","19.28","4.11","13.86","On","12.87996,77.653161",
"12-Sep-2026 15:50:54","27.11","4.11","13.79","On","12.879525,77.653401",
"12-Sep-2026 15:51:18","11.32","4.11","13.79","On","12.878921,77.653823",
"12-Sep-2026 15:51:24","8.51","4.11","13.76","On","12.879066,77.653986",
"12-Sep-2026 15:51:33","13.65","4.11","13.76","On","12.879112,77.654118",
"12-Sep-2026 15:51:38","22.43","4.11","13.76","On","12.878932,77.654215",
"12-Sep-2026 15:51:53","27.7","4.11","13.76","On","12.878253,77.654478",
"12-Sep-2026 15:51:54","47.9","4.11","13.79","On","12.877872,77.654444",
"12-Sep-2026 15:52:03","2.79","4.11","13.79","On","12.877194,77.654433",
"12-Sep-2026 15:52:08","26.03","4.11","13.79","On","12.876987,77.654421",
"12-Sep-2026 15:52:24","13.4","4.11","13.81","On","12.876206,77.654281",
"12-Sep-2026 15:52:38","19.26","4.11","13.81","On","12.875744,77.654268",
"12-Sep-2026 15:52:43","4.26","4.11","13.81","On","12.875713,77.654697",
"12-Sep-2026 15:52:48","19.33","4.11","13.81","On","12.875603,77.654723",
"12-Sep-2026 15:52:54","9.56","4.11","13.76","On","12.875487,77.654684",
"12-Sep-2026 15:53:24","19.35","4.11","13.83","On","12.873712,77.654133",
"12-Sep-2026 15:53:33","9.21","4.11","13.83","On","12.873377,77.654093",
"12-Sep-2026 15:53:54","13.26","4.11","13.81","On","12.872739,77.654056",
"12-Sep-2026 15:54:23","16.55","4.11","13.81","On","12.872305,77.654432",
"12-Sep-2026 15:54:24","16.55","4.11","13.81","On","12.872305,77.654432",
"12-Sep-2026 15:54:43","8.84","4.11","13.81","On","12.872367,77.654986",
"12-Sep-2026 15:54:48","14.29","4.11","13.81","On","12.872482,77.65509",
"12-Sep-2026 15:54:54","12.32","4.11","13.76","On","12.872591,77.655241",
"12-Sep-2026 15:54:58","2.38","4.11","13.76","On","12.872625,77.655315",
"12-Sep-2026 15:55:24","12.04","4.11","13.74","On","12.872682,77.655454",
"12-Sep-2026 15:55:28","15.69","4.11","13.74","On","12.872815,77.655569",
"12-Sep-2026 15:55:38","7.3","4.11","13.74","On","12.873059,77.65577",
"12-Sep-2026 15:55:48","28.44","4.11","13.74","On","12.873487,77.655865",
"12-Sep-2026 15:55:54","33.77","4.11","13.81","On","12.873789,77.655917",
"12-Sep-2026 15:56:13","8.98","4.11","13.81","On","12.875121,77.656034",
"12-Sep-2026 15:56:18","19.38","4.11","13.81","On","12.875247,77.656045",
"12-Sep-2026 15:56:24","8.69","4.11","13.79","On","12.875582,77.656196",
"12-Sep-2026 15:56:28","16.88","4.11","13.79","On","12.875575,77.656299",
"12-Sep-2026 15:56:54","18.46","4.11","13.83","On","12.875612,77.657392",
"12-Sep-2026 15:57:18","2.65","4.11","13.83","On","12.875605,77.657899",
"12-Sep-2026 15:57:24","0.2","4.11","13.86","On","12.875597,77.657829",
"12-Sep-2026 15:57:54","3.71","4.11","13.83","On","12.875353,77.657673",
"12-Sep-2026 15:58:24","0.79","4.11","13.81","On","12.875316,77.657576",
"12-Sep-2026 15:58:54","0.4","4.11","13.35","Off","12.87531,77.657587",
"12-Sep-2026 15:59:24","0.19","4.11","12.99","Off","12.875324,77.657569",
"12-Sep-2026 15:59:52","0.19","4.11","12.92","Off","12.875324,77.657569",
"12-Sep-2026 16:00:24","0.32","4.11","12.92","Off","12.87532,77.657595",
"12-Sep-2026 16:00:54","1.96","4.11","12.89","Off","12.87532,77.657606",
"12-Sep-2026 16:01:54","0.24","4.11","12.85","Off","12.875335,77.657623",
"12-Sep-2026 16:02:54","0.42","4.11","12.82","Off","12.875334,77.657624",
"12-Sep-2026 16:03:52","0.42","4.11","12.77","Off","12.875334,77.657624",
"12-Sep-2026 17:03:52","0.42","4.11","12.63","Off","12.875334,77.657624",
"12-Sep-2026 17:03:52","0.36","4.11","12.63","Off","12.875333,77.657637",
"12-Sep-2026 17:03:54","0.36","4.11","12.63","Off","12.875333,77.657637",
"12-Sep-2026 18:08:54","1.54","4.11","12.48","Off","12.875409,77.657543",
"12-Sep-2026 18:09:54","6","4.11","12.48","Off","12.875428,77.657542",
"12-Sep-2026 18:10:54","1.24","4.11","12.48","Off","12.875525,77.657593",
"12-Sep-2026 18:11:52","1.24","4.11","12.46","Off","12.875525,77.657593",
"12-Sep-2026 19:11:52","1.24","4.11","12.48","Off","12.875525,77.657593",
"12-Sep-2026 19:11:52","6.43","4.11","12.48","Off","12.875598,77.657519",
"12-Sep-2026 19:11:54","6.43","4.11","12.48","Off","12.875598,77.657519",
"12-Sep-2026 20:49:24","0","4.11","13.59","On","12.875454,77.656102",
"12-Sep-2026 20:53:54","0","4.11","13.54","On","12.870631,77.656056",
"12-Sep-2026 20:54:24","0","4.11","13.57","On","12.870749,77.655836",
"12-Sep-2026 20:55:54","0","4.11","13.62","On","12.86964,77.653882",
"12-Sep-2026 20:56:03","50.09","4.11","13.62","On","12.868376,77.654619",
"12-Sep-2026 20:56:54","0","4.11","13.64","On","12.862686,77.659321",
"12-Sep-2026 20:57:24","54.21","4.11","13.64","On","12.859819,77.661975",
"12-Sep-2026 20:57:36","27.6","4.11","13.64","On","12.859072,77.662658",
"12-Sep-2026 20:57:46","9.83","4.11","13.64","On","12.858779,77.662819",
"12-Sep-2026 20:57:51","14.11","4.11","13.64","On","12.85866,77.66286",
"12-Sep-2026 20:57:54","11.76","4.11","13.62","On","12.858574,77.662901",
"12-Sep-2026 20:58:16","1.43","4.11","13.62","On","12.857579,77.663516",
"12-Sep-2026 20:58:24","17.27","4.11","13.57","On","12.857515,77.663533",
"12-Sep-2026 20:58:26","17.27","4.11","13.57","On","12.857515,77.663533",
"12-Sep-2026 20:58:54","6.22","4.11","13.57","On","12.856258,77.664467",
"12-Sep-2026 20:59:24","12.15","4.11","13.59","On","12.85542,77.665136",
"12-Sep-2026 20:59:54","39.52","4.11","13.64","On","12.854453,77.665931",
"12-Sep-2026 21:00:24","45.75","4.11","13.59","On","12.851342,77.668269",
"12-Sep-2026 21:00:54","17.59","4.11","13.62","On","12.848853,77.670267",
"12-Sep-2026 21:01:24","32.03","4.11","13.62","On","12.847025,77.671831",
"12-Sep-2026 21:01:38","6.09","4.11","13.62","On","12.846775,77.67207",
"12-Sep-2026 21:01:43","18.25","4.11","13.62","On","12.846702,77.672162",
"12-Sep-2026 21:01:54","42.58","4.11","13.59","On","12.845829,77.67272",
"12-Sep-2026 21:02:13","19.3","4.11","13.59","On","12.844642,77.673911",
"12-Sep-2026 21:02:18","8.81","4.11","13.59","On","12.844627,77.674016",
"12-Sep-2026 21:02:23","22.75","4.11","13.59","On","12.844589,77.674155",
"12-Sep-2026 21:02:24","9.74","4.11","13.59","On","12.844647,77.674401",
"12-Sep-2026 21:02:33","28.92","4.11","13.59","On","12.84471,77.674791",
"12-Sep-2026 21:02:53","41.51","4.11","13.59","On","12.844978,77.676772",
"12-Sep-2026 21:02:54","41.51","4.11","13.64","On","12.844978,77.676772",
"12-Sep-2026 21:03:24","42.16","4.11","13.62","On","12.844974,77.679781",
"12-Sep-2026 21:03:54","24.46","4.11","13.66","On","12.84488,77.681497",
"12-Sep-2026 21:04:03","10.13","4.11","13.66","On","12.844767,77.681823",
"12-Sep-2026 21:04:24","27.19","4.11","13.62","On","12.844391,77.682818",
"12-Sep-2026 21:04:48","18.39","4.11","13.62","On","12.843809,77.684131",
"12-Sep-2026 21:04:54","24.47","4.11","13.64","On","12.843593,77.683878",
"12-Sep-2026 21:05:13","2.75","4.11","13.64","On","12.842707,77.682831",
"12-Sep-2026 21:05:24","8.59","4.11","13.62","On","12.842536,77.682981",
"12-Sep-2026 21:05:54","2.03","4.11","13.52","Off","12.842327,77.683121",
"12-Sep-2026 21:06:24","0.75","4.11","13.33","Off","12.842372,77.68315",
"12-Sep-2026 21:06:54","0.57","4.11","13.23","Off","12.842384,77.683164",
"12-Sep-2026 21:07:11","0.57","4.11","13.21","Off","12.842384,77.683164",
"12-Sep-2026 21:07:54","0.65","4.11","13.16","Off","12.842354,77.683152",
"12-Sep-2026 21:08:54","1.6","4.11","13.06","Off","12.842329,77.68314",
"12-Sep-2026 21:09:54","0.28","4.11","12.99","Off","12.842351,77.683164",
"12-Sep-2026 21:10:54","0.34","4.11","12.92","Off","12.842355,77.68316",
"12-Sep-2026 21:11:11","0.34","4.11","12.92","Off","12.842355,77.68316",
"12-Sep-2026 22:11:11","0.34","4.11","12.6","Off","12.842355,77.68316",
"12-Sep-2026 22:11:11","0.97","4.11","12.6","Off","12.842352,77.683168",
"12-Sep-2026 22:11:54","0","4.11","12.58","Off","12.842163,77.683248",
"12-Sep-2026 22:12:54","0","4.11","12.53","Off","12.842142,77.683205",
"12-Sep-2026 22:39:24","0","4.11","13.01","On","12.842055,77.683345",
"12-Sep-2026 22:39:54","0","4.11","13.52","On","12.842088,77.683435",
"12-Sep-2026 22:40:24","0","4.11","13.59","On","12.842781,77.682921",
"12-Sep-2026 22:42:03","40.67","4.11","13.59","On","12.841477,77.679355",
"12-Sep-2026 22:42:18","15.07","4.11","13.59","On","12.840849,77.67843",
"12-Sep-2026 22:42:24","23.18","4.1","13.59","On","12.840684,77.678162",
"12-Sep-2026 22:42:38","27.97","4.1","13.59","On","12.840451,77.677895",
"12-Sep-2026 22:42:43","30.62","4.1","13.59","On","12.840291,77.677641",
"12-Sep-2026 22:42:54","20.96","4.11","13.59","On","12.839847,77.677292",
"12-Sep-2026 22:42:56","15.79","4.11","13.59","On","12.83978,77.677398",
"12-Sep-2026 22:43:24","33.72","4.11","13.62","On","12.838224,77.678501",
"12-Sep-2026 22:43:29","25.51","4.11","13.62","On","12.837958,77.6786",
"12-Sep-2026 22:43:54","49.5","4.11","13.62","On","12.83575,77.679433",
"12-Sep-2026 22:44:24","51.03","4.11","13.66","On","12.831662,77.680808",
"12-Sep-2026 22:44:54","47.09","4.11","13.64","On","12.827965,77.681984",
"12-Sep-2026 22:45:14","47.08","4.11","13.64","On","12.825717,77.683109",
"12-Sep-2026 22:45:24","50.3","4.11","13.62","On","12.824499,77.684033",
"12-Sep-2026 22:45:54","51.67","4.11","13.64","On","12.821798,77.686435",
"12-Sep-2026 22:46:24","54.53","4.11","13.64","On","12.818566,77.689381",
"12-Sep-2026 22:46:54","58.95","4.11","13.64","On","12.815437,77.69191",
"12-Sep-2026 22:47:24","52","4.11","13.64","On","12.813058,77.693822",
"12-Sep-2026 22:47:54","56.19","4.11","13.64","On","12.809991,77.696331",
"12-Sep-2026 22:48:24","23.84","4.11","13.64","On","12.80756,77.698369",
"12-Sep-2026 22:48:29","16.74","4.11","13.64","On","12.807433,77.6985",
"12-Sep-2026 22:48:54","18.5","4.11","13.64","On","12.806112,77.699591",
"12-Sep-2026 22:49:24","6.7","4.11","13.64","On","12.804194,77.701082",
"12-Sep-2026 22:49:24","6.7","4.11","13.64","On","12.804194,77.701082",
"12-Sep-2026 22:49:29","32.61","4.11","13.64","On","12.804071,77.701261",
"12-Sep-2026 22:49:44","53.35","4.11","13.64","On","12.80305,77.702788",
"12-Sep-2026 22:49:54","47.8","4.11","13.64","On","12.802691,77.703701",
"12-Sep-2026 22:50:24","22.69","4.11","13.64","On","12.802051,77.705061",
"12-Sep-2026 22:50:25","22.69","4.11","13.64","On","12.802051,77.705061",
"12-Sep-2026 22:50:40","25.11","4.11","13.64","On","12.801265,77.705297",
"12-Sep-2026 22:50:54","2.98","4.11","13.64","On","12.800749,77.705485",
"12-Sep-2026 22:51:15","30.42","4.11","13.64","On","12.799847,77.705718",
"12-Sep-2026 22:51:24","31.38","4.11","13.66","On","12.798939,77.705955",
"12-Sep-2026 22:51:54","27.71","4.11","13.64","On","12.797483,77.706414",
"12-Sep-2026 22:52:24","37.46","4.11","13.64","On","12.794872,77.706576",
"12-Sep-2026 22:52:38","33.74","4.11","13.64","On","12.793795,77.706337",
"12-Sep-2026 22:52:53","12.48","4.11","13.64","On","12.792726,77.706061",
"12-Sep-2026 22:52:54","12.48","4.1","13.64","On","12.792726,77.706061",
"12-Sep-2026 22:52:58","29.54","4.1","13.64","On","12.792519,77.706027",
"12-Sep-2026 22:53:24","33.98","4.11","13.66","On","12.790476,77.705628",
"12-Sep-2026 22:53:33","43.57","4.11","13.66","On","12.789438,77.705186",
"12-Sep-2026 22:53:48","42.43","4.11","13.66","On","12.788564,77.704225",
"12-Sep-2026 22:53:54","36.71","4.11","13.54","On","12.788025,77.703742",
"12-Sep-2026 22:54:08","15.49","4.11","13.54","On","12.787662,77.703586",
"12-Sep-2026 22:54:13","41.34","4.11","13.54","On","12.787096,77.703404",
"12-Sep-2026 22:54:24","37.36","4.11","13.57","On","12.786288,77.703341",
"12-Sep-2026 22:54:48","37.56","4.11","13.57","On","12.784175,77.703371",
"12-Sep-2026 22:54:54","41.92","4.11","13.57","On","12.783372,77.703656",
"12-Sep-2026 22:55:08","34.95","4.11","13.57","On","12.782304,77.703991",
"12-Sep-2026 22:55:13","7.54","4.11","13.57","On","12.781934,77.703885",
"12-Sep-2026 22:55:24","32.53","4.11","13.62","On","12.781629,77.703666",
"12-Sep-2026 22:55:28","11.52","4.11","13.62","On","12.781507,77.703512",
"12-Sep-2026 22:55:54","24.49","4.11","13.66","On","12.781974,77.702077",
"12-Sep-2026 22:56:24","0.16","4.11","13.66","On","12.782227,77.701238",
"12-Sep-2026 22:56:54","4.11","4.11","13.66","On","12.782234,77.701119",
"12-Sep-2026 22:57:24","4.63","4.1","13.64","On","12.782435,77.700525",
"12-Sep-2026 22:57:41","5.77","4.1","13.64","On","12.782572,77.700011",
"12-Sep-2026 22:57:54","2.89","4.11","13.62","On","12.782725,77.700025",
"12-Sep-2026 22:58:24","2.54","4.11","13.28","Off","12.782696,77.700006",
"12-Sep-2026 22:58:54","1.27","4.11","13.18","Off","12.78264,77.700007",
"12-Sep-2026 22:59:24","0.72","4.11","13.13","Off","12.78264,77.699968",
"12-Sep-2026 22:59:29","0.72","4.11","13.11","Off","12.78264,77.699968",
"12-Sep-2026 23:00:24","1.46","4.11","13.06","Off","12.782688,77.699933",
"12-Sep-2026 23:00:54","0.36","4.11","13.06","Off","12.78271,77.699928",
"12-Sep-2026 23:01:36","0.36","4.11","12.99","On","12.78271,77.699928",
"12-Sep-2026 23:01:36","1.82","4.11","12.99","On","12.78275,77.699906",
"12-Sep-2026 23:01:54","0.94","4.11","13.23","On","12.782766,77.699934",
"12-Sep-2026 23:02:24","1.44","4.11","13.3","On","12.78278,77.699824",
"12-Sep-2026 23:02:54","0.4","4.11","12.8","On","12.782796,77.699812",
"12-Sep-2026 23:03:24","1.08","4.11","13.76","On","12.782792,77.699802",
"12-Sep-2026 23:03:54","1.52","4.11","13.95","On","12.782784,77.699785",
"12-Sep-2026 23:04:24","0.55","4.11","13.93","On","12.78277,77.699781",
"12-Sep-2026 23:04:54","0.39","4.11","13.95","On","12.782772,77.69978",
"12-Sep-2026 23:05:24","1.27","4.11","13.93","On","12.78278,77.699798",
"12-Sep-2026 23:05:54","0.78","4.11","13.95","On","12.782781,77.699787",
"12-Sep-2026 23:06:24","0.58","4.11","13.95","On","12.782788,77.699791",
"12-Sep-2026 23:06:54","1.1","4.11","13.95","On","12.782799,77.699786",
"12-Sep-2026 23:07:24","0.41","4.11","13.93","On","12.782781,77.699793",
"12-Sep-2026 23:07:54","0.4","4.11","13.93","On","12.782784,77.6998",
"12-Sep-2026 23:08:24","0.84","4.11","13.93","On","12.782773,77.699789",
"12-Sep-2026 23:08:54","1.08","4.11","13.93","On","12.782751,77.699778",
"12-Sep-2026 23:09:24","0.69","4.11","13.91","On","12.782738,77.699774",
"12-Sep-2026 23:09:54","0.12","4.11","13.93","On","12.782746,77.699767",
"12-Sep-2026 23:10:24","0.37","4.11","13.95","On","12.782746,77.699777",
"12-Sep-2026 23:10:54","0.93","4.11","13.95","On","12.782743,77.699774",
"12-Sep-2026 23:11:24","0.26","4.11","13.95","On","12.782757,77.699783",
"12-Sep-2026 23:11:54","1.03","4.11","13.95","On","12.78275,77.699776",
"12-Sep-2026 23:12:24","1.38","4.11","13.95","On","12.782753,77.699757",
"12-Sep-2026 23:12:54","1.87","4.11","13.91","On","12.782721,77.699738",
"12-Sep-2026 23:13:24","0.51","4.11","13.91","On","12.782708,77.699729",
"12-Sep-2026 23:13:54","0.68","4.11","13.95","On","12.782753,77.699783",
"12-Sep-2026 23:14:24","0.12","4.11","13.93","On","12.78275,77.699775",
"12-Sep-2026 23:14:54","0.04","4.11","13.93","On","12.782751,77.699762",
"12-Sep-2026 23:15:24","1.12","4.11","13.93","On","12.782749,77.699771",
"12-Sep-2026 23:15:54","0.23","4.11","13.95","On","12.782735,77.69977",
"12-Sep-2026 23:16:24","2.2","4.11","13.93","On","12.782722,77.699752",
"12-Sep-2026 23:16:54","0.74","4.11","13.93","On","12.78275,77.699781",
"12-Sep-2026 23:17:24","0.55","4.11","13.93","On","12.782753,77.699792",
"12-Sep-2026 23:17:54","1.4","4.11","13.95","On","12.782763,77.69977",
"12-Sep-2026 23:18:24","1.57","4.11","13.95","On","12.782747,77.699747",
"12-Sep-2026 23:18:54","0.63","4.11","13.93","On","12.782748,77.699748",
"12-Sep-2026 23:19:24","1.58","4.11","13.95","On","12.782768,77.699729",
"12-Sep-2026 23:19:54","0.95","4.11","13.95","On","12.782738,77.699689",
"12-Sep-2026 23:20:24","2.15","4.11","13.93","On","12.782759,77.699713",
"12-Sep-2026 23:20:54","0.57","4.11","13.93","On","12.782742,77.699688",
"12-Sep-2026 23:21:24","0.12","4.11","13.91","On","12.782739,77.699722",
"12-Sep-2026 23:21:54","1.64","4.11","13.93","On","12.782749,77.699753",
"12-Sep-2026 23:22:24","0.33","4.11","13.93","On","12.782744,77.699769",
"12-Sep-2026 23:22:54","1.16","4.11","13.95","On","12.782745,77.699737",
"12-Sep-2026 23:23:24","0.93","4.11","13.95","On","12.78276,77.699741",
"12-Sep-2026 23:23:54","0.18","4.11","13.91","On","12.782752,77.699722",
"12-Sep-2026 23:24:24","0.6","4.11","13.93","On","12.782746,77.699754",
"12-Sep-2026 23:24:54","0.58","4.11","13.93","On","12.782741,77.699776",
"12-Sep-2026 23:25:24","1.93","4.11","13.95","On","12.782751,77.699782",
"12-Sep-2026 23:25:54","0.66","4.11","13.95","On","12.782753,77.699765",
"12-Sep-2026 23:26:24","0.98","4.11","13.93","On","12.78277,77.699797",
"12-Sep-2026 23:26:54","0.17","4.11","13.93","On","12.782736,77.69976",
"12-Sep-2026 23:27:24","1.7","4.11","13.95","On","12.782739,77.699772",
"12-Sep-2026 23:27:54","0.53","4.11","13.93","On","12.78274,77.69979",
"12-Sep-2026 23:28:24","0.7","4.11","13.91","On","12.782734,77.699782",
"12-Sep-2026 23:28:54","1.04","4.11","13.93","On","12.78273,77.699786",
"12-Sep-2026 23:29:24","0.14","4.11","13.95","On","12.782713,77.699786",
"12-Sep-2026 23:29:54","0.44","4.11","13.93","On","12.782742,77.699782",
"12-Sep-2026 23:30:24","4.06","4.11","13.93","On","12.782737,77.699784",
"12-Sep-2026 23:30:54","1.31","4.11","13.95","On","12.782757,77.699791",
"12-Sep-2026 23:31:24","0.45","4.11","13.93","On","12.78274,77.699797",
"12-Sep-2026 23:31:54","0.83","4.11","13.91","On","12.78273,77.699798",
"12-Sep-2026 23:32:24","0.68","4.11","13.93","On","12.7827,77.699795",
"12-Sep-2026 23:32:54","0.6","4.11","13.93","On","12.782708,77.699776",
"12-Sep-2026 23:33:24","1.35","4.11","13.93","On","12.782717,77.69977",
"12-Sep-2026 23:33:54","0.36","4.11","13.93","On","12.78274,77.699775",
"12-Sep-2026 23:34:24","0.62","4.11","13.95","On","12.782746,77.699764",
"12-Sep-2026 23:34:54","2.45","4.11","13.91","On","12.782747,77.699774",
"12-Sep-2026 23:35:24","0.75","4.11","13.93","On","12.782738,77.699746",
"12-Sep-2026 23:35:54","0.31","4.11","13.93","On","12.782746,77.699789",
"12-Sep-2026 23:36:24","1.11","4.11","13.93","On","12.78275,77.699782",
"12-Sep-2026 23:36:54","1.58","4.11","13.93","On","12.782774,77.699754",
"12-Sep-2026 23:37:24","1.12","4.11","13.93","On","12.782763,77.69974",
"12-Sep-2026 23:37:54","0.69","4.11","13.93","On","12.782764,77.699748",
"12-Sep-2026 23:38:24","0.94","4.11","13.93","On","12.782723,77.699762",
"12-Sep-2026 23:38:54","0.65","4.11","13.93","On","12.782713,77.699766",
"12-Sep-2026 23:39:24","0.63","4.11","13.93","On","12.782727,77.699766",
"12-Sep-2026 23:39:54","1.17","4.11","13.95","On","12.782747,77.699761",
"12-Sep-2026 23:40:24","0.78","4.11","13.93","On","12.782718,77.699756",
"12-Sep-2026 23:40:54","1.99","4.11","13.95","On","12.782714,77.699782",
"12-Sep-2026 23:41:24","0.46","4.11","13.93","On","12.782707,77.699798",
"12-Sep-2026 23:41:54","1.76","4.11","13.93","On","12.782724,77.699788",
"12-Sep-2026 23:42:24","2.14","4.11","13.93","On","12.782721,77.699778",
"12-Sep-2026 23:42:54","0.22","4.11","13.91","On","12.782696,77.699781",
"12-Sep-2026 23:43:24","0.33","4.11","13.95","On","12.782716,77.699782",
"12-Sep-2026 23:43:54","0.8","4.11","13.95","On","12.782723,77.699782",
"12-Sep-2026 23:44:24","0.42","4.11","13.93","On","12.782729,77.699732",
"12-Sep-2026 23:44:54","0.6","4.11","13.95","On","12.782747,77.699732",
"12-Sep-2026 23:45:24","0.78","4.11","13.93","On","12.782732,77.699709",
"12-Sep-2026 23:45:54","0.11","4.11","13.91","On","12.782746,77.699714",
"12-Sep-2026 23:46:24","0.4","4.11","13.91","On","12.782758,77.699715",
"12-Sep-2026 23:46:54","0.7","4.11","13.95","On","12.782768,77.699743",
"12-Sep-2026 23:47:24","0.48","4.11","13.93","On","12.782777,77.699754",
"12-Sep-2026 23:47:54","1.29","4.11","13.93","On","12.782768,77.699753",
"12-Sep-2026 23:48:24","0.67","4.11","13.93","On","12.78276,77.699755",
"12-Sep-2026 23:48:54","1.3","4.11","13.95","On","12.782758,77.699771",
"12-Sep-2026 23:49:24","0.35","4.11","13.93","On","12.782773,77.69977",
"12-Sep-2026 23:49:54","0.31","4.11","13.95","On","12.782776,77.699768",
"12-Sep-2026 23:50:24","0.56","4.11","13.95","On","12.782776,77.699764",
"12-Sep-2026 23:50:54","1.3","4.11","13.93","On","12.782776,77.699776",
"12-Sep-2026 23:51:24","1.7","4.1","13.93","On","12.782808,77.699811",
"12-Sep-2026 23:51:54","0.53","4.11","13.93","On","12.782813,77.699815",
"12-Sep-2026 23:52:24","2.71","4.1","13.93","On","12.782815,77.699819",
"12-Sep-2026 23:52:54","1.04","4.11","13.93","On","12.782807,77.699808",
"12-Sep-2026 23:53:24","0.42","4.11","13.91","On","12.782794,77.699776",
"12-Sep-2026 23:53:54","1.37","4.11","13.93","On","12.782778,77.699759",
"12-Sep-2026 23:54:24","0.32","4.11","13.93","On","12.782775,77.699742",
"12-Sep-2026 23:54:54","1.11","4.11","13.93","On","12.782775,77.699731",
"12-Sep-2026 23:55:24","0.54","4.11","13.95","On","12.782772,77.699761",
"12-Sep-2026 23:55:54","1.22","4.11","13.95","On","12.782793,77.699742",
"12-Sep-2026 23:56:24","0.48","4.11","13.93","On","12.782811,77.699776",
"12-Sep-2026 23:56:54","0.15","4.11","13.93","On","12.78282,77.699778",
"12-Sep-2026 23:57:24","0.75","4.1","13.91","On","12.7828,77.699779",
"12-Sep-2026 23:57:54","0.3","4.11","13.95","On","12.782786,77.699771",
"12-Sep-2026 23:58:24","1.2","4.11","13.95","On","12.782763,77.699757",
"12-Sep-2026 23:58:54","2.14","4.11","13.95","On","12.782754,77.699748",
"12-Sep-2026 23:59:24","1.08","4.11","13.95","On","12.782753,77.69974",
"12-Sep-2026 23:59:54","1.36","4.11","13.93","On","12.782753,77.699719",
"13-Sep-2026 00:00:24","1.19","4.11","13.91","On","12.782754,77.69972",
"13-Sep-2026 00:00:54","0.53","4.1","13.88","On","12.782764,77.699728",
"13-Sep-2026 00:01:24","0.57","4.11","13.93","On","12.78275,77.699698",
"13-Sep-2026 00:01:54","0.82","4.11","13.95","On","12.782769,77.699708",
"13-Sep-2026 00:02:24","0.43","4.11","13.95","On","12.782778,77.699707",
"13-Sep-2026 00:02:54","2.43","4.11","13.95","On","12.782755,77.699708",
"13-Sep-2026 00:03:24","0.64","4.11","13.91","On","12.782772,77.699741",
"13-Sep-2026 00:03:54","2.12","4.11","13.91","On","12.782759,77.699746",
"13-Sep-2026 00:04:24","0.74","4.11","13.93","On","12.782751,77.699758",
"13-Sep-2026 00:04:54","0.77","4.11","13.93","On","12.782753,77.699776",
"13-Sep-2026 00:05:24","0.71","4.11","13.95","On","12.782773,77.699794",
"13-Sep-2026 00:05:54","1.38","4.11","13.95","On","12.782782,77.699811",
"13-Sep-2026 00:06:24","1.59","4.11","13.95","On","12.782788,77.699837",
"13-Sep-2026 00:06:54","0.57","4.11","13.93","On","12.782776,77.699801",
"13-Sep-2026 00:07:24","1.61","4.11","13.93","On","12.782775,77.699781",
"13-Sep-2026 00:07:54","0.62","4.11","13.93","On","12.782755,77.699754",
"13-Sep-2026 00:08:24","0.6","4.11","13.95","On","12.782753,77.699763",
"13-Sep-2026 00:08:54","1.13","4.11","13.95","On","12.782771,77.69978",
"13-Sep-2026 00:09:24","0.95","4.11","13.93","On","12.782796,77.699801",
"13-Sep-2026 00:09:54","0.64","4.11","13.93","On","12.78278,77.69977",
"13-Sep-2026 00:10:24","1.26","4.11","13.93","On","12.782758,77.699731",
"13-Sep-2026 00:10:54","0.99","4.11","13.91","On","12.782763,77.699734",
"13-Sep-2026 00:11:24","0.25","4.11","13.91","On","12.782753,77.699748",
"13-Sep-2026 00:11:54","0.53","4.1","13.91","On","12.782761,77.699745",
"13-Sep-2026 00:12:24","0.67","4.11","13.95","On","12.782751,77.699755",
"13-Sep-2026 00:12:54","0.55","4.11","13.62","On","12.782744,77.699756",
"13-Sep-2026 00:13:24","0.39","4.11","12.94","Off","12.782755,77.699775",
"13-Sep-2026 00:13:54","0.75","4.11","12.89","Off","12.782743,77.699736",
"13-Sep-2026 00:14:24","1.02","4.11","12.68","On","12.782754,77.699752",
"13-Sep-2026 00:14:54","1.24","4.11","13.69","On","12.782747,77.69981",
"13-Sep-2026 00:15:24","0.81","4.11","13.86","On","12.782673,77.699835",
"13-Sep-2026 00:15:54","0.95","4.11","13.91","On","12.782654,77.699835",
"13-Sep-2026 00:16:24","0.48","4.11","13.88","On","12.782657,77.699832",
"13-Sep-2026 00:16:54","0.29","4.11","13.93","On","12.782656,77.699824",
"13-Sep-2026 00:17:24","4.58","4.11","13.91","On","12.782671,77.699846",
"13-Sep-2026 00:17:37","14.86","4.11","13.91","On","12.782924,77.699867",
"13-Sep-2026 00:17:54","0.89","4.11","13.91","On","12.783027,77.699896",
"13-Sep-2026 00:18:02","4.9","4.11","13.91","On","12.783094,77.699954",
"13-Sep-2026 00:18:24","0.33","4.11","13.91","On","12.783184,77.699996",
"13-Sep-2026 00:18:47","11.04","4.11","13.91","On","12.783367,77.700306",
"13-Sep-2026 00:18:52","4.53","4.11","13.91","On","12.78333,77.700304",
"13-Sep-2026 00:18:54","2.06","4.11","13.86","On","12.783369,77.700277",
"13-Sep-2026 00:19:24","0.7","4.11","13.86","On","12.783405,77.700301",
"13-Sep-2026 00:19:54","0.62","4.11","13.18","Off","12.78338,77.70027",
"13-Sep-2026 00:20:24","0.36","4.11","12.97","Off","12.783373,77.700286",
"13-Sep-2026 00:20:39","0.36","4.11","12.94","Off","12.783373,77.700286",
"13-Sep-2026 00:21:04","0.36","4.11","12.94","On","12.783373,77.700286",
"13-Sep-2026 00:21:04","0.99","4.11","12.94","On","12.783364,77.700294",
"13-Sep-2026 00:21:24","4.3","4.11","13.35","On","12.783286,77.700199",
"13-Sep-2026 00:21:54","1.14","4.11","13.83","On","12.78337,77.700108",
"13-Sep-2026 00:22:24","1.75","4.11","13.88","On","12.783408,77.700111",
"13-Sep-2026 00:22:54","7.69","4.1","13.86","On","12.783406,77.70014",
"13-Sep-2026 00:23:24","2.1","4.11","13.91","On","12.783356,77.700095",
"13-Sep-2026 00:23:54","1.32","4.11","13.91","On","12.783351,77.70013",
"13-Sep-2026 00:24:24","2.12","4.11","13.4","Off","12.783423,77.700096",
"13-Sep-2026 00:24:54","1.74","4.11","12.99","Off","12.783422,77.70011",
"13-Sep-2026 00:25:23","1.74","4.11","12.94","Off","12.783422,77.70011",
"13-Sep-2026 00:25:54","0.47","4.11","12.92","Off","12.783397,77.700082",
"13-Sep-2026 00:26:54","2.51","4.11","12.87","Off","12.783485,77.700081",
"13-Sep-2026 00:27:54","2.59","4.11","12.85","Off","12.783451,77.700104",
"13-Sep-2026 00:28:54","0.89","4.11","12.8","Off","12.783435,77.700117",
"13-Sep-2026 00:29:23","0.89","4.11","12.77","Off","12.783435,77.700117",
"13-Sep-2026 00:30:35","0.89","4.11","12.85","On","12.783435,77.700117",
"13-Sep-2026 00:30:35","0.89","4.11","12.85","On","12.783435,77.700117",
"13-Sep-2026 00:30:35","0.41","4.11","12.85","On","12.783392,77.700121",
"13-Sep-2026 00:30:54","0.41","4.11","13.11","On","12.783392,77.700121",
"13-Sep-2026 00:31:15","15.68","4.11","13.11","On","12.783485,77.700262",
"13-Sep-2026 00:31:24","7.29","4.11","13.79","On","12.783374,77.700423",
"13-Sep-2026 00:31:25","7.29","4.11","13.79","On","12.783374,77.700423",
"13-Sep-2026 00:31:54","0.55","4.11","13.5","Off","12.783319,77.70061",
"13-Sep-2026 00:32:24","0.73","4.11","13.01","Off","12.783283,77.700612",
"13-Sep-2026 00:32:54","1.4","4.11","12.94","Off","12.783277,77.700592",
"13-Sep-2026 00:33:18","1.4","4.11","12.89","Off","12.783277,77.700592",
"13-Sep-2026 00:33:54","0.82","4.11","12.89","Off","12.783262,77.700604",
"13-Sep-2026 00:34:47","0.82","4.11","12.85","Off","12.783262,77.700604",
"13-Sep-2026 00:34:47","0.67","4.11","12.85","Off","12.783273,77.700627",
"13-Sep-2026 00:34:54","0.51","4.11","12.82","Off","12.783291,77.700623",
"13-Sep-2026 00:35:24","0.28","4.11","12.75","Off","12.78329,77.700625",
"13-Sep-2026 00:35:47","0.28","4.11","12.75","Off","12.78329,77.700625",
"13-Sep-2026 00:35:53","0.28","4.11","12.72","Off","12.78329,77.700625",
"13-Sep-2026 00:35:54","0.35","4.11","12.75","Off","12.783288,77.700622",
"13-Sep-2026 00:36:24","0.63","4.11","12.72","Off","12.783265,77.700614",
"13-Sep-2026 00:36:54","0.19","4.11","12.77","Off","12.783289,77.700616",
"13-Sep-2026 00:37:24","0.74","4.11","12.72","Off","12.783305,77.70064",
"13-Sep-2026 00:37:54","0.87","4.11","12.7","Off","12.783281,77.700634",
"13-Sep-2026 00:38:24","0.15","4.11","12.72","Off","12.783299,77.700635",
"13-Sep-2026 00:38:49","0.15","4.11","12.72","Off","12.783299,77.700635",
"13-Sep-2026 00:39:24","0.37","4.11","12.7","Off","12.783289,77.700627",
"13-Sep-2026 00:39:54","1.15","4.11","12.7","Off","12.783298,77.700618",
"13-Sep-2026 00:40:54","2.68","4.11","12.68","Off","12.783271,77.700599",
"13-Sep-2026 00:41:54","0.68","4.11","12.68","Off","12.783276,77.7006",
"13-Sep-2026 00:42:49","0.68","4.11","12.68","Off","12.783276,77.7006",
"13-Sep-2026 00:52:47","0.68","4.11","12.65","On","12.783276,77.7006",
"13-Sep-2026 00:52:47","0.68","4.11","12.65","On","12.783276,77.7006",
"13-Sep-2026 00:52:47","0.21","4.11","12.65","On","12.783302,77.700604",
"13-Sep-2026 00:52:54","0.21","4.11","12.58","On","12.783302,77.700604",
"13-Sep-2026 00:53:54","3.16","4.11","13.83","On","12.783199,77.70053",
"13-Sep-2026 00:54:24","0.83","4.11","13.11","Off","12.783078,77.700464",
"13-Sep-2026 00:54:54","1.13","4.11","12.92","Off","12.783048,77.700458",
"13-Sep-2026 00:55:24","1.06","4.11","12.89","Off","12.783103,77.700503",
"13-Sep-2026 00:55:28","1.06","4.11","12.89","Off","12.783103,77.700503",
"13-Sep-2026 00:56:24","0.97","4.11","12.85","Off","12.783159,77.700547",
"13-Sep-2026 00:56:54","0.32","4.11","12.82","Off","12.783183,77.70056",
"13-Sep-2026 00:57:54","0.48","4.11","12.77","Off","12.783186,77.700562",
"13-Sep-2026 00:58:54","0.95","4.11","12.75","Off","12.783273,77.700559",
"13-Sep-2026 00:59:28","0.95","4.11","12.72","Off","12.783273,77.700559",
"13-Sep-2026 01:07:57","0.95","4.11","12.68","Off","12.783273,77.700559",
"13-Sep-2026 01:07:57","1.47","4.11","12.68","Off","12.783257,77.700557",
"13-Sep-2026 01:10:54","1.9","4.11","12.58","Off","12.783148,77.70055",
"13-Sep-2026 01:11:54","1.05","4.11","12.56","Off","12.783142,77.700541",
"13-Sep-2026 01:11:57","1.05","4.11","12.56","Off","12.783142,77.700541",
"13-Sep-2026 01:52:54","1.05","4.11","12.6","Off","12.783142,77.700541",
"13-Sep-2026 01:52:54","1.45","4.11","12.6","Off","12.783143,77.70054",
"13-Sep-2026 01:52:54","1.45","4.11","12.6","Off","12.783143,77.70054",
"13-Sep-2026 01:56:00","3.39","4.11","12.53","On","12.782826,77.700412",
"13-Sep-2026 01:56:24","8.01","4.11","13.35","On","12.783119,77.700437",
"13-Sep-2026 01:56:36","15.04","4.11","13.35","On","12.783308,77.700238",
"13-Sep-2026 01:56:41","4.72","4.11","13.35","On","12.783346,77.700121",
"13-Sep-2026 01:56:54","12.22","4.11","13.81","On","12.783212,77.700075",
"13-Sep-2026 01:56:56","12.22","4.11","13.81","On","12.783212,77.700075",
"13-Sep-2026 01:57:24","5.07","4.11","13.86","On","12.782728,77.699957",
"13-Sep-2026 01:57:54","0.97","4.11","13.11","Off","12.782658,77.699981",
"13-Sep-2026 01:58:24","0.34","4.11","12.99","Off","12.782645,77.699955",
"13-Sep-2026 01:58:54","0.6","4.11","12.92","Off","12.782712,77.699969",
"13-Sep-2026 01:58:57","0.6","4.11","12.92","Off","12.782712,77.699969",
"13-Sep-2026 01:59:54","0.46","4.11","12.85","Off","12.782736,77.700003",
"13-Sep-2026 02:00:54","0.2","4.11","12.85","Off","12.782672,77.699945",
"13-Sep-2026 02:01:54","0.34","4.11","12.8","Off","12.78265,77.699865",
"13-Sep-2026 02:02:54","1.29","4.11","12.75","Off","12.782675,77.699912",
"13-Sep-2026 02:02:57","1.29","4.11","12.75","Off","12.782675,77.699912",
"13-Sep-2026 03:02:57","1.29","4.11","12.53","Off","12.782675,77.699912",
"13-Sep-2026 03:02:57","1.29","4.11","12.53","Off","12.782675,77.699912",
"13-Sep-2026 03:05:24","0.36","4.11","12.48","Off","12.78261,77.700029",
"13-Sep-2026 04:08:54","4.34","4.11","12.41","Off","12.782617,77.699764",
"13-Sep-2026 04:09:54","0.1","4.11","12.39","Off","12.782593,77.699445",
"13-Sep-2026 04:10:54","9.78","4.11","12.39","Off","12.782596,77.6998",
"13-Sep-2026 04:10:57","9.78","4.11","12.39","Off","12.782596,77.6998",
"13-Sep-2026 05:10:57","9.78","4.11","12.44","Off","12.782596,77.6998",
"13-Sep-2026 05:10:57","14.05","4.11","12.44","Off","12.782583,77.699721",
"13-Sep-2026 06:34:32","40.99","4.11","13.93","On","12.784357,77.703239",
"13-Sep-2026 06:34:37","25.33","4.11","13.93","On","12.784565,77.703257",
"13-Sep-2026 06:34:54","37.9","4.11","13.91","On","12.785949,77.703344",
"13-Sep-2026 06:35:12","38.65","4.11","13.91","On","12.78742,77.703396",
"13-Sep-2026 06:35:24","40.34","4.11","13.91","On","12.788395,77.704161",
"13-Sep-2026 06:35:42","47.82","4.11","13.91","On","12.790208,77.70551",
"13-Sep-2026 06:35:54","47.64","4.11","13.91","On","12.791571,77.705735",
"13-Sep-2026 06:36:24","35.74","4.11","13.93","On","12.793572,77.706248",
"13-Sep-2026 06:36:44","41.6","4.11","13.93","On","12.795665,77.706567",
"13-Sep-2026 06:36:54","36.44","4.11","13.91","On","12.796916,77.706537",
"13-Sep-2026 06:37:09","20.08","4.11","13.91","On","12.7979,77.706303",
"13-Sep-2026 06:37:14","32.02","4.11","13.91","On","12.798101,77.706235",
"13-Sep-2026 06:37:21","41.29","4.11","13.91","On","12.798663,77.705995",
"13-Sep-2026 06:37:24","41.29","4.11","13.88","On","12.798663,77.705995",
"13-Sep-2026 06:38:54","48.75","4.11","13.88","On","12.804645,77.700458",
"13-Sep-2026 06:38:54","48.75","4.11","13.91","On","12.804645,77.700458",
"13-Sep-2026 06:38:59","49.16","4.11","13.91","On","12.805052,77.700097",
"13-Sep-2026 06:39:04","33.25","4.11","13.91","On","12.805361,77.699824",
"13-Sep-2026 06:39:14","26.69","4.11","13.91","On","12.805932,77.699551",
"13-Sep-2026 06:39:19","33.66","4.11","13.91","On","12.806215,77.69937",
"13-Sep-2026 06:39:24","36.89","4.11","13.91","On","12.80651,77.69916",
"13-Sep-2026 06:39:24","36.89","4.11","13.91","On","12.80651,77.69916",
"13-Sep-2026 06:39:29","41.74","4.11","13.91","On","12.806842,77.698834",
"13-Sep-2026 06:39:54","51.3","4.11","13.86","On","12.809477,77.696607",
"13-Sep-2026 06:40:24","53.84","4.11","13.91","On","12.812384,77.694233",
"13-Sep-2026 06:40:54","53.44","4.11","13.91","On","12.81575,77.691531",
"13-Sep-2026 06:41:24","53.58","4.11","13.93","On","12.818644,77.68925",
"13-Sep-2026 06:41:54","55.7","4.11","13.91","On","12.821785,77.686357",
"13-Sep-2026 06:42:26","0","4.11","13.91","On","12.823835,77.684798",
"13-Sep-2026 06:42:54","52.67","4.11","13.93","On","12.826947,77.682207",
"13-Sep-2026 06:42:56","52.67","4.11","13.93","On","12.826947,77.682207",
"13-Sep-2026 06:43:24","48.11","4.11","13.91","On","12.830459,77.681031",
"13-Sep-2026 06:43:51","40.55","4.11","13.91","On","12.833319,77.680183",
"13-Sep-2026 06:43:54","44.72","4.1","13.91","On","12.833919,77.679949",
"13-Sep-2026 06:43:56","44.72","4.1","13.91","On","12.833919,77.679949",
"13-Sep-2026 06:44:54","41.76","4.11","13.91","On","12.840433,77.676457",
"13-Sep-2026 06:44:59","42.01","4.11","13.91","On","12.84079,77.676193",
"13-Sep-2026 06:45:24","52.32","4.11","13.93","On","12.843032,77.674448",
"13-Sep-2026 06:45:34","53.62","4.11","13.93","On","12.844291,77.673556",
"13-Sep-2026 06:45:39","53.8","4.11","13.93","On","12.844731,77.673208",
"13-Sep-2026 06:45:54","49.58","4.11","13.91","On","12.846417,77.671857",
"13-Sep-2026 06:46:07","46.53","4.11","13.91","On","12.847235,77.671189",
"13-Sep-2026 06:46:24","49.07","4.11","13.91","On","12.848648,77.670331",
"13-Sep-2026 06:47:06","48.44","4.11","13.91","On","12.853796,77.665835",
"13-Sep-2026 06:47:11","54.81","4.11","13.91","On","12.854197,77.665459",
"13-Sep-2026 06:47:30","26.97","4.11","13.88","On","12.855796,77.664765",
"13-Sep-2026 06:47:35","16.21","4.11","13.88","On","12.855948,77.664547",
"13-Sep-2026 06:47:50","29.44","4.11","13.88","On","12.856117,77.664009",
"13-Sep-2026 06:47:54","35.16","4.11","13.91","On","12.856369,77.663779",
"13-Sep-2026 06:48:06","40.39","4.11","13.91","On","12.857295,77.663171",
"13-Sep-2026 06:48:18","52.28","4.11","13.91","On","12.858732,77.662061",
"13-Sep-2026 06:48:24","35.83","4.11","13.91","On","12.859151,77.661766",
"13-Sep-2026 06:48:28","29.23","4.11","13.91","On","12.859435,77.661573",
"13-Sep-2026 06:48:54","48.05","4.11","13.91","On","12.861312,77.659768",
"13-Sep-2026 06:49:07","56.99","4.11","13.91","On","12.862785,77.658632",
"13-Sep-2026 06:49:17","55.19","4.11","13.91","On","12.863229,77.658319",
"13-Sep-2026 06:49:22","53.87","4.11","13.91","On","12.864018,77.657591",
"13-Sep-2026 06:49:24","52.32","4.11","13.88","On","12.864382,77.657363",
"13-Sep-2026 06:49:37","54.91","4.11","13.88","On","12.865587,77.656624",
"13-Sep-2026 06:49:50","55.88","4.11","13.88","On","12.867418,77.655172",
"13-Sep-2026 06:49:54","54.77","4.11","13.88","On","12.8679,77.654809",
"13-Sep-2026 06:49:55","54.77","4.11","13.88","On","12.8679,77.654809",
"13-Sep-2026 06:50:50","46.67","4.11","13.86","On","12.872022,77.651347",
"13-Sep-2026 06:50:54","45.88","4.11","13.91","On","12.872374,77.650965",
"13-Sep-2026 06:51:24","57.77","4.11","13.93","On","12.875256,77.648666",
"13-Sep-2026 06:51:30","58.85","4.11","13.93","On","12.87568,77.64825",
"13-Sep-2026 06:51:35","58.65","4.11","13.93","On","12.876537,77.647474",
"13-Sep-2026 06:51:47","61.2","4.11","13.93","On","12.877564,77.646632",
"13-Sep-2026 06:51:55","62.74","4.11","13.91","On","12.879179,77.645888",
"13-Sep-2026 06:52:00","62.99","4.11","13.91","On","12.879324,77.645814",
"13-Sep-2026 06:52:05","62.64","4.11","13.91","On","12.880357,77.645299",
"13-Sep-2026 06:52:24","0","4.11","13.93","On","12.882823,77.643676",
"13-Sep-2026 06:53:18","46.72","4.11","13.91","On","12.888492,77.640062",
"13-Sep-2026 06:54:24","0","4.11","13.91","On","12.893333,77.637227",
"13-Sep-2026 06:54:54","0","4.11","13.88","On","12.89333,77.637258",
"13-Sep-2026 06:55:24","0","4.11","13.88","On","12.893342,77.637231",
"13-Sep-2026 06:55:54","0","4.11","13.88","On","12.893625,77.63714",
"13-Sep-2026 06:56:54","5.3","4.11","13.91","On","12.893984,77.636866",
"13-Sep-2026 06:57:43","59.23","4.11","13.88","On","12.896082,77.635444",
"13-Sep-2026 06:57:48","60.35","4.11","13.88","On","12.896552,77.635203",
"13-Sep-2026 06:57:54","54","4.11","13.91","On","12.897044,77.634962",
"13-Sep-2026 06:58:08","51.66","4.11","13.91","On","12.898628,77.634036",
"13-Sep-2026 06:58:13","53.81","4.11","13.91","On","12.899112,77.633751",
"13-Sep-2026 06:58:24","56.2","4.11","13.91","On","12.900506,77.632865",
"13-Sep-2026 06:59:24","0","4.11","13.91","On","12.905403,77.629913",
"13-Sep-2026 06:59:27","36.09","4.11","13.91","On","12.906913,77.628714",
"13-Sep-2026 06:59:32","39.53","4.11","13.91","On","12.907132,77.628721",
"13-Sep-2026 06:59:37","46.35","4.11","13.91","On","12.907658,77.628227",
"13-Sep-2026 06:59:54","47.23","4.11","13.88","On","12.909123,77.627307",
"13-Sep-2026 07:00:06","27.5","4.11","13.88","On","12.910032,77.626918",
"13-Sep-2026 07:00:16","49.31","4.11","13.88","On","12.911264,77.626184",
"13-Sep-2026 07:00:54","25.3","4.11","13.88","On","12.914947,77.623945",
"13-Sep-2026 07:00:57","32.51","4.11","13.88","On","12.915183,77.623781",
"13-Sep-2026 07:01:12","28.34","4.11","13.88","On","12.916097,77.623213",
"13-Sep-2026 07:01:22","74.55","4.11","13.88","On","12.916625,77.622834",
"13-Sep-2026 07:01:24","43.14","4.11","13.88","On","12.916748,77.622658",
"13-Sep-2026 07:03:24","0","4.11","13.93","On","12.916124,77.615951",
"13-Sep-2026 07:03:54","0","4.11","13.86","On","12.91619,77.615596",
"13-Sep-2026 07:04:18","39.73","4.11","13.86","On","12.9164,77.611663",
"13-Sep-2026 07:04:23","50.6","4.11","13.86","On","12.916402,77.611532",
"13-Sep-2026 07:04:28","33.12","4.11","13.83","On","12.916415,77.610562",
"13-Sep-2026 07:04:33","2.95","4.11","13.83","On","12.916196,77.610502",
"13-Sep-2026 07:04:54","14.26","4.11","13.88","On","12.916342,77.61074",
"13-Sep-2026 07:05:04","34.53","4.11","13.88","On","12.916403,77.608956",
"13-Sep-2026 07:05:09","38.81","4.11","13.88","On","12.916399,77.608924",
"13-Sep-2026 07:09:24","0.81","4.11","13.86","On","12.917048,77.585794",
"13-Sep-2026 07:09:54","9.33","4.11","13.86","On","12.916975,77.585783",
"13-Sep-2026 07:09:58","18.99","4.11","13.86","On","12.916987,77.585633",
"13-Sep-2026 07:10:24","50.83","4.11","13.88","On","12.917062,77.583296",
"13-Sep-2026 07:10:54","45.06","4.11","13.88","On","12.917081,77.579356",
"13-Sep-2026 07:10:58","45.06","4.11","13.88","On","12.917081,77.579356",
"13-Sep-2026 07:11:24","44.68","4.11","13.88","On","12.917478,77.576922",
"13-Sep-2026 07:11:28","41.51","4.11","13.88","On","12.917524,77.576499",
"13-Sep-2026 07:12:24","2.94","4.11","13.83","On","12.917619,77.574654",
"13-Sep-2026 07:12:50","20.17","4.11","13.83","On","12.917371,77.574094",
"13-Sep-2026 07:13:22","10.98","4.11","13.83","On","12.916875,77.57359",
"13-Sep-2026 07:13:24","10.98","4.11","13.81","On","12.916875,77.57359",
"13-Sep-2026 07:13:27","6.1","4.11","13.81","On","12.916853,77.573529",
"13-Sep-2026 07:13:37","24.89","4.11","13.81","On","12.916722,77.573202",
"13-Sep-2026 07:13:47","18.29","4.11","13.81","On","12.916611,77.57253",
"13-Sep-2026 07:13:54","21.44","4.11","13.86","On","12.916575,77.572005",
"13-Sep-2026 07:14:22","21.72","4.11","13.86","On","12.916355,77.570525",
"13-Sep-2026 07:14:30","9.56","4.11","13.86","On","12.915943,77.570205",
"13-Sep-2026 07:14:38","22.65","4.11","13.86","On","12.915647,77.569955",
"13-Sep-2026 07:14:43","18.57","4.11","13.86","On","12.915555,77.569694",
"13-Sep-2026 07:14:54","40.91","4.11","13.86","On","12.915373,77.568933",
"13-Sep-2026 07:14:58","42.44","4.11","13.86","On","12.915063,77.568587",
"13-Sep-2026 07:15:18","23.43","4.11","13.86","On","12.913801,77.567274",
"13-Sep-2026 07:15:23","26.41","4.11","13.86","On","12.913801,77.567044",
"13-Sep-2026 07:15:24","26.41","4.11","13.81","On","12.913801,77.567044",
"13-Sep-2026 07:15:48","18.43","4.11","13.81","On","12.913876,77.566077",
"13-Sep-2026 07:15:53","14.54","4.11","13.81","On","12.913862,77.565915",
"13-Sep-2026 07:15:54","6.97","4.11","13.81","On","12.913894,77.565834",
"13-Sep-2026 07:15:58","11.43","4.11","13.81","On","12.913961,77.565821",
"13-Sep-2026 07:16:18","23.24","4.11","13.81","On","12.915073,77.56541",
"13-Sep-2026 07:16:23","12.35","4.11","13.81","On","12.915272,77.565348",
"13-Sep-2026 07:16:24","12.35","4.11","13.83","On","12.915272,77.565348",
"13-Sep-2026 07:16:54","28.88","4.1","13.86","On","12.917248,77.56464",
"13-Sep-2026 07:17:23","39.59","4.1","13.86","On","12.91888,77.563854",
"13-Sep-2026 07:17:24","39.59","4.11","13.88","On","12.91888,77.563854",
"13-Sep-2026 07:17:54","37.7","4.11","13.83","On","12.920338,77.56226",
"13-Sep-2026 07:17:58","32.4","4.11","13.83","On","12.92065,77.562051",
"13-Sep-2026 07:18:03","40.67","4.11","13.83","On","12.921353,77.561651",
"13-Sep-2026 07:18:13","32.49","4.11","13.83","On","12.921644,77.560938",
"13-Sep-2026 07:18:24","37.94","4.11","13.88","On","12.921889,77.55982",
"13-Sep-2026 07:18:54","39.62","4.11","13.86","On","12.922841,77.556679",
"13-Sep-2026 07:19:23","22.99","4.11","13.86","On","12.923866,77.553537",
"13-Sep-2026 07:19:24","22.99","4.11","13.83","On","12.923866,77.553537",
"13-Sep-2026 07:19:54","49.69","4.11","13.88","On","12.92478,77.55102",
"13-Sep-2026 07:20:24","52.72","4.11","13.86","On","12.926772,77.547786",
"13-Sep-2026 07:20:43","2.6","4.11","13.86","On","12.92771,77.546692",
"13-Sep-2026 07:20:53","15.1","4.11","13.86","On","12.92782,77.546505",
"13-Sep-2026 07:20:54","15.1","4.11","13.86","On","12.92782,77.546505",
"13-Sep-2026 07:21:24","10.07","4.11","13.83","On","12.929091,77.544929",
"13-Sep-2026 07:21:48","43.62","4.11","13.83","On","12.930392,77.543605",
"13-Sep-2026 07:21:55","36.38","4.11","13.88","On","12.931119,77.542864",
"13-Sep-2026 07:22:10","42.2","4.11","13.88","On","12.931847,77.541747",
"13-Sep-2026 07:22:15","23.73","4.11","13.88","On","12.932023,77.541488",
"13-Sep-2026 07:22:20","19.01","4.11","13.88","On","12.932306,77.541118",
"13-Sep-2026 07:22:24","46.25","4.11","13.83","On","12.932571,77.540786",
"13-Sep-2026 07:22:25","46.25","4.11","13.83","On","12.932571,77.540786",
"13-Sep-2026 07:22:54","29.33","4.11","13.86","On","12.933708,77.539151",
"13-Sep-2026 07:23:24","40.31","4.1","13.83","On","12.935036,77.536825",
"13-Sep-2026 07:23:54","50.8","4.11","13.83","On","12.936307,77.53444",
"13-Sep-2026 07:24:00","37.79","4.11","13.83","On","12.937126,77.533993",
"13-Sep-2026 07:24:24","43.24","4.11","13.81","On","12.939136,77.532907",
"13-Sep-2026 07:24:54","48.22","4.11","13.81","On","12.94171,77.531323",
"13-Sep-2026 07:25:20","44.77","4.11","13.81","On","12.944719,77.529432",
"13-Sep-2026 07:25:24","45.02","4.11","13.86","On","12.94502,77.529057",
"13-Sep-2026 07:25:35","45.91","4.11","13.86","On","12.945419,77.528158",
"13-Sep-2026 07:25:40","43.24","4.11","13.86","On","12.945723,77.527282",
"13-Sep-2026 07:25:50","38.65","4.11","13.86","On","12.945922,77.526634",
"13-Sep-2026 07:25:54","38.65","4.11","13.81","On","12.945922,77.526634",
"13-Sep-2026 07:26:08","40.54","4.11","13.81","On","12.947121,77.524504",
"13-Sep-2026 07:26:24","41.48","4.11","13.86","On","12.948262,77.523509",
"13-Sep-2026 07:26:54","42.37","4.11","13.86","On","12.950642,77.521693",
"13-Sep-2026 07:27:24","33.45","4.11","13.88","On","12.952469,77.520365",
"13-Sep-2026 07:27:38","35.05","4.11","13.88","On","12.953394,77.519932",
"13-Sep-2026 07:27:54","50.89","4.11","13.86","On","12.955142,77.51948",
"13-Sep-2026 07:28:08","40.67","4.11","13.86","On","12.956706,77.519435",
"13-Sep-2026 07:28:28","43.49","4.11","13.83","On","12.958573,77.517511",
"13-Sep-2026 07:28:38","26.06","4.11","13.83","On","12.958856,77.516916",
"13-Sep-2026 07:28:43","20.12","4.11","13.83","On","12.958914,77.516731",
"13-Sep-2026 07:29:01","27.61","4.1","13.81","On","12.9595,77.515556",
"13-Sep-2026 07:29:11","30.07","4.1","13.81","On","12.95979,77.515048",
"13-Sep-2026 07:29:24","25.51","4.1","13.83","On","12.960176,77.513979",
"13-Sep-2026 07:29:54","21.22","4.1","13.81","On","12.96071,77.512607",
"13-Sep-2026 07:30:24","2.17","4.11","13.83","On","12.961101,77.510733",
"13-Sep-2026 07:30:37","22.37","4.11","13.83","On","12.961063,77.510325",
"13-Sep-2026 07:30:54","30.01","4.11","13.91","On","12.960906,77.509213",
"13-Sep-2026 07:31:24","32.02","4.11","13.86","On","12.960591,77.506697",
"13-Sep-2026 07:31:52","27.93","4.11","13.86","On","12.960433,77.504487",
"13-Sep-2026 07:31:54","27.93","4.11","13.86","On","12.960433,77.504487",
"13-Sep-2026 07:31:57","15.37","4.11","13.86","On","12.960519,77.504277",
"13-Sep-2026 07:32:02","20.3","4.11","13.86","On","12.960579,77.504105",
"13-Sep-2026 07:32:24","23.4","4.1","13.83","On","12.960779,77.503125",
"13-Sep-2026 07:32:54","19.5","4.11","13.86","On","12.960974,77.501757",
"13-Sep-2026 07:33:24","1.6","4.11","13.83","On","12.961038,77.501341",
"13-Sep-2026 07:33:54","2.54","4.11","13.83","On","12.961033,77.501295",
"13-Sep-2026 07:34:24","1.36","4.1","13.86","On","12.961016,77.501321",
"13-Sep-2026 07:34:51","1.95","4.1","13.86","On","12.961035,77.501323",
"13-Sep-2026 07:34:54","2.26","4.11","13.86","On","12.961047,77.501309",
"13-Sep-2026 07:35:24","3.93","4.1","13.81","On","12.960995,77.501281",
"13-Sep-2026 07:35:54","4.04","4.11","13.79","On","12.961042,77.501326",
"13-Sep-2026 07:36:24","1.87","4.11","13.79","On","12.960996,77.501293",
"13-Sep-2026 07:36:54","1.33","4.11","13.86","On","12.961067,77.501294",
"13-Sep-2026 07:37:24","2.89","4.11","13.86","On","12.961038,77.501248",
"13-Sep-2026 07:37:54","1.29","4.11","13.88","On","12.961028,77.50128",
"13-Sep-2026 07:38:24","2.33","4.11","13.88","On","12.961049,77.501307",
"13-Sep-2026 07:38:54","1.92","4.11","13.91","On","12.961075,77.501317",
"13-Sep-2026 07:39:24","1.73","4.11","13.91","On","12.961027,77.501294",
"13-Sep-2026 07:39:54","0.96","4.11","13.91","On","12.961052,77.501246",
"13-Sep-2026 07:40:24","1.65","4.11","13.86","On","12.961102,77.501255",
"13-Sep-2026 07:40:54","1.13","4.11","13.91","On","12.96112,77.501339",
"13-Sep-2026 07:41:24","2.19","4.11","13.95","On","12.961103,77.501312",
"13-Sep-2026 07:41:54","1.28","4.11","13.3","Off","12.961077,77.50129",
"13-Sep-2026 07:42:24","0.53","4.11","13.11","Off","12.961072,77.501305",
"13-Sep-2026 07:42:33","0.53","4.11","13.09","Off","12.961072,77.501305",
"13-Sep-2026 07:43:24","1.67","4.11","13.01","Off","12.961054,77.501283",
"13-Sep-2026 07:43:54","1.07","4.11","13.01","Off","12.96111,77.501292",
"13-Sep-2026 07:44:54","0.48","4.11","12.97","Off","12.961114,77.50131",
"13-Sep-2026 07:45:54","3.13","4.11","12.94","Off","12.961105,77.501338",
"13-Sep-2026 07:46:33","3.13","4.11","12.92","Off","12.961105,77.501338",
"13-Sep-2026 08:46:34","3.13","4.11","12.56","Off","12.961105,77.501338",
"13-Sep-2026 08:46:34","0.61","4.11","12.56","Off","12.96111,77.501322",
"13-Sep-2026 08:46:54","0.61","4.11","12.53","Off","12.96111,77.501322",
"13-Sep-2026 08:47:54","0","4.11","12.48","Off","12.961062,77.501234",
"13-Sep-2026 09:51:54","0","4.11","12.39","Off","12.961002,77.501234",
"13-Sep-2026 10:02:54","0","4.11","12.32","Off","12.961083,77.501133",
"13-Sep-2026 10:24:54","4.53","4.11","13.81","On","12.961204,77.50112",
"13-Sep-2026 10:25:48","10.3","4.11","13.23","On","12.961022,77.501386",
"13-Sep-2026 10:25:54","7.34","4.11","13.81","On","12.961023,77.50137",
"13-Sep-2026 10:26:24","3.97","4.11","13.86","On","12.960968,77.50142",
"13-Sep-2026 10:26:54","2.41","4.11","13.88","On","12.961044,77.501426",
"13-Sep-2026 10:27:54","1.8","4.11","13.88","On","12.961051,77.501312",
"13-Sep-2026 10:28:24","1.99","4.11","13.93","On","12.960939,77.501418",
"13-Sep-2026 10:28:54","6.49","4.11","13.93","On","12.960995,77.501345",
"13-Sep-2026 10:29:24","2.64","4.11","13.93","On","12.961017,77.501332",
"13-Sep-2026 10:29:54","0.86","4.11","13.93","On","12.96107,77.50127",
"13-Sep-2026 10:30:24","0.71","4.11","13.95","On","12.961071,77.501272",
"13-Sep-2026 10:30:54","1.3","4.11","13.93","On","12.961087,77.501295",
"13-Sep-2026 10:31:24","0.86","4.11","13.91","On","12.961082,77.501306",
"13-Sep-2026 10:31:54","0.76","4.11","13.93","On","12.961047,77.501308",
"13-Sep-2026 10:32:14","5.32","4.11","13.93","On","12.961005,77.501304",
"13-Sep-2026 10:32:24","2.87","4.11","13.91","On","12.961025,77.501549",
"13-Sep-2026 10:32:44","20.87","4.11","13.91","On","12.960916,77.50242",
"13-Sep-2026 10:32:54","16.15","4.11","13.91","On","12.960797,77.503071",
"13-Sep-2026 10:33:15","20.96","4.11","13.91","On","12.960645,77.503685",
"13-Sep-2026 10:33:24","13.6","4.11","13.91","On","12.96053,77.504018",
"13-Sep-2026 10:33:25","13.6","4.11","13.91","On","12.96053,77.504018",
"13-Sep-2026 10:33:30","12.95","4.11","13.91","On","12.960547,77.504261",
"13-Sep-2026 10:33:54","25.12","4.11","13.91","On","12.960362,77.505138",
"13-Sep-2026 10:34:00","12.39","4.11","13.91","On","12.960384,77.505331",
"13-Sep-2026 10:34:24","40.3","4.11","13.91","On","12.960679,77.50672",
"13-Sep-2026 10:34:54","22.53","4.11","13.91","On","12.96095,77.509344",
"13-Sep-2026 10:35:24","27.23","4.11","13.93","On","12.96118,77.511038",
"13-Sep-2026 10:35:35","31.8","4.11","13.93","On","12.960991,77.512035",
"13-Sep-2026 10:35:45","20.76","4.11","13.93","On","12.960824,77.512557",
"13-Sep-2026 10:36:02","9.66","4.11","13.88","On","12.960892,77.513099",
"13-Sep-2026 10:36:24","21.78","4.11","13.93","On","12.96046,77.51409",
"13-Sep-2026 10:36:54","10.89","4.11","13.91","On","12.95997,77.51539",
"13-Sep-2026 10:37:24","33.02","4.11","13.93","On","12.9592,77.516666",
"13-Sep-2026 10:37:52","46.91","4.11","13.93","On","12.957546,77.51939",
"13-Sep-2026 10:37:54","43.24","4.1","13.91","On","12.957127,77.519475",
"13-Sep-2026 10:38:07","42.04","4.1","13.91","On","12.955861,77.519577",
"13-Sep-2026 10:38:24","39.7","4.11","13.93","On","12.954159,77.519774",
"13-Sep-2026 10:38:37","38.23","4.11","13.93","On","12.953005,77.520214",
"13-Sep-2026 10:38:54","25.37","4.11","13.91","On","12.951978,77.520835",
"13-Sep-2026 10:39:24","41.11","4.11","13.93","On","12.950053,77.522342",
"13-Sep-2026 10:39:54","40.61","4.1","13.91","On","12.947393,77.524351",
"13-Sep-2026 10:40:02","41.73","4.1","13.91","On","12.947097,77.524625",
"13-Sep-2026 10:40:22","29.93","4.1","13.91","On","12.94597,77.527165",
"13-Sep-2026 10:40:24","29.93","4.11","13.88","On","12.94597,77.527165",
"13-Sep-2026 10:40:54","43.88","4.11","13.93","On","12.944779,77.529518",
"13-Sep-2026 10:40:57","43.88","4.11","13.93","On","12.944779,77.529518",
"13-Sep-2026 10:41:24","34.13","4.11","13.93","On","12.942511,77.531014",
"13-Sep-2026 10:41:27","36.63","4.11","13.93","On","12.942192,77.531173",
"13-Sep-2026 10:41:54","55.46","4.11","13.91","On","12.939898,77.532524",
"13-Sep-2026 10:42:24","60.89","4.1","13.91","On","12.936506,77.534405",
"13-Sep-2026 10:42:27","52.92","4.1","13.91","On","12.936167,77.534864",
"13-Sep-2026 10:42:52","0.9","4.1","13.91","On","12.935346,77.536456",
"13-Sep-2026 10:42:54","0.9","4.1","13.91","On","12.935346,77.536456",
"13-Sep-2026 10:43:24","31.35","4.1","13.91","On","12.934285,77.53832",
"13-Sep-2026 10:43:54","37.19","4.11","13.91","On","12.93293,77.540441",
"13-Sep-2026 10:44:24","21.19","4.11","13.88","On","12.931682,77.542121",
"13-Sep-2026 10:44:47","36.53","4.11","13.88","On","12.930572,77.543379",
"13-Sep-2026 10:44:52","28.26","4.11","13.88","On","12.93035,77.543543",
"13-Sep-2026 10:44:54","28.26","4.11","13.93","On","12.93035,77.543543",
"13-Sep-2026 10:45:24","27.33","4.1","13.91","On","12.928607,77.545619",
"13-Sep-2026 10:45:54","47.81","4.1","13.91","On","12.927358,77.547247",
"13-Sep-2026 10:46:17","8.14","4.1","13.91","On","12.925922,77.549213",
"13-Sep-2026 10:46:24","1","4.1","13.91","On","12.925826,77.549372",
"13-Sep-2026 10:46:54","0.73","4.11","13.88","On","12.925767,77.549394",
"13-Sep-2026 10:47:24","1.59","4.11","13.91","On","12.925769,77.549437",
"13-Sep-2026 10:47:54","17.93","4.11","13.91","On","12.925545,77.549839",
"13-Sep-2026 10:48:12","20.89","4.11","13.91","On","12.925062,77.55065",
"13-Sep-2026 10:48:24","27.35","4.11","13.91","On","12.924699,77.55137",
"13-Sep-2026 10:48:32","32.99","4.11","13.91","On","12.924444,77.551906",
"13-Sep-2026 10:48:54","2.02","4.1","13.88","On","12.924232,77.55264",
"13-Sep-2026 10:49:24","14.5","4.11","13.88","On","12.924162,77.552726",
"13-Sep-2026 10:49:54","13.53","4.11","13.91","On","12.923849,77.553817",
"13-Sep-2026 10:50:24","14.78","4.11","13.91","On","12.923351,77.555414",
"13-Sep-2026 10:50:54","36.76","4.1","13.93","On","12.922556,77.557848",
"13-Sep-2026 10:51:24","39.57","4.11","13.93","On","12.921758,77.560888",
"13-Sep-2026 10:51:32","40.65","4.11","13.93","On","12.921441,77.56166",
"13-Sep-2026 10:51:42","15.46","4.11","13.93","On","12.921017,77.561932",
"13-Sep-2026 10:51:54","8.98","4.11","13.91","On","12.92043,77.562184",
"13-Sep-2026 10:51:57","27.42","4.11","13.91","On","12.920303,77.562277",
"13-Sep-2026 10:52:24","25.65","4.11","13.95","On","12.918934,77.563875",
"13-Sep-2026 10:52:42","16.25","4.11","13.95","On","12.918379,77.564235",
"13-Sep-2026 10:52:54","15.96","4.1","13.91","On","12.917867,77.564457",
"13-Sep-2026 10:53:24","21.76","4.11","13.93","On","12.916146,77.565118",
"13-Sep-2026 10:53:54","10.45","4.11","13.93","On","12.915135,77.565564",
"13-Sep-2026 10:54:22","16.18","4.11","13.93","On","12.91407,77.566056",
"13-Sep-2026 10:54:24","18.51","4.11","13.86","On","12.913994,77.566235",
"13-Sep-2026 10:54:37","23.99","4.11","13.86","On","12.913878,77.566939",
"13-Sep-2026 10:54:47","20.83","4.11","13.86","On","12.913906,77.567317",
"13-Sep-2026 10:54:54","28.98","4.11","13.83","On","12.914095,77.567598",
"13-Sep-2026 10:55:02","26.77","4.11","13.83","On","12.914451,77.567994",
"13-Sep-2026 10:55:24","11.07","4.11","13.88","On","12.915018,77.568619",
"13-Sep-2026 10:55:42","12.85","4.11","13.88","On","12.915449,77.569184",
"13-Sep-2026 10:55:54","11.59","4.11","13.86","On","12.915535,77.569478",
"13-Sep-2026 10:56:02","14.45","4.11","13.86","On","12.915634,77.569842",
"13-Sep-2026 10:56:07","10.05","4.11","13.86","On","12.915754,77.56993",
"13-Sep-2026 10:56:17","3.22","4.11","13.86","On","12.916165,77.570154",
"13-Sep-2026 10:56:22","18","4.11","13.86","On","12.916264,77.570228",
"13-Sep-2026 10:56:24","20.47","4.11","13.88","On","12.91636,77.570417",
"13-Sep-2026 10:56:27","20.47","4.11","13.88","On","12.91636,77.570417",
"13-Sep-2026 10:56:54","3.5","4.11","13.83","On","12.916498,77.57098",
"13-Sep-2026 10:57:22","11.31","4.11","13.83","On","12.916575,77.571432",
"13-Sep-2026 10:57:24","13.46","4.11","13.86","On","12.91656,77.571593",
"13-Sep-2026 10:57:52","10.35","4.11","13.86","On","12.916879,77.573351",
"13-Sep-2026 10:57:54","10.35","4.11","13.83","On","12.916879,77.573351",
"13-Sep-2026 10:58:12","0.29","4.11","13.83","On","12.91712,77.573481",
"13-Sep-2026 10:58:24","5.96","4.11","13.79","On","12.917255,77.573528",
"13-Sep-2026 10:58:54","0.74","4.11","13.86","On","12.917424,77.573642",
"13-Sep-2026 10:59:17","13.61","4.11","13.86","On","12.917441,77.573834",
"13-Sep-2026 10:59:24","26.05","4.1","13.83","On","12.917632,77.574233",
"13-Sep-2026 10:59:27","26.05","4.1","13.83","On","12.917632,77.574233",
"13-Sep-2026 10:59:32","29.6","4.1","13.83","On","12.917718,77.574726",
"13-Sep-2026 10:59:54","19.01","4.11","13.86","On","12.917775,77.576099",
"13-Sep-2026 11:00:12","15.73","4.11","13.86","On","12.917879,77.577492",
"13-Sep-2026 11:00:24","33.68","4.11","13.83","On","12.917561,77.578232",
"13-Sep-2026 11:00:27","33.68","4.11","13.83","On","12.917561,77.578232",
"13-Sep-2026 11:00:37","16.83","4.11","13.83","On","12.917434,77.579354",
"13-Sep-2026 11:00:54","1.96","4.1","13.86","On","12.917271,77.579502",
"13-Sep-2026 11:01:12","17.7","4.1","13.86","On","12.91728,77.579659",
"13-Sep-2026 11:01:24","26.88","4.11","13.86","On","12.917224,77.580473",
"13-Sep-2026 11:01:54","26.15","4.11","13.86","On","12.917256,77.582391",
"13-Sep-2026 11:02:24","3.52","4.11","13.86","On","12.917191,77.58325",
"13-Sep-2026 11:02:32","2.42","4.11","13.86","On","12.917179,77.583485",
"13-Sep-2026 11:02:47","10.02","4.11","13.86","On","12.91717,77.583662",
"13-Sep-2026 11:02:52","25.17","4.11","13.86","On","12.917174,77.583835",
"13-Sep-2026 11:02:54","17.56","4.11","13.83","On","12.917181,77.584063",
"13-Sep-2026 11:03:24","5.93","4.11","13.86","On","12.917206,77.584826",
"13-Sep-2026 11:03:52","8.71","4.11","13.86","On","12.917178,77.584875",
"13-Sep-2026 11:03:54","13.13","4.1","13.91","On","12.917141,77.584973",
"13-Sep-2026 11:04:02","29.98","4.1","13.91","On","12.917144,77.585456",
"13-Sep-2026 11:04:24","31.29","4.11","13.91","On","12.917106,77.587006",
"13-Sep-2026 11:04:54","31.19","4.11","13.93","On","12.917015,77.589997",
"13-Sep-2026 11:05:24","52.46","4.11","13.91","On","12.916857,77.593412",
"13-Sep-2026 11:05:54","56.02","4.11","13.91","On","12.916763,77.598012",
"13-Sep-2026 11:06:10","62.89","4.11","13.91","On","12.91669,77.600247",
"13-Sep-2026 11:06:17","54.27","4.11","13.91","On","12.916674,77.601433",
"13-Sep-2026 11:06:24","55.43","4.11","13.88","On","12.91671,77.601993",
"13-Sep-2026 11:06:54","54.07","4.11","13.91","On","12.916661,77.606497",
"13-Sep-2026 11:07:24","56.87","4.11","13.93","On","12.91653,77.610483",
"13-Sep-2026 11:07:54","57.96","4.11","13.91","On","12.916442,77.615213",
"13-Sep-2026 11:08:24","54.15","4.1","13.93","On","12.91636,77.619367",
"13-Sep-2026 11:08:28","50.35","4.1","13.93","On","12.916513,77.619864",
"13-Sep-2026 11:08:38","48.46","4.1","13.93","On","12.917416,77.620985",
"13-Sep-2026 11:08:48","45.25","4.1","13.93","On","12.918295,77.621369",
"13-Sep-2026 11:08:53","35.63","4.1","13.93","On","12.918988,77.621657",
"13-Sep-2026 11:08:54","35.63","4.11","13.93","On","12.918988,77.621657",
"13-Sep-2026 11:08:58","35.98","4.11","13.93","On","12.918992,77.622012",
"13-Sep-2026 11:09:03","40.45","4.11","13.93","On","12.918727,77.622302",
"13-Sep-2026 11:09:24","53.35","4.11","13.93","On","12.916551,77.623462",
"13-Sep-2026 11:09:54","30.22","4.11","13.91","On","12.913936,77.624859",
"13-Sep-2026 11:10:24","2.28","4.11","13.93","On","12.913503,77.62515",
"13-Sep-2026 11:10:54","14.83","4.11","13.88","On","12.9127,77.62558",
"13-Sep-2026 11:11:24","45.85","4.11","13.93","On","12.910479,77.626861",
"13-Sep-2026 11:11:38","2.28","4.11","13.93","On","12.909528,77.62749",
"13-Sep-2026 11:11:54","46.54","4.11","13.88","On","12.908666,77.628058",
"13-Sep-2026 11:12:18","40.63","4.11","13.88","On","12.906653,77.629248",
"13-Sep-2026 11:12:24","47.42","4.11","13.83","On","12.906279,77.629468",
"13-Sep-2026 11:12:54","29.33","4.11","13.86","On","12.903059,77.631545",
"13-Sep-2026 11:13:24","55.25","4.11","13.86","On","12.900098,77.633352",
"13-Sep-2026 11:13:54","54.23","4.11","13.86","On","12.896337,77.63571",
"13-Sep-2026 11:14:24","1.92","4.11","13.86","On","12.894538,77.63675",
"13-Sep-2026 11:14:54","1.29","4.11","13.86","On","12.894503,77.636681",
"13-Sep-2026 11:15:24","20.67","4.11","13.88","On","12.894452,77.636741",
"13-Sep-2026 11:15:54","54.03","4.11","13.86","On","12.891452,77.638697",
"13-Sep-2026 11:16:20","0.45","4.11","13.86","On","12.889315,77.63986",
"13-Sep-2026 11:16:24","3.65","4.11","13.83","On","12.889358,77.639904",
"13-Sep-2026 11:16:54","2.81","4.11","13.86","On","12.889372,77.639855",
"13-Sep-2026 11:17:20","15.56","4.11","13.86","On","12.889261,77.63995",
"13-Sep-2026 11:17:24","32.5","4.11","13.88","On","12.889005,77.640082",
"13-Sep-2026 11:17:54","56.19","4.11","13.86","On","12.885487,77.642254",
"13-Sep-2026 11:18:24","55.89","4.11","13.86","On","12.882052,77.644346",
"13-Sep-2026 11:18:54","32.61","4.11","13.86","On","12.87895,77.646219",
"13-Sep-2026 11:19:24","51.35","4.11","13.88","On","12.87605,77.648302",
"13-Sep-2026 11:19:54","55.27","4.11","13.86","On","12.873256,77.650859",
"13-Sep-2026 11:20:20","12.21","4.11","13.86","On","12.870486,77.653062",
"13-Sep-2026 11:20:24","8.96","4.11","13.81","On","12.870408,77.653118",
"13-Sep-2026 11:20:25","8.96","4.11","13.81","On","12.870408,77.653118",
"13-Sep-2026 11:20:54","0.54","4.11","13.83","On","12.870263,77.653185",
"13-Sep-2026 11:21:54","2.83","4.11","13.93","On","12.870257,77.653189",
"13-Sep-2026 11:22:24","0.76","4.11","13.93","On","12.870257,77.653241",
"13-Sep-2026 11:23:24","6.33","4.11","13.88","On","12.870177,77.653272",
"13-Sep-2026 11:23:54","37.78","4.1","13.83","On","12.869221,77.654091",
"13-Sep-2026 11:24:24","58.93","4.11","13.86","On","12.865885,77.656579",
"13-Sep-2026 11:24:54","54.15","4.11","13.88","On","12.862827,77.659006",
"13-Sep-2026 11:25:24","45.74","4.11","13.88","On","12.859336,77.661836",
"13-Sep-2026 11:25:54","49.39","4.11","13.88","On","12.857426,77.663355",
"13-Sep-2026 11:26:24","42.09","4.11","13.93","On","12.855336,77.665039",
"13-Sep-2026 11:26:54","54.29","4.11","13.91","On","12.85237,77.667318",
"13-Sep-2026 11:27:24","54.1","4.11","13.93","On","12.849041,77.670095",
"13-Sep-2026 11:27:54","57.01","4.11","13.91","On","12.845969,77.6725",
"13-Sep-2026 11:28:24","48.79","4.11","13.93","On","12.842364,77.675397",
"13-Sep-2026 11:28:54","3.88","4.11","13.86","On","12.840157,77.676887",
"13-Sep-2026 11:29:24","0.71","4.11","13.91","On","12.84017,77.676882",
"13-Sep-2026 11:29:54","47.16","4.11","13.88","On","12.839574,77.677365",
"13-Sep-2026 11:30:24","56.44","4.11","13.83","On","12.835684,77.67945",
"13-Sep-2026 11:30:54","57.37","4.11","13.86","On","12.831929,77.680731",
"13-Sep-2026 11:31:24","55.87","4.11","13.83","On","12.827511,77.68214",
"13-Sep-2026 11:31:54","53.71","4.11","13.86","On","12.824208,77.68419",
"13-Sep-2026 11:32:24","54.11","4.11","13.86","On","12.820951,77.687217",
"13-Sep-2026 11:32:54","57.76","4.11","13.86","On","12.81805,77.689813",
"13-Sep-2026 11:33:24","48.75","4.11","13.93","On","12.814714,77.692548",
"13-Sep-2026 11:33:54","57.74","4.11","13.86","On","12.812541,77.694226",
"13-Sep-2026 11:34:24","53.28","4.11","13.86","On","12.808991,77.697104",
"13-Sep-2026 11:34:54","53.71","4.11","13.83","On","12.806592,77.698998",
"13-Sep-2026 11:35:24","54.67","4.1","13.81","On","12.803397,77.702079",
"13-Sep-2026 11:35:25","54.67","4.1","13.81","On","12.803397,77.702079",
"13-Sep-2026 11:35:54","1.24","4.11","13.86","On","12.80274,77.704057",
"13-Sep-2026 11:36:05","5.12","4.11","13.86","On","12.802728,77.704098",
"13-Sep-2026 11:36:24","0.7","4.11","13.86","On","12.802728,77.704099",
"13-Sep-2026 11:36:54","1.58","4.11","13.88","On","12.802731,77.704111",
"13-Sep-2026 11:37:24","0.92","4.11","13.93","On","12.80273,77.704086",
"13-Sep-2026 11:37:54","0.49","4.11","13.93","On","12.802708,77.704086",
"13-Sep-2026 11:38:24","0.73","4.11","13.91","On","12.802686,77.704176",
"13-Sep-2026 11:38:54","6.77","4.11","13.91","On","12.802595,77.70449",
"13-Sep-2026 11:39:24","6.22","4.11","13.91","On","12.802602,77.704634",
"13-Sep-2026 11:39:54","1.83","4.11","13.88","On","12.802571,77.704763",
"13-Sep-2026 11:40:24","16.96","4.11","13.86","On","12.802419,77.705136",
"13-Sep-2026 11:40:25","16.96","4.11","13.86","On","12.802419,77.705136",
"13-Sep-2026 11:40:35","2.77","4.11","13.86","On","12.802086,77.705069",
"13-Sep-2026 11:40:54","1.34","4.1","13.86","On","12.80184,77.705038",
"13-Sep-2026 11:41:24","7.47","4.11","13.91","On","12.801576,77.705082",
"13-Sep-2026 11:41:40","10.65","4.11","13.91","On","12.801272,77.705184",
"13-Sep-2026 11:41:54","5.9","4.11","13.83","On","12.800856,77.705315",
"13-Sep-2026 11:42:24","34.86","4.11","13.86","On","12.799555,77.705741",
"13-Sep-2026 11:42:40","2.24","4.11","13.86","On","12.798651,77.706048",
"13-Sep-2026 11:42:54","1.85","4.11","13.79","On","12.798657,77.706047",
"13-Sep-2026 11:43:24","0.9","4.1","13.74","On","12.798638,77.70606",
"13-Sep-2026 11:43:40","12.59","4.1","13.74","On","12.798558,77.706075",
"13-Sep-2026 11:43:54","4.54","4.1","13.83","On","12.798073,77.706226",
"13-Sep-2026 11:44:05","3.51","4.1","13.83","On","12.797968,77.706248",
"13-Sep-2026 11:44:24","5.4","4.11","13.83","On","12.797435,77.70642",
"13-Sep-2026 11:44:30","11.35","4.11","13.83","On","12.797341,77.706454",
"13-Sep-2026 11:44:54","4.55","4.11","13.86","On","12.796784,77.706582",
"13-Sep-2026 11:45:10","3.84","4.11","13.86","On","12.79637,77.706604",
"13-Sep-2026 11:45:24","17.62","4.11","13.86","On","12.796233,77.706628",
"13-Sep-2026 11:45:25","17.62","4.11","13.86","On","12.796233,77.706628",
"13-Sep-2026 11:45:40","31.21","4.11","13.86","On","12.79488,77.706586",
"13-Sep-2026 11:45:54","27.18","4.11","13.86","On","12.793572,77.706341",
"13-Sep-2026 11:46:24","27.81","4.11","13.83","On","12.792455,77.706104",
"13-Sep-2026 11:46:50","1.1","4.11","13.83","On","12.790975,77.705798",
"13-Sep-2026 11:46:54","4.26","4.11","13.79","On","12.79095,77.705804",
"13-Sep-2026 11:47:24","1.27","4.11","13.74","On","12.790925,77.705805",
"13-Sep-2026 11:47:54","0.67","4.1","13.76","On","12.790909,77.705806",
"13-Sep-2026 11:48:24","1.07","4.11","13.79","On","12.79089,77.705832",
"13-Sep-2026 11:48:54","0.69","4.1","13.83","On","12.790889,77.705837",
"13-Sep-2026 11:49:24","0.19","4.1","13.81","On","12.790904,77.705819",
"13-Sep-2026 11:49:54","1.07","4.1","13.86","On","12.790927,77.705818",
"13-Sep-2026 11:50:24","0.62","4.1","13.81","On","12.790933,77.705813",
"13-Sep-2026 11:50:54","0.43","4.1","13.83","On","12.790916,77.705824",
"13-Sep-2026 11:51:24","0.88","4.11","13.79","On","12.790906,77.70583",
"13-Sep-2026 11:51:54","18.33","4.11","13.86","On","12.79061,77.705736",
"13-Sep-2026 11:51:55","25.65","4.11","13.86","On","12.790401,77.705666",
"13-Sep-2026 11:52:10","37.7","4.11","13.86","On","12.78947,77.705351",
"13-Sep-2026 11:52:24","37.03","4.1","13.91","On","12.788416,77.704328",
"13-Sep-2026 11:52:50","27.34","4.1","13.91","On","12.787276,77.703425",
"13-Sep-2026 11:52:54","38.43","4.11","13.91","On","12.786954,77.703339",
"13-Sep-2026 11:53:24","0.42","4.1","13.91","On","12.785405,77.703199",
"13-Sep-2026 11:53:54","0.62","4.11","13.95","On","12.785393,77.703208",
"13-Sep-2026 11:54:24","30.84","4.11","13.93","On","12.784809,77.70316",
"13-Sep-2026 11:54:35","41.74","4.11","13.93","On","12.783975,77.703394",
"13-Sep-2026 11:54:54","36.17","4.11","13.88","On","12.782517,77.703931",
"13-Sep-2026 11:54:55","21.2","4.11","13.88","On","12.782208,77.703944",
"13-Sep-2026 11:55:00","3.52","4.11","13.88","On","12.782077,77.703911",
"13-Sep-2026 11:55:20","11.85","4.11","13.88","On","12.781873,77.703767",
"13-Sep-2026 11:55:24","12.65","4.11","13.83","On","12.781736,77.703701",
"13-Sep-2026 11:55:35","15.36","4.11","13.83","On","12.781555,77.703483",
"13-Sep-2026 11:55:54","12.09","4.11","13.86","On","12.781748,77.702764",
"13-Sep-2026 11:56:24","17.22","4.11","13.86","On","12.782223,77.701156",
"13-Sep-2026 11:56:50","3","4.11","13.86","On","12.782433,77.700435",
"13-Sep-2026 11:56:54","19.53","4.11","13.86","On","12.782478,77.70033",
"13-Sep-2026 11:57:00","16.84","4.11","13.86","On","12.782553,77.699848",
"13-Sep-2026 11:57:10","18.47","4.11","13.86","On","12.782821,77.699857",
"13-Sep-2026 11:57:24","4.05","4.11","13.81","On","12.783271,77.700046",
"13-Sep-2026 11:57:25","4.05","4.11","13.81","On","12.783271,77.700046",
"13-Sep-2026 11:57:54","1.78","4.11","13.79","On","12.783226,77.700127",
"13-Sep-2026 11:58:24","0.42","4.11","13.88","On","12.783382,77.700113",
"13-Sep-2026 11:58:54","0.44","4.11","13.86","On","12.783387,77.700088",
"13-Sep-2026 11:59:24","0.79","4.11","13.91","On","12.783395,77.700092",
"13-Sep-2026 11:59:54","1.47","4.11","13.93","On","12.783377,77.700087",
"13-Sep-2026 12:00:24","0.8","4.11","13.93","On","12.783372,77.700047",
"13-Sep-2026 12:00:54","0.53","4.11","13.93","On","12.783382,77.700041",
"13-Sep-2026 12:01:24","0.73","4.11","13.95","On","12.783323,77.700068",
"13-Sep-2026 12:01:54","0.83","4.11","13.95","On","12.78334,77.700059",
"13-Sep-2026 12:02:24","0.36","4.11","13.95","On","12.783363,77.700078",
"13-Sep-2026 12:02:54","8.04","4.11","13.93","On","12.78317,77.699958",
"13-Sep-2026 12:03:24","0.73","4.11","13.91","On","12.783014,77.699906",
"13-Sep-2026 12:03:54","7.86","4.11","13.88","On","12.783234,77.700016",
"13-Sep-2026 12:04:24","5.47","4.11","13.86","On","12.783259,77.700101",
"13-Sep-2026 12:04:54","3.24","4.11","13.91","On","12.783339,77.700132",
"13-Sep-2026 12:05:24","1.16","4.11","13.93","On","12.783362,77.700138",
"13-Sep-2026 12:05:54","1.2","4.11","13.91","On","12.783364,77.700132",
"13-Sep-2026 12:06:24","1.58","4.11","13.93","On","12.783364,77.700079",
"13-Sep-2026 12:06:54","1.26","4.11","13.93","On","12.783412,77.70007",
"13-Sep-2026 12:07:24","1.31","4.11","13.95","On","12.783394,77.700092",
"13-Sep-2026 12:07:54","2.09","4.11","13.93","On","12.783405,77.700108",
"13-Sep-2026 12:08:24","4.54","4.11","13.95","On","12.783377,77.700087",
"13-Sep-2026 12:08:54","1.98","4.11","13.95","On","12.783385,77.700098",
"13-Sep-2026 12:09:24","1.72","4.11","13.93","On","12.783382,77.700099",
"13-Sep-2026 12:09:54","1.13","4.11","13.93","On","12.783429,77.700087",
"13-Sep-2026 12:10:24","1.4","4.11","13.93","On","12.783409,77.700091",
"13-Sep-2026 12:10:54","0.56","4.11","13.95","On","12.783443,77.700089",
"13-Sep-2026 12:11:24","1.59","4.11","13.93","On","12.783452,77.700091",
"13-Sep-2026 12:11:54","1.78","4.11","13.95","On","12.783404,77.700063",
"13-Sep-2026 12:12:24","2.56","4.11","13.95","On","12.783375,77.700081",
"13-Sep-2026 12:12:54","0.99","4.11","13.93","On","12.783397,77.70006",
"13-Sep-2026 12:13:24","2.09","4.11","13.93","On","12.783407,77.700058",
"13-Sep-2026 12:13:54","3.16","4.11","13.95","On","12.783397,77.700064",
"13-Sep-2026 12:14:24","4.07","4.11","13.88","On","12.783392,77.700067",
"13-Sep-2026 12:14:45","13.68","4.11","13.88","On","12.783292,77.700002",
"13-Sep-2026 12:14:54","14.7","4.11","13.88","On","12.7831,77.699944",
"13-Sep-2026 12:15:00","2.67","4.11","13.88","On","12.783039,77.699904",
"13-Sep-2026 12:15:24","2.3","4.11","13.88","On","12.782997,77.699941",
"13-Sep-2026 12:15:54","1.9","4.11","13.91","On","12.783014,77.699922",
"13-Sep-2026 12:16:05","14.47","4.11","13.91","On","12.783062,77.699924",
"13-Sep-2026 12:16:10","3.18","4.11","13.91","On","12.783176,77.69995",
"13-Sep-2026 12:16:24","0.38","4.11","13.86","On","12.783273,77.700034",
"13-Sep-2026 12:16:40","19.36","4.11","13.86","On","12.78335,77.700329",
"13-Sep-2026 12:16:50","15.16","4.11","13.86","On","12.783206,77.700689",
"13-Sep-2026 12:16:54","6.73","4.11","13.86","On","12.78319,77.700775",
"13-Sep-2026 12:16:55","6.73","4.11","13.86","On","12.78319,77.700775",
"13-Sep-2026 12:17:24","2.47","4.11","13.16","Off","12.78311,77.700788",
"13-Sep-2026 12:17:54","0.64","4.11","12.99","Off","12.783031,77.700768",
"13-Sep-2026 12:18:24","0.5","4.11","12.94","Off","12.782975,77.700733",
"13-Sep-2026 12:18:31","0.5","4.11","12.94","Off","12.782975,77.700733",
"13-Sep-2026 12:19:24","3.09","4.11","12.89","Off","12.782962,77.700724",
"13-Sep-2026 12:19:54","1.12","4.11","12.89","Off","12.782908,77.700711",
"13-Sep-2026 12:20:43","1.12","4.11","12.87","Off","12.782908,77.700711",
"13-Sep-2026 12:20:43","0.52","4.11","12.87","Off","12.782956,77.700725",
"13-Sep-2026 12:20:54","2.12","4.11","12.7","On","12.782979,77.700729",
"13-Sep-2026 12:21:24","0.96","4.11","13.69","On","12.783091,77.700562",
"13-Sep-2026 12:21:54","1.04","4.11","13.86","On","12.783145,77.700581",
"13-Sep-2026 12:22:24","0.35","4.11","13.88","On","12.783179,77.700578",
"13-Sep-2026 12:22:54","0.76","4.11","13.93","On","12.783205,77.700581",
"13-Sep-2026 12:23:24","0.29","4.1","13.91","On","12.783206,77.700586",
"13-Sep-2026 12:23:54","3.07","4.11","13.95","On","12.783228,77.700586",
"13-Sep-2026 12:24:24","2.7","4.11","13.93","On","12.783231,77.700581",
"13-Sep-2026 12:24:54","0.24","4.11","13.91","On","12.783251,77.700612",
"13-Sep-2026 12:25:24","0.34","4.11","13.93","On","12.78326,77.700645",
"13-Sep-2026 12:25:54","0.41","4.11","13.91","On","12.78328,77.700624",
"13-Sep-2026 12:26:24","1.69","4.11","13.93","On","12.783235,77.700614",
"13-Sep-2026 12:26:54","0.34","4.11","13.88","On","12.783229,77.700634",
"13-Sep-2026 12:27:24","0.7","4.11","13.91","On","12.783254,77.700614",
"13-Sep-2026 12:27:54","1.06","4.11","13.91","On","12.783295,77.700569",
"13-Sep-2026 12:28:24","0.05","4.11","13.45","Off","12.783222,77.700562",
"13-Sep-2026 12:28:54","0.79","4.11","13.01","Off","12.7832,77.700542",
"13-Sep-2026 12:29:24","0.72","4.11","12.94","Off","12.783201,77.700558",
"13-Sep-2026 12:29:54","0.07","4.11","12.94","Off","12.783201,77.70057",
"13-Sep-2026 12:30:07","0.07","4.11","12.92","Off","12.783201,77.70057",
"13-Sep-2026 12:30:54","0.48","4.11","12.89","Off","12.783167,77.700549",
"13-Sep-2026 12:31:54","0.09","4.11","12.87","Off","12.783177,77.700554",
"13-Sep-2026 12:32:54","0.11","4.11","12.82","Off","12.783178,77.700552",
"13-Sep-2026 12:33:54","0.16","4.11","12.8","Off","12.783194,77.700553",
"13-Sep-2026 12:34:07","0.16","4.11","12.77","Off","12.783194,77.700553",
"13-Sep-2026 12:57:30","0.16","4.11","12.68","Off","12.783194,77.700553",
"13-Sep-2026 12:57:30","0.06","4.11","12.68","Off","12.783194,77.700551",
"13-Sep-2026 12:57:52","0.06","4.11","12.65","Off","12.783194,77.700551",
"13-Sep-2026 12:57:52","0.06","4.11","12.65","Off","12.783194,77.700551",
"13-Sep-2026 12:57:54","0.06","4.11","12.63","Off","12.783194,77.700551",
"13-Sep-2026 12:58:24","1.23","4.11","12.6","Off","12.783108,77.700614",
"13-Sep-2026 12:58:54","1.22","4.11","12.63","Off","12.783122,77.700562",
"13-Sep-2026 12:59:24","1.22","4.11","12.6","Off","12.783122,77.700562",
"13-Sep-2026 12:59:54","1.54","4.11","12.6","Off","12.783095,77.700555",
"13-Sep-2026 13:00:54","0.46","4.11","12.58","Off","12.783136,77.700549",
"13-Sep-2026 13:01:54","0.81","4.11","12.6","Off","12.783146,77.70054",
"13-Sep-2026 13:02:11","0.81","4.11","12.58","Off","12.783146,77.70054",
"13-Sep-2026 13:02:24","0.42","4.11","12.6","Off","12.783139,77.700535",
"13-Sep-2026 13:02:54","2.12","4.11","12.58","Off","12.783159,77.700547",
"13-Sep-2026 13:03:11","2.12","4.11","12.58","Off","12.783159,77.700547",
"13-Sep-2026 13:03:13","2.12","4.11","12.58","On","12.783159,77.700547",
"13-Sep-2026 13:03:24","0.16","4.11","12.6","On","12.783133,77.700552",
"13-Sep-2026 13:03:54","0.45","4.11","13.74","On","12.783167,77.70055",
"13-Sep-2026 13:04:24","0.75","4.11","13.88","On","12.783182,77.700545",
"13-Sep-2026 13:04:54","0.45","4.11","13.88","On","12.783159,77.700563",
"13-Sep-2026 13:05:24","0.79","4.11","13.91","On","12.783145,77.700575",
"13-Sep-2026 13:05:54","0.49","4.11","13.93","On","12.783156,77.700552",
"13-Sep-2026 13:06:24","0.21","4.11","13.93","On","12.783148,77.70056",
"13-Sep-2026 13:06:54","0.44","4.11","13.93","On","12.783143,77.700538",
"13-Sep-2026 13:07:24","0.58","4.11","13.93","On","12.783128,77.700558",
"13-Sep-2026 13:07:54","0.5","4.11","13.93","On","12.783123,77.700551",
"13-Sep-2026 13:08:24","0.39","4.11","13.95","On","12.783125,77.700553",
"13-Sep-2026 13:08:54","0.78","4.11","13.93","On","12.78314,77.700536",
"13-Sep-2026 13:09:15","10.81","4.11","13.93","On","12.783197,77.700544",
"13-Sep-2026 13:09:20","5.55","4.11","13.93","On","12.783307,77.700359",
"13-Sep-2026 13:09:24","1.3","4.11","13.86","On","12.783314,77.700305",
"13-Sep-2026 13:09:54","1.07","4.11","13.86","On","12.783313,77.700209",
"13-Sep-2026 13:10:24","0.76","4.11","13.88","On","12.783187,77.700034",
"13-Sep-2026 13:10:35","13.84","4.11","13.88","On","12.782972,77.69996",
"13-Sep-2026 13:10:45","5.17","4.11","13.88","On","12.782671,77.699941",
"13-Sep-2026 13:10:54","17.98","4.11","13.91","On","12.782581,77.700125",
"13-Sep-2026 13:11:15","16.5","4.11","13.91","On","12.782363,77.700815",
"13-Sep-2026 13:11:24","0.95","4.11","13.88","On","12.782308,77.700957",
"13-Sep-2026 13:11:40","0.9","4.11","13.88","On","12.782339,77.700968",
"13-Sep-2026 13:11:54","1.18","4.11","13.91","On","12.782346,77.700963",
"13-Sep-2026 13:12:24","0.54","4.11","13.88","On","12.782382,77.700964",
"13-Sep-2026 13:12:54","0.2","4.11","13.93","On","12.782279,77.701213",
"13-Sep-2026 13:13:24","0.03","4.11","13.91","On","12.782295,77.701204",
"13-Sep-2026 13:13:54","0.98","4.11","13.91","On","12.782291,77.701201",
"13-Sep-2026 13:14:24","0.74","4.11","13.88","On","12.782288,77.701198",
"13-Sep-2026 13:14:54","6.75","4.11","13.88","On","12.782258,77.701316",
"13-Sep-2026 13:15:00","20.69","4.11","13.88","On","12.78221,77.701455",
"13-Sep-2026 13:15:24","10.99","4.11","13.88","On","12.781749,77.702979",
"13-Sep-2026 13:15:40","18.3","4.11","13.88","On","12.781629,77.703633",
"13-Sep-2026 13:15:50","25.48","4.11","13.88","On","12.782308,77.703886",
"13-Sep-2026 13:15:54","20.7","4.11","13.88","On","12.782544,77.703865",
"13-Sep-2026 13:15:55","20.7","4.11","13.88","On","12.782544,77.703865",
"13-Sep-2026 13:16:24","30.75","4.11","13.93","On","12.783948,77.703322",
"13-Sep-2026 13:16:45","23.68","4.11","13.93","On","12.785186,77.703095",
"13-Sep-2026 13:16:54","33.53","4.11","13.91","On","12.785765,77.703135",
"13-Sep-2026 13:17:24","30.91","4.11","13.91","On","12.787555,77.703502",
"13-Sep-2026 13:17:25","27.4","4.11","13.91","On","12.787823,77.703696",
"13-Sep-2026 13:17:54","37.73","4.11","13.88","On","12.789487,77.705236",
"13-Sep-2026 13:18:05","34.85","4.11","13.88","On","12.790554,77.705593",
"13-Sep-2026 13:18:24","31.75","4.11","13.86","On","12.791717,77.705838",
"13-Sep-2026 13:18:54","41.82","4.11","13.88","On","12.79327,77.706203",
"13-Sep-2026 13:19:24","28.31","4.11","13.88","On","12.795566,77.706592",
"13-Sep-2026 13:19:25","28.31","4.11","13.88","On","12.795566,77.706592",
"13-Sep-2026 13:19:45","6.86","4.11","13.88","On","12.796421,77.7065",
"13-Sep-2026 13:19:50","15.98","4.11","13.88","On","12.796603,77.706484",
"13-Sep-2026 13:19:54","16.07","4.11","13.91","On","12.796778,77.706457",
"13-Sep-2026 13:20:00","4.54","4.11","13.91","On","12.796806,77.706453",
"13-Sep-2026 13:20:15","13.57","4.11","13.91","On","12.797058,77.706414",
"13-Sep-2026 13:20:24","4.91","4.11","13.88","On","12.797195,77.70638",
"13-Sep-2026 13:20:54","24.73","4.11","13.88","On","12.797992,77.706133",
"13-Sep-2026 13:21:24","27.11","4.11","13.91","On","12.799127,77.705792",
"13-Sep-2026 13:21:54","25.35","4.11","13.93","On","12.800804,77.705259",
"13-Sep-2026 13:22:20","19.44","4.11","13.93","On","12.801974,77.704816",
"13-Sep-2026 13:22:24","17.48","4.11","13.88","On","12.802091,77.704691",
"13-Sep-2026 13:22:40","14.61","4.11","13.88","On","12.802244,77.704462",
"13-Sep-2026 13:22:45","4.87","4.11","13.88","On","12.802279,77.70432",
"13-Sep-2026 13:22:50","30.72","4.11","13.88","On","12.802273,77.704018",
"13-Sep-2026 13:22:54","38.42","4.11","13.83","On","12.802344,77.703669",
"13-Sep-2026 13:23:24","35.21","4.11","13.81","On","12.802843,77.702228",
"13-Sep-2026 13:23:30","42.2","4.11","13.81","On","12.803289,77.701539",
"13-Sep-2026 13:23:54","25.61","4.1","13.81","On","12.805047,77.700095",
"13-Sep-2026 13:24:24","37.89","4.11","13.86","On","12.806347,77.699013",
"13-Sep-2026 13:24:54","39.35","4.11","13.86","On","12.809033,77.69686",
"13-Sep-2026 13:25:24","36.88","4.11","13.81","On","12.811203,77.695119",
"13-Sep-2026 13:25:54","46.87","4.11","13.81","On","12.813885,77.693059",
"13-Sep-2026 13:26:24","52.72","4.11","13.81","On","12.816726,77.69072",
"13-Sep-2026 13:26:54","35.54","4.11","13.83","On","12.819046,77.688855",
"13-Sep-2026 13:27:24","43.71","4.11","13.83","On","12.821516,77.686528",
"13-Sep-2026 13:27:54","39.79","4.11","13.83","On","12.823865,77.684392",
"13-Sep-2026 13:28:10","55.33","4.11","13.83","On","12.82538,77.68322",
"13-Sep-2026 13:28:24","55.67","4.11","13.83","On","12.826781,77.682401",
"13-Sep-2026 13:28:54","51.61","4.11","13.86","On","12.830923,77.680922",
"13-Sep-2026 13:29:24","29.6","4.1","13.81","On","12.833503,77.680101",
"13-Sep-2026 13:29:54","51.72","4.11","13.83","On","12.836501,77.678973",
"13-Sep-2026 13:30:24","24.45","4.11","13.81","On","12.838361,77.677975",
"13-Sep-2026 13:30:54","35.54","4.11","13.79","On","12.84062,77.676321",
"13-Sep-2026 13:31:24","52.2","4.11","13.81","On","12.843207,77.674336",
"13-Sep-2026 13:31:54","50.24","4.1","13.83","On","12.846576,77.671677",
"13-Sep-2026 13:32:24","56.94","4.11","13.83","On","12.84956,77.669278",
"13-Sep-2026 13:32:54","54.13","4.1","13.83","On","12.853116,77.666581",
"13-Sep-2026 13:33:24","1.87","4.1","13.81","On","12.855525,77.664606",
"13-Sep-2026 13:33:25","1.87","4.1","13.81","On","12.855525,77.664606",
"13-Sep-2026 13:33:54","3.02","4.11","13.83","On","12.855531,77.664582",
"13-Sep-2026 13:34:10","11.39","4.11","13.83","On","12.855711,77.664429",
"13-Sep-2026 13:34:24","40.41","4.11","13.83","On","12.856601,77.663753",
"13-Sep-2026 13:34:54","12.15","4.11","13.83","On","12.859453,77.661541",
"13-Sep-2026 13:35:24","47.57","4.11","13.81","On","12.861214,77.660013",
"13-Sep-2026 13:35:54","52.73","4.11","13.79","On","12.864263,77.657766",
"13-Sep-2026 13:36:24","53.79","4.11","13.81","On","12.867617,77.655059",
"13-Sep-2026 13:36:50","0.6","4.11","13.81","On","12.868648,77.65415",
"13-Sep-2026 13:36:54","1.7","4.11","13.83","On","12.86865,77.654134",
"13-Sep-2026 13:37:24","3.53","4.11","13.81","On","12.868825,77.654008",
"13-Sep-2026 13:37:40","16.81","4.11","13.81","On","12.86904,77.653787",
"13-Sep-2026 13:37:54","7.81","4.11","13.79","On","12.869243,77.653573",
"13-Sep-2026 13:38:15","22.06","4.11","13.79","On","12.869974,77.653324",
"13-Sep-2026 13:38:20","18.81","4.11","13.79","On","12.870153,77.653335",
"13-Sep-2026 13:38:24","14.8","4.11","13.79","On","12.870228,77.653254",
"13-Sep-2026 13:38:54","25.77","4.11","13.86","On","12.87112,77.652559",
"13-Sep-2026 13:39:24","17.43","4.1","13.81","On","12.872854,77.651236",
"13-Sep-2026 13:39:54","27.22","4.11","13.81","On","12.874176,77.650117",
"13-Sep-2026 13:40:24","12.02","4.11","13.76","On","12.874945,77.649426",
"13-Sep-2026 13:40:54","23.77","4.11","13.81","On","12.876083,77.648397",
"13-Sep-2026 13:41:24","13.22","4.11","13.81","On","12.878443,77.646736",
"13-Sep-2026 13:41:25","13.22","4.11","13.81","On","12.878443,77.646736",
"13-Sep-2026 13:41:40","13.67","4.11","13.81","On","12.878903,77.646445",
"13-Sep-2026 13:41:54","38","4.11","13.81","On","12.879792,77.645908",
"13-Sep-2026 13:42:24","10.15","4.11","13.86","On","12.881404,77.644867",
"13-Sep-2026 13:42:54","17.09","4.11","13.76","On","12.883167,77.64382",
"13-Sep-2026 13:42:55","17.09","4.11","13.76","On","12.883167,77.64382",
"13-Sep-2026 13:43:00","22.4","4.11","13.76","On","12.883432,77.643958",
"13-Sep-2026 13:43:24","25.29","4.11","13.83","On","12.884722,77.645153",
"13-Sep-2026 13:43:30","15.75","4.11","13.83","On","12.884868,77.645259",
"13-Sep-2026 13:43:35","6.58","4.11","13.83","On","12.884943,77.645314",
"13-Sep-2026 13:43:50","32.97","4.11","13.83","On","12.885396,77.645979",
"13-Sep-2026 13:43:54","30.96","4.11","13.81","On","12.885481,77.646327",
"13-Sep-2026 13:44:24","34.18","4.1","13.81","On","12.885883,77.648052",
"13-Sep-2026 13:44:40","20.01","4.1","13.81","On","12.886064,77.649105",
"13-Sep-2026 13:44:45","8.53","4.1","13.81","On","12.886058,77.649324",
"13-Sep-2026 13:44:50","11.15","4.1","13.81","On","12.886143,77.649437",
"13-Sep-2026 13:44:54","21.35","4.11","13.74","On","12.886328,77.649457",
"13-Sep-2026 13:45:15","28.03","4.11","13.74","On","12.887792,77.649574",
"13-Sep-2026 13:45:20","28.78","4.11","13.74","On","12.888015,77.649449",
"13-Sep-2026 13:45:24","7.35","4.11","13.83","On","12.888245,77.649189",
"13-Sep-2026 13:45:25","7.35","4.11","13.83","On","12.888245,77.649189",
"13-Sep-2026 13:45:35","27.42","4.11","13.83","On","12.888661,77.649118",
"13-Sep-2026 13:45:54","5.67","4.11","13.81","On","12.88944,77.649223",
"13-Sep-2026 13:45:55","5.67","4.11","13.81","On","12.88944,77.649223",
"13-Sep-2026 13:46:00","15.77","4.11","13.81","On","12.889444,77.64931",
"13-Sep-2026 13:46:05","4.95","4.11","13.81","On","12.889441,77.649604",
"13-Sep-2026 13:46:15","20.94","4.11","13.81","On","12.889635,77.64966",
"13-Sep-2026 13:46:20","17.43","4.11","13.81","On","12.889858,77.64966",
"13-Sep-2026 13:46:24","18.45","4.11","13.83","On","12.890056,77.649514",
"13-Sep-2026 13:46:25","18.45","4.11","13.83","On","12.890056,77.649514",
"13-Sep-2026 13:46:45","5.08","4.11","13.83","On","12.891208,77.64915",
"13-Sep-2026 13:46:54","20.04","4.11","13.86","On","12.891401,77.649237",
"13-Sep-2026 13:47:24","34.64","4.11","13.81","On","12.893128,77.650218",
"13-Sep-2026 13:47:40","10.11","4.11","13.81","On","12.893559,77.65072",
"13-Sep-2026 13:47:54","31.44","4.11","13.83","On","12.894619,77.650817",
"13-Sep-2026 13:48:05","16.95","4.11","13.83","On","12.895304,77.650938",
"13-Sep-2026 13:48:10","21.55","4.11","13.83","On","12.895507,77.650925",
"13-Sep-2026 13:48:15","17.81","4.11","13.83","On","12.895774,77.650978",
"13-Sep-2026 13:48:20","4.6","4.11","13.83","On","12.895938,77.650994",
"13-Sep-2026 13:48:24","5.44","4.11","13.83","On","12.896073,77.651029",
"13-Sep-2026 13:48:50","17.48","4.11","13.83","On","12.896725,77.651067",
"13-Sep-2026 13:48:54","12.79","4.11","13.83","On","12.89688,77.651068",
"13-Sep-2026 13:49:00","16.75","4.11","13.83","On","12.897067,77.651099",
"13-Sep-2026 13:49:20","8.95","4.11","13.83","On","12.897868,77.651172",
"13-Sep-2026 13:49:24","6.81","4.11","13.81","On","12.898021,77.65119",
"13-Sep-2026 13:49:30","14.86","4.11","13.81","On","12.898155,77.651202",
"13-Sep-2026 13:49:45","16.02","4.11","13.81","On","12.898739,77.651231",
"13-Sep-2026 13:49:54","4.58","4.11","13.83","On","12.898892,77.651152",
"13-Sep-2026 13:49:55","4.58","4.11","13.83","On","12.898892,77.651152",
"13-Sep-2026 13:50:00","18.15","4.11","13.83","On","12.898929,77.65105",
"13-Sep-2026 13:50:24","19.97","4.11","13.79","On","12.899505,77.650205",
"13-Sep-2026 13:50:25","14.78","4.11","13.79","On","12.899713,77.650219",
"13-Sep-2026 13:50:54","7.29","4.1","13.83","On","12.900665,77.650366",
"13-Sep-2026 13:51:00","12.16","4.1","13.83","On","12.900761,77.650373",
"13-Sep-2026 13:51:05","9.65","4.1","13.83","On","12.901101,77.650403",
"13-Sep-2026 13:51:10","18.72","4.1","13.83","On","12.901216,77.650423",
"13-Sep-2026 13:51:24","23.4","4.11","13.86","On","12.901685,77.650564",
"13-Sep-2026 13:51:25","28.94","4.11","13.86","On","12.901928,77.650638",
"13-Sep-2026 13:51:50","18.77","4.11","13.86","On","12.90368,77.650313",
"13-Sep-2026 13:51:54","23.59","4.11","13.86","On","12.903828,77.650494",
"13-Sep-2026 13:51:55","23.59","4.11","13.86","On","12.903828,77.650494",
"13-Sep-2026 13:52:00","26.2","4.11","13.86","On","12.904017,77.650617",
"13-Sep-2026 13:52:24","34.1","4.11","13.83","On","12.905299,77.651155",
"13-Sep-2026 13:52:54","19.2","4.11","13.79","On","12.907787,77.651674",
"13-Sep-2026 13:53:20","29.55","4.11","13.79","On","12.908924,77.651893",
"13-Sep-2026 13:53:24","32.54","4.11","13.83","On","12.909278,77.651913",
"13-Sep-2026 13:53:35","4.55","4.11","13.83","On","12.90972,77.651934",
"13-Sep-2026 13:53:45","17.09","4.11","13.83","On","12.910075,77.651912",
"13-Sep-2026 13:53:54","20.69","4.11","13.83","On","12.910564,77.651894",
"13-Sep-2026 13:54:00","20.36","4.11","13.83","On","12.910788,77.651898",
"13-Sep-2026 13:54:05","17.67","4.11","13.83","On","12.911103,77.651876",
"13-Sep-2026 13:54:10","22.6","4.11","13.83","On","12.911357,77.651875",
"13-Sep-2026 13:54:15","3.48","4.11","13.83","On","12.911591,77.651893",
"13-Sep-2026 13:54:24","10.89","4.11","13.83","On","12.911762,77.65192",
"13-Sep-2026 13:54:30","17.09","4.11","13.83","On","12.911935,77.651885",
"13-Sep-2026 13:54:35","22.65","4.11","13.83","On","12.912132,77.651874",
"13-Sep-2026 13:54:40","20.57","4.11","13.83","On","12.912334,77.651859",
"13-Sep-2026 13:54:45","19.64","4.11","13.83","On","12.912543,77.651854",
"13-Sep-2026 13:54:50","20.81","4.11","13.83","On","12.91294,77.651815",
"13-Sep-2026 13:54:54","9.92","4.1","13.81","On","12.91309,77.65181",
"13-Sep-2026 13:54:55","9.92","4.1","13.81","On","12.91309,77.65181",
"13-Sep-2026 13:55:00","14.79","4.1","13.81","On","12.913239,77.651793",
"13-Sep-2026 13:55:15","20.14","4.1","13.81","On","12.914085,77.651766",
"13-Sep-2026 13:55:20","9.01","4.1","13.81","On","12.914212,77.651768",
"13-Sep-2026 13:55:24","2","4.11","13.83","On","12.914281,77.651771",
"13-Sep-2026 13:55:30","19.78","4.11","13.83","On","12.914506,77.651754",
"13-Sep-2026 13:55:35","22.09","4.11","13.83","On","12.914734,77.65174",
"13-Sep-2026 13:55:40","26.4","4.11","13.83","On","12.914978,77.65172",
"13-Sep-2026 13:55:45","30.88","4.11","13.83","On","12.915266,77.651718",
"13-Sep-2026 13:55:50","5.04","4.11","13.83","On","12.915712,77.651688",
"13-Sep-2026 13:55:54","20.18","4.11","13.83","On","12.915844,77.651697",
"13-Sep-2026 13:55:55","20.18","4.11","13.83","On","12.915844,77.651697",
"13-Sep-2026 13:56:00","24.81","4.11","13.83","On","12.916059,77.651724",
"13-Sep-2026 13:56:20","42.62","4.11","13.83","On","12.91807,77.651667",
"13-Sep-2026 13:56:24","31.48","4.11","13.81","On","12.918415,77.651651",
"13-Sep-2026 13:56:25","31.48","4.11","13.81","On","12.918415,77.651651",
"13-Sep-2026 13:56:54","19.43","4.11","13.81","On","12.919482,77.65163",
"13-Sep-2026 13:56:55","19.43","4.11","13.81","On","12.919482,77.65163",
"13-Sep-2026 13:57:00","8.8","4.11","13.81","On","12.919607,77.651613",
"13-Sep-2026 13:57:15","31.79","4.11","13.81","On","12.920362,77.65159",
"13-Sep-2026 13:57:24","29.38","4.11","13.81","On","12.921044,77.65158",
"13-Sep-2026 13:57:25","29.38","4.11","13.81","On","12.921044,77.65158",
"13-Sep-2026 13:57:45","31.91","4.11","13.81","On","12.922696,77.651465",
"13-Sep-2026 13:57:54","25.54","4.11","13.81","On","12.923542,77.65158",
"13-Sep-2026 13:58:10","9.91","4.11","13.81","On","12.924113,77.651671",
"13-Sep-2026 13:58:15","26.01","4.11","13.81","On","12.924227,77.65154",
"13-Sep-2026 13:58:24","28.38","4.11","13.81","On","12.924359,77.651036",
"13-Sep-2026 13:58:45","14.23","4.11","13.81","On","12.924504,77.64967",
"13-Sep-2026 13:58:50","29.52","4.11","13.81","On","12.924625,77.649185",
"13-Sep-2026 13:58:54","34.37","4.11","13.83","On","12.924615,77.64886",
"13-Sep-2026 13:59:24","48.48","4.11","13.83","On","12.924471,77.645809",
"13-Sep-2026 13:59:30","48.83","4.11","13.83","On","12.924349,77.644842",
"13-Sep-2026 13:59:54","49.71","4.11","13.86","On","12.923432,77.641765",
"13-Sep-2026 14:00:00","42.53","4.11","13.86","On","12.923338,77.641297",
"13-Sep-2026 14:00:15","0.35","4.11","13.86","On","12.92373,77.640207",
"13-Sep-2026 14:00:24","0.67","4.1","13.81","On","12.923737,77.6402",
"13-Sep-2026 14:00:54","0.5","4.11","13.88","On","12.923745,77.640178",
"13-Sep-2026 14:01:24","0.11","4.11","13.83","On","12.923743,77.640181",
"13-Sep-2026 14:01:50","22","4.11","13.83","On","12.92383,77.63995",
"13-Sep-2026 14:01:54","17.02","4.11","13.81","On","12.923906,77.639761",
"13-Sep-2026 14:02:24","0.68","4.11","13.76","On","12.92423,77.638767",
"13-Sep-2026 14:02:54","0.67","4.11","13.76","On","12.924217,77.638763",
"13-Sep-2026 14:03:24","0.53","4.11","13.76","On","12.92424,77.638758",
"13-Sep-2026 14:03:40","0.73","4.11","13.76","On","12.924229,77.638749",
"13-Sep-2026 14:03:54","0.28","4.11","13.76","On","12.924217,77.638742",
"13-Sep-2026 14:04:24","0.74","4.11","13.79","On","12.924201,77.638741",
"13-Sep-2026 14:04:54","2.54","4.11","13.76","On","12.924209,77.638721",
"13-Sep-2026 14:05:24","0.58","4.1","13.76","On","12.924203,77.638721",
"13-Sep-2026 14:05:54","0.19","4.11","13.79","On","12.924194,77.638727",
"13-Sep-2026 14:06:24","1.68","4.11","13.64","On","12.924235,77.638704",
"13-Sep-2026 14:06:54","0.99","4.11","13.57","Off","12.924184,77.638666",
"13-Sep-2026 14:07:24","0.19","4.11","13.52","On","12.924186,77.638691",
"13-Sep-2026 14:07:54","0.34","4.11","13.88","On","12.924204,77.638682",
"13-Sep-2026 14:08:24","0.62","4.11","13.93","On","12.924218,77.638661",
"13-Sep-2026 14:08:54","0.17","4.11","13.91","On","12.924216,77.63866",
"13-Sep-2026 14:09:24","0.43","4.11","13.3","Off","12.924222,77.638649",
"13-Sep-2026 14:09:54","0.06","4.11","13.01","Off","12.924225,77.638641",
"13-Sep-2026 14:10:10","0.06","4.11","12.99","Off","12.924225,77.638641",
"13-Sep-2026 14:10:54","0.58","4.11","12.97","Off","12.924224,77.638647",
"13-Sep-2026 14:11:54","0.58","4.11","12.92","Off","12.92424,77.638648",
"13-Sep-2026 14:12:54","0.75","4.11","12.87","Off","12.924239,77.638666",
"13-Sep-2026 14:13:54","0.32","4.11","12.82","Off","12.924256,77.638644",
"13-Sep-2026 14:14:10","0.32","4.11","12.82","Off","12.924256,77.638644",
"13-Sep-2026 14:21:17","0.32","4.11","12.72","Off","12.924256,77.638644",
"13-Sep-2026 14:21:17","0.28","4.11","12.72","Off","12.924276,77.638636",
"13-Sep-2026 14:21:54","1.18","4.11","12.68","Off","12.924209,77.638645",
"13-Sep-2026 14:22:54","1.3","4.11","12.63","Off","12.924161,77.638734",
"13-Sep-2026 14:23:54","3.1","4.11","12.63","Off","12.924167,77.638742",
"13-Sep-2026 14:24:54","0.52","4.11","12.63","Off","12.924162,77.638737",
"13-Sep-2026 14:25:17","0.52","4.11","12.63","Off","12.924162,77.638737",
"13-Sep-2026 14:43:00","0.52","4.11","12.65","Off","12.924162,77.638737",
"13-Sep-2026 14:43:00","0.24","4.11","12.65","Off","12.924171,77.63874",
"13-Sep-2026 14:43:54","0.45","4.11","12.6","Off","12.924288,77.638762",
"13-Sep-2026 14:44:54","0.64","4.11","12.58","Off","12.92427,77.638791",
"13-Sep-2026 14:45:54","1.04","4.11","12.56","Off","12.924268,77.638744",
"13-Sep-2026 14:46:54","0.73","4.11","12.56","Off","12.924254,77.63876",
"13-Sep-2026 14:47:00","0.73","4.11","12.56","Off","12.924254,77.63876",
"13-Sep-2026 14:58:54","0.73","4.11","12.63","On","12.924254,77.63876",
"13-Sep-2026 14:58:54","0.73","4.11","12.63","On","12.924254,77.63876",
"13-Sep-2026 14:58:54","0.43","4.11","12.63","On","12.924253,77.638754",
"13-Sep-2026 14:58:54","0.43","4.11","12.63","On","12.924253,77.638754",
"13-Sep-2026 14:59:24","0","4.11","13.04","On","12.92424,77.638705",
"13-Sep-2026 14:59:43","22.61","4.11","13.04","On","12.924817,77.637916",
"13-Sep-2026 14:59:54","24.61","4.11","13.79","On","12.925196,77.637105",
"13-Sep-2026 14:59:58","18.83","4.11","13.79","On","12.925236,77.636975",
"13-Sep-2026 15:00:13","21.36","4.11","13.79","On","12.925285,77.636687",
"13-Sep-2026 15:00:24","41.29","4.11","13.86","On","12.925144,77.637373",
"13-Sep-2026 15:00:28","36.35","4.11","13.86","On","12.924997,77.637737",
"13-Sep-2026 15:00:54","18.58","4.11","13.88","On","12.924,77.639728",
"13-Sep-2026 15:01:18","26.66","4.11","13.88","On","12.92344,77.641425",
"13-Sep-2026 15:01:24","31.49","4.11","13.88","On","12.923483,77.641692",
"13-Sep-2026 15:01:54","45.53","4.11","13.88","On","12.924385,77.64489",
"13-Sep-2026 15:02:24","47.37","4.11","13.95","On","12.924664,77.648145",
"13-Sep-2026 15:02:38","25.78","4.11","13.95","On","12.924582,77.64989",
"13-Sep-2026 15:02:43","22.45","4.11","13.95","On","12.924449,77.650096",
"13-Sep-2026 15:02:54","17.75","4.11","13.91","On","12.924335,77.65049",
"13-Sep-2026 15:03:13","8.57","4.11","13.91","On","12.924146,77.651644",
"13-Sep-2026 15:03:23","25.16","4.11","13.91","On","12.923933,77.651702",
"13-Sep-2026 15:03:24","25.16","4.11","13.88","On","12.923933,77.651702",
"13-Sep-2026 15:03:54","18.95","4.11","13.93","On","12.921519,77.651545",
"13-Sep-2026 15:04:24","24.91","4.11","13.93","On","12.920038,77.651634",
"13-Sep-2026 15:04:54","7.25","4.11","13.91","On","12.918313,77.651675",
"13-Sep-2026 15:05:24","18.93","4.11","13.91","On","12.917304,77.651689",
"13-Sep-2026 15:05:53","14.9","4.11","13.91","On","12.915656,77.651786",
"13-Sep-2026 15:05:54","26.15","4.11","13.88","On","12.915465,77.651763",
"13-Sep-2026 15:06:24","10.44","4.1","13.91","On","12.913948,77.651836",
"13-Sep-2026 15:06:54","19.37","4.1","13.88","On","12.912356,77.651848",
"13-Sep-2026 15:07:24","23.5","4.11","13.91","On","12.910821,77.651872",
"13-Sep-2026 15:07:54","25.54","4.11","13.93","On","12.909151,77.651911",
"13-Sep-2026 15:08:08","21.98","4.11","13.93","On","12.908371,77.651801",
"13-Sep-2026 15:08:24","25.56","4.1","13.91","On","12.907623,77.651674",
"13-Sep-2026 15:08:54","26.04","4.11","13.93","On","12.906112,77.651379",
"13-Sep-2026 15:09:24","8.07","4.11","13.91","On","12.904446,77.650901",
"13-Sep-2026 15:09:53","31.86","4.11","13.91","On","12.903265,77.650454",
"13-Sep-2026 15:09:54","10.8","4.11","13.88","On","12.903046,77.650508",
"13-Sep-2026 15:10:18","31.71","4.11","13.88","On","12.901683,77.650726",
"13-Sep-2026 15:10:23","25.67","4.11","13.88","On","12.90139,77.651311",
"13-Sep-2026 15:10:24","25.67","4.11","13.86","On","12.90139,77.651311",
"13-Sep-2026 15:10:33","9.66","4.11","13.86","On","12.901158,77.651764",
"13-Sep-2026 15:10:38","18.93","4.11","13.86","On","12.901003,77.651747",
"13-Sep-2026 15:10:54","28.61","4.11","13.86","On","12.900167,77.651504",
"13-Sep-2026 15:11:24","9.76","4.11","13.83","On","12.899074,77.651248",
"13-Sep-2026 15:11:33","21.33","4.11","13.83","On","12.898843,77.651255",
"13-Sep-2026 15:11:38","26.26","4.11","13.83","On","12.898547,77.651295",
"13-Sep-2026 15:11:48","6.16","4.11","13.83","On","12.89818,77.651221",
"13-Sep-2026 15:11:54","10.56","4.11","13.81","On","12.897986,77.651175",
"13-Sep-2026 15:11:58","10.56","4.11","13.81","On","12.897986,77.651175",
"13-Sep-2026 15:12:03","18.47","4.11","13.81","On","12.897804,77.651149",
"13-Sep-2026 15:12:24","29.41","4.11","13.86","On","12.896386,77.651031",
"13-Sep-2026 15:12:54","30.12","4.11","13.86","On","12.894575,77.65085",
"13-Sep-2026 15:13:23","22.62","4.11","13.86","On","12.893382,77.650529",
"13-Sep-2026 15:13:24","22.62","4.11","13.83","On","12.893382,77.650529",
"13-Sep-2026 15:13:33","25.39","4.11","13.83","On","12.893028,77.650234",
"13-Sep-2026 15:13:54","25.25","4.11","13.86","On","12.891538,77.649311",
"13-Sep-2026 15:14:13","26.11","4.11","13.86","On","12.890926,77.649076",
"13-Sep-2026 15:14:18","24.47","4.11","13.86","On","12.890661,77.649182",
"13-Sep-2026 15:14:24","26.06","4.11","13.81","On","12.890241,77.649478",
"13-Sep-2026 15:14:38","18.18","4.11","13.81","On","12.889759,77.649701",
"13-Sep-2026 15:14:48","10.67","4.11","13.81","On","12.889434,77.649627",
"13-Sep-2026 15:14:53","13.27","4.11","13.81","On","12.889436,77.649493",
"13-Sep-2026 15:14:54","15.85","4.11","13.79","On","12.889459,77.649325",
"13-Sep-2026 15:15:03","23.84","4.11","13.79","On","12.889181,77.649143",
"13-Sep-2026 15:15:18","22.05","4.11","13.79","On","12.888393,77.649175",
"13-Sep-2026 15:15:24","18.3","4.11","13.86","On","12.888153,77.649376",
"13-Sep-2026 15:15:28","28.19","4.11","13.86","On","12.887943,77.649579",
"13-Sep-2026 15:15:33","31.19","4.11","13.86","On","12.887624,77.649646",
"13-Sep-2026 15:15:54","16.63","4.11","13.83","On","12.886266,77.649424",
"13-Sep-2026 15:16:24","19.86","4.11","13.86","On","12.884956,77.64929",
"13-Sep-2026 15:16:54","6.17","4.11","13.86","On","12.883875,77.64933",
"13-Sep-2026 15:16:58","6.17","4.11","13.86","On","12.883875,77.64933",
"13-Sep-2026 15:17:13","17.52","4.11","13.86","On","12.883494,77.649477",
"13-Sep-2026 15:17:24","24.72","4.11","13.86","On","12.883103,77.649858",
"13-Sep-2026 15:17:38","26.93","4.11","13.86","On","12.882856,77.650352",
"13-Sep-2026 15:17:54","33.01","4.1","13.83","On","12.88256,77.651274",
"13-Sep-2026 15:18:03","30.85","4.1","13.83","On","12.882122,77.652192",
"13-Sep-2026 15:18:13","9.22","4.1","13.83","On","12.881733,77.652414",
"13-Sep-2026 15:18:24","25.09","4.11","13.81","On","12.881028,77.652664",
"13-Sep-2026 15:18:54","11.87","4.11","13.83","On","12.880112,77.653137",
"13-Sep-2026 15:19:18","15.33","4.11","13.83","On","12.878922,77.653795",
"13-Sep-2026 15:19:23","8.76","4.11","13.83","On","12.87914,77.654027",
"13-Sep-2026 15:19:24","8.76","4.11","13.81","On","12.87914,77.654027",
"13-Sep-2026 15:19:28","20.12","4.11","13.81","On","12.879177,77.654155",
"13-Sep-2026 15:19:33","22.64","4.11","13.81","On","12.878975,77.654258",
"13-Sep-2026 15:19:48","6.03","4.11","13.81","On","12.878462,77.654582",
"13-Sep-2026 15:19:54","5.42","4.11","13.79","On","12.878489,77.654609",
"13-Sep-2026 15:20:03","14.53","4.11","13.79","On","12.878639,77.654888",
"13-Sep-2026 15:20:13","25.2","4.11","13.79","On","12.878267,77.654884",
"13-Sep-2026 15:20:18","14","4.11","13.79","On","12.878096,77.654934",
"13-Sep-2026 15:20:24","18.65","4.11","13.79","On","12.87808,77.655308",
"13-Sep-2026 15:20:48","12.53","4.11","13.79","On","12.877985,77.65648",
"13-Sep-2026 15:20:53","7.06","4.11","13.79","On","12.878019,77.656539",
"13-Sep-2026 15:20:54","7.06","4.11","13.81","On","12.878019,77.656539",
"13-Sep-2026 15:20:58","14.02","4.11","13.81","On","12.878044,77.656654",
"13-Sep-2026 15:21:03","16.38","4.11","13.81","On","12.877938,77.656647",
"13-Sep-2026 15:21:24","8.36","4.11","13.83","On","12.876552,77.656468",
"13-Sep-2026 15:21:33","18.9","4.11","13.83","On","12.876458,77.656342",
"13-Sep-2026 15:21:38","7.18","4.11","13.83","On","12.876468,77.656259",
"13-Sep-2026 15:21:48","18.96","4.11","13.83","On","12.87606,77.656186",
"13-Sep-2026 15:21:54","21.83","4.11","13.81","On","12.875858,77.65613",
"13-Sep-2026 15:22:03","9.79","4.11","13.81","On","12.87561,77.656212",
"13-Sep-2026 15:22:08","17.09","4.11","13.81","On","12.875583,77.656524",
"13-Sep-2026 15:22:18","6.81","4.11","13.81","On","12.875572,77.656706",
"13-Sep-2026 15:22:24","10.74","4.11","13.79","On","12.87562,77.656944",
"13-Sep-2026 15:22:54","3.53","4.11","13.81","On","12.875529,77.657737",
"13-Sep-2026 15:22:58","10.84","4.11","13.81","On","12.875425,77.657674",
"13-Sep-2026 15:23:03","6.37","4.11","13.81","On","12.87537,77.657612",
"13-Sep-2026 15:23:24","1.05","4.11","13.81","On","12.875379,77.657589",
"13-Sep-2026 15:23:54","0.15","4.11","13.86","On","12.875372,77.657628",
"13-Sep-2026 15:24:24","0.52","4.11","13.86","On","12.875365,77.657638",
"13-Sep-2026 15:24:54","1.69","4.11","13.09","Off","12.87535,77.657652",
"13-Sep-2026 15:25:24","0.39","4.11","12.99","Off","12.875357,77.657608",
"13-Sep-2026 15:25:25","0.39","4.11","12.99","Off","12.875357,77.657608",
"13-Sep-2026 15:26:24","0.71","4.11","12.94","Off","12.875343,77.657623",
"13-Sep-2026 15:26:54","1.94","4.11","12.89","Off","12.875339,77.657584",
"13-Sep-2026 15:27:54","2.48","4.1","12.89","Off","12.875357,77.657576",
"13-Sep-2026 15:28:54","0.66","4.11","12.82","Off","12.875352,77.657568",
"13-Sep-2026 15:29:25","0.66","4.11","12.8","Off","12.875352,77.657568",
"13-Sep-2026 16:29:25","0.66","4.11","12.6","Off","12.875352,77.657568",
"13-Sep-2026 16:29:25","0.27","4.11","12.6","Off","12.875343,77.657559",
"13-Sep-2026 16:31:54","1.42","4.11","12.51","Off","12.875423,77.657726",
"13-Sep-2026 16:32:54","1.57","4.11","12.51","Off","12.875381,77.657753",
"13-Sep-2026 16:33:25","1.57","4.11","12.51","Off","12.875381,77.657753",
"13-Sep-2026 17:33:25","1.57","4.11","12.53","Off","12.875381,77.657753",
"13-Sep-2026 17:33:25","0.85","4.11","12.53","Off","12.875395,77.657741",
"13-Sep-2026 18:38:54","4.28","4.1","12.48","Off","12.875277,77.657685",
"13-Sep-2026 18:39:54","2.61","4.1","12.44","Off","12.875389,77.657609",
"13-Sep-2026 18:40:54","2.11","4.1","12.44","Off","12.875362,77.657631",
"13-Sep-2026 18:41:25","2.11","4.1","12.44","Off","12.875362,77.657631",
"13-Sep-2026 19:41:25","2.11","4.1","12.46","Off","12.875362,77.657631",
"13-Sep-2026 19:41:25","2.72","4.1","12.46","Off","12.875326,77.657618",
"13-Sep-2026 19:44:54","1.32","4.1","12.39","Off","12.87527,77.657677",
"13-Sep-2026 19:45:25","1.32","4.1","12.39","Off","12.87527,77.657677",
"13-Sep-2026 20:45:25","1.32","4.1","12.44","Off","12.87527,77.657677",
"13-Sep-2026 20:45:25","1.55","4.1","12.44","Off","12.875333,77.657634",
"13-Sep-2026 20:46:26","12.98","4.1","12.41","Off","12.875614,77.657704",
"13-Sep-2026 20:46:54","6.8","4.1","12.34","Off","12.875442,77.657636",
"13-Sep-2026 20:47:54","5.06","4.1","12.36","Off","12.875208,77.657543",
"13-Sep-2026 21:18:54","0","4.1","13.59","On","12.875099,77.656066",
"13-Sep-2026 21:19:34","12.93","4.1","13.59","On","12.873692,77.656427",
"13-Sep-2026 21:19:46","10.77","4.1","13.59","On","12.873134,77.655805",
"13-Sep-2026 21:19:58","10.87","4.1","13.62","On","12.87287,77.655445",
"13-Sep-2026 21:20:08","10.71","4.1","13.62","On","12.872789,77.655308",
"13-Sep-2026 21:20:24","7.83","4.1","13.64","On","12.872367,77.655059",
"13-Sep-2026 21:20:28","9.98","4.1","13.64","On","12.872284,77.655049",
"13-Sep-2026 21:20:54","8.46","4.1","13.66","On","12.871742,77.655097",
"13-Sep-2026 21:21:08","13.69","4.1","13.66","On","12.871549,77.655199",
"13-Sep-2026 21:21:13","7.52","4.1","13.66","On","12.871426,77.655185",
"13-Sep-2026 21:21:54","8.31","4.1","13.59","On","12.870933,77.655156",
"13-Sep-2026 21:22:26","20.92","4.1","13.62","On","12.870771,77.655784",
"13-Sep-2026 21:22:54","0","4.1","13.57","On","12.870581,77.656182",
"13-Sep-2026 21:23:03","11.32","4.1","13.57","On","12.87055,77.655907",
"13-Sep-2026 21:23:10","14.73","4.1","13.57","On","12.870572,77.655762",
"13-Sep-2026 21:23:24","8.26","4.1","13.59","On","12.870713,77.65558",
"13-Sep-2026 21:23:54","21.07","4.1","13.59","On","12.870578,77.65416",
"13-Sep-2026 21:23:55","21.07","4.1","13.59","On","12.870578,77.65416",
"13-Sep-2026 21:24:24","3.53","4.1","13.64","On","12.870253,77.653827",
"13-Sep-2026 21:24:28","4.31","4.1","13.64","On","12.870249,77.653873",
"13-Sep-2026 21:24:54","2.33","4.1","13.64","On","12.870047,77.653684",
"13-Sep-2026 21:25:14","13.93","4.1","13.64","On","12.869979,77.653689",
"13-Sep-2026 21:25:19","19.84","4.1","13.64","On","12.869812,77.653638",
"13-Sep-2026 21:26:34","53.92","4.1","13.66","On","12.862531,77.65935",
"13-Sep-2026 21:26:54","48.98","4.1","13.64","On","12.860492,77.660875",
"13-Sep-2026 21:27:24","0","4.1","13.64","On","12.857961,77.663093",
"13-Sep-2026 21:28:24","0","4.1","13.66","On","12.854523,77.665821",
"13-Sep-2026 21:28:54","45.39","4.1","13.64","On","12.852055,77.667845",
"13-Sep-2026 21:29:54","38.06","4.1","13.66","On","12.84738,77.6713",
"13-Sep-2026 21:30:23","21.26","4.1","13.66","On","12.846254,77.672364",
"13-Sep-2026 21:30:24","21.26","4.1","13.62","On","12.846254,77.672364",
"13-Sep-2026 21:30:28","38.68","4.1","13.62","On","12.845981,77.672542",
"13-Sep-2026 21:30:49","36.09","4.1","13.62","On","12.844675,77.674055",
"13-Sep-2026 21:31:04","15.19","4.1","13.62","On","12.844711,77.674562",
"13-Sep-2026 21:31:24","34.74","4.1","13.64","On","12.844914,77.675636",
"13-Sep-2026 21:31:54","36.69","4.1","13.66","On","12.845032,77.678194",
"13-Sep-2026 21:32:24","18.37","4.1","13.66","On","12.845096,77.681005",
"13-Sep-2026 21:32:26","18.37","4.1","13.66","On","12.845096,77.681005",
"13-Sep-2026 21:32:31","27.05","4.1","13.66","On","12.845304,77.681006",
"13-Sep-2026 21:32:51","13.73","4.1","13.66","On","12.846374,77.681048",
"13-Sep-2026 21:32:54","7.85","4.1","13.57","On","12.846374,77.681068",
"13-Sep-2026 21:33:27","2.25","4.1","13.62","On","12.845997,77.680991",
"13-Sep-2026 21:33:54","0.41","4.1","13.76","On","12.846014,77.680929",
"13-Sep-2026 21:34:24","2.29","4.1","13.79","On","12.846033,77.680967",
"13-Sep-2026 21:34:52","11.43","4.1","13.79","On","12.845916,77.680971",
"13-Sep-2026 21:34:54","11.43","4.1","13.69","On","12.845916,77.680971",
"13-Sep-2026 21:34:57","25.16","4.1","13.69","On","12.845705,77.680995",
"13-Sep-2026 21:35:02","14.35","4.1","13.69","On","12.845424,77.681108",
"13-Sep-2026 21:35:07","21.04","4.1","13.69","On","12.845148,77.681128",
"13-Sep-2026 21:35:12","9.63","4.1","13.69","On","12.844981,77.681279",
"13-Sep-2026 21:35:24","4.38","4.1","13.66","On","12.844823,77.681853",
"13-Sep-2026 21:35:49","17.17","4.1","13.66","On","12.844423,77.682625",
"13-Sep-2026 21:35:54","27.74","4.1","13.66","On","12.844347,77.682898",
"13-Sep-2026 21:35:54","27.74","4.1","13.66","On","12.844347,77.682898",
"13-Sep-2026 21:36:15","9.98","4.1","13.66","On","12.843808,77.684171",
"13-Sep-2026 21:36:24","18.9","4.1","13.64","On","12.843616,77.683918",
"13-Sep-2026 21:36:25","18.9","4.1","13.64","On","12.843616,77.683918",
"13-Sep-2026 21:36:50","7.75","4.1","13.64","On","12.842839,77.682923",
"13-Sep-2026 21:36:54","3.7","4.1","13.64","On","12.842781,77.68293",
"13-Sep-2026 21:37:05","12.36","4.1","13.64","On","12.842569,77.683041",
"13-Sep-2026 21:37:54","0.82","4.1","13.83","On","12.842378,77.68313",
"13-Sep-2026 21:38:20","4.53","4.1","13.83","On","12.842349,77.683054",
"13-Sep-2026 21:38:24","6.61","4.1","13.88","On","12.84234,77.683056",
"13-Sep-2026 21:38:40","16.75","4.1","13.88","On","12.84227,77.683224",
"13-Sep-2026 21:39:44","4.68","4.1","13.88","On","12.842216,77.683585",
"13-Sep-2026 21:39:54","3.83","4.1","13.86","On","12.842332,77.683373",
"13-Sep-2026 21:40:54","0","4.1","13.86","On","12.842488,77.682997",
"13-Sep-2026 21:41:24","0","4.1","13.81","On","12.842193,77.683186",
"13-Sep-2026 21:42:54","9.92","4.1","12.72","On","12.84233,77.683497",
"13-Sep-2026 21:43:24","0.48","4.1","13.64","On","12.842341,77.683402",
"13-Sep-2026 21:43:54","6.81","4.1","13.88","On","12.842366,77.683203",
"13-Sep-2026 21:44:04","10.72","4.1","13.88","On","12.842317,77.683383",
"13-Sep-2026 21:44:19","2.6","4.1","13.88","On","12.842298,77.683419",
"13-Sep-2026 21:44:24","5.72","4.1","13.91","On","12.842293,77.683352",
"13-Sep-2026 21:44:54","3.75","4.1","13.91","On","12.842367,77.683181",
"13-Sep-2026 21:45:54","2.53","4.1","13.91","On","12.842267,77.683146",
"13-Sep-2026 21:46:24","2.48","4.1","13.95","On","12.842281,77.683146",
"13-Sep-2026 21:46:54","3.08","4.1","13.93","On","12.842234,77.683352",
"13-Sep-2026 21:47:24","16.97","4.1","13.95","On","12.842288,77.683334",
"13-Sep-2026 21:47:54","1.49","4.1","13.93","On","12.8423,77.683274",
"13-Sep-2026 21:48:24","0.93","4.1","13.95","On","12.842304,77.683176",
"13-Sep-2026 21:48:54","2.93","4.1","13.93","On","12.84231,77.683133",
"13-Sep-2026 21:49:24","2.42","4.1","13.91","On","12.84226,77.683168",
"13-Sep-2026 21:49:54","1.63","4.1","13.93","On","12.842207,77.683226",
"13-Sep-2026 21:50:24","1.19","4.1","13.93","On","12.842202,77.683217",
"13-Sep-2026 21:50:54","2.66","4.1","13.93","On","12.842217,77.683185",
"13-Sep-2026 21:51:24","0.77","4.1","13.93","On","12.842218,77.683166",
"13-Sep-2026 21:51:54","1.98","4.1","13.95","On","12.842182,77.683246",
"13-Sep-2026 21:52:24","3.23","4.1","13.95","On","12.842218,77.683242",
"13-Sep-2026 21:52:54","0.34","4.1","13.91","On","12.842142,77.683303",
"13-Sep-2026 21:53:24","4.72","4.1","13.95","On","12.842179,77.683311",
"13-Sep-2026 21:53:54","4.39","4.1","13.93","On","12.842169,77.683349",
"13-Sep-2026 21:54:24","3.97","4.1","13.95","On","12.842251,77.683169",
"13-Sep-2026 21:54:54","4.65","4.1","13.91","On","12.84229,77.683101",
"13-Sep-2026 21:55:24","0.65","4.1","13.95","On","12.84226,77.68314",
"13-Sep-2026 21:55:54","2.01","4.1","13.95","On","12.842251,77.68313",
"13-Sep-2026 21:56:24","1.39","4.1","13.91","On","12.842242,77.683179",
"13-Sep-2026 21:56:54","1.32","4.11","13.91","On","12.842239,77.683155",
"13-Sep-2026 21:57:24","0.17","4.1","13.93","On","12.842242,77.683168",
"13-Sep-2026 21:57:54","1.96","4.1","13.95","On","12.842217,77.683205",
"13-Sep-2026 21:58:24","4.48","4.1","13.93","On","12.842173,77.68323",
"13-Sep-2026 21:58:54","2.45","4.1","13.93","On","12.842177,77.683244",
"13-Sep-2026 21:59:24","0.46","4.1","13.93","On","12.842203,77.683226",
"13-Sep-2026 21:59:54","1.12","4.1","13.95","On","12.842196,77.683249",
"13-Sep-2026 22:00:24","2.89","4.1","13.93","On","12.842189,77.683215",
"13-Sep-2026 22:00:54","1.6","4.1","13.93","On","12.842177,77.683254",
"13-Sep-2026 22:01:24","5.4","4.1","13.98","Off","12.842147,77.683148",
"13-Sep-2026 22:01:54","2.98","4.1","13.98","Off","12.842178,77.683109",
"13-Sep-2026 22:02:24","5.09","4.1","13.98","Off","12.842166,77.683105",
"13-Sep-2026 22:02:37","5.09","4.1","13.98","Off","12.842166,77.683105",
"13-Sep-2026 22:03:24","4.1","4.1","13.98","Off","12.842183,77.683059",
"13-Sep-2026 22:03:54","1.99","4.1","13.98","Off","12.842147,77.683091",
"13-Sep-2026 22:04:54","3.63","4.1","13.98","Off","12.842086,77.683153",
"13-Sep-2026 22:05:54","3.18","4.1","13.95","Off","12.842,77.683224",
"13-Sep-2026 22:06:37","3.18","4.1","13.98","Off","12.842,77.683224",
"13-Sep-2026 22:49:57","3.18","4.11","13.13","On","12.842,77.683224",
"13-Sep-2026 22:49:57","3.18","4.11","13.13","On","12.842,77.683224",
"13-Sep-2026 22:49:57","3.45","4.11","13.13","On","12.842059,77.683223",
"13-Sep-2026 22:50:24","0","4.1","13.18","On","12.842083,77.68336",
"13-Sep-2026 22:50:54","0","4.1","13.81","On","12.842091,77.683369",
"13-Sep-2026 22:51:24","0","4.11","13.88","On","12.842088,77.683364",
"13-Sep-2026 22:51:54","0","4.1","13.91","On","12.842085,77.683368",
"13-Sep-2026 22:52:24","0","4.1","13.91","On","12.842082,77.683365",
"13-Sep-2026 22:52:54","0","4.11","13.93","On","12.842073,77.683361",
"13-Sep-2026 22:57:23","17.68","4.1","13.64","On","12.838076,77.678635",
"13-Sep-2026 22:57:24","17.68","4.11","13.66","On","12.838076,77.678635",
"13-Sep-2026 22:57:33","29.16","4.11","13.66","On","12.83767,77.678718",
"13-Sep-2026 22:57:54","41.32","4.1","13.64","On","12.835816,77.679484",
"13-Sep-2026 22:58:24","49.25","4.1","13.64","On","12.832452,77.680614",
"13-Sep-2026 22:58:54","49.99","4.1","13.64","On","12.829055,77.681649",
"13-Sep-2026 22:59:24","45.6","4.1","13.64","On","12.825665,77.683239",
"13-Sep-2026 22:59:54","48.09","4.1","13.64","On","12.823122,77.685288",
"13-Sep-2026 23:00:24","46.04","4.1","13.69","On","12.820357,77.68789",
"13-Sep-2026 23:00:54","54.63","4.1","13.69","On","12.817626,77.690234",
"13-Sep-2026 23:01:24","27.66","4.1","13.66","On","12.814334,77.692906",
"13-Sep-2026 23:01:54","53.22","4.1","13.64","On","12.811755,77.694926",
"13-Sep-2026 23:02:24","45.04","4.1","13.64","On","12.808265,77.697703",
"13-Sep-2026 23:02:54","55.45","4.1","13.66","On","12.806164,77.699413",
"13-Sep-2026 23:03:18","54.83","4.1","13.66","On","12.803629,77.701696",
"13-Sep-2026 23:03:24","53.87","4.1","13.66","On","12.80306,77.702641",
"13-Sep-2026 23:03:33","49.04","4.1","13.66","On","12.802712,77.703643",
"13-Sep-2026 23:04:04","24.45","4.1","13.64","On","12.801869,77.704961",
"13-Sep-2026 23:04:19","31.62","4.1","13.64","On","12.801156,77.705243",
"13-Sep-2026 23:04:24","5.96","4.1","13.64","On","12.800738,77.705398",
"13-Sep-2026 23:04:54","34.13","4.1","13.64","On","12.798664,77.706058",
"13-Sep-2026 23:05:24","24.8","4.1","13.64","On","12.796691,77.706613",
"13-Sep-2026 23:05:44","39.42","4.1","13.64","On","12.795417,77.706683",
"13-Sep-2026 23:05:54","40.62","4.1","13.62","On","12.794212,77.706452",
"13-Sep-2026 23:06:24","32.62","4.1","13.64","On","12.791965,77.706102",
"13-Sep-2026 23:06:54","34.99","4.1","13.64","On","12.78987,77.705554",
"13-Sep-2026 23:06:54","34.99","4.1","13.66","On","12.78987,77.705554",
"13-Sep-2026 23:07:24","1.02","4.1","13.71","On","12.788706,77.704724",
"13-Sep-2026 23:07:54","2.34","4.1","13.83","On","12.788659,77.704805",
"13-Sep-2026 23:08:24","0.51","4.1","13.83","On","12.788649,77.704808",
"13-Sep-2026 23:08:54","0.46","4.11","13.83","On","12.788655,77.70483",
"13-Sep-2026 23:09:24","2.86","4.1","13.83","On","12.788659,77.704777",
"13-Sep-2026 23:09:54","28.22","4.1","13.66","On","12.787899,77.703911",
"13-Sep-2026 23:09:59","11.85","4.1","13.66","On","12.787793,77.703806",
"13-Sep-2026 23:10:04","27.06","4.1","13.66","On","12.787623,77.703646",
"13-Sep-2026 23:10:09","42.27","4.1","13.66","On","12.78696,77.703376",
"13-Sep-2026 23:10:24","42.5","4.1","13.64","On","12.78574,77.703259",
"13-Sep-2026 23:10:34","19.25","4.1","13.64","On","12.784662,77.703234",
"13-Sep-2026 23:10:54","38.17","4.1","13.57","On","12.782986,77.703899",
"13-Sep-2026 23:11:09","30.06","4.1","13.57","On","12.781658,77.703661",
"13-Sep-2026 23:11:14","10.84","4.1","13.57","On","12.781559,77.70351",
"13-Sep-2026 23:11:24","24.06","4.1","13.59","On","12.781679,77.703141",
"13-Sep-2026 23:11:54","27.99","4.1","13.66","On","12.782135,77.701452",
"13-Sep-2026 23:12:04","1.17","4.1","13.66","On","12.782212,77.701216",
"13-Sep-2026 23:12:24","2.85","4.1","13.66","On","12.782234,77.701217",
"13-Sep-2026 23:12:54","22.16","4.11","13.64","On","12.78244,77.700629",
"13-Sep-2026 23:13:19","13.36","4.11","13.64","On","12.782633,77.699872",
"13-Sep-2026 23:13:24","4.65","4.11","13.64","On","12.78272,77.69984",
"13-Sep-2026 23:13:34","8.2","4.11","13.64","On","12.782987,77.69993",
"13-Sep-2026 23:13:39","19.92","4.11","13.64","On","12.78313,77.700024",
"13-Sep-2026 23:13:49","13.65","4.11","13.64","On","12.783276,77.700118",
"13-Sep-2026 23:13:54","5.47","4.11","13.64","On","12.78333,77.70016",
"13-Sep-2026 23:13:54","5.47","4.1","13.62","On","12.78333,77.70016",
"13-Sep-2026 23:14:24","1.03","4.11","13.64","On","12.783315,77.700043",
"13-Sep-2026 23:14:54","1.68","4.11","13.11","Off","12.783326,77.700065",
"13-Sep-2026 23:15:24","1.79","4.11","13.01","Off","12.783331,77.70014",
"13-Sep-2026 23:15:54","0.77","4.1","12.97","Off","12.783333,77.700099",
"13-Sep-2026 23:15:58","0.77","4.11","12.97","Off","12.783333,77.700099",
"13-Sep-2026 23:16:54","1","4.1","12.94","Off","12.78333,77.700089",
"13-Sep-2026 23:17:54","0.8","4.1","12.89","Off","12.783367,77.700095",
"13-Sep-2026 23:18:54","1.29","4.1","12.87","Off","12.783387,77.700021",
"13-Sep-2026 23:19:54","1.18","4.1","12.82","Off","12.783338,77.700085",
"13-Sep-2026 23:19:58","1.18","4.1","12.8","Off","12.783338,77.700085",
"14-Sep-2026 00:19:59","1.18","4.1","12.63","Off","12.783338,77.700085",
"14-Sep-2026 00:19:59","0.31","4.1","12.63","Off","12.783345,77.700094",
"14-Sep-2026 00:20:54","1.05","4.1","12.56","Off","12.783615,77.700299",
"14-Sep-2026 00:21:54","1.77","4.1","12.53","Off","12.783401,77.700207",
"14-Sep-2026 00:22:54","2.3","4.1","12.53","Off","12.783334,77.700146",
"14-Sep-2026 00:23:54","0.2","4.1","12.53","Off","12.783366,77.700188",
"14-Sep-2026 00:23:59","0.2","4.1","12.51","Off","12.783366,77.700188",
"14-Sep-2026 00:46:36","0.2","4.1","12.58","Off","12.783366,77.700188",
"14-Sep-2026 00:46:36","0.18","4.1","12.58","Off","12.783365,77.700188",
"14-Sep-2026 00:46:38","0.18","4.1","12.58","Off","12.783365,77.700188",
"14-Sep-2026 00:46:38","0.18","4.1","12.58","Off","12.783365,77.700188",
"14-Sep-2026 00:46:54","0.18","4.1","12.56","Off","12.783365,77.700188",
"14-Sep-2026 00:48:54","0.92","4.1","12.56","Off","12.783284,77.700084",
"14-Sep-2026 00:49:54","1.85","4.1","12.53","Off","12.783364,77.700173",
"14-Sep-2026 00:54:50","0.8","4.1","12.58","Off","12.783381,77.700135",
"14-Sep-2026 00:54:54","0.8","4.1","12.58","Off","12.783381,77.700135",
"14-Sep-2026 00:56:47","1.89","4.1","12.51","On","12.783387,77.700004",
"14-Sep-2026 00:56:54","4.9","4.1","12.41","On","12.783436,77.699992",
"14-Sep-2026 00:57:24","2.23","4.1","13.59","On","12.783351,77.700014",
"14-Sep-2026 00:57:54","3.18","4.1","13.79","On","12.783264,77.700115",
"14-Sep-2026 00:58:24","2.23","4.1","13.86","On","12.783217,77.700151",
"14-Sep-2026 00:58:54","1.64","4.1","13.88","On","12.783218,77.700165",
"14-Sep-2026 00:59:24","1.54","4.1","13.91","On","12.78321,77.700152",
"14-Sep-2026 01:00:24","2.3","4.1","13.52","Off","12.783268,77.70018",
"14-Sep-2026 01:00:54","0.95","4.1","13.3","Off","12.783281,77.700076",
"14-Sep-2026 01:02:54","0.77","4.1","13.11","Off","12.783274,77.700135",
"14-Sep-2026 01:03:54","1.9","4.1","13.06","Off","12.783347,77.700197",
"14-Sep-2026 01:04:54","2.21","4.1","12.97","Off","12.783224,77.700181",
"14-Sep-2026 01:04:58","2.21","4.1","12.97","Off","12.783224,77.700181",
"14-Sep-2026 01:05:24","2.9","4.1","12.92","Off","12.783202,77.700143",
"14-Sep-2026 01:06:24","1.38","4.1","13.5","On","12.783247,77.700135",
"14-Sep-2026 01:06:54","1.77","4.1","13.83","On","12.78335,77.700136",
"14-Sep-2026 01:07:24","0.38","4.1","13.88","On","12.783344,77.700154",
"14-Sep-2026 01:07:54","1.89","4.1","13.86","On","12.783342,77.700146",
"14-Sep-2026 01:08:24","0.69","4.1","13.88","On","12.783417,77.70023",
"14-Sep-2026 01:08:35","12.7","4.1","13.88","On","12.783407,77.700296",
"14-Sep-2026 01:08:54","2.59","4.1","13.91","On","12.783349,77.700518",
"14-Sep-2026 01:09:15","2.83","4.1","13.91","On","12.78326,77.700738",
"14-Sep-2026 01:09:24","5.15","4.1","13.91","On","12.7832,77.700782",
"14-Sep-2026 01:09:30","10.81","4.1","13.91","On","12.783176,77.70088",
"14-Sep-2026 01:09:35","12.26","4.1","13.91","On","12.783207,77.701112",
"14-Sep-2026 01:09:40","1.15","4.1","13.91","On","12.783182,77.701119",
"14-Sep-2026 01:09:54","9.74","4.1","13.88","On","12.783163,77.701029",
"14-Sep-2026 01:09:55","23.47","4.1","13.88","On","12.7832,77.700869",
"14-Sep-2026 01:10:05","3.93","4.1","13.88","On","12.783232,77.700705",
"14-Sep-2026 01:10:24","0.72","4.1","13.86","On","12.783259,77.70057",
"14-Sep-2026 01:10:54","0.52","4.1","13.91","On","12.783294,77.700593",
"14-Sep-2026 01:11:24","0.95","4.1","13.93","On","12.783349,77.700664",
"14-Sep-2026 01:11:54","0.44","4.1","13.42","Off","12.783338,77.700664",
"14-Sep-2026 01:12:24","0.87","4.11","13.35","Off","12.783331,77.700694",
"14-Sep-2026 01:12:54","0.34","4.1","13.26","Off","12.78331,77.700702",
"14-Sep-2026 01:13:09","0.34","4.1","13.23","Off","12.78331,77.700702",
"14-Sep-2026 01:13:54","0.79","4.1","13.18","Off","12.783266,77.700618",
"14-Sep-2026 01:14:54","0.37","4.1","13.11","Off","12.783272,77.700665",
"14-Sep-2026 01:15:54","2.01","4.1","13.04","Off","12.783301,77.700696",
"14-Sep-2026 01:16:54","0.86","4.1","12.99","Off","12.783291,77.70069",
"14-Sep-2026 01:17:09","0.86","4.1","12.99","Off","12.783291,77.70069",
"14-Sep-2026 01:26:33","0.86","4.1","12.8","On","12.783291,77.70069",
"14-Sep-2026 01:26:33","0.86","4.1","12.8","On","12.783291,77.70069",
"14-Sep-2026 01:26:33","0.17","4.1","12.8","On","12.783289,77.700682",
"14-Sep-2026 01:26:54","0.17","4.1","13.09","On","12.783289,77.700682",
"14-Sep-2026 01:32:24","1.31","4.1","12.77","Off","12.783133,77.700545",
"14-Sep-2026 01:32:54","5.83","4.1","12.72","Off","12.783224,77.700579",
"14-Sep-2026 01:33:54","2.28","4.1","12.7","Off","12.783287,77.700547",
"14-Sep-2026 01:34:54","1.02","4.1","12.68","Off","12.78315,77.700589",
"14-Sep-2026 01:35:44","1.02","4.1","12.68","Off","12.78315,77.700589",
"14-Sep-2026 01:36:44","1.02","4.1","12.7","Off","12.78315,77.700589",
"14-Sep-2026 01:36:44","2.51","4.1","12.7","Off","12.783107,77.700701",
"14-Sep-2026 01:36:54","2.51","4.1","12.68","Off","12.783107,77.700701",
"14-Sep-2026 01:37:02","2.51","4.1","12.65","Off","12.783107,77.700701",
"14-Sep-2026 01:40:54","1.99","4.1","12.56","Off","12.783262,77.700523",
"14-Sep-2026 01:41:02","1.99","4.1","12.56","Off","12.783262,77.700523",
"14-Sep-2026 01:52:32","1.99","4.1","12.58","Off","12.783262,77.700523",
"14-Sep-2026 01:52:32","5.53","4.1","12.58","Off","12.783249,77.700544",
"14-Sep-2026 01:52:37","5.53","4.1","12.58","On","12.783249,77.700544",
"14-Sep-2026 01:52:37","5.53","4.1","12.58","On","12.783249,77.700544",
"14-Sep-2026 01:52:54","5.53","4.1","12.97","On","12.783249,77.700544",
"14-Sep-2026 01:57:54","3.03","4.1","12.75","Off","12.783428,77.700439",
"14-Sep-2026 01:58:54","1.37","4.1","12.7","Off","12.783377,77.700423",
"14-Sep-2026 01:59:34","1.37","4.1","12.7","Off","12.783377,77.700423",
"14-Sep-2026 02:02:05","1.37","4.1","12.68","Off","12.783377,77.700423",
"14-Sep-2026 02:02:05","0.9","4.1","12.68","Off","12.783378,77.700442",
"14-Sep-2026 02:02:19","0.9","4.1","12.68","Off","12.783378,77.700442",
"14-Sep-2026 02:02:24","0.9","4.1","12.65","Off","12.783378,77.700442",
"14-Sep-2026 02:15:24","1.64","4.1","12.46","Off","12.783258,77.700577",
"14-Sep-2026 02:15:54","0.99","4.1","12.46","Off","12.783226,77.700525",
"14-Sep-2026 02:16:24","1.57","4.1","12.46","Off","12.783178,77.700458",
"14-Sep-2026 02:16:35","1.57","4.1","12.46","Off","12.783178,77.700458",
"14-Sep-2026 02:17:24","3.21","4.1","12.46","Off","12.783157,77.700457",
"14-Sep-2026 02:17:54","1.66","4.1","12.46","Off","12.783173,77.700474",
"14-Sep-2026 02:18:54","1.01","4.1","12.46","Off","12.783215,77.700485",
"14-Sep-2026 02:19:54","0.87","4.1","12.46","Off","12.783196,77.700459",
"14-Sep-2026 02:20:35","0.87","4.1","12.46","Off","12.783196,77.700459",
"14-Sep-2026 02:23:49","0.87","4.1","12.56","Off","12.783196,77.700459",
"14-Sep-2026 02:23:49","0.86","4.1","12.56","Off","12.783141,77.700426",
"14-Sep-2026 02:23:54","0.86","4.1","12.56","Off","12.783141,77.700426",
"14-Sep-2026 02:30:24","2.54","4.11","13.93","On","12.783286,77.700457",
"14-Sep-2026 02:30:54","1.73","4.1","13.91","On","12.783233,77.700486",
"14-Sep-2026 02:31:24","1.81","4.1","13.93","On","12.783192,77.700485",
"14-Sep-2026 02:31:45","17.63","4.1","13.93","On","12.783311,77.700435",
"14-Sep-2026 02:31:54","12.09","4.1","13.74","On","12.78335,77.700367",
"14-Sep-2026 02:32:12","1.3","4.1","13.74","On","12.783192,77.700113",
"14-Sep-2026 02:32:24","1.32","4.1","13.76","On","12.783166,77.700123",
"14-Sep-2026 02:32:54","4.79","4.1","13.86","On","12.783191,77.7",
"14-Sep-2026 02:33:24","0.17","4.1","13.88","On","12.78319,77.700008",
"14-Sep-2026 02:33:54","1.29","4.1","13.91","On","12.783171,77.699996",
"14-Sep-2026 02:34:24","1.29","4.1","13.79","On","12.783142,77.699986",
"14-Sep-2026 02:34:35","16.87","4.1","13.79","On","12.783081,77.699979",
"14-Sep-2026 02:34:45","18.45","4.1","13.79","On","12.782647,77.699984",
"14-Sep-2026 02:34:50","18.69","4.1","13.79","On","12.782578,77.70016",
"14-Sep-2026 02:34:54","21.91","4.1","13.79","On","12.782515,77.700287",
"14-Sep-2026 02:35:24","10.56","4.1","13.88","On","12.782311,77.701145",
"14-Sep-2026 02:35:54","2.65","4.1","13.91","On","12.782302,77.701171",
"14-Sep-2026 02:36:24","2.09","4.1","13.88","On","12.782308,77.701185",
"14-Sep-2026 02:37:54","1.69","4.1","13.88","On","12.782337,77.701132",
"14-Sep-2026 02:38:24","3.55","4.1","13.91","On","12.78227,77.70114",
"14-Sep-2026 02:38:54","5.52","4.1","13.81","On","12.782268,77.701224",
"14-Sep-2026 02:39:00","2.83","4.1","13.81","On","12.782242,77.701253",
"14-Sep-2026 02:39:05","19.3","4.1","13.81","On","12.782218,77.701354",
"14-Sep-2026 02:39:24","24.2","4.1","13.64","On","12.781747,77.702779",
"14-Sep-2026 02:39:54","0.35","4.1","13.62","On","12.781604,77.703444",
"14-Sep-2026 02:40:24","2.57","4.1","13.59","On","12.781625,77.703402",
"14-Sep-2026 02:40:45","16.41","4.1","13.59","On","12.78159,77.703609",
"14-Sep-2026 02:40:54","28.45","4.1","13.59","On","12.782364,77.703903",
"14-Sep-2026 02:40:55","28.45","4.1","13.59","On","12.782364,77.703903",
"14-Sep-2026 02:41:00","26.07","4.1","13.59","On","12.782663,77.703871",
"14-Sep-2026 02:41:24","34.66","4.1","13.57","On","12.784068,77.70333",
"14-Sep-2026 02:41:40","30.55","4.1","13.57","On","12.785243,77.703094",
"14-Sep-2026 02:41:54","33.29","4.1","13.57","On","12.786537,77.703231",
"14-Sep-2026 02:42:10","35.04","4.1","13.57","On","12.787651,77.703529",
"14-Sep-2026 02:42:24","38.24","4.1","13.59","On","12.788801,77.704526",
"14-Sep-2026 02:42:40","40.76","4.1","13.59","On","12.790102,77.705506",
"14-Sep-2026 02:42:54","44.68","4.1","13.59","On","12.7913,77.705775",
"14-Sep-2026 02:43:24","38.63","4.1","13.59","On","12.793535,77.706245",
"14-Sep-2026 02:43:50","41.53","4.1","13.59","On","12.796072,77.706537",
"14-Sep-2026 02:43:54","40.97","4.1","13.59","On","12.796488,77.706487",
"14-Sep-2026 02:44:24","37.87","4.1","13.59","On","12.798634,77.70595",
"14-Sep-2026 02:44:54","21.25","4.1","13.62","On","12.800689,77.705355",
"14-Sep-2026 02:45:15","16.14","4.1","13.62","On","12.802142,77.704692",
"14-Sep-2026 02:45:20","8.63","4.1","13.62","On","12.802159,77.704608",
"14-Sep-2026 02:45:24","2.03","4.1","13.64","On","12.80216,77.704605",
"14-Sep-2026 02:45:54","1.12","4.1","13.66","On","12.802136,77.7046",
"14-Sep-2026 02:46:24","0.69","4.1","13.71","On","12.802175,77.704615",
"14-Sep-2026 02:46:50","16.31","4.1","13.71","On","12.802225,77.704465",
"14-Sep-2026 02:46:54","29.33","4.1","13.62","On","12.802307,77.704246",
"14-Sep-2026 02:47:24","42.05","4.1","13.62","On","12.803639,77.701213",
"14-Sep-2026 02:47:30","33","4.1","13.62","On","12.803907,77.700934",
"14-Sep-2026 02:47:54","15.87","4.1","13.57","On","12.805582,77.699703",
"14-Sep-2026 02:48:24","45.15","4.1","13.57","On","12.807883,77.697817",
"14-Sep-2026 02:48:54","47.11","4.1","13.59","On","12.810382,77.695823",
"14-Sep-2026 02:49:24","46.41","4.1","13.59","On","12.813396,77.693435",
"14-Sep-2026 02:49:54","47.09","4.1","13.57","On","12.816081,77.691345",
"14-Sep-2026 02:50:24","49.31","4.1","13.57","On","12.819138,77.68879",
"14-Sep-2026 02:50:54","56.64","4.1","13.59","On","12.822048,77.686065",
"14-Sep-2026 02:51:24","55.87","4.1","13.59","On","12.825374,77.68324",
"14-Sep-2026 02:51:50","56.09","4.1","13.59","On","12.828405,77.6817",
"14-Sep-2026 02:51:54","56.78","4.1","13.59","On","12.828918,77.681543",
"14-Sep-2026 02:52:24","44.76","4.1","13.57","On","12.832719,77.680393",
"14-Sep-2026 02:52:54","45.59","4.1","13.54","On","12.835763,77.679309",
"14-Sep-2026 02:53:24","55.89","4.1","13.57","On","12.839628,77.677101",
"14-Sep-2026 02:53:45","50.58","4.1","13.57","On","12.841701,77.675586",
"14-Sep-2026 02:53:54","51.92","4.1","13.54","On","12.8425,77.674965",
"14-Sep-2026 02:54:24","46.74","4.1","13.57","On","12.84571,77.672466",
"14-Sep-2026 02:55:24","54.49","4.1","13.59","On","12.851527,77.667773",
"14-Sep-2026 02:55:54","50.4","4.1","13.62","On","12.854394,77.665508",
"14-Sep-2026 02:56:24","43.68","4.1","13.59","On","12.856727,77.663472",
"14-Sep-2026 02:56:54","24.56","4.1","13.57","On","12.859732,77.661362",
"14-Sep-2026 02:57:24","36.77","4.1","13.57","On","12.861479,77.65991",
"14-Sep-2026 02:58:24","43.25","4.1","13.54","On","12.866488,77.656028",
"14-Sep-2026 02:58:32","21.21","4.1","13.54","On","12.867025,77.65561",
"14-Sep-2026 02:58:54","1.08","4.1","13.76","On","12.867007,77.655438",
"14-Sep-2026 02:59:24","1.38","4.1","13.79","On","12.867008,77.655381",
"14-Sep-2026 02:59:54","3.03","4.1","13.79","On","12.866931,77.655498",
"14-Sep-2026 03:00:24","2.37","4.1","13.81","On","12.86689,77.655506",
"14-Sep-2026 03:00:54","1.7","4.1","13.79","On","12.866882,77.655562",
"14-Sep-2026 03:01:24","1.28","4.1","13.76","On","12.86689,77.655564",
"14-Sep-2026 03:01:54","1.74","4.1","13.79","On","12.86686,77.655547",
"14-Sep-2026 03:02:24","2.27","4.1","13.79","On","12.866864,77.655497",
"14-Sep-2026 03:02:54","1.15","4.1","13.79","On","12.866973,77.655397",
"14-Sep-2026 03:03:24","13.88","4.1","13.69","On","12.867015,77.655464",
"14-Sep-2026 03:03:54","44.61","4.1","13.62","On","12.869578,77.653343",
"14-Sep-2026 03:03:57","44.61","4.1","13.62","On","12.869578,77.653343",
"14-Sep-2026 03:04:02","30.17","4.1","13.62","On","12.870183,77.652911",
"14-Sep-2026 03:04:17","42.3","4.1","13.62","On","12.871073,77.652264",
"14-Sep-2026 03:04:24","44.34","4.1","13.57","On","12.871875,77.651668",
"14-Sep-2026 03:04:54","58.89","4.1","13.59","On","12.874924,77.649028",
"14-Sep-2026 03:05:24","61.22","4.1","13.59","On","12.878324,77.6464",
"14-Sep-2026 03:05:54","61.94","4.1","13.62","On","12.88267,77.643881",
"14-Sep-2026 03:06:24","55.37","4.1","13.59","On","12.88607,77.641754",
"14-Sep-2026 03:06:54","57.6","4.1","13.59","On","12.889652,77.639482",
"14-Sep-2026 03:07:24","59.49","4.1","13.62","On","12.893107,77.637378",
"14-Sep-2026 03:07:54","53.44","4.1","13.57","On","12.897005,77.63498",
"14-Sep-2026 03:08:24","53.38","4.1","13.59","On","12.900294,77.632979",
"14-Sep-2026 03:08:51","29.28","4.1","13.59","On","12.903009,77.631373",
"14-Sep-2026 03:08:54","34.38","4.1","13.59","On","12.903172,77.631153",
"14-Sep-2026 03:09:24","40.65","4.1","13.57","On","12.905464,77.629662",
"14-Sep-2026 03:09:54","40.71","4.1","13.57","On","12.90797,77.628082",
"14-Sep-2026 03:10:24","28.76","4.1","13.59","On","12.910194,77.626881",
"14-Sep-2026 03:10:54","49.02","4.1","13.57","On","12.913229,77.625015",
"14-Sep-2026 03:11:24","38.12","4.1","13.59","On","12.91584,77.623371",
"14-Sep-2026 03:11:36","18.18","4.1","13.59","On","12.916525,77.622977",
"14-Sep-2026 03:11:41","26.78","4.1","13.59","On","12.916606,77.622778",
"14-Sep-2026 03:11:51","17.17","4.1","13.59","On","12.91687,77.622045",
"14-Sep-2026 03:11:54","24.47","4.1","13.57","On","12.916901,77.621843",
"14-Sep-2026 03:11:56","24.47","4.1","13.57","On","12.916901,77.621843",
"14-Sep-2026 03:12:46","39.78","4.1","13.59","On","12.916095,77.616902",
"14-Sep-2026 03:12:54","42.38","4.1","13.59","On","12.915945,77.615977",
"14-Sep-2026 03:13:24","27.65","4.1","13.59","On","12.916228,77.613738",
"14-Sep-2026 03:13:54","31.2","4.1","13.57","On","12.916454,77.611122",
"14-Sep-2026 03:14:24","2.73","4.1","13.62","On","12.91641,77.610251",
"14-Sep-2026 03:14:54","13.38","4.1","13.59","On","12.916423,77.610139",
"14-Sep-2026 03:15:12","22.76","4.1","13.59","On","12.916412,77.608951",
"14-Sep-2026 03:15:31","40.59","4.1","13.59","On","12.916643,77.606854",
"14-Sep-2026 03:16:12","60.93","4.1","13.59","On","12.916472,77.601331",
"14-Sep-2026 03:16:17","57.2","4.1","13.59","On","12.916539,77.600811",
"14-Sep-2026 03:16:24","54.33","4.1","13.57","On","12.916629,77.600142",
"14-Sep-2026 03:17:52","52.18","4.1","13.62","On","12.916659,77.588419",
"14-Sep-2026 03:17:54","52.18","4.1","13.59","On","12.916659,77.588419",
"14-Sep-2026 03:17:59","41.85","4.1","13.59","On","12.916989,77.58728",
"14-Sep-2026 03:18:24","3.44","4.1","13.57","On","12.916948,77.586112",
"14-Sep-2026 03:18:39","9.46","4.1","13.57","On","12.916734,77.585792",
"14-Sep-2026 03:18:44","14.17","4.1","13.57","On","12.916712,77.585612",
"14-Sep-2026 03:19:24","42.9","4.1","13.54","On","12.917053,77.580076",
"14-Sep-2026 03:19:47","17.88","4.1","13.54","On","12.917277,77.578075",
"14-Sep-2026 03:19:52","21.6","4.1","13.54","On","12.917323,77.577724",
"14-Sep-2026 03:19:54","21.6","4.1","13.52","On","12.917323,77.577724",
"14-Sep-2026 03:20:02","38.65","4.1","13.52","On","12.917366,77.577078",
"14-Sep-2026 03:20:37","31.3","4.1","13.52","On","12.917524,77.574213",
"14-Sep-2026 03:20:54","29.19","4.1","13.52","On","12.916755,77.57323",
"14-Sep-2026 03:21:02","29.1","4.1","13.52","On","12.916641,77.572688",
"14-Sep-2026 03:21:22","26.72","4.1","13.52","On","12.916515,77.570932",
"14-Sep-2026 03:21:24","35.23","4.1","13.52","On","12.916404,77.570554",
"14-Sep-2026 03:21:27","34.01","4.1","13.52","On","12.916204,77.57031",
"14-Sep-2026 03:21:37","38.36","4.1","13.52","On","12.91559,77.569851",
"14-Sep-2026 03:21:47","49.43","4.1","13.52","On","12.915045,77.568647",
"14-Sep-2026 03:21:54","48.18","4.1","13.5","On","12.914673,77.568247",
"14-Sep-2026 03:22:07","32.57","4.1","13.5","On","12.913833,77.566815",
"14-Sep-2026 03:22:22","16","4.1","13.5","On","12.913895,77.566045",
"14-Sep-2026 03:22:24","15.65","4.1","13.52","On","12.913923,77.565889",
"14-Sep-2026 03:22:27","15.65","4.1","13.52","On","12.913923,77.565889",
"14-Sep-2026 03:22:52","5.22","4.1","13.52","On","12.915396,77.565328",
"14-Sep-2026 03:22:54","5.22","4.1","13.57","On","12.915396,77.565328",
"14-Sep-2026 03:22:57","27.97","4.1","13.57","On","12.915559,77.565293",
"14-Sep-2026 03:23:24","31.11","4.1","13.54","On","12.917291,77.564606",
"14-Sep-2026 03:23:54","21.31","4.1","13.54","On","12.918933,77.563819",
"14-Sep-2026 03:23:57","31.09","4.1","13.54","On","12.919174,77.563629",
"14-Sep-2026 03:24:02","11.08","4.1","13.54","On","12.919386,77.563499",
"14-Sep-2026 03:24:07","18.27","4.1","13.54","On","12.919517,77.563343",
"14-Sep-2026 03:24:22","45.2","4.1","13.54","On","12.920429,77.562142",
"14-Sep-2026 03:24:24","47.06","4.1","13.5","On","12.920838,77.561964",
"14-Sep-2026 03:24:32","45.21","4.1","13.5","On","12.921571,77.561341",
"14-Sep-2026 03:24:54","53.45","4.1","13.54","On","12.922012,77.559146",
"14-Sep-2026 03:25:24","56.36","4.1","13.52","On","12.92339,77.554865",
"14-Sep-2026 03:25:54","47.05","4.1","13.54","On","12.924626,77.551288",
"14-Sep-2026 03:26:24","56.41","4.1","13.54","On","12.92689,77.547709",
"14-Sep-2026 03:26:47","37.85","4.1","13.54","On","12.928439,77.545816",
"14-Sep-2026 03:26:54","33.91","4.1","13.54","On","12.92894,77.545184",
"14-Sep-2026 03:27:24","44.37","4.1","13.54","On","12.931057,77.542857",
"14-Sep-2026 03:27:54","45.19","4.1","13.54","On","12.932579,77.54081",
"14-Sep-2026 03:28:24","27.46","4.1","13.54","On","12.933931,77.538732",
"14-Sep-2026 03:28:27","27.46","4.1","13.54","On","12.933931,77.538732",
"14-Sep-2026 03:28:54","29","4.1","13.54","On","12.935136,77.536719",
"14-Sep-2026 03:29:24","49.88","4.1","13.52","On","12.936678,77.534202",
"14-Sep-2026 03:29:27","49.88","4.1","13.52","On","12.936678,77.534202",
"14-Sep-2026 03:29:54","54.72","4.1","13.54","On","12.939746,77.532549",
"14-Sep-2026 03:30:24","63.97","4.1","13.52","On","12.943418,77.530393",
"14-Sep-2026 03:30:37","54.85","4.1","13.52","On","12.944867,77.529243",
"14-Sep-2026 03:30:54","46.1","4.1","13.5","On","12.945718,77.52735",
"14-Sep-2026 03:31:24","42.4","4.1","13.5","On","12.947088,77.524482",
"14-Sep-2026 03:31:31","39.58","4.1","13.5","On","12.947644,77.524032",
"14-Sep-2026 03:31:54","39.33","4.1","13.5","On","12.949564,77.522566",
"14-Sep-2026 03:32:24","22.17","4.1","13.5","On","12.951454,77.521093",
"14-Sep-2026 03:32:54","27.71","4.1","13.47","On","12.953052,77.520079",
"14-Sep-2026 03:33:11","43.03","4.1","13.47","On","12.954348,77.519635",
"14-Sep-2026 03:33:24","51.31","4.1","13.5","On","12.955907,77.519501",
"14-Sep-2026 03:33:41","62.26","4.1","13.5","On","12.957986,77.518989",
"14-Sep-2026 03:33:46","56.45","4.1","13.5","On","12.958443,77.517931",
"14-Sep-2026 03:33:54","39.02","4.1","13.47","On","12.958794,77.51704",
"14-Sep-2026 03:34:24","16.53","4.1","13.52","On","12.959616,77.51534",
"14-Sep-2026 03:34:54","26.32","4.1","13.52","On","12.96038,77.51337",
"14-Sep-2026 03:35:24","38.44","4.1","13.52","On","12.961057,77.511496",
"14-Sep-2026 03:35:31","41.01","4.1","13.52","On","12.961026,77.510625",
"14-Sep-2026 03:35:54","25.18","4.1","13.54","On","12.960801,77.508652",
"14-Sep-2026 03:36:24","30.04","4.1","13.52","On","12.960503,77.506261",
"14-Sep-2026 03:36:46","18.85","4.1","13.52","On","12.960421,77.504536",
"14-Sep-2026 03:36:54","17.94","4.1","13.52","On","12.960517,77.504255",
"14-Sep-2026 03:37:21","13.97","4.1","13.52","On","12.960775,77.503275",
"14-Sep-2026 03:37:24","15.94","4.1","13.52","On","12.960809,77.503107",
"14-Sep-2026 03:37:26","10.86","4.1","13.52","On","12.960836,77.502944",
"14-Sep-2026 03:37:54","13.74","4.1","13.57","On","12.961002,77.501656",
"14-Sep-2026 03:38:06","11.53","4.1","13.57","On","12.961013,77.50141",
"14-Sep-2026 03:38:24","0.77","4.1","13.54","On","12.961077,77.501297",
"14-Sep-2026 03:38:54","1.5","4.1","13.52","On","12.961065,77.501323",
"14-Sep-2026 03:39:06","7.86","4.1","13.52","On","12.961067,77.501285",
"14-Sep-2026 03:39:24","0.68","4.1","13.71","On","12.961073,77.501229",
"14-Sep-2026 03:39:54","0.6","4.1","13.86","On","12.961099,77.501151",
"14-Sep-2026 03:40:24","2","4.1","13.86","On","12.961101,77.501135",
"14-Sep-2026 03:40:54","0.97","4.1","13.86","On","12.96108,77.501132",
"14-Sep-2026 03:41:24","2.5","4.1","13.88","On","12.961079,77.50116",
"14-Sep-2026 03:41:54","2.1","4.1","13.86","On","12.961072,77.501186",
"14-Sep-2026 03:42:24","1.04","4.1","13.81","On","12.961057,77.501188",
"14-Sep-2026 03:42:54","1.3","4.1","13.11","Off","12.961096,77.501167",
"14-Sep-2026 03:43:24","2.33","4.1","12.97","Off","12.961089,77.501184",
"14-Sep-2026 03:43:28","2.33","4.1","12.97","Off","12.961089,77.501184",
"14-Sep-2026 03:44:24","0.58","4.1","12.89","Off","12.961088,77.501154",
"14-Sep-2026 03:44:54","0.99","4.1","12.87","Off","12.96113,77.501108",
"14-Sep-2026 03:45:54","0.8","4.1","12.8","Off","12.961096,77.501096",
"14-Sep-2026 03:46:54","2.27","4.1","12.72","Off","12.961082,77.50112",
"14-Sep-2026 03:47:28","2.27","4.1","12.7","Off","12.961082,77.50112",
"14-Sep-2026 04:47:28","2.27","4.1","12.48","Off","12.961082,77.50112",
"14-Sep-2026 04:47:28","1.11","4.1","12.48","Off","12.961013,77.501118",
"14-Sep-2026 04:47:54","1.11","4.1","12.44","Off","12.961013,77.501118",
"14-Sep-2026 04:48:54","3.31","4.1","12.41","Off","12.961083,77.501158",
"14-Sep-2026 04:49:54","1.86","4.1","12.39","Off","12.961095,77.501175",
"14-Sep-2026 04:50:54","3.4","4.1","12.39","Off","12.961114,77.501162",
"14-Sep-2026 04:51:28","3.4","4.1","12.39","Off","12.961114,77.501162",
"14-Sep-2026 05:31:16","3.4","4.1","12.44","Off","12.961114,77.501162",
"14-Sep-2026 05:31:16","2.93","4.1","12.44","Off","12.961086,77.501153",
"14-Sep-2026 05:31:18","2.93","4.1","12.44","Off","12.961086,77.501153",
"14-Sep-2026 05:31:24","2.93","4.1","12.44","Off","12.961086,77.501153",
"14-Sep-2026 05:31:54","0","4.1","12.32","On","12.961061,77.50137",
"14-Sep-2026 05:33:24","1.87","4.1","13.81","On","12.960944,77.501456",
"14-Sep-2026 05:33:54","2.6","4.1","13.79","On","12.960906,77.501404",
"14-Sep-2026 05:34:24","3.32","4.1","13.47","Off","12.960929,77.501368",
"14-Sep-2026 05:34:54","2.59","4.1","13.26","Off","12.960987,77.501341",
"14-Sep-2026 05:35:24","2.03","4.1","13.16","Off","12.960967,77.501334",
"14-Sep-2026 05:35:37","2.03","4.1","13.13","Off","12.960967,77.501334",
"14-Sep-2026 05:36:24","1.74","4.1","13.04","Off","12.960938,77.501256",
"14-Sep-2026 05:36:54","0.44","4.1","13.01","Off","12.960935,77.50124",
"14-Sep-2026 05:37:54","2.27","4.1","12.92","Off","12.960966,77.501248",
"14-Sep-2026 06:39:37","5.38","4.1","12.44","Off","12.960935,77.50129",
"14-Sep-2026 06:39:54","5.38","4.1","12.41","Off","12.960935,77.50129",
"14-Sep-2026 08:32:24","0","4.1","12.97","Off","12.96107,77.501204",
"14-Sep-2026 09:36:49","0.3","4.1","12.29","Off","12.961049,77.501251",
"14-Sep-2026 09:37:49","0.3","4.1","12.29","Off","12.961062,77.501276",
"14-Sep-2026 09:38:49","0.58","4.1","12.29","Off","12.961082,77.50131",
"14-Sep-2026 09:39:27","0.58","4.1","12.29","Off","12.961082,77.50131",
"14-Sep-2026 09:40:27","0.58","4.1","13.3","On","12.961082,77.50131",
"14-Sep-2026 09:40:27","0.2","4.1","13.3","On","12.961079,77.501302",
"14-Sep-2026 09:40:49","0.2","4.1","13.74","On","12.961079,77.501302",
"14-Sep-2026 09:42:19","0.08","4.1","13.86","On","12.961054,77.501234",
"14-Sep-2026 09:42:49","0.24","4.1","13.86","On","12.961061,77.501258",
"14-Sep-2026 09:43:19","0.21","4.1","13.88","On","12.961076,77.501283",
"14-Sep-2026 09:43:49","0.25","4.1","13.88","On","12.961073,77.501271",
"14-Sep-2026 09:44:19","0.92","4.1","13.91","On","12.961083,77.50126",
"14-Sep-2026 09:44:49","0.38","4.1","13.88","On","12.961096,77.501292",
"14-Sep-2026 09:45:19","0.38","4.1","13.88","On","12.961085,77.501272",
"14-Sep-2026 09:45:49","0.43","4.1","13.86","On","12.961076,77.501274",
"14-Sep-2026 09:46:19","0.41","4.1","13.83","On","12.961097,77.501271",
"14-Sep-2026 09:46:49","0.67","4.1","13.86","On","12.961091,77.501268",
"14-Sep-2026 09:47:19","0.44","4.1","13.91","On","12.961085,77.501285",
"14-Sep-2026 09:47:49","0.23","4.1","13.88","On","12.961074,77.501248",
"14-Sep-2026 09:48:19","1.03","4.1","13.91","On","12.96107,77.501243",
"14-Sep-2026 09:48:49","3.51","4.1","13.88","On","12.96107,77.501236",
"14-Sep-2026 09:49:19","0.33","4.1","13.57","Off","12.961104,77.501107",
"14-Sep-2026 09:49:49","0.5","4.1","13.35","Off","12.961088,77.501122",
"14-Sep-2026 09:50:19","0.75","4.1","13.21","Off","12.961097,77.501103",
"14-Sep-2026 09:50:30","0.75","4.1","13.18","Off","12.961097,77.501103",
"14-Sep-2026 09:51:19","2.05","4.1","13.11","Off","12.961074,77.501115",
"14-Sep-2026 09:51:49","4.13","4.1","13.06","Off","12.961073,77.501114",
"14-Sep-2026 09:52:49","0.83","4.1","12.94","Off","12.961093,77.501117",
"14-Sep-2026 09:53:49","0.86","4.1","12.87","Off","12.961098,77.501136",
"14-Sep-2026 09:54:30","0.86","4.1","12.85","Off","12.961098,77.501136",
"14-Sep-2026 10:01:13","0.86","4.1","12.8","Off","12.961098,77.501136",
"14-Sep-2026 10:01:13","2","4.1","12.8","Off","12.961079,77.501121",
"14-Sep-2026 10:01:15","2","4.1","12.77","Off","12.961079,77.501121",
"14-Sep-2026 10:01:19","2","4.1","12.72","On","12.961079,77.501121",
"14-Sep-2026 10:02:19","1.18","4.1","12.63","Off","12.96111,77.501124",
"14-Sep-2026 10:02:49","0.42","4.1","12.65","Off","12.96111,77.50111",
"14-Sep-2026 10:02:50","0.42","4.1","12.65","Off","12.96111,77.50111",
"14-Sep-2026 10:03:49","0.4","4.1","12.65","Off","12.96114,77.501169",
"14-Sep-2026 10:04:49","1.13","4.1","12.68","Off","12.961113,77.501175",
"14-Sep-2026 10:05:49","0.57","4.1","12.68","Off","12.961116,77.501186",
"14-Sep-2026 10:06:49","0.65","4.1","12.68","Off","12.961115,77.501154",
"14-Sep-2026 10:06:50","0.65","4.1","12.68","Off","12.961115,77.501154",
"14-Sep-2026 10:25:17","0.65","4.1","12.75","On","12.961115,77.501154",
"14-Sep-2026 10:25:17","0.65","4.1","12.75","On","12.961115,77.501154",
"14-Sep-2026 10:25:17","0.65","4.1","12.75","On","12.961115,77.501154",
"14-Sep-2026 10:25:19","0.65","4.1","12.7","On","12.961115,77.501154",
"14-Sep-2026 10:27:19","1.7","4.1","13.86","On","12.961226,77.501352",
"14-Sep-2026 10:27:49","1.96","4.1","13.88","On","12.96115,77.501365",
"14-Sep-2026 10:28:19","1.7","4.1","13.91","On","12.961133,77.501315",
"14-Sep-2026 10:28:49","1.68","4.1","13.91","On","12.961106,77.501336",
"14-Sep-2026 10:29:19","2.88","4.1","13.91","On","12.961059,77.501326",
"14-Sep-2026 10:29:49","2.09","4.1","13.91","On","12.961072,77.501394",
"14-Sep-2026 10:30:19","1.29","4.1","13.93","On","12.961078,77.501409",
"14-Sep-2026 10:30:49","3.35","4.1","13.93","On","12.961067,77.501485",
"14-Sep-2026 10:31:19","2.47","4.1","13.88","On","12.961079,77.501445",
"14-Sep-2026 10:31:49","3.48","4.1","13.91","On","12.961092,77.501399",
"14-Sep-2026 10:32:19","2.78","4.1","13.88","On","12.961044,77.501419",
"14-Sep-2026 10:32:49","1.53","4.1","13.91","On","12.961052,77.501371",
"14-Sep-2026 10:33:19","0.55","4.1","13.91","On","12.961079,77.501336",
"14-Sep-2026 10:33:49","0.93","4.1","13.91","On","12.961061,77.50132",
"14-Sep-2026 10:34:19","1.33","4.1","13.91","On","12.96106,77.501329",
"14-Sep-2026 10:34:49","0.93","4.1","13.91","On","12.961025,77.501313",
"14-Sep-2026 10:35:19","1.74","4.1","13.88","On","12.96102,77.501336",
"14-Sep-2026 10:35:49","0.66","4.1","13.91","On","12.960997,77.501335",
"14-Sep-2026 10:36:19","1.39","4.1","13.91","On","12.961032,77.501335",
"14-Sep-2026 10:36:49","0.87","4.1","13.91","On","12.960997,77.501322",
"14-Sep-2026 10:37:19","1.01","4.1","13.91","On","12.960996,77.501331",
"14-Sep-2026 10:37:49","0.62","4.1","13.93","On","12.961019,77.501318",
"14-Sep-2026 10:38:19","3.85","4.1","13.93","On","12.961046,77.501311",
"14-Sep-2026 10:38:49","0.82","4.1","13.91","On","12.961049,77.501317",
"14-Sep-2026 10:39:19","2.25","4.1","13.88","On","12.96107,77.50133",
"14-Sep-2026 10:39:49","0.53","4.1","13.88","On","12.96106,77.501303",
"14-Sep-2026 10:40:19","0.12","4.1","13.91","On","12.961077,77.501313",
"14-Sep-2026 10:40:49","1.09","4.1","13.91","On","12.961043,77.501351",
"14-Sep-2026 10:41:19","0.62","4.1","13.93","On","12.96103,77.50136",
"14-Sep-2026 10:41:49","2.84","4.1","13.93","On","12.961028,77.501369",
"14-Sep-2026 10:42:19","1.15","4.1","13.91","On","12.961039,77.501364",
"14-Sep-2026 10:42:49","1.9","4.1","13.86","On","12.961038,77.501335",
"14-Sep-2026 10:43:12","29.35","4.1","13.86","On","12.960989,77.501437",
"14-Sep-2026 10:43:19","25.98","4.1","13.88","On","12.960987,77.501754",
"14-Sep-2026 10:43:49","3.46","4.1","13.91","On","12.960738,77.503386",
"14-Sep-2026 10:44:02","4.77","4.1","13.91","On","12.9606,77.503942",
"14-Sep-2026 10:44:19","1.77","4.1","13.91","On","12.960588,77.503934",
"14-Sep-2026 10:44:49","0.45","4.1","13.93","On","12.960617,77.503893",
"14-Sep-2026 10:45:19","1.01","4.1","13.93","On","12.960642,77.50389",
"14-Sep-2026 10:45:47","10.2","4.1","13.93","On","12.96064,77.503932",
"14-Sep-2026 10:45:49","1.6","4.1","13.88","On","12.960635,77.503958",
"14-Sep-2026 10:46:19","7.99","4.1","13.88","On","12.960436,77.504759",
"14-Sep-2026 10:46:27","28.27","4.1","13.88","On","12.960398,77.50531",
"14-Sep-2026 10:46:49","18.44","4.1","13.91","On","12.960645,77.506923",
"14-Sep-2026 10:47:19","43.43","4.1","13.91","On","12.960907,77.509087",
"14-Sep-2026 10:47:47","28.54","4.1","13.91","On","12.961178,77.511392",
"14-Sep-2026 10:47:49","36.1","4.1","13.86","On","12.961115,77.511725",
"14-Sep-2026 10:48:07","3.72","4.1","13.86","On","12.960885,77.512575",
"14-Sep-2026 10:48:19","9.17","4.1","13.86","On","12.961001,77.512822",
"14-Sep-2026 10:48:22","21.85","4.1","13.86","On","12.960954,77.513023",
"14-Sep-2026 10:48:42","17.86","4.1","13.86","On","12.960304,77.514524",
"14-Sep-2026 10:48:49","2.47","4.1","13.86","On","12.960206,77.514769",
"14-Sep-2026 10:49:19","23.23","4.1","13.88","On","12.959466,77.516383",
"14-Sep-2026 10:49:22","32.64","4.1","13.88","On","12.959252,77.516622",
"14-Sep-2026 10:49:37","45.66","4.1","13.88","On","12.958669,77.51762",
"14-Sep-2026 10:49:49","58.2","4.1","13.88","On","12.958122,77.5191",
"14-Sep-2026 10:49:52","55.92","4.1","13.88","On","12.957593,77.519408",
"14-Sep-2026 10:50:02","55.44","4.1","13.88","On","12.95597,77.519594",
"14-Sep-2026 10:50:19","50.97","4.1","13.88","On","12.954108,77.519864",
"14-Sep-2026 10:50:27","51.47","4.1","13.88","On","12.953141,77.520207",
"14-Sep-2026 10:50:49","47.81","4.1","13.91","On","12.951569,77.521175",
"14-Sep-2026 10:51:19","36.75","4.1","13.88","On","12.948426,77.523617",
"14-Sep-2026 10:51:37","57.64","4.1","13.88","On","12.946939,77.524868",
"14-Sep-2026 10:51:42","53.51","4.1","13.88","On","12.946524,77.525454",
"14-Sep-2026 10:51:50","42.11","4.1","13.88","On","12.94608,77.526923",
"14-Sep-2026 10:52:19","49.83","4.1","13.91","On","12.94504,77.529133",
"14-Sep-2026 10:52:30","33.18","4.1","13.91","On","12.944178,77.530015",
"14-Sep-2026 10:52:49","32.26","4.1","13.86","On","12.943062,77.530705",
"14-Sep-2026 10:53:19","56.44","4.1","13.91","On","12.940174,77.532363",
"14-Sep-2026 10:53:49","60.22","4.1","13.91","On","12.9367,77.534243",
"14-Sep-2026 10:53:55","12.39","4.1","13.91","On","12.936124,77.534992",
"14-Sep-2026 10:54:19","3.85","4.1","13.91","On","12.936001,77.535192",
"14-Sep-2026 10:54:49","20.77","4.1","13.91","On","12.935757,77.53567",
"14-Sep-2026 10:55:19","27.03","4.1","13.91","On","12.935009,77.537045",
"14-Sep-2026 10:55:49","38.12","4.1","13.91","On","12.934011,77.53884",
"14-Sep-2026 10:56:19","11.64","4.1","13.88","On","12.932631,77.540924",
"14-Sep-2026 10:56:49","19.06","4.1","13.88","On","12.931632,77.542217",
"14-Sep-2026 10:57:19","32.29","4.1","13.91","On","12.929821,77.544276",
"14-Sep-2026 10:57:49","15.06","4.1","13.95","On","12.928844,77.54532",
"14-Sep-2026 10:57:50","15.06","4.1","13.95","On","12.928844,77.54532",
"14-Sep-2026 10:58:19","47.2","4.1","13.91","On","12.927242,77.547367",
"14-Sep-2026 10:58:49","19.43","4.1","13.88","On","12.925906,77.549153",
"14-Sep-2026 10:58:50","19.43","4.1","13.88","On","12.925906,77.549153",
"14-Sep-2026 10:59:19","5.95","4.1","13.91","On","12.925218,77.550443",
"14-Sep-2026 10:59:49","36.79","4.1","13.91","On","12.924404,77.552229",
"14-Sep-2026 11:00:19","31.09","4.1","13.86","On","12.923469,77.554972",
"14-Sep-2026 11:00:49","33.5","4.1","13.86","On","12.922859,77.556974",
"14-Sep-2026 11:01:15","42.87","4.1","13.86","On","12.921954,77.559786",
"14-Sep-2026 11:01:19","44.66","4.1","13.83","On","12.921895,77.560222",
"14-Sep-2026 11:01:35","32.9","4.1","13.83","On","12.921235,77.561802",
"14-Sep-2026 11:01:49","19","4.1","13.86","On","12.920662,77.562076",
"14-Sep-2026 11:02:05","24.23","4.1","13.86","On","12.920111,77.562532",
"14-Sep-2026 11:02:19","26.72","4.1","13.83","On","12.919402,77.563517",
"14-Sep-2026 11:02:20","26.72","4.1","13.83","On","12.919402,77.563517",
"14-Sep-2026 11:02:45","8.6","4.1","13.83","On","12.918439,77.564163",
"14-Sep-2026 11:02:49","15.06","4.1","13.83","On","12.918299,77.564233",
"14-Sep-2026 11:03:19","12.91","4.1","13.86","On","12.917305,77.564646",
"14-Sep-2026 11:03:49","22.32","4.1","13.81","On","12.915678,77.56531",
"14-Sep-2026 11:04:19","6.02","4.1","13.83","On","12.914526,77.56582",
"14-Sep-2026 11:04:35","29.57","4.1","13.83","On","12.913947,77.566425",
"14-Sep-2026 11:04:45","1.8","4.1","13.83","On","12.913883,77.56689",
"14-Sep-2026 11:04:49","5.02","4.1","13.81","On","12.913885,77.566949",
"14-Sep-2026 11:05:05","28.87","4.1","13.81","On","12.913933,77.567388",
"14-Sep-2026 11:05:19","22.95","4.11","13.86","On","12.914696,77.568318",
"14-Sep-2026 11:05:35","4.56","4.11","13.86","On","12.915125,77.568754",
"14-Sep-2026 11:05:40","10.13","4.11","13.86","On","12.915188,77.56886",
"14-Sep-2026 11:05:49","22.17","4.1","13.81","On","12.915371,77.569078",
"14-Sep-2026 11:05:55","5.7","4.1","13.81","On","12.915411,77.569201",
"14-Sep-2026 11:06:19","6.03","4.1","13.81","On","12.915638,77.569891",
"14-Sep-2026 11:06:30","10.9","4.1","13.81","On","12.915786,77.570024",
"14-Sep-2026 11:06:45","20.07","4.1","13.81","On","12.916335,77.570417",
"14-Sep-2026 11:06:49","31.39","4.1","13.83","On","12.916411,77.57067",
"14-Sep-2026 11:07:00","15.52","4.1","13.83","On","12.916594,77.571789",
"14-Sep-2026 11:07:19","13.79","4.1","13.81","On","12.916891,77.573295",
"14-Sep-2026 11:07:20","13.79","4.1","13.81","On","12.916891,77.573295",
"14-Sep-2026 11:07:25","19.77","4.1","13.81","On","12.916982,77.573417",
"14-Sep-2026 11:07:35","29.63","4.1","13.81","On","12.917441,77.573822",
"14-Sep-2026 11:07:49","40.08","4.1","13.83","On","12.917716,77.574894",
"14-Sep-2026 11:08:19","21.66","4.1","13.81","On","12.917553,77.577635",
"14-Sep-2026 11:08:25","14.61","4.1","13.81","On","12.917581,77.577801",
"14-Sep-2026 11:08:49","1.71","4.1","13.74","On","12.917356,77.578099",
"14-Sep-2026 11:09:19","0.21","4.1","13.74","On","12.917321,77.578145",
"14-Sep-2026 11:09:49","2.28","4.1","13.76","On","12.917337,77.57816",
"14-Sep-2026 11:10:00","33.07","4.1","13.76","On","12.917253,77.578612",
"14-Sep-2026 11:10:19","40.06","4.1","13.83","On","12.917197,77.580264",
"14-Sep-2026 11:10:49","19.15","4.1","13.83","On","12.917138,77.582766",
"14-Sep-2026 11:11:05","13.68","4.1","13.83","On","12.917149,77.583008",
"14-Sep-2026 11:11:10","11.05","4.1","13.83","On","12.917135,77.5831",
"14-Sep-2026 11:11:19","26.18","4.1","13.86","On","12.91717,77.583444",
"14-Sep-2026 11:11:49","2.64","4.1","13.83","On","12.917088,77.585072",
"14-Sep-2026 11:12:19","0.65","4.1","13.86","On","12.9171,77.585101",
"14-Sep-2026 11:12:49","32.07","4.1","13.81","On","12.91712,77.585681",
"14-Sep-2026 11:13:10","12.03","4.1","13.81","On","12.917097,77.587066",
"14-Sep-2026 11:13:15","23.34","4.1","13.81","On","12.917144,77.587305",
"14-Sep-2026 11:13:19","37.6","4.1","13.79","On","12.917167,77.587611",
"14-Sep-2026 11:13:37","43.99","4.1","13.79","On","12.917012,77.589883",
"14-Sep-2026 11:13:49","52.71","4.1","13.83","On","12.916934,77.591335",
"14-Sep-2026 11:14:19","56.07","4.1","13.83","On","12.916849,77.595288",
"14-Sep-2026 11:14:49","56.32","4.1","13.83","On","12.91675,77.599925",
"14-Sep-2026 11:14:52","57.94","4.1","13.83","On","12.916739,77.600088",
"14-Sep-2026 11:14:57","55.85","4.1","13.83","On","12.916776,77.601035",
"14-Sep-2026 11:15:19","55.81","4.1","13.86","On","12.916696,77.603839",
"14-Sep-2026 11:15:49","50.03","4.1","13.88","On","12.916604,77.608024",
"14-Sep-2026 11:16:19","55.71","4.1","13.86","On","12.916535,77.612347",
"14-Sep-2026 11:16:49","56.92","4.1","13.83","On","12.916325,77.61698",
"14-Sep-2026 11:17:12","49.61","4.1","13.83","On","12.916654,77.620149",
"14-Sep-2026 11:17:19","50.45","4.1","13.81","On","12.916956,77.620554",
"14-Sep-2026 11:17:27","43.54","4.1","13.81","On","12.917735,77.621226",
"14-Sep-2026 11:17:32","36.68","4.1","13.81","On","12.918624,77.62138",
"14-Sep-2026 11:17:37","33.93","4.1","13.81","On","12.91893,77.621547",
"14-Sep-2026 11:17:42","39.88","4.1","13.81","On","12.91901,77.621909",
"14-Sep-2026 11:17:47","46.73","4.1","13.81","On","12.918761,77.622266",
"14-Sep-2026 11:17:49","49.58","4.1","13.83","On","12.918346,77.622508",
"14-Sep-2026 11:18:19","51.56","4.1","13.86","On","12.914858,77.624303",
"14-Sep-2026 11:18:49","24.78","4.1","13.83","On","12.912796,77.625546",
"14-Sep-2026 11:19:19","36.15","4.1","13.86","On","12.910691,77.626746",
"14-Sep-2026 11:19:49","42.37","4.1","13.86","On","12.907747,77.628635",
"14-Sep-2026 11:20:19","51.74","4.1","13.88","On","12.905552,77.629988",
"14-Sep-2026 11:20:49","38.99","4.1","13.83","On","12.902461,77.631849",
"14-Sep-2026 11:21:19","54.14","4.1","13.86","On","12.899449,77.633801",
"14-Sep-2026 11:21:49","55.08","4.1","13.86","On","12.895654,77.636061",
"14-Sep-2026 11:22:02","11.16","4.1","13.86","On","12.894551,77.636714",
"14-Sep-2026 11:22:07","1.02","4.1","13.86","On","12.894523,77.636694",
"14-Sep-2026 11:22:19","1.25","4.1","13.86","On","12.89449,77.636689",
"14-Sep-2026 11:22:49","1.52","4.1","13.88","On","12.894532,77.636746",
"14-Sep-2026 11:22:57","14.9","4.1","13.88","On","12.894495,77.63682",
"14-Sep-2026 11:23:19","39.51","4.1","13.83","On","12.893357,77.637498",
"14-Sep-2026 11:23:49","53.91","4.1","13.83","On","12.890042,77.639611",
"14-Sep-2026 11:24:19","55.67","4.1","13.83","On","12.887814,77.640776",
"14-Sep-2026 11:24:49","56.02","4.1","13.83","On","12.883989,77.643204",
"14-Sep-2026 11:25:19","56.47","4.1","13.81","On","12.880672,77.645291",
"14-Sep-2026 11:25:49","42.63","4.1","13.79","On","12.877912,77.647015",
"14-Sep-2026 11:26:19","47.12","4.1","13.83","On","12.87515,77.649078",
"14-Sep-2026 11:26:27","49.32","4.1","13.83","On","12.874527,77.649708",
"14-Sep-2026 11:26:37","18.14","4.1","13.83","On","12.874445,77.650181",
"14-Sep-2026 11:26:42","5.06","4.1","13.83","On","12.874467,77.650268",
"14-Sep-2026 11:26:49","0.4","4.1","13.83","On","12.874449,77.650268",
"14-Sep-2026 11:27:19","0.5","4.1","13.88","On","12.874455,77.650237",
"14-Sep-2026 11:27:49","0.17","4.1","13.86","On","12.874469,77.650249",
"14-Sep-2026 11:28:19","0.35","4.1","13.88","On","12.874465,77.650243",
"14-Sep-2026 11:28:49","1.64","4.1","13.88","On","12.87445,77.650257",
"14-Sep-2026 11:29:19","0.39","4.1","13.93","On","12.874462,77.650234",
"14-Sep-2026 11:29:49","0.29","4.1","13.91","On","12.874458,77.650223",
"14-Sep-2026 11:30:19","0.38","4.1","13.91","On","12.874447,77.650224",
"14-Sep-2026 11:30:49","0.12","4.1","13.91","On","12.87444,77.650221",
"14-Sep-2026 11:31:19","0.39","4.1","13.95","On","12.874444,77.650229",
"14-Sep-2026 11:31:49","9.5","4.1","13.93","On","12.874467,77.650366",
"14-Sep-2026 11:32:07","13.97","4.1","13.93","On","12.874381,77.650975",
"14-Sep-2026 11:32:12","5","4.1","13.93","On","12.874373,77.650965",
"14-Sep-2026 11:32:19","0.96","4.1","13.86","On","12.874385,77.650912",
"14-Sep-2026 11:32:49","0.73","4.1","13.91","On","12.874401,77.650916",
"14-Sep-2026 11:33:19","1.25","4.1","13.91","On","12.874431,77.650907",
"14-Sep-2026 11:33:49","0.63","4.1","13.91","On","12.874452,77.650906",
"14-Sep-2026 11:34:19","0.41","4.1","13.91","On","12.874464,77.650898",
"14-Sep-2026 11:34:49","0.16","4.1","13.91","On","12.874461,77.650889",
"14-Sep-2026 11:35:07","27.21","4.1","13.91","On","12.874505,77.6507",
"14-Sep-2026 11:35:17","0.59","4.1","13.91","On","12.874457,77.650415",
"14-Sep-2026 11:35:19","1.14","4.1","13.91","On","12.874454,77.650403",
"14-Sep-2026 11:35:49","1.16","4.1","13.93","On","12.874467,77.65038",
"14-Sep-2026 11:36:19","0.53","4.1","13.91","On","12.874479,77.650387",
"14-Sep-2026 11:36:49","0.31","4.1","13.95","On","12.874485,77.65039",
"14-Sep-2026 11:37:19","0.27","4.1","13.93","On","12.874486,77.650391",
"14-Sep-2026 11:37:42","19.76","4.1","13.93","On","12.874426,77.650248",
"14-Sep-2026 11:37:47","17.37","4.1","13.93","On","12.874307,77.650036",
"14-Sep-2026 11:37:49","17.37","4.1","13.88","On","12.874307,77.650036",
"14-Sep-2026 11:37:52","9.65","4.1","13.88","On","12.874207,77.650008",
"14-Sep-2026 11:37:57","29.06","4.1","13.88","On","12.874038,77.650187",
"14-Sep-2026 11:38:19","57.93","4.1","13.91","On","12.871628,77.652106",
"14-Sep-2026 11:38:49","2.56","4.1","13.88","On","12.870459,77.653141",
"14-Sep-2026 11:39:19","42.93","4.1","13.91","On","12.868597,77.654771",
"14-Sep-2026 11:39:49","41.77","4.1","13.91","On","12.866307,77.656386",
"14-Sep-2026 11:40:19","52.46","4.1","13.93","On","12.863144,77.658773",
"14-Sep-2026 11:40:49","54.87","4.1","13.93","On","12.860058,77.661181",
"14-Sep-2026 11:41:19","45.71","4.1","13.93","On","12.857652,77.663112",
"14-Sep-2026 11:41:49","50.67","4.11","13.93","On","12.855018,77.665287",
"14-Sep-2026 11:42:19","50.94","4.11","13.91","On","12.851579,77.668055",
"14-Sep-2026 11:42:49","53.98","4.11","13.91","On","12.848619,77.670431",
"14-Sep-2026 11:43:19","53.68","4.11","13.93","On","12.845363,77.672969",
"14-Sep-2026 11:43:49","54.95","4.1","13.95","On","12.84234,77.675353",
"14-Sep-2026 11:44:19","19.71","4.1","13.86","On","12.840391,77.676792",
"14-Sep-2026 11:44:49","30.83","4.1","13.81","On","12.839148,77.677763",
"14-Sep-2026 11:45:19","51.27","4.1","13.86","On","12.836495,77.679136",
"14-Sep-2026 11:45:22","51.27","4.1","13.86","On","12.836495,77.679136",
"14-Sep-2026 11:45:49","57.31","4.1","13.88","On","12.83279,77.680488",
"14-Sep-2026 11:46:19","56.99","4.1","13.86","On","12.828175,77.68193",
"14-Sep-2026 11:46:49","54.6","4.1","13.83","On","12.824796,77.683769",
"14-Sep-2026 11:47:02","56.01","4.1","13.83","On","12.823506,77.684815",
"14-Sep-2026 11:47:19","54.39","4.1","13.83","On","12.821486,77.68673",
"14-Sep-2026 11:47:49","55.07","4.1","13.88","On","12.818537,77.689419",
"14-Sep-2026 11:48:19","50.42","4.1","13.83","On","12.814821,77.692384",
"14-Sep-2026 11:48:49","57.19","4.1","13.83","On","12.81254,77.694207",
"14-Sep-2026 11:49:19","56.92","4.1","13.83","On","12.809389,77.69673",
"14-Sep-2026 11:49:49","55.22","4.1","13.83","On","12.806503,77.699133",
"14-Sep-2026 11:50:19","52.13","4.1","13.83","On","12.803644,77.701661",
"14-Sep-2026 11:50:27","55.08","4.1","13.83","On","12.803085,77.702616",
"14-Sep-2026 11:50:42","21.69","4.1","13.83","On","12.802698,77.704299",
"14-Sep-2026 11:50:49","16.82","4.1","13.79","On","12.802677,77.704569",
"14-Sep-2026 11:51:07","12.29","4.1","13.79","On","12.802495,77.705156",
"14-Sep-2026 11:51:19","19.85","4.1","13.81","On","12.80196,77.705035",
"14-Sep-2026 11:51:22","17.25","4.1","13.81","On","12.80173,77.705082",
"14-Sep-2026 11:51:49","4.14","4.1","13.86","On","12.801109,77.705292",
"14-Sep-2026 11:52:19","3.36","4.1","13.86","On","12.800924,77.705345",
"14-Sep-2026 11:52:27","12.21","4.1","13.86","On","12.800809,77.705381",
"14-Sep-2026 11:52:49","39.72","4.1","13.88","On","12.799347,77.705839",
"14-Sep-2026 11:53:17","29.88","4.1","13.88","On","12.797601,77.706378",
"14-Sep-2026 11:53:19","29.88","4.1","13.86","On","12.797601,77.706378",
"14-Sep-2026 11:53:47","3.84","4.1","13.86","On","12.796247,77.706671",
"14-Sep-2026 11:53:49","21.01","4.1","13.83","On","12.796164,77.706672",
"14-Sep-2026 11:53:52","21.01","4.1","13.83","On","12.796164,77.706672",
"14-Sep-2026 11:54:19","23.57","4.1","13.86","On","12.793491,77.706339",
"14-Sep-2026 11:54:49","31.6","4.1","13.79","On","12.791735,77.705976",
"14-Sep-2026 11:55:17","54.02","4.1","13.79","On","12.789091,77.704948",
"14-Sep-2026 11:55:19","54.02","4.1","13.83","On","12.789091,77.704948",
"14-Sep-2026 11:55:47","38","4.1","13.83","On","12.78726,77.703401",
"14-Sep-2026 11:55:49","39.92","4.1","13.81","On","12.786836,77.703323",
"14-Sep-2026 11:56:17","38.84","4.1","13.81","On","12.784653,77.70318",
"14-Sep-2026 11:56:19","38.84","4.1","13.83","On","12.784653,77.70318",
"14-Sep-2026 11:56:47","42.39","4.1","13.83","On","12.781949,77.7039",
"14-Sep-2026 11:56:49","47.92","4.1","13.86","On","12.781547,77.703686",
"14-Sep-2026 11:57:02","32.11","4.1","13.86","On","12.780456,77.702848",
"14-Sep-2026 11:57:17","28.59","4.1","13.86","On","12.779349,77.702246",
"14-Sep-2026 11:57:19","28.59","4.1","13.86","On","12.779349,77.702246",
"14-Sep-2026 11:57:49","32.79","4.1","13.86","On","12.776862,77.701895",
"14-Sep-2026 11:58:17","11.06","4.1","13.86","On","12.775646,77.701637",
"14-Sep-2026 11:58:19","11.06","4.1","13.81","On","12.775646,77.701637",
"14-Sep-2026 11:58:22","1.05","4.1","13.81","On","12.775686,77.701654",
"14-Sep-2026 11:58:49","0.24","4.1","13.86","On","12.775685,77.701636",
"14-Sep-2026 11:59:26","14.17","4.1","13.86","On","12.775746,77.701654",
"14-Sep-2026 11:59:49","33.91","4.1","13.83","On","12.777333,77.701861",
"14-Sep-2026 12:00:19","17.58","4.1","13.86","On","12.778873,77.702057",
"14-Sep-2026 12:00:36","20.88","4.1","13.86","On","12.779789,77.702302",
"14-Sep-2026 12:00:49","29.18","4.1","13.86","On","12.780516,77.702801",
"14-Sep-2026 12:01:06","16.23","4.1","13.86","On","12.781567,77.703504",
"14-Sep-2026 12:01:19","21.26","4.1","13.86","On","12.781707,77.702927",
"14-Sep-2026 12:01:49","1.69","4.1","13.86","On","12.782168,77.70133",
"14-Sep-2026 12:02:11","3.73","4.1","13.86","On","12.782316,77.700895",
"14-Sep-2026 12:02:19","28.28","4.1","13.88","On","12.78239,77.700625",
"14-Sep-2026 12:02:49","4.47","4.1","13.86","On","12.782757,77.699814",
"14-Sep-2026 12:02:51","18.5","4.1","13.86","On","12.782883,77.699861",
"14-Sep-2026 12:03:06","5.02","4.1","13.86","On","12.783261,77.700064",
"14-Sep-2026 12:03:19","0.79","4.1","13.81","On","12.783289,77.700145",
"14-Sep-2026 12:03:49","1.52","4.1","13.79","On","12.783297,77.700088",
"14-Sep-2026 12:04:19","0.31","4.1","13.83","On","12.783311,77.700149",
"14-Sep-2026 12:04:49","0.53","4.1","13.91","On","12.783337,77.700137",
"14-Sep-2026 12:05:19","0.9","4.1","13.88","On","12.783337,77.700131",
"14-Sep-2026 12:05:49","1.12","4.1","13.88","On","12.783342,77.700147",
"14-Sep-2026 12:06:19","0.28","4.1","13.88","On","12.78334,77.700148",
"14-Sep-2026 12:06:49","0.26","4.1","13.86","On","12.783351,77.700134",
"14-Sep-2026 12:07:19","0.6","4.1","13.91","On","12.783343,77.700157",
"14-Sep-2026 12:07:49","0.42","4.1","13.93","On","12.783367,77.700124",
"14-Sep-2026 12:08:19","0.34","4.1","13.91","On","12.783373,77.700101",
"14-Sep-2026 12:08:49","0.68","4.1","13.93","On","12.783372,77.700105",
"14-Sep-2026 12:09:11","10.75","4.1","13.93","On","12.783408,77.700028",
"14-Sep-2026 12:09:16","3.64","4.1","13.93","On","12.783383,77.699991",
"14-Sep-2026 12:09:19","13.62","4.1","13.93","On","12.783302,77.699957",
"14-Sep-2026 12:09:49","2.92","4.1","13.88","On","12.782887,77.69986",
"14-Sep-2026 12:10:19","0.82","4.1","13.91","On","12.783051,77.699909",
"14-Sep-2026 12:10:49","0.51","4.1","13.93","On","12.783053,77.699895",
"14-Sep-2026 12:11:19","0.66","4.11","13.95","On","12.783054,77.699892",
"14-Sep-2026 12:11:36","10.19","4.11","13.95","On","12.783229,77.699957",
"14-Sep-2026 12:11:41","3.83","4.11","13.95","On","12.783278,77.700043",
"14-Sep-2026 12:11:49","0.94","4.1","13.86","On","12.783334,77.700127",
"14-Sep-2026 12:12:19","0.5","4.1","13.64","Off","12.78333,77.700127",
"14-Sep-2026 12:12:49","0.3","4.1","13.04","Off","12.783319,77.70015",
"14-Sep-2026 12:13:19","0.18","4.1","12.94","Off","12.783331,77.700146",
"14-Sep-2026 12:13:49","0.37","4.1","12.92","Off","12.78333,77.70015",
"14-Sep-2026 12:13:58","0.37","4.1","12.89","Off","12.78333,77.70015",
"14-Sep-2026 12:14:49","0.21","4.1","12.89","Off","12.783332,77.700155",
"14-Sep-2026 12:15:49","0.14","4.1","12.8","Off","12.783321,77.700133",
"14-Sep-2026 12:16:49","0.49","4.1","12.75","Off","12.783311,77.700149",
"14-Sep-2026 12:16:59","0.49","4.1","12.75","Off","12.783311,77.700149",
"14-Sep-2026 12:17:19","0.42","4.1","12.7","Off","12.783347,77.700127",
"14-Sep-2026 12:17:49","0.12","4.1","12.68","Off","12.783376,77.700118",
"14-Sep-2026 12:18:19","0.37","4.11","12.65","Off","12.78339,77.7001",
"14-Sep-2026 12:18:31","0.37","4.1","12.63","Off","12.78339,77.7001",
"14-Sep-2026 12:19:19","0.34","4.1","12.6","Off","12.783393,77.700099",
"14-Sep-2026 12:19:49","0.2","4.1","12.6","Off","12.783413,77.700099",
"14-Sep-2026 12:20:49","0.26","4.1","12.6","Off","12.783339,77.700139",
"14-Sep-2026 12:21:49","0.19","4.1","12.58","Off","12.783317,77.700131",
"14-Sep-2026 12:22:31","0.19","4.1","12.58","Off","12.783317,77.700131",
"14-Sep-2026 12:23:50","0.19","4.1","12.65","On","12.783317,77.700131",
"14-Sep-2026 12:23:50","0.19","4.1","12.65","On","12.783317,77.700131",
"14-Sep-2026 12:23:50","0.29","4.1","12.65","On","12.783319,77.700129",
"14-Sep-2026 12:24:19","1.03","4.1","12.36","On","12.783349,77.700121",
"14-Sep-2026 12:24:49","0.45","4.1","12.27","On","12.783382,77.700112",
"14-Sep-2026 12:25:19","0.16","4.1","12.22","On","12.783386,77.700099",
"14-Sep-2026 12:25:49","0.83","4.1","13.42","On","12.78338,77.700106",
"14-Sep-2026 12:26:19","0.56","4.1","13.86","On","12.783382,77.700135",
"14-Sep-2026 12:26:49","41.28","4.1","13.88","On","12.783468,77.700247",
"14-Sep-2026 12:26:50","41.28","4.1","13.88","On","12.783468,77.700247",
"14-Sep-2026 12:26:55","19.77","4.1","13.88","On","12.78343,77.700364",
"14-Sep-2026 12:27:10","11.51","4.1","13.88","On","12.783174,77.700743",
"14-Sep-2026 12:27:19","3.23","4.1","13.86","On","12.783202,77.700767",
"14-Sep-2026 12:27:20","3.23","4.1","13.86","On","12.783202,77.700767",
"14-Sep-2026 12:27:49","1.98","4.1","13.4","Off","12.783114,77.700738",
"14-Sep-2026 12:28:19","2.31","4.1","13.23","Off","12.783142,77.700712",
"14-Sep-2026 12:28:49","1.46","4.1","13.42","On","12.783132,77.700752",
"14-Sep-2026 12:29:19","2.44","4.1","13.81","On","12.783146,77.700655",
"14-Sep-2026 12:29:49","1.23","4.1","13.33","Off","12.783191,77.700678",
"14-Sep-2026 12:30:19","1.33","4.1","13.16","Off","12.783195,77.700691",
"14-Sep-2026 12:30:49","1.18","4.1","13.11","Off","12.78321,77.700713",
"14-Sep-2026 12:30:55","1.18","4.1","13.09","Off","12.78321,77.700713",
"14-Sep-2026 12:31:49","0.65","4.1","13.06","Off","12.78324,77.700735",
"14-Sep-2026 12:32:49","0.92","4.1","12.99","Off","12.783281,77.700722",
"14-Sep-2026 12:33:49","0.25","4.1","12.92","Off","12.783269,77.700732",
"14-Sep-2026 12:34:49","1.14","4.1","12.87","Off","12.783249,77.700727",
"14-Sep-2026 12:34:55","1.14","4.1","12.87","Off","12.783249,77.700727",
"14-Sep-2026 13:02:30","1.14","4.1","12.68","Off","12.783249,77.700727",
"14-Sep-2026 13:02:30","1.31","4.1","12.68","Off","12.783248,77.700722",
"14-Sep-2026 13:02:36","1.31","4.1","12.65","Off","12.783248,77.700722",
"14-Sep-2026 13:02:36","1.31","4.1","12.65","Off","12.783248,77.700722",
"14-Sep-2026 13:02:49","1.31","4.11","12.6","Off","12.783248,77.700722",
"14-Sep-2026 13:03:19","1.31","4.1","12.58","Off","12.783214,77.700711",
"14-Sep-2026 13:03:36","1.31","4.11","12.58","Off","12.783214,77.700711",
"14-Sep-2026 13:04:19","0.42","4.1","12.58","Off","12.783197,77.700704",
"14-Sep-2026 13:04:49","1.33","4.1","12.58","Off","12.783225,77.700727",
"14-Sep-2026 13:05:49","0.65","4.1","12.56","Off","12.783208,77.700739",
"14-Sep-2026 13:06:49","3.31","4.1","12.56","Off","12.783194,77.700715",
"14-Sep-2026 13:07:36","3.31","4.1","12.58","Off","12.783194,77.700715",
"14-Sep-2026 13:11:21","3.31","4.1","12.65","On","12.783194,77.700715",
"14-Sep-2026 13:11:21","3.31","4.1","12.65","On","12.783194,77.700715",
"14-Sep-2026 13:11:21","0.35","4.1","12.65","On","12.783158,77.700682",
"14-Sep-2026 13:12:19","0.33","4.1","13.79","On","12.783119,77.700666",
"14-Sep-2026 13:12:49","0.5","4.1","13.91","On","12.783132,77.700689",
"14-Sep-2026 13:13:19","1.15","4.1","13.91","On","12.783148,77.700679",
"14-Sep-2026 13:13:49","0.86","4.1","13.91","On","12.783178,77.700712",
"14-Sep-2026 13:14:19","0.13","4.1","13.88","On","12.783217,77.700716",
"14-Sep-2026 13:14:32","10.35","4.1","13.88","On","12.783304,77.700676",
"14-Sep-2026 13:14:47","5.01","4.1","13.88","On","12.783372,77.700279",
"14-Sep-2026 13:14:49","11.74","4.1","13.91","On","12.783399,77.700197",
"14-Sep-2026 13:14:52","11.74","4.1","13.91","On","12.783399,77.700197",
"14-Sep-2026 13:14:57","5.69","4.1","13.91","On","12.783255,77.700065",
"14-Sep-2026 13:15:02","12.75","4.1","13.91","On","12.783145,77.700011",
"14-Sep-2026 13:15:17","13","4.1","13.91","On","12.78263,77.700003",
"14-Sep-2026 13:15:19","13","4.1","13.88","On","12.78263,77.700003",
"14-Sep-2026 13:15:37","4.87","4.1","13.88","On","12.782339,77.70052",
"14-Sep-2026 13:15:42","14.92","4.1","13.88","On","12.782304,77.700616",
"14-Sep-2026 13:15:49","2.83","4.1","13.88","On","12.782195,77.700946",
"14-Sep-2026 13:16:07","2.43","4.1","13.88","On","12.78221,77.70118",
"14-Sep-2026 13:16:19","2.6","4.1","13.93","On","12.782254,77.701191",
"14-Sep-2026 13:16:49","0.47","4.1","13.93","On","12.782274,77.701202",
"14-Sep-2026 13:17:19","0.23","4.1","13.91","On","12.782282,77.701196",
"14-Sep-2026 13:17:49","0.59","4.1","13.88","On","12.782293,77.701198",
"14-Sep-2026 13:18:19","0.39","4.1","13.91","On","12.782305,77.70119",
"14-Sep-2026 13:18:49","16.09","4.1","13.91","On","12.782148,77.701746",
"14-Sep-2026 13:19:19","16.85","4.1","13.91","On","12.781715,77.703103",
"14-Sep-2026 13:19:32","10.17","4.1","13.91","On","12.78159,77.70358",
"14-Sep-2026 13:19:37","25.68","4.1","13.91","On","12.781898,77.703765",
"14-Sep-2026 13:19:47","33.97","4.1","13.91","On","12.782471,77.703867",
"14-Sep-2026 13:19:49","24.91","4.1","13.91","On","12.782752,77.703834",
"14-Sep-2026 13:19:57","20.69","4.1","13.91","On","12.783166,77.70369",
"14-Sep-2026 13:20:12","1.32","4.1","13.91","On","12.783459,77.703496",
"14-Sep-2026 13:20:19","0.43","4.1","13.69","Off","12.78347,77.703501",
"14-Sep-2026 13:20:49","0.32","4.11","13.26","Off","12.783482,77.703512",
"14-Sep-2026 13:21:19","0.21","4.1","13.18","Off","12.783492,77.703485",
"14-Sep-2026 13:21:49","3.27","4.11","13.13","Off","12.783501,77.703462",
"14-Sep-2026 13:21:58","3.27","4.11","13.11","Off","12.783501,77.703462",
"14-Sep-2026 13:22:49","0.1","4.1","13.06","Off","12.783506,77.703447",
"14-Sep-2026 13:23:49","0.41","4.1","13.04","Off","12.78354,77.703426",
"14-Sep-2026 13:24:49","0.69","4.1","12.99","Off","12.783501,77.703457",
"14-Sep-2026 13:25:49","1.41","4.1","12.92","Off","12.783519,77.703436",
"14-Sep-2026 13:25:58","1.41","4.1","12.89","Off","12.783519,77.703436",
"14-Sep-2026 13:29:04","1.41","4.1","12.87","On","12.783519,77.703436",
"14-Sep-2026 13:29:04","1.41","4.1","12.87","On","12.783519,77.703436",
"14-Sep-2026 13:29:04","0.65","4.1","12.87","On","12.783531,77.703415",
"14-Sep-2026 13:29:19","0.65","4.1","12.82","On","12.783531,77.703415",
"14-Sep-2026 13:29:39","16.25","4.1","12.82","On","12.783597,77.703508",
"14-Sep-2026 13:29:49","31.56","4.1","13.76","On","12.784377,77.703199",
"14-Sep-2026 13:29:59","29.09","4.1","13.76","On","12.784983,77.703106",
"14-Sep-2026 13:30:04","34.96","4.1","13.76","On","12.785608,77.703154",
"14-Sep-2026 13:30:14","38","4.1","13.76","On","12.786328,77.703204",
"14-Sep-2026 13:30:19","39.32","4.1","13.76","On","12.786727,77.703222",
"14-Sep-2026 13:30:19","41.64","4.1","13.86","On","12.787133,77.703289",
"14-Sep-2026 13:30:24","41.64","4.1","13.86","On","12.787517,77.70346",
"14-Sep-2026 13:30:49","12.72","4.1","13.88","On","12.789062,77.704787",
"14-Sep-2026 13:31:04","38.34","4.1","13.88","On","12.790024,77.705463",
"14-Sep-2026 13:31:19","47.33","4.1","13.88","On","12.791308,77.705752",
"14-Sep-2026 13:31:49","44.76","4.1","13.88","On","12.793913,77.706293",
"14-Sep-2026 13:32:19","34.54","4.1","13.88","On","12.795851,77.706589",
"14-Sep-2026 13:32:19","34.54","4.1","13.88","On","12.795851,77.706589",
"14-Sep-2026 13:32:49","20.68","4.1","13.88","On","12.797765,77.706203",
"14-Sep-2026 13:33:19","35.45","4.1","13.93","On","12.800092,77.705469",
"14-Sep-2026 13:33:49","26.54","4.1","13.93","On","12.802062,77.704795",
"14-Sep-2026 13:33:49","26.54","4.1","13.88","On","12.802062,77.704795",
"14-Sep-2026 13:34:04","4.42","4.1","13.88","On","12.802229,77.704523",
"14-Sep-2026 13:34:19","26.85","4.1","13.88","On","12.802345,77.704059",
"14-Sep-2026 13:34:44","36.28","4.1","13.88","On","12.803022,77.702011",
"14-Sep-2026 13:34:49","40.77","4.1","13.91","On","12.803242,77.701676",
"14-Sep-2026 13:35:04","52.56","4.1","13.91","On","12.804702,77.700335",
"14-Sep-2026 13:35:19","24.81","4.1","13.88","On","12.805605,77.699623",
"14-Sep-2026 13:35:49","50.71","4.1","13.88","On","12.808259,77.697523",
"14-Sep-2026 13:36:19","54.17","4.1","13.93","On","12.81122,77.695149",
"14-Sep-2026 13:36:49","53.67","4.1","13.83","On","12.814704,77.692331",
"14-Sep-2026 13:37:19","52.96","4.1","13.83","On","12.817633,77.689963",
"14-Sep-2026 13:37:49","59.91","4.1","13.86","On","12.821046,77.686968",
"14-Sep-2026 13:38:19","56.03","4.1","13.81","On","12.824006,77.684235",
"14-Sep-2026 13:38:49","55.16","4.1","13.83","On","12.827839,77.681918",
"14-Sep-2026 13:39:19","52.52","4.1","13.83","On","12.831485,77.680703",
"14-Sep-2026 13:39:29","54.69","4.1","13.83","On","12.833009,77.680252",
"14-Sep-2026 13:39:49","54.1","4.1","13.81","On","12.835586,77.679333",
"14-Sep-2026 13:40:14","18.68","4.1","13.81","On","12.838106,77.678166",
"14-Sep-2026 13:40:19","29.64","4.1","13.79","On","12.838309,77.677994",
"14-Sep-2026 13:40:49","52.08","4.1","13.86","On","12.841293,77.675801",
"14-Sep-2026 13:41:19","54.48","4.1","13.83","On","12.844429,77.673388",
"14-Sep-2026 13:41:49","49.92","4.1","13.83","On","12.847508,77.670911",
"14-Sep-2026 13:42:19","52.52","4.1","13.86","On","12.850395,77.668599",
"14-Sep-2026 13:42:49","47.5","4.1","13.81","On","12.853117,77.666805",
"14-Sep-2026 13:43:19","4.94","4.1","13.81","On","12.85554,77.664625",
"14-Sep-2026 13:43:19","4.94","4.1","13.79","On","12.85554,77.664625",
"14-Sep-2026 13:43:44","24.78","4.1","13.79","On","12.855769,77.66447",
"14-Sep-2026 13:43:49","31.43","4.1","13.81","On","12.85601,77.664325",
"14-Sep-2026 13:44:19","43.14","4.1","13.83","On","12.858866,77.662001",
"14-Sep-2026 13:44:49","37.94","4.1","13.83","On","12.860594,77.660657",
"14-Sep-2026 13:45:19","46.51","4.1","13.86","On","12.863413,77.658444",
"14-Sep-2026 13:45:49","52.6","4.1","13.86","On","12.866378,77.656141",
"14-Sep-2026 13:46:19","10.36","4.1","13.86","On","12.869189,77.653643",
"14-Sep-2026 13:46:19","10.36","4.1","13.79","On","12.869189,77.653643",
"14-Sep-2026 13:46:24","10.46","4.1","13.79","On","12.869226,77.653617",
"14-Sep-2026 13:46:39","13.25","4.1","13.79","On","12.869958,77.65329",
"14-Sep-2026 13:46:49","18.85","4.1","13.76","On","12.870218,77.653542",
"14-Sep-2026 13:46:54","11.34","4.1","13.76","On","12.8703,77.653645",
"14-Sep-2026 13:47:14","10.14","4.1","13.76","On","12.870701,77.65434",
"14-Sep-2026 13:47:19","10.04","4.1","13.79","On","12.870736,77.654514",
"14-Sep-2026 13:47:49","2.75","4.1","13.74","On","12.870788,77.655143",
"14-Sep-2026 13:47:54","0.49","4.1","13.74","On","12.870776,77.655179",
"14-Sep-2026 13:48:19","2","4.1","13.76","On","12.870745,77.655163",
"14-Sep-2026 13:48:49","1.37","4.1","13.74","On","12.870731,77.655211",
"14-Sep-2026 13:49:19","14.37","4.1","13.79","On","12.870707,77.656091",
"14-Sep-2026 13:49:49","18.25","4.1","13.81","On","12.870479,77.658332",
"14-Sep-2026 13:50:19","26.77","4.1","13.81","On","12.870005,77.659298",
"14-Sep-2026 13:50:19","26.77","4.1","13.83","On","12.870005,77.659298",
"14-Sep-2026 13:50:49","19","4.1","13.81","On","12.86901,77.660654",
"14-Sep-2026 13:51:19","9.32","4.1","13.81","On","12.868142,77.661944",
"14-Sep-2026 13:51:19","9.32","4.1","13.81","On","12.868142,77.661944",
"14-Sep-2026 13:51:34","16.46","4.1","13.81","On","12.867867,77.662561",
"14-Sep-2026 13:51:39","6.84","4.1","13.81","On","12.867794,77.662561",
"14-Sep-2026 13:51:49","0.5","4.1","13.81","On","12.867698,77.662472",
"14-Sep-2026 13:52:19","0.93","4.1","13.83","On","12.867631,77.662475",
"14-Sep-2026 13:52:49","0.46","4.1","13.88","On","12.867593,77.662469",
"14-Sep-2026 13:53:19","0.94","4.1","13.88","On","12.867584,77.662493",
"14-Sep-2026 13:53:49","0.17","4.1","13.88","On","12.867551,77.662501",
"14-Sep-2026 13:54:19","1.01","4.1","13.88","On","12.867557,77.662493",
"14-Sep-2026 13:54:49","1.46","4.1","13.86","On","12.867542,77.662478",
"14-Sep-2026 13:55:19","0.27","4.1","13.86","On","12.86752,77.662476",
"14-Sep-2026 13:55:49","0.89","4.1","13.83","On","12.867526,77.662496",
"14-Sep-2026 13:56:19","0.84","4.1","13.83","On","12.867525,77.662482",
"14-Sep-2026 13:56:49","0.36","4.1","13.88","On","12.867543,77.662479",
"14-Sep-2026 13:57:19","0.45","4.1","13.93","On","12.867534,77.662467",
"14-Sep-2026 13:57:49","1.16","4.1","13.93","On","12.867543,77.662468",
"14-Sep-2026 13:58:19","0.36","4.1","13.93","On","12.867545,77.662467",
"14-Sep-2026 13:58:49","0.63","4.1","13.95","On","12.86755,77.662457",
"14-Sep-2026 13:59:19","0.49","4.1","13.93","On","12.867544,77.662475",
"14-Sep-2026 13:59:49","1","4.1","13.93","On","12.867509,77.66246",
"14-Sep-2026 14:00:19","1.25","4.1","13.81","On","12.86744,77.662442",
"14-Sep-2026 14:00:49","0.12","4.1","13.86","On","12.867576,77.662481",
"14-Sep-2026 14:01:19","0.95","4.1","13.93","On","12.867645,77.662513",
"14-Sep-2026 14:01:49","0.25","4.1","13.93","On","12.86768,77.662537",
"14-Sep-2026 14:02:19","1.13","4.1","13.93","On","12.867676,77.662549",
"14-Sep-2026 14:02:49","0.4","4.1","13.93","On","12.867642,77.662538",
"14-Sep-2026 14:03:19","0.52","4.1","13.91","On","12.867634,77.662533",
"14-Sep-2026 14:03:49","1.2","4.1","13.3","Off","12.867627,77.662488",
"14-Sep-2026 14:04:19","1.19","4.1","13.01","Off","12.86762,77.662503",
"14-Sep-2026 14:04:49","0.75","4.1","12.94","Off","12.867613,77.662499",
"14-Sep-2026 14:05:05","0.75","4.1","12.92","Off","12.867613,77.662499",
"14-Sep-2026 14:05:49","0.91","4.1","12.94","Off","12.867613,77.6625",
"14-Sep-2026 14:06:49","0.24","4.1","12.87","Off","12.867618,77.66247",
"14-Sep-2026 14:07:49","1.61","4.1","12.85","Off","12.86762,77.662455",
"14-Sep-2026 14:08:49","2.74","4.1","12.8","Off","12.867614,77.662455",
"14-Sep-2026 14:09:05","2.74","4.1","12.8","Off","12.867614,77.662455",
"14-Sep-2026 14:51:49","2.74","4.1","12.58","On","12.867614,77.662455",
"14-Sep-2026 14:51:49","2.74","4.1","12.58","On","12.867614,77.662455",
"14-Sep-2026 14:51:49","0.47","4.1","12.58","On","12.867633,77.662464",
"14-Sep-2026 14:51:49","0.47","4.1","12.58","On","12.867633,77.662464",
"14-Sep-2026 14:52:19","0","4.1","13.52","On","12.867603,77.662472",
"14-Sep-2026 14:52:49","2.18","4.1","13.83","On","12.867578,77.662427",
"14-Sep-2026 14:53:19","0.22","4.1","13.88","On","12.867587,77.662453",
"14-Sep-2026 14:53:49","1.34","4.1","13.91","On","12.867593,77.66247",
"14-Sep-2026 14:54:19","0.17","4.1","13.91","On","12.867568,77.66248",
"14-Sep-2026 14:54:49","0.04","4.1","13.88","On","12.867568,77.662488",
"14-Sep-2026 14:55:19","0.26","4.1","13.93","On","12.867569,77.662488",
"14-Sep-2026 14:55:49","0.58","4.1","13.93","On","12.867577,77.662503",
"14-Sep-2026 14:56:19","3.03","4.1","13.93","On","12.867582,77.66253",
"14-Sep-2026 14:56:49","1.29","4.1","13.93","On","12.867572,77.662519",
"14-Sep-2026 14:57:19","0.28","4.1","13.95","On","12.867578,77.662515",
"14-Sep-2026 14:57:49","1.02","4.1","13.95","On","12.867583,77.662517",
"14-Sep-2026 14:58:19","0.78","4.1","13.91","On","12.86759,77.662529",
"14-Sep-2026 14:58:49","3.76","4.1","13.88","On","12.867573,77.662517",
"14-Sep-2026 14:59:19","0.99","4.1","13.93","On","12.8676,77.662541",
"14-Sep-2026 14:59:49","1.15","4.1","13.93","On","12.867595,77.662532",
"14-Sep-2026 15:00:19","0.37","4.1","13.93","On","12.8676,77.66255",
"14-Sep-2026 15:00:49","3.54","4.1","13.91","On","12.867596,77.662566",
"14-Sep-2026 15:01:02","11.74","4.1","13.91","On","12.867643,77.662566",
"14-Sep-2026 15:01:07","16.23","4.1","13.91","On","12.867845,77.662533",
"14-Sep-2026 15:01:19","30.31","4.1","13.88","On","12.8681,77.662019",
"14-Sep-2026 15:01:37","31.23","4.1","13.88","On","12.868509,77.661273",
"14-Sep-2026 15:01:49","27.39","4.1","13.91","On","12.869019,77.66068",
"14-Sep-2026 15:02:19","29.1","4.1","13.91","On","12.870081,77.659196",
"14-Sep-2026 15:02:32","12.15","4.1","13.91","On","12.870224,77.658866",
"14-Sep-2026 15:02:49","25.08","4.1","13.88","On","12.870356,77.658123",
"14-Sep-2026 15:02:57","3.39","4.1","13.88","On","12.870367,77.657623",
"14-Sep-2026 15:03:02","11.16","4.1","13.88","On","12.870387,77.657558",
"14-Sep-2026 15:03:19","11.29","4.1","13.86","On","12.87052,77.656451",
"14-Sep-2026 15:03:32","4.23","4.1","13.86","On","12.870552,77.656162",
"14-Sep-2026 15:03:37","11.07","4.1","13.86","On","12.870621,77.656147",
"14-Sep-2026 15:03:42","4.93","4.1","13.86","On","12.870692,77.656158",
"14-Sep-2026 15:03:49","8.05","4.1","13.83","On","12.870724,77.656046",
"14-Sep-2026 15:03:52","15.76","4.1","13.83","On","12.870757,77.655907",
"14-Sep-2026 15:04:02","7.5","4.1","13.83","On","12.870826,77.655632",
"14-Sep-2026 15:04:07","12.1","4.1","13.83","On","12.870831,77.655456",
"14-Sep-2026 15:04:12","6.44","4.1","13.83","On","12.870815,77.65535",
"14-Sep-2026 15:04:19","6.94","4.1","13.86","On","12.870814,77.655169",
"14-Sep-2026 15:04:32","17.39","4.1","13.86","On","12.870991,77.655011",
"14-Sep-2026 15:04:42","3.13","4.1","13.86","On","12.871286,77.654938",
"14-Sep-2026 15:04:49","6.67","4.1","13.86","On","12.871427,77.654952",
"14-Sep-2026 15:04:52","19.69","4.1","13.86","On","12.871587,77.65494",
"14-Sep-2026 15:04:57","6.36","4.1","13.86","On","12.87172,77.654985",
"14-Sep-2026 15:05:12","11.34","4.1","13.86","On","12.872065,77.654977",
"14-Sep-2026 15:05:19","9.53","4.1","13.86","On","12.872361,77.655007",
"14-Sep-2026 15:05:27","27.31","4.1","13.86","On","12.872582,77.65523",
"14-Sep-2026 15:05:47","35.59","4.1","13.86","On","12.873463,77.655834",
"14-Sep-2026 15:05:49","35.59","4.1","13.88","On","12.873463,77.655834",
"14-Sep-2026 15:06:17","5.66","4.1","13.88","On","12.875584,77.656174",
"14-Sep-2026 15:06:19","20.57","4.1","13.86","On","12.875591,77.656295",
"14-Sep-2026 15:06:32","12.7","4.1","13.86","On","12.875584,77.656831",
"14-Sep-2026 15:06:49","6.36","4.1","13.86","On","12.875644,77.65747",
"14-Sep-2026 15:06:52","10.01","4.1","13.86","On","12.875626,77.657526",
"14-Sep-2026 15:07:02","4.32","4.1","13.86","On","12.875631,77.657736",
"14-Sep-2026 15:07:19","4.62","4.1","13.86","On","12.875396,77.65768",
"14-Sep-2026 15:07:49","3.14","4.1","13.86","On","12.875416,77.65757",
"14-Sep-2026 15:08:19","1.52","4.1","13.26","Off","12.875373,77.657576",
"14-Sep-2026 15:08:49","1.65","4.1","13.06","Off","12.875367,77.657578",
"14-Sep-2026 15:09:19","1.76","4.1","13.01","Off","12.875368,77.657571",
"14-Sep-2026 15:09:40","1.76","4.1","12.94","Off","12.875368,77.657571",
"14-Sep-2026 15:10:19","0.88","4.1","12.92","Off","12.875371,77.657608",
"14-Sep-2026 15:10:49","0.72","4.1","12.89","Off","12.875385,77.657593",
"14-Sep-2026 15:11:49","0.15","4.1","12.87","Off","12.87539,77.657573",
"14-Sep-2026 15:12:49","0.53","4.1","12.85","Off","12.875361,77.657549",
"14-Sep-2026 15:13:40","0.53","4.1","12.8","Off","12.875361,77.657549",
"14-Sep-2026 16:13:40","0.53","4.1","12.58","Off","12.875361,77.657549",
"14-Sep-2026 16:13:40","1.23","4.1","12.58","Off","12.875381,77.657582",
"14-Sep-2026 16:13:49","1.23","4.1","12.58","Off","12.875381,77.657582",
"14-Sep-2026 16:14:49","4.83","4.1","12.51","Off","12.875359,77.657516",
"14-Sep-2026 16:15:49","0.41","4.1","12.48","Off","12.875339,77.657541",
"14-Sep-2026 16:16:49","0.87","4.1","12.46","Off","12.875343,77.657549",
"14-Sep-2026 16:17:40","0.87","4.1","12.48","Off","12.875343,77.657549",
"14-Sep-2026 17:17:40","0.87","4.1","12.53","Off","12.875343,77.657549",
"14-Sep-2026 17:17:40","3.21","4.1","12.53","Off","12.875304,77.65753",
"14-Sep-2026 17:17:49","3.21","4.1","12.53","Off","12.875304,77.65753",
"14-Sep-2026 17:20:49","1.39","4.1","12.46","Off","12.875241,77.657547",
"14-Sep-2026 17:21:40","1.39","4.1","12.46","Off","12.875241,77.657547",
"14-Sep-2026 18:21:40","1.39","4.1","12.51","Off","12.875241,77.657547",
"14-Sep-2026 18:21:40","0.61","4.1","12.51","Off","12.875186,77.657517",
"14-Sep-2026 18:21:49","0.61","4.1","12.51","Off","12.875186,77.657517",
"14-Sep-2026 18:24:49","1.86","4.1","12.41","Off","12.875246,77.657519",
"14-Sep-2026 18:25:40","1.86","4.1","12.41","Off","12.875246,77.657519",
"14-Sep-2026 19:16:58","1.86","4.1","12.51","Off","12.875246,77.657519",
"14-Sep-2026 19:16:58","2.02","4.1","12.51","Off","12.875231,77.657484",
"14-Sep-2026 19:17:00","2.02","4.1","12.48","Off","12.875231,77.657484",
"14-Sep-2026 19:17:19","2.02","4.1","12.22","On","12.875231,77.657484",
"14-Sep-2026 19:22:19","0","4.1","13.64","On","12.870761,77.654836",
"14-Sep-2026 19:23:19","0","4.1","13.69","On","12.869091,77.65425",
"14-Sep-2026 19:24:49","0","4.1","13.62","On","12.866066,77.65603",
"14-Sep-2026 19:25:19","0","4.1","13.64","On","12.863022,77.65899",
"14-Sep-2026 19:25:49","0","4.1","13.59","On","12.86009,77.661347",
"14-Sep-2026 19:28:19","0","4.14","13.66","On","12.848014,77.671029",
"14-Sep-2026 19:36:23","48.71","4.13","13.62","On","12.802853,77.703439",
"14-Sep-2026 19:36:38","10.9","4.13","13.62","On","12.802696,77.704353",
"14-Sep-2026 19:36:49","26.67","4.13","13.64","On","12.802502,77.704719",
"14-Sep-2026 19:36:58","8.47","4.13","13.64","On","12.802499,77.705121",
"14-Sep-2026 19:37:19","0.64","4.13","13.62","On","12.802059,77.705017",
"14-Sep-2026 19:37:33","14.18","4.13","13.62","On","12.801966,77.705",
"14-Sep-2026 19:37:43","19.16","4.13","13.62","On","12.801524,77.705102",
"14-Sep-2026 19:37:49","17.15","4.12","13.62","On","12.801346,77.705162",
"14-Sep-2026 19:38:19","22.22","4.12","13.64","On","12.799845,77.705604",
"14-Sep-2026 19:38:49","20.78","4.13","13.64","On","12.798061,77.706192",
"14-Sep-2026 19:39:19","27.11","4.13","13.69","On","12.796622,77.706569",
"14-Sep-2026 19:39:38","34.34","4.13","13.69","On","12.795352,77.706561",
"14-Sep-2026 19:39:49","34.96","4.12","13.64","On","12.794295,77.706424",
"14-Sep-2026 19:40:19","14.13","4.12","13.64","On","12.792631,77.706155",
"14-Sep-2026 19:40:49","20.71","4.12","13.69","On","12.790895,77.705783",
"14-Sep-2026 19:41:08","28.9","4.12","13.69","On","12.789601,77.705405",
"14-Sep-2026 19:41:19","33.25","4.12","13.66","On","12.789116,77.704986",
"14-Sep-2026 19:41:49","7.04","4.12","13.64","On","12.787829,77.703793",
"14-Sep-2026 19:42:08","29.77","4.12","13.64","On","12.786567,77.703287",
"14-Sep-2026 19:42:19","39.5","4.12","13.57","On","12.785886,77.703179",
"14-Sep-2026 19:42:38","30.93","4.12","13.57","On","12.784345,77.703239",
"14-Sep-2026 19:42:49","20.79","4.12","13.59","On","12.78355,77.703589",
"14-Sep-2026 19:43:08","28.11","4.12","13.59","On","12.782314,77.703936",
"14-Sep-2026 19:43:13","14.19","4.12","13.59","On","12.782114,77.703921",
"14-Sep-2026 19:43:18","1.77","4.12","13.59","On","12.782054,77.703868",
"14-Sep-2026 19:43:19","1.77","4.12","13.57","On","12.782054,77.703868",
"14-Sep-2026 19:43:23","14.52","4.12","13.57","On","12.781997,77.703839",
"14-Sep-2026 19:43:28","16.94","4.12","13.57","On","12.781544,77.703559",
"14-Sep-2026 19:43:33","13.49","4.12","13.57","On","12.781556,77.703465",
"14-Sep-2026 19:43:49","12.85","4.12","13.59","On","12.781762,77.70276",
"14-Sep-2026 19:44:19","0.58","4.12","13.59","On","12.782218,77.701189",
"14-Sep-2026 19:44:38","3.24","4.12","13.59","On","12.782345,77.700892",
"14-Sep-2026 19:44:43","13.09","4.12","13.59","On","12.782353,77.700819",
"14-Sep-2026 19:44:49","1.01","4.12","13.57","On","12.782486,77.700475",
"14-Sep-2026 19:44:53","6.44","4.12","13.57","On","12.782452,77.700446",
"14-Sep-2026 19:44:58","28.2","4.12","13.57","On","12.782475,77.700272",
"14-Sep-2026 19:45:08","20.15","4.12","13.57","On","12.78269,77.699905",
"14-Sep-2026 19:45:13","20.91","4.12","13.57","On","12.7829,77.699886",
"14-Sep-2026 19:45:19","23.99","4.12","13.54","On","12.783083,77.699904",
"14-Sep-2026 19:45:33","16.78","4.12","13.54","On","12.783338,77.700344",
"14-Sep-2026 19:45:49","8.35","4.12","13.54","On","12.78321,77.700804",
"14-Sep-2026 19:45:58","6.7","4.12","13.54","On","12.783155,77.701141",
"14-Sep-2026 19:46:19","0.6","4.12","13.59","On","12.783122,77.701287",
"14-Sep-2026 19:46:49","8.58","4.12","13.54","On","12.783088,77.701302",
"14-Sep-2026 19:47:13","20.75","4.12","13.54","On","12.783167,77.701148",
"14-Sep-2026 19:47:19","30.14","4.12","13.52","On","12.783213,77.700862",
"14-Sep-2026 19:47:28","12.4","4.12","13.52","On","12.783301,77.700675",
"14-Sep-2026 19:47:38","16.84","4.12","13.52","On","12.783372,77.700178",
"14-Sep-2026 19:47:43","8.48","4.12","13.52","On","12.783274,77.700044",
"14-Sep-2026 19:47:49","20.91","4.12","13.54","On","12.783004,77.699886",
"14-Sep-2026 19:48:19","1.88","4.12","13.54","On","12.782745,77.699741",
"14-Sep-2026 19:48:49","3.04","4.12","13.54","On","12.782751,77.699737",
"14-Sep-2026 19:49:19","2.4","4.12","13.16","On","12.782731,77.699721",
"14-Sep-2026 19:49:49","0.99","4.12","12.92","On","12.782723,77.699718",
"14-Sep-2026 19:50:19","2.33","4.12","12.68","On","12.782706,77.699754",
"14-Sep-2026 19:50:49","4.02","4.12","12.51","On","12.782702,77.699714",
"14-Sep-2026 19:51:19","1.61","4.12","12.34","On","12.782716,77.699727",
"14-Sep-2026 19:51:49","0.84","4.12","12.32","On","12.7827,77.699716",
"14-Sep-2026 19:52:19","1.09","4.12","12.29","On","12.7827,77.699774",
"14-Sep-2026 19:52:49","2.9","4.12","12.27","On","12.782718,77.699781",
"14-Sep-2026 19:53:19","1.21","4.12","12.22","On","12.782704,77.699781",
"14-Sep-2026 19:53:49","0.81","4.12","12.22","On","12.78272,77.699816",
"14-Sep-2026 19:54:19","1.76","4.12","12.22","On","12.782745,77.699748",
"14-Sep-2026 19:54:49","0.87","4.12","12.22","On","12.782729,77.699764",
"14-Sep-2026 19:55:19","3.78","4.12","12.87","On","12.782727,77.699737",
"14-Sep-2026 19:55:38","14.82","4.12","12.87","On","12.782963,77.699904",
"14-Sep-2026 19:55:48","14.59","4.12","12.87","On","12.783208,77.700019",
"14-Sep-2026 19:55:49","14.59","4.12","13.71","On","12.783208,77.700019",
"14-Sep-2026 19:55:53","3.24","4.12","13.71","On","12.783269,77.700067",
"14-Sep-2026 19:56:08","12.98","4.12","13.71","On","12.78341,77.700224",
"14-Sep-2026 19:56:13","15.25","4.12","13.71","On","12.783367,77.700404",
"14-Sep-2026 19:56:18","3.59","4.12","13.71","On","12.783353,77.700398",
"14-Sep-2026 19:56:19","3.59","4.12","13.79","On","12.783353,77.700398",
"14-Sep-2026 19:56:23","15.17","4.12","13.79","On","12.783357,77.700328",
"14-Sep-2026 19:56:28","9.97","4.12","13.79","On","12.783323,77.700208",
"14-Sep-2026 19:56:49","2.16","4.12","13.88","On","12.783269,77.70006",
"14-Sep-2026 19:57:19","1.68","4.12","13.91","On","12.783153,77.70005",
"14-Sep-2026 19:57:49","2.11","4.12","13.91","On","12.783122,77.700034",
"14-Sep-2026 19:58:19","0.93","4.12","13.69","On","12.783141,77.700001",
"14-Sep-2026 19:58:49","0.47","4.12","13.64","On","12.783105,77.700009",
"14-Sep-2026 19:59:19","1.2","4.12","13.64","On","12.783132,77.699978",
"14-Sep-2026 19:59:49","0.71","4.12","13.62","On","12.783132,77.699975",
"14-Sep-2026 20:00:19","6.82","4.12","13.57","On","12.783053,77.699994",
"14-Sep-2026 20:00:23","14.79","4.12","13.57","On","12.782954,77.699954",
"14-Sep-2026 20:00:38","11.82","4.12","13.57","On","12.782676,77.699929",
"14-Sep-2026 20:00:48","25.46","4.12","13.57","On","12.782543,77.700304",
"14-Sep-2026 20:00:49","25.46","4.12","13.57","On","12.782543,77.700304",
"14-Sep-2026 20:01:13","15.79","4.12","13.57","On","12.782407,77.700947",
"14-Sep-2026 20:01:18","3.16","4.12","13.57","On","12.782364,77.701102",
"14-Sep-2026 20:01:19","14.48","4.12","13.54","On","12.782322,77.701209",
"14-Sep-2026 20:01:49","9.61","4.12","13.59","On","12.781748,77.702878",
"14-Sep-2026 20:02:08","20.28","4.12","13.59","On","12.781649,77.703686",
"14-Sep-2026 20:02:18","36.57","4.12","13.59","On","12.782182,77.703896",
"14-Sep-2026 20:02:19","32.31","4.12","13.57","On","12.782532,77.703871",
"14-Sep-2026 20:02:23","26.85","4.12","13.57","On","12.782807,77.703809",
"14-Sep-2026 20:02:49","17.29","4.12","13.54","On","12.78462,77.703147",
"14-Sep-2026 20:02:58","32.98","4.12","13.54","On","12.785168,77.703111",
"14-Sep-2026 20:03:19","0.32","4.12","13.54","On","12.786411,77.703191",
"14-Sep-2026 20:03:49","26.51","4.12","13.59","On","12.786671,77.703189",
"14-Sep-2026 20:04:03","40.34","4.12","13.59","On","12.787916,77.703765",
"14-Sep-2026 20:04:19","39.93","4.12","13.57","On","12.78916,77.704909",
"14-Sep-2026 20:04:33","35.65","4.12","13.57","On","12.790169,77.705493",
"14-Sep-2026 20:04:49","43.96","4.12","13.52","On","12.791793,77.705843",
"14-Sep-2026 20:05:19","53.4","4.12","13.57","On","12.794739,77.706513",
"14-Sep-2026 20:05:28","44.9","4.12","13.57","On","12.795773,77.706576",
"14-Sep-2026 20:05:49","35.19","4.12","13.54","On","12.797158,77.706406",
"14-Sep-2026 20:06:19","33.3","4.12","13.57","On","12.798908,77.705829",
"14-Sep-2026 20:06:49","29.81","4.12","13.59","On","12.80065,77.705309",
"14-Sep-2026 20:07:03","27.61","4.12","13.59","On","12.801937,77.704891",
"14-Sep-2026 20:07:13","15.97","4.12","13.59","On","12.802172,77.704566",
"14-Sep-2026 20:07:19","32.11","4.12","13.54","On","12.802332,77.704173",
"14-Sep-2026 20:07:48","49.57","4.12","13.54","On","12.803749,77.701003",
"14-Sep-2026 20:07:49","49.57","4.12","13.54","On","12.803749,77.701003",
"14-Sep-2026 20:08:19","39.17","4.12","13.54","On","12.806313,77.699067",
"14-Sep-2026 20:08:49","46.42","4.12","13.57","On","12.808796,77.697096",
"14-Sep-2026 20:09:19","49.33","4.12","13.54","On","12.811471,77.694959",
"14-Sep-2026 20:09:49","51.18","4.12","13.54","On","12.814829,77.692251",
"14-Sep-2026 20:10:19","14.73","4.12","13.52","On","12.816579,77.690805",
"14-Sep-2026 20:10:23","9.99","4.12","13.52","On","12.816692,77.690781",
"14-Sep-2026 20:10:28","16.87","4.12","13.52","On","12.816803,77.690712",
"14-Sep-2026 20:10:49","44.07","4.12","13.52","On","12.818164,77.689613",
"14-Sep-2026 20:11:19","53.57","4.12","13.52","On","12.820942,77.687086",
"14-Sep-2026 20:11:49","55.52","4.12","13.52","On","12.824129,77.684173",
"14-Sep-2026 20:12:19","56.79","4.12","13.57","On","12.82736,77.682119",
"14-Sep-2026 20:12:28","55.53","4.12","13.57","On","12.828902,77.681551",
"14-Sep-2026 20:12:49","54","4.12","13.54","On","12.831499,77.680715",
"14-Sep-2026 20:13:19","47.35","4.12","13.54","On","12.834893,77.679579",
"14-Sep-2026 20:13:49","40.18","4.12","13.54","On","12.838664,77.677813",
"14-Sep-2026 20:14:19","1.9","4.12","13.57","On","12.839111,77.677444",
"14-Sep-2026 20:14:38","11.05","4.12","13.57","On","12.839805,77.676996",
"14-Sep-2026 20:14:48","30.12","4.12","13.57","On","12.839747,77.67724",
"14-Sep-2026 20:14:49","30.12","4.12","13.47","On","12.839747,77.67724",
"14-Sep-2026 20:15:13","10.11","4.12","13.47","On","12.838059,77.678555",
"14-Sep-2026 20:15:18","9.47","4.12","13.47","On","12.838117,77.678561",
"14-Sep-2026 20:15:19","9.47","4.12","13.47","On","12.838117,77.678561",
"14-Sep-2026 20:15:49","12.29","4.12","13.5","On","12.839964,77.677151",
"14-Sep-2026 20:15:53","18.7","4.12","13.5","On","12.840067,77.67715",
"14-Sep-2026 20:15:58","27.95","4.12","13.5","On","12.840164,77.677357",
"14-Sep-2026 20:16:19","17.06","4.12","13.52","On","12.840873,77.678313",
"14-Sep-2026 20:16:49","40.81","4.12","13.54","On","12.842252,77.68053",
"14-Sep-2026 20:16:58","20.35","4.12","13.54","On","12.842272,77.68087",
"14-Sep-2026 20:17:03","23.27","4.12","13.54","On","12.842094,77.680991",
"14-Sep-2026 20:17:13","14.32","4.12","13.54","On","12.841791,77.681362",
"14-Sep-2026 20:17:19","12.3","4.12","13.54","On","12.841815,77.681519",
"14-Sep-2026 20:17:38","9.42","4.12","13.54","On","12.842592,77.682708",
"14-Sep-2026 20:17:49","16.72","4.12","13.54","On","12.842492,77.682983",
"14-Sep-2026 20:18:19","4.76","4.12","13.54","On","12.842339,77.68321",
"14-Sep-2026 20:18:49","4.68","4.12","13.62","Off","12.842224,77.683383",
"14-Sep-2026 20:19:19","1.55","4.12","13.18","Off","12.842244,77.683391",
"14-Sep-2026 20:19:49","1.71","4.12","13.11","Off","12.842329,77.683317",
"14-Sep-2026 20:20:18","1.71","4.12","13.04","Off","12.842329,77.683317",
"14-Sep-2026 20:20:20","1.71","4.12","13.04","On","12.842329,77.683317",
"14-Sep-2026 20:20:49","8.61","4.12","12.77","On","12.842183,77.683503",
"14-Sep-2026 20:21:19","0","4.12","13.54","On","12.842154,77.683784",
"14-Sep-2026 20:21:49","4.66","4.12","13.01","On","12.84215,77.683076",
"14-Sep-2026 20:22:19","3.47","4.12","13.71","On","12.842118,77.683231",
"14-Sep-2026 20:22:49","4.21","4.12","13.93","On","12.842182,77.683299",
"14-Sep-2026 20:23:19","2.24","4.12","13.95","On","12.84203,77.683316",
"14-Sep-2026 20:23:49","2.74","4.12","13.95","On","12.842059,77.683344",
"14-Sep-2026 20:24:19","8.72","4.12","13.95","On","12.842092,77.683283",
"14-Sep-2026 20:24:49","2.5","4.12","13.95","On","12.84217,77.683145",
"14-Sep-2026 20:25:19","3.09","4.12","13.95","On","12.842204,77.683166",
"14-Sep-2026 20:25:49","1.2","4.12","13.95","On","12.842142,77.683323",
"14-Sep-2026 20:26:19","6.08","4.12","13.95","On","12.842073,77.683327",
"14-Sep-2026 20:26:49","1.05","4.12","13.95","On","12.842011,77.683357",
"14-Sep-2026 20:27:19","1.84","4.12","13.95","On","12.842036,77.683378",
"14-Sep-2026 20:27:49","2.63","4.12","13.93","On","12.841997,77.683336",
"14-Sep-2026 20:28:19","3.51","4.12","13.93","On","12.842124,77.683344",
"14-Sep-2026 20:28:49","1.2","4.12","13.91","On","12.842148,77.683343",
"14-Sep-2026 20:29:19","1.48","4.12","13.93","On","12.842122,77.683256",
"14-Sep-2026 20:29:49","1.11","4.12","13.91","On","12.842126,77.683216",
"14-Sep-2026 20:30:19","1.13","4.12","13.93","On","12.84209,77.683209",
"14-Sep-2026 20:30:49","1.98","4.12","13.95","On","12.842143,77.683136",
"14-Sep-2026 20:31:19","1.37","4.12","13.95","On","12.842186,77.683119",
"14-Sep-2026 20:31:49","1.14","4.12","13.95","On","12.842235,77.683151",
"14-Sep-2026 20:32:19","0.96","4.12","13.93","On","12.842241,77.683165",
"14-Sep-2026 20:32:49","1.63","4.12","13.93","On","12.842198,77.68319",
"14-Sep-2026 20:33:19","0.86","4.12","13.93","On","12.84216,77.683251",
"14-Sep-2026 20:33:49","3.33","4.12","13.91","On","12.842107,77.68331",
"14-Sep-2026 20:34:19","2.14","4.12","13.93","On","12.842094,77.683307",
"14-Sep-2026 20:34:49","0.81","4.12","13.95","On","12.842131,77.683293",
"14-Sep-2026 20:35:19","1.62","4.12","13.93","On","12.842184,77.683285",
"14-Sep-2026 20:35:49","2.8","4.12","13.95","On","12.842169,77.68335",
"14-Sep-2026 20:36:19","4.11","4.12","13.93","On","12.842159,77.683312",
"14-Sep-2026 20:36:49","5.69","4.12","13.93","On","12.84216,77.683318",
"14-Sep-2026 20:37:19","2.66","4.12","13.93","On","12.842119,77.683369",
"14-Sep-2026 20:37:49","2.13","4.12","13.95","On","12.84212,77.683327",
"14-Sep-2026 20:38:19","0.81","4.12","13.93","On","12.842134,77.683256",
"14-Sep-2026 20:38:49","1.74","4.12","13.95","On","12.84214,77.683246",
"14-Sep-2026 20:39:19","1.74","4.12","13.93","On","12.842161,77.68321",
"14-Sep-2026 20:40:19","1.46","4.12","13.93","On","12.84211,77.683251",
"14-Sep-2026 20:40:24","10.9","4.12","13.93","On","12.84204,77.683293",
"14-Sep-2026 20:40:49","3.63","4.12","13.93","On","12.841995,77.683272",
"14-Sep-2026 20:41:09","0.92","4.12","13.93","On","12.842007,77.683325",
"14-Sep-2026 20:41:19","1.56","4.12","13.91","On","12.841976,77.683346",
"14-Sep-2026 20:41:49","4.83","4.12","13.95","On","12.841964,77.683382",
"14-Sep-2026 20:42:19","4.11","4.12","13.93","On","12.841983,77.683446",
"14-Sep-2026 20:42:49","2.81","4.12","13.93","On","12.841985,77.68343",
"14-Sep-2026 20:43:19","5.76","4.12","13.95","On","12.841924,77.683432",
"14-Sep-2026 20:43:49","1.05","4.12","13.95","On","12.841964,77.683407",
"14-Sep-2026 20:44:19","1.73","4.12","13.93","On","12.842003,77.683391",
"14-Sep-2026 20:44:49","1.6","4.12","13.91","On","12.841996,77.683322",
"14-Sep-2026 20:45:19","3.9","4.12","13.93","On","12.84204,77.683331",
"14-Sep-2026 20:45:49","1.55","4.12","13.98","On","12.842118,77.683407",
"14-Sep-2026 20:46:19","1.42","4.12","13.91","On","12.842115,77.683321",
"14-Sep-2026 20:46:49","1.94","4.12","13.93","On","12.84211,77.683335",
"14-Sep-2026 20:47:19","2.94","4.12","13.95","On","12.842174,77.683262",
"14-Sep-2026 20:47:49","1.35","4.12","13.95","On","12.842149,77.68329",
"14-Sep-2026 20:48:19","1.78","4.12","13.91","On","12.842197,77.683166",
"14-Sep-2026 20:48:49","0.89","4.12","13.91","On","12.842185,77.683188",
"14-Sep-2026 20:49:19","1.99","4.12","13.93","On","12.84229,77.683214",
"14-Sep-2026 20:49:49","1.41","4.12","13.93","On","12.842287,77.683211",
"14-Sep-2026 20:50:19","5.51","4.12","13.93","On","12.842314,77.683185",
"14-Sep-2026 20:50:49","1.06","4.12","13.93","On","12.842307,77.68317",
"14-Sep-2026 20:51:19","0.94","4.12","13.93","On","12.842306,77.683151",
"14-Sep-2026 20:51:49","1.56","4.12","13.91","On","12.842118,77.683254",
"14-Sep-2026 20:52:49","3.16","4.12","13.93","On","12.842203,77.683194",
"14-Sep-2026 20:53:19","8.54","4.12","13.93","On","12.842147,77.683272",
"14-Sep-2026 20:54:19","8.82","4.12","13.95","On","12.842118,77.683314",
"14-Sep-2026 20:54:49","5.39","4.12","13.93","On","12.842032,77.683305",
"14-Sep-2026 20:55:19","1.46","4.12","13.91","On","12.841962,77.683413",
"14-Sep-2026 20:55:49","1.23","4.12","13.93","On","12.842113,77.683262",
"14-Sep-2026 20:56:19","4.06","4.12","13.95","On","12.842076,77.683192",
"14-Sep-2026 20:56:49","3.47","4.12","13.93","On","12.84207,77.683262",
"14-Sep-2026 20:57:19","1.36","4.12","13.93","On","12.842109,77.683226",
"14-Sep-2026 20:57:49","2.11","4.12","13.95","On","12.842222,77.683094",
"14-Sep-2026 20:59:19","4.21","4.12","13.93","On","12.842315,77.683084",
"14-Sep-2026 20:59:49","0","4.12","13.91","On","12.842326,77.683532",
"14-Sep-2026 21:00:19","2.95","4.12","13.91","On","12.842178,77.683222",
"14-Sep-2026 21:02:49","2.27","4.12","13.95","On","12.841859,77.68334",
"14-Sep-2026 21:04:19","1.13","4.12","13.93","On","12.842198,77.683085",
"14-Sep-2026 21:04:49","2.92","4.12","13.93","On","12.842215,77.683059",
"14-Sep-2026 21:05:19","1.8","4.12","13.91","On","12.842257,77.683098",
"14-Sep-2026 21:05:49","1.98","4.12","13.88","On","12.842246,77.683089",
"14-Sep-2026 21:06:19","2.31","4.12","13.93","On","12.842142,77.683161",
"14-Sep-2026 21:06:49","3.62","4.12","13.95","On","12.842139,77.68319",
"14-Sep-2026 21:07:19","2.62","4.12","13.95","On","12.842213,77.683234",
"14-Sep-2026 21:07:49","2.75","4.12","13.93","On","12.84223,77.683275",
"14-Sep-2026 21:08:19","2.57","4.12","13.93","On","12.842347,77.683036",
"14-Sep-2026 21:08:49","4.14","4.12","13.91","On","12.842293,77.683077",
"14-Sep-2026 21:09:19","1.09","4.12","13.91","On","12.842271,77.683191",
"14-Sep-2026 21:09:49","2.21","4.12","13.93","On","12.842172,77.683239",
"14-Sep-2026 21:10:19","0.99","4.12","13.95","On","12.842159,77.683268",
"14-Sep-2026 21:10:49","1.58","4.12","13.93","On","12.842198,77.683275",
"14-Sep-2026 21:11:19","0.94","4.12","13.91","On","12.842161,77.683309",
"14-Sep-2026 21:11:49","1.91","4.12","13.93","On","12.842215,77.683218",
"14-Sep-2026 21:12:19","1.89","4.12","13.91","On","12.842148,77.683168",
"14-Sep-2026 21:12:49","1.13","4.12","13.93","On","12.842182,77.683186",
"14-Sep-2026 21:13:19","0.82","4.12","13.98","On","12.84221,77.683175",
"14-Sep-2026 21:14:49","1.89","4.12","13.95","On","12.842189,77.683105",
"14-Sep-2026 21:15:19","2.41","4.12","13.91","On","12.842126,77.683141",
"14-Sep-2026 21:15:49","1.75","4.12","13.91","On","12.842123,77.683175",
"14-Sep-2026 21:16:19","1.86","4.12","13.66","On","12.842109,77.683236",
"14-Sep-2026 21:16:49","5.24","4.12","12.87","On","12.842053,77.683215",
"14-Sep-2026 21:17:19","1.45","4.12","12.56","On","12.842094,77.683272",
"14-Sep-2026 21:17:49","3.12","4.12","12.39","On","12.842071,77.683358",
"14-Sep-2026 21:18:19","2.75","4.12","12.29","On","12.842042,77.683324",
"14-Sep-2026 21:18:49","2.13","4.12","12.24","Off","12.842081,77.683272",
"14-Sep-2026 21:19:19","4.38","4.12","13.09","On","12.842204,77.683309",
"14-Sep-2026 21:19:49","2.7","4.12","13.45","On","12.841985,77.683561",
"14-Sep-2026 21:20:19","2.86","4.12","13.52","On","12.842165,77.683285",
"14-Sep-2026 21:20:49","0.25","4.12","13.59","On","12.842213,77.683218",
"14-Sep-2026 21:21:19","1.17","4.12","13.62","On","12.842224,77.683166",
"14-Sep-2026 21:21:44","12","4.12","13.62","On","12.842465,77.682993",
"14-Sep-2026 21:21:49","12.93","4.12","13.59","On","12.842554,77.682934",
"14-Sep-2026 21:22:04","15.1","4.12","13.59","On","12.842669,77.682711",
"14-Sep-2026 21:22:19","19.97","4.12","13.59","On","12.842301,77.682139",
"14-Sep-2026 21:22:34","8.42","4.12","13.59","On","12.841766,77.68144",
"14-Sep-2026 21:22:39","11.49","4.12","13.59","On","12.841791,77.681291",
"14-Sep-2026 21:22:49","27.36","4.12","13.57","On","12.842224,77.68095",
"14-Sep-2026 21:22:59","25.33","4.12","13.57","On","12.842332,77.680732",
"14-Sep-2026 21:23:19","33.62","4.12","13.59","On","12.841373,77.679144",
"14-Sep-2026 21:23:49","22.06","4.12","13.59","On","12.840566,77.677912",
"14-Sep-2026 21:24:04","15.57","4.12","13.59","On","12.840009,77.677228",
"14-Sep-2026 21:24:19","10.76","4.12","13.57","On","12.839606,77.677486",
"14-Sep-2026 21:24:49","25.02","4.12","13.54","On","12.837675,77.678703",
"14-Sep-2026 21:25:19","49.39","4.12","13.62","On","12.835046,77.67968",
"14-Sep-2026 21:25:49","55.52","4.12","13.62","On","12.83092,77.68108",
"14-Sep-2026 21:26:19","33.59","4.12","13.54","On","12.827458,77.682265",
"14-Sep-2026 21:26:49","43.51","4.12","13.57","On","12.826006,77.683021",
"14-Sep-2026 21:27:14","53.29","4.12","13.57","On","12.823656,77.684745",
"14-Sep-2026 21:27:19","53.95","4.12","13.57","On","12.823233,77.68516",
"14-Sep-2026 21:27:49","52.59","4.12","13.57","On","12.820021,77.68814",
"14-Sep-2026 21:28:19","58.91","4.12","13.57","On","12.816999,77.690674",
"14-Sep-2026 21:28:49","34.45","4.12","13.59","On","12.814151,77.69297",
"14-Sep-2026 21:29:19","56.55","4.12","13.59","On","12.811388,77.695183",
"14-Sep-2026 21:29:49","25.5","4.12","13.59","On","12.808051,77.69788",
"14-Sep-2026 21:30:19","43.9","4.12","13.57","On","12.806153,77.699357",
"14-Sep-2026 21:30:49","47.09","4.12","13.57","On","12.803415,77.702005",
"14-Sep-2026 21:30:59","46.51","4.12","13.57","On","12.802973,77.702877",
"14-Sep-2026 21:31:14","19.97","4.12","13.57","On","12.80263,77.704366",
"14-Sep-2026 21:31:19","8.2","4.12","13.57","On","12.802649,77.70448",
"14-Sep-2026 21:31:19","8.2","4.12","13.54","On","12.802649,77.70448",
"14-Sep-2026 21:31:41","16.22","4.12","13.54","On","12.802253,77.705188",
"14-Sep-2026 21:31:46","10.63","4.12","13.54","On","12.802125,77.705195",
"14-Sep-2026 21:31:49","19.58","4.12","13.57","On","12.801967,77.705118",
"14-Sep-2026 21:31:56","17.59","4.12","13.57","On","12.801766,77.705095",
"14-Sep-2026 21:32:19","8.32","4.12","13.57","On","12.800719,77.705368",
"14-Sep-2026 21:32:49","29.67","4.12","13.62","On","12.798348,77.706135",
"14-Sep-2026 21:33:19","23.13","4.12","13.62","On","12.796939,77.706517",
"14-Sep-2026 21:33:49","7.66","4.12","13.59","On","12.795777,77.706694",
"14-Sep-2026 21:33:51","7.66","4.12","13.59","On","12.795777,77.706694",
"14-Sep-2026 21:34:19","37.68","4.12","13.57","On","12.793357,77.706287",
"14-Sep-2026 21:34:49","32.71","4.12","13.54","On","12.791706,77.705955",
"14-Sep-2026 21:35:16","43.58","4.12","13.54","On","12.789559,77.705383",
"14-Sep-2026 21:35:19","43.2","4.12","13.59","On","12.789212,77.705108",
"14-Sep-2026 21:35:49","2.59","4.12","13.57","On","12.787807,77.703752",
"14-Sep-2026 21:36:06","47.43","4.12","13.57","On","12.78677,77.703291",
"14-Sep-2026 21:36:19","44.41","4.12","13.57","On","12.785357,77.70319",
"14-Sep-2026 21:36:26","23.95","4.12","13.57","On","12.784601,77.703223",
"14-Sep-2026 21:36:49","38.45","4.12","13.57","On","12.78288,77.703857",
"14-Sep-2026 21:36:56","22.39","4.12","13.57","On","12.782123,77.703937",
"14-Sep-2026 21:37:06","23.99","4.12","13.57","On","12.781567,77.703436",
"14-Sep-2026 21:37:19","21.1","4.12","13.54","On","12.781771,77.702782",
"14-Sep-2026 21:37:49","0.78","4.12","13.57","On","12.7822,77.701298",
"14-Sep-2026 21:38:11","8.79","4.12","13.57","On","12.782299,77.701074",
"14-Sep-2026 21:38:16","15.85","4.12","13.57","On","12.78237,77.700923",
"14-Sep-2026 21:38:19","33.32","4.12","13.52","On","12.782432,77.700711",
"14-Sep-2026 21:38:36","23.97","4.12","13.52","On","12.782773,77.699883",
"14-Sep-2026 21:38:46","15.63","4.12","13.52","On","12.783272,77.70003",
"14-Sep-2026 21:38:49","15.63","4.12","13.54","On","12.783272,77.70003",
"14-Sep-2026 21:39:19","2.75","4.12","13.54","On","12.783321,77.700114",
"14-Sep-2026 21:39:26","10.23","4.12","13.54","On","12.783296,77.700138",
"14-Sep-2026 21:39:31","8.76","4.12","13.54","On","12.783329,77.700295",
"14-Sep-2026 21:39:36","16.88","4.12","13.54","On","12.783296,77.700483",
"14-Sep-2026 21:39:46","11.12","4.12","13.54","On","12.783248,77.700647",
"14-Sep-2026 21:39:49","6.67","4.12","13.54","On","12.783237,77.7006",
"14-Sep-2026 21:40:16","5.3","4.12","13.54","On","12.783221,77.700653",
"14-Sep-2026 21:40:19","8.75","4.12","13.54","On","12.783209,77.700717",
"14-Sep-2026 21:40:31","12.34","4.12","13.54","On","12.783177,77.700869",
"14-Sep-2026 21:40:46","8.17","4.12","13.54","On","12.783171,77.700843",
"14-Sep-2026 21:40:49","14.72","4.12","13.52","On","12.78315,77.700721",
"14-Sep-2026 21:41:49","1.71","4.12","13.01","Off","12.783177,77.700771",
"14-Sep-2026 21:43:49","6.15","4.12","12.94","Off","12.783226,77.700851",
"14-Sep-2026 21:44:29","6.15","4.12","12.87","On","12.783226,77.700851",
"14-Sep-2026 21:44:29","2.76","4.12","12.87","On","12.783195,77.700685",
"14-Sep-2026 21:44:49","5.22","4.12","13.28","On","12.783161,77.700607",
"14-Sep-2026 21:45:19","11.48","4.12","13.81","On","12.783207,77.700505",
"14-Sep-2026 21:45:23","11.48","4.12","13.81","On","12.783207,77.700505",
"14-Sep-2026 21:45:49","1.66","4.12","13.88","On","12.783355,77.700297",
"14-Sep-2026 21:45:58","8.31","4.12","13.88","On","12.783303,77.700191",
"14-Sep-2026 21:46:19","1.05","4.12","13.91","On","12.783302,77.700037",
"14-Sep-2026 21:46:49","1.75","4.12","13.93","On","12.78328,77.700028",
"14-Sep-2026 21:47:19","0.91","4.12","13.93","On","12.783351,77.700009",
"14-Sep-2026 21:47:49","1.52","4.12","13.93","On","12.783389,77.699974",
"14-Sep-2026 21:48:19","2.26","4.12","13.93","On","12.783376,77.700012",
"14-Sep-2026 21:48:49","0.92","4.12","13.18","Off","12.783342,77.700024",
"14-Sep-2026 21:49:19","0.97","4.12","13.01","Off","12.783349,77.700038",
"14-Sep-2026 21:49:27","0.97","4.12","12.97","Off","12.783349,77.700038",
"14-Sep-2026 21:50:19","1.42","4.12","12.97","Off","12.783347,77.700025",
"14-Sep-2026 21:50:37","1.42","4.12","12.97","On","12.783347,77.700025",
"14-Sep-2026 21:50:37","1.28","4.12","12.97","On","12.783336,77.700025",
"14-Sep-2026 21:50:49","0.61","4.12","12.97","On","12.78334,77.700025",
"14-Sep-2026 21:51:19","5.37","4.12","13.74","On","12.783291,77.700091",
"14-Sep-2026 21:51:49","1.36","4.12","13.88","On","12.783321,77.700141",
"14-Sep-2026 21:52:19","0.88","4.12","13.88","On","12.783366,77.700147",
"14-Sep-2026 21:52:49","0.91","4.12","13.91","On","12.783354,77.700143",
"14-Sep-2026 21:53:19","2.83","4.12","13.91","On","12.783333,77.700158",
"14-Sep-2026 21:53:49","1.37","4.12","13.91","On","12.78332,77.70016",
"14-Sep-2026 21:54:19","7.55","4.12","13.93","On","12.783363,77.700171",
"14-Sep-2026 21:54:49","2.57","4.12","13.93","On","12.783323,77.700117",
"14-Sep-2026 21:55:19","2.88","4.12","13.93","On","12.783302,77.700033",
"14-Sep-2026 21:55:49","1.96","4.12","13.91","On","12.783152,77.700053",
"14-Sep-2026 21:56:19","2.43","4.12","13.88","On","12.783026,77.700044",
"14-Sep-2026 21:56:49","0.98","4.12","13.91","On","12.782987,77.699965",
"14-Sep-2026 21:57:19","3.92","4.12","13.93","On","12.782965,77.699983",
"14-Sep-2026 21:57:49","2.44","4.12","13.95","On","12.782992,77.69998",
"14-Sep-2026 21:58:19","1.58","4.12","13.95","On","12.783012,77.699965",
"14-Sep-2026 21:58:49","1.76","4.12","13.93","On","12.783009,77.69993",
"14-Sep-2026 21:59:19","0.83","4.12","13.93","On","12.783031,77.699917",
"14-Sep-2026 22:00:19","1.03","4.12","13.91","On","12.783043,77.699896",
"14-Sep-2026 22:00:49","1.83","4.12","13.93","On","12.783067,77.699842",
"14-Sep-2026 22:01:11","15.41","4.12","13.93","On","12.783191,77.699926",
"14-Sep-2026 22:01:16","15.27","4.12","13.93","On","12.783244,77.70007",
"14-Sep-2026 22:01:19","15.27","4.12","13.88","On","12.783244,77.70007",
"14-Sep-2026 22:01:26","2.96","4.12","13.88","On","12.783267,77.700164",
"14-Sep-2026 22:01:49","3.49","4.12","13.88","On","12.78325,77.700161",
"14-Sep-2026 22:02:19","3.34","4.12","13.21","Off","12.783309,77.700155",
"14-Sep-2026 22:02:49","4.42","4.12","12.97","Off","12.783325,77.700132",
"14-Sep-2026 22:03:19","3.32","4.12","12.92","Off","12.783373,77.700134",
"14-Sep-2026 22:03:26","3.32","4.12","12.89","Off","12.783373,77.700134",
"14-Sep-2026 22:04:19","3.04","4.12","12.85","Off","12.783254,77.700094",
"14-Sep-2026 22:04:49","0.65","4.12","12.82","Off","12.783358,77.700029",
"14-Sep-2026 22:05:49","1.98","4.12","12.75","Off","12.783286,77.700091",
"14-Sep-2026 22:06:49","2.66","4.12","12.7","Off","12.783357,77.700027",
"14-Sep-2026 22:07:26","2.66","4.12","12.68","Off","12.783357,77.700027",
"14-Sep-2026 22:08:51","2.66","4.12","12.65","On","12.783357,77.700027",
"14-Sep-2026 22:08:51","2.66","4.12","12.65","On","12.783357,77.700027",
"14-Sep-2026 22:08:51","4.3","4.12","12.65","On","12.783333,77.700086",
"14-Sep-2026 22:09:49","1.23","4.12","13.83","On","12.783436,77.700293",
"14-Sep-2026 22:10:19","1.13","4.12","13.91","On","12.783316,77.700459",
"14-Sep-2026 22:10:49","1.29","4.12","13.93","On","12.783283,77.700547",
"14-Sep-2026 22:11:19","2.49","4.12","13.88","On","12.783288,77.700597",
"14-Sep-2026 22:12:19","0.78","4.12","13.18","Off","12.783162,77.700628",
"14-Sep-2026 22:12:49","1.8","4.12","13.01","Off","12.783135,77.700636",
"14-Sep-2026 22:13:19","1.26","4.12","12.97","Off","12.783101,77.700659",
"14-Sep-2026 22:13:26","1.26","4.12","12.94","Off","12.783101,77.700659",
"14-Sep-2026 22:14:19","0.19","4.12","12.92","Off","12.783125,77.700631",
"14-Sep-2026 22:14:49","0.66","4.12","12.92","Off","12.783133,77.700635",
"14-Sep-2026 22:15:49","1.78","4.12","12.87","Off","12.783086,77.700627",
"14-Sep-2026 22:16:49","0.92","4.12","12.85","Off","12.783108,77.700632",
"14-Sep-2026 22:17:26","0.92","4.12","12.8","Off","12.783108,77.700632",
"14-Sep-2026 23:17:26","0.92","4.12","12.58","Off","12.783108,77.700632",
"14-Sep-2026 23:17:26","1","4.12","12.58","Off","12.78309,77.700635",
"14-Sep-2026 23:17:49","1","4.12","12.56","Off","12.78309,77.700635",
"14-Sep-2026 23:28:31","14.9","4.12","13.91","On","12.783615,77.701378",
"14-Sep-2026 23:33:24","8.24","4.12","13.88","On","12.783509,77.700952",
"14-Sep-2026 23:33:49","1.03","4.12","13.45","Off","12.78337,77.700812",
"14-Sep-2026 23:34:19","2.13","4.12","13.35","Off","12.783233,77.700676",
"14-Sep-2026 23:34:49","0.4","4.12","13.3","Off","12.783171,77.700689",
"14-Sep-2026 23:34:52","0.4","4.12","13.28","Off","12.783171,77.700689",
"14-Sep-2026 23:35:49","0.19","4.12","13.23","Off","12.783153,77.700662",
"14-Sep-2026 23:36:49","0.57","4.12","13.18","Off","12.78318,77.700612",
"14-Sep-2026 23:37:49","1.31","4.12","13.09","Off","12.783186,77.700634",
"14-Sep-2026 23:38:49","0.26","4.12","13.04","Off","12.783161,77.700642",
"14-Sep-2026 23:38:52","0.26","4.12","13.04","Off","12.783161,77.700642",
"14-Sep-2026 23:39:52","0.26","4.12","13.04","Off","12.783161,77.700642",
"14-Sep-2026 23:39:52","0.26","4.12","13.04","Off","12.783161,77.700642",
"14-Sep-2026 23:39:54","0.26","4.12","13.04","Off","12.783161,77.700642",
"14-Sep-2026 23:41:49","0.49","4.12","12.92","Off","12.783153,77.700635",
"14-Sep-2026 23:42:49","0.38","4.12","12.87","Off","12.783185,77.700652",
"14-Sep-2026 23:43:49","1.38","4.12","12.85","Off","12.783226,77.700675",
"14-Sep-2026 23:43:54","1.38","4.12","12.85","Off","12.783226,77.700675",
"14-Sep-2026 23:45:40","1.38","4.12","12.87","Off","12.783226,77.700675",
"14-Sep-2026 23:45:40","1.25","4.12","12.87","Off","12.783231,77.70067",
"14-Sep-2026 23:45:49","1.25","4.12","12.87","Off","12.783231,77.70067",
"14-Sep-2026 23:46:49","1.11","4.12","12.8","Off","12.783141,77.700603",
"14-Sep-2026 23:47:49","1.86","4.12","12.75","Off","12.78319,77.700603",
"14-Sep-2026 23:48:49","1.03","4.12","12.72","Off","12.783104,77.700602",
"14-Sep-2026 23:49:40","1.03","4.12","12.7","Off","12.783104,77.700602",
